ucc,published_title,dmi_node,domain_label,magnitude_stratum,population,estimand,estimand_units,published_value,pumd_value,absolute_difference,percentage_difference,publication_rounding_pct,judged_on,absolute_difference_as_share_of_floor,pumd_standard_error,published_rse,reporting_records,benchmark_status,explanation_if_known
210110,Rent,SHELTER,Housing,LARGE,All Consumer Units,MEAN_ANNUAL_EXPENDITURE_PER_CONSUMER_UNIT,US dollars per consumer unit per year,5450.0,5462.776734799583,12.77673479958321,0.23443550090978366,0.009174311926605505,PERCENTAGE_DIFFERENCE,,77.06322221648217,1.45,18101,PASS,
210110,Rent,SHELTER,Housing,LARGE,Q1,MEAN_ANNUAL_EXPENDITURE_PER_CONSUMER_UNIT,US dollars per consumer unit per year,5551.0,5518.700386494366,-32.299613505633715,-0.5818701766462568,0.009007386056566384,PERCENTAGE_DIFFERENCE,,228.14353666861064,4.38,5463,PASS,
210110,Rent,SHELTER,Housing,LARGE,Q2,MEAN_ANNUAL_EXPENDITURE_PER_CONSUMER_UNIT,US dollars per consumer unit per year,6066.0,5983.665632126366,-82.33436787363371,-1.3573090648472421,0.008242664029014177,PERCENTAGE_DIFFERENCE,,200.24354804461413,3.3,4342,PASS,
210110,Rent,SHELTER,Housing,LARGE,Q3,MEAN_ANNUAL_EXPENDITURE_PER_CONSUMER_UNIT,US dollars per consumer unit per year,6501.0,6505.029965907125,4.029965907125188,0.06198993858060588,0.007691124442393478,PERCENTAGE_DIFFERENCE,,246.13074091991882,3.75,3910,PASS,
210110,Rent,SHELTER,Housing,LARGE,Q4,MEAN_ANNUAL_EXPENDITURE_PER_CONSUMER_UNIT,US dollars per consumer unit per year,5504.0,5641.739195017313,137.73919501731325,2.502528979238976,0.009084302325581396,PERCENTAGE_DIFFERENCE,,203.18061579422482,3.58,2804,PASS,
210110,Rent,SHELTER,Housing,LARGE,Q5,MEAN_ANNUAL_EXPENDITURE_PER_CONSUMER_UNIT,US dollars per consumer unit per year,3645.0,3712.489165986655,67.48916598665483,1.8515546224047963,0.013717421124828532,PERCENTAGE_DIFFERENCE,,212.53261380774654,5.59,1582,PASS,
210210,Lodging on out of town trips,SHELTER,Housing,LARGE,All Consumer Units,MEAN_ANNUAL_EXPENDITURE_PER_CONSUMER_UNIT,US dollars per consumer unit per year,906.0,906.2507563577246,0.2507563577246401,0.027677302177112596,0.05518763796909492,PERCENTAGE_DIFFERENCE,,30.75769603611915,3.78,4817,PASS,
210210,Lodging on out of town trips,SHELTER,Housing,LARGE,Q1,MEAN_ANNUAL_EXPENDITURE_PER_CONSUMER_UNIT,US dollars per consumer unit per year,240.0,254.54534424483992,14.545344244839924,6.060560102016636,0.20833333333333334,PERCENTAGE_DIFFERENCE,,43.65606997820962,14.81,315,PASS,
210210,Lodging on out of town trips,SHELTER,Housing,LARGE,Q2,MEAN_ANNUAL_EXPENDITURE_PER_CONSUMER_UNIT,US dollars per consumer unit per year,359.0,362.11037337939655,3.110373379396549,0.8663992700268939,0.1392757660167131,PERCENTAGE_DIFFERENCE,,41.559354631435404,10.79,525,PASS,
210210,Lodging on out of town trips,SHELTER,Housing,LARGE,Q3,MEAN_ANNUAL_EXPENDITURE_PER_CONSUMER_UNIT,US dollars per consumer unit per year,668.0,625.4510739537398,-42.54892604626025,-6.36959970752399,0.0748502994011976,PERCENTAGE_DIFFERENCE,,53.19598423542471,9.71,745,PASS,
210210,Lodging on out of town trips,SHELTER,Housing,LARGE,Q4,MEAN_ANNUAL_EXPENDITURE_PER_CONSUMER_UNIT,US dollars per consumer unit per year,1117.0,1134.0867519421502,17.08675194215016,1.5297002633975074,0.044762757385854966,PERCENTAGE_DIFFERENCE,,79.76451059036461,7.22,1271,PASS,
210210,Lodging on out of town trips,SHELTER,Housing,LARGE,Q5,MEAN_ANNUAL_EXPENDITURE_PER_CONSUMER_UNIT,US dollars per consumer unit per year,2137.0,2127.6390663971883,-9.360933602811656,-0.4380408798695206,0.02339728591483388,PERCENTAGE_DIFFERENCE,,112.71783571055639,6.23,1961,PASS,
210310,Housing while attending school,SHELTER,Housing,LARGE,All Consumer Units,MEAN_ANNUAL_EXPENDITURE_PER_CONSUMER_UNIT,US dollars per consumer unit per year,160.0,164.29419109064344,4.294191090643437,2.6838694316521483,0.3125,PERCENTAGE_DIFFERENCE,,24.662210261435387,13.55,438,PASS,
210310,Housing while attending school,SHELTER,Housing,LARGE,Q1,MEAN_ANNUAL_EXPENDITURE_PER_CONSUMER_UNIT,US dollars per consumer unit per year,110.0,114.56112529228368,4.561125292283677,4.146477538439706,0.45454545454545453,PERCENTAGE_DIFFERENCE,,38.30400018242509,34.56,43,PASS,
210310,Housing while attending school,SHELTER,Housing,LARGE,Q2,MEAN_ANNUAL_EXPENDITURE_PER_CONSUMER_UNIT,US dollars per consumer unit per year,34.0,34.680006568386496,0.6800065683864958,2.000019318783811,1.4705882352941178,PERCENTAGE_DIFFERENCE,,18.86865457266029,53.7,15,PASS,
210310,Housing while attending school,SHELTER,Housing,LARGE,Q3,MEAN_ANNUAL_EXPENDITURE_PER_CONSUMER_UNIT,US dollars per consumer unit per year,67.0,56.509139383961625,-10.490860616038375,-15.658000919460262,0.746268656716418,PERCENTAGE_DIFFERENCE,,25.513982346946253,36.28,23,FAIL,
210310,Housing while attending school,SHELTER,Housing,LARGE,Q4,MEAN_ANNUAL_EXPENDITURE_PER_CONSUMER_UNIT,US dollars per consumer unit per year,102.0,92.07563890065111,-9.924361099348886,-9.729765783675377,0.49019607843137253,PERCENTAGE_DIFFERENCE,,21.416730391394655,21.97,81,PASS,
210310,Housing while attending school,SHELTER,Housing,LARGE,Q5,MEAN_ANNUAL_EXPENDITURE_PER_CONSUMER_UNIT,US dollars per consumer unit per year,484.0,515.895787286986,31.89578728698598,6.59003869565826,0.10330578512396695,PERCENTAGE_DIFFERENCE,,101.63114771844863,17.25,276,PASS,
220121,Homeowners insurance,SHELTER,Housing,LARGE,All Consumer Units,MEAN_ANNUAL_EXPENDITURE_PER_CONSUMER_UNIT,US dollars per consumer unit per year,737.0,736.7815778534164,-0.21842214658363446,-0.02963665489601553,0.06784260515603799,PERCENTAGE_DIFFERENCE,,22.655893056085983,3.07,7640,PASS,
220121,Homeowners insurance,SHELTER,Housing,LARGE,Q1,MEAN_ANNUAL_EXPENDITURE_PER_CONSUMER_UNIT,US dollars per consumer unit per year,355.0,354.625466186878,-0.3745338131220137,-0.10550248256958134,0.14084507042253522,PERCENTAGE_DIFFERENCE,,21.51179713965253,6.24,927,PASS,
220121,Homeowners insurance,SHELTER,Housing,LARGE,Q2,MEAN_ANNUAL_EXPENDITURE_PER_CONSUMER_UNIT,US dollars per consumer unit per year,607.0,604.271661915045,-2.7283380849549985,-0.4494790914258647,0.08237232289950576,PERCENTAGE_DIFFERENCE,,28.513347098135867,4.67,1433,PASS,
220121,Homeowners insurance,SHELTER,Housing,LARGE,Q3,MEAN_ANNUAL_EXPENDITURE_PER_CONSUMER_UNIT,US dollars per consumer unit per year,671.0,670.3452553746116,-0.6547446253883891,-0.0975774404453635,0.07451564828614009,PERCENTAGE_DIFFERENCE,,39.571758662506525,5.68,1333,PASS,
220121,Homeowners insurance,SHELTER,Housing,LARGE,Q4,MEAN_ANNUAL_EXPENDITURE_PER_CONSUMER_UNIT,US dollars per consumer unit per year,824.0,825.3140568257157,1.3140568257157383,0.15947291574220127,0.06067961165048544,PERCENTAGE_DIFFERENCE,,38.11873333546805,4.78,1704,PASS,
220121,Homeowners insurance,SHELTER,Housing,LARGE,Q5,MEAN_ANNUAL_EXPENDITURE_PER_CONSUMER_UNIT,US dollars per consumer unit per year,1223.0,1218.8427810840064,-4.157218915993553,-0.33991978053912947,0.04088307440719542,PERCENTAGE_DIFFERENCE,,48.85161522007502,3.84,2243,PASS,
230118,"Dishwashers (built-in), garbage disposals, and range hoods (owned home)",HOUSEHOLD_FURNISHINGS_OPERATIONS,Housing,MEDIUM,All Consumer Units,MEAN_ANNUAL_EXPENDITURE_PER_CONSUMER_UNIT,US dollars per consumer unit per year,33.0,32.866225296001645,-0.13377470399835545,-0.4053778909041074,1.5151515151515151,PERCENTAGE_DIFFERENCE,,3.8601449408919084,11.75,271,PASS,
230118,"Dishwashers (built-in), garbage disposals, and range hoods (owned home)",HOUSEHOLD_FURNISHINGS_OPERATIONS,Housing,MEDIUM,Q1,MEAN_ANNUAL_EXPENDITURE_PER_CONSUMER_UNIT,US dollars per consumer unit per year,8.0,8.073437206059673,0.07343720605967263,0.9179650757459079,6.25,ABSOLUTE_DIFFERENCE,0.007343720605967263,3.002908708141918,37.29,14,PASS,"published mean is below the small-value floor; judged on absolute difference because LB01 publishes the mean as a whole number, so rounding alone can move it by 6.2 percent"
230118,"Dishwashers (built-in), garbage disposals, and range hoods (owned home)",HOUSEHOLD_FURNISHINGS_OPERATIONS,Housing,MEDIUM,Q2,MEAN_ANNUAL_EXPENDITURE_PER_CONSUMER_UNIT,US dollars per consumer unit per year,16.0,16.851414469576017,0.8514144695760173,5.321340434850108,3.125,PERCENTAGE_DIFFERENCE,,4.356992199379893,26.73,41,PASS,
230118,"Dishwashers (built-in), garbage disposals, and range hoods (owned home)",HOUSEHOLD_FURNISHINGS_OPERATIONS,Housing,MEDIUM,Q3,MEAN_ANNUAL_EXPENDITURE_PER_CONSUMER_UNIT,US dollars per consumer unit per year,22.0,20.924113394308545,-1.075886605691455,-4.890393662233886,2.272727272727273,PERCENTAGE_DIFFERENCE,,4.951196408770377,22.82,43,PASS,
230118,"Dishwashers (built-in), garbage disposals, and range hoods (owned home)",HOUSEHOLD_FURNISHINGS_OPERATIONS,Housing,MEDIUM,Q4,MEAN_ANNUAL_EXPENDITURE_PER_CONSUMER_UNIT,US dollars per consumer unit per year,49.0,46.61236801897805,-2.387631981021947,-4.872718328616219,1.0204081632653061,PERCENTAGE_DIFFERENCE,,8.852742299945772,17.42,75,PASS,
230118,"Dishwashers (built-in), garbage disposals, and range hoods (owned home)",HOUSEHOLD_FURNISHINGS_OPERATIONS,Housing,MEDIUM,Q5,MEAN_ANNUAL_EXPENDITURE_PER_CONSUMER_UNIT,US dollars per consumer unit per year,68.0,70.92962295612627,2.9296229561262663,4.308269053126862,0.7352941176470589,PERCENTAGE_DIFFERENCE,,12.16337122970997,17.58,98,PASS,
230150,Repair or maintenance services,HOUSEHOLD_FURNISHINGS_OPERATIONS,Housing,MEDIUM,All Consumer Units,MEAN_ANNUAL_EXPENDITURE_PER_CONSUMER_UNIT,US dollars per consumer unit per year,56.0,57.476423790911646,1.476423790911646,2.636471055199368,0.8928571428571429,PERCENTAGE_DIFFERENCE,,19.076883537876558,32.75,178,PASS,
230150,Repair or maintenance services,HOUSEHOLD_FURNISHINGS_OPERATIONS,Housing,MEDIUM,Q1,MEAN_ANNUAL_EXPENDITURE_PER_CONSUMER_UNIT,US dollars per consumer unit per year,16.0,16.192703340978692,0.19270334097869224,1.2043958811168265,3.125,PERCENTAGE_DIFFERENCE,,6.464239133639876,40.0,25,PASS,
230150,Repair or maintenance services,HOUSEHOLD_FURNISHINGS_OPERATIONS,Housing,MEDIUM,Q2,MEAN_ANNUAL_EXPENDITURE_PER_CONSUMER_UNIT,US dollars per consumer unit per year,19.0,18.87272089303446,-0.12727910696553835,-0.6698900366607281,2.6315789473684212,PERCENTAGE_DIFFERENCE,,6.352445863472404,33.19,49,PASS,
230150,Repair or maintenance services,HOUSEHOLD_FURNISHINGS_OPERATIONS,Housing,MEDIUM,Q3,MEAN_ANNUAL_EXPENDITURE_PER_CONSUMER_UNIT,US dollars per consumer unit per year,47.0,47.610789925506594,0.6107899255065945,1.2995530329927543,1.0638297872340425,PERCENTAGE_DIFFERENCE,,22.464158760289457,47.41,42,PASS,
230150,Repair or maintenance services,HOUSEHOLD_FURNISHINGS_OPERATIONS,Housing,MEDIUM,Q4,MEAN_ANNUAL_EXPENDITURE_PER_CONSUMER_UNIT,US dollars per consumer unit per year,32.0,32.03761637210319,0.037616372103187246,0.11755116282246014,1.5625,PERCENTAGE_DIFFERENCE,,14.964697828524052,46.31,32,PASS,
230150,Repair or maintenance services,HOUSEHOLD_FURNISHINGS_OPERATIONS,Housing,MEDIUM,Q5,MEAN_ANNUAL_EXPENDITURE_PER_CONSUMER_UNIT,US dollars per consumer unit per year,165.0,170.55157708943275,5.5515770894327545,3.3645921754137906,0.30303030303030304,PERCENTAGE_DIFFERENCE,,88.08755152631942,51.74,30,PASS,
240111,"Paint, wallpaper, and supplies",HOUSEHOLD_FURNISHINGS_OPERATIONS,Housing,SMALL,All Consumer Units,MEAN_ANNUAL_EXPENDITURE_PER_CONSUMER_UNIT,US dollars per consumer unit per year,5.0,4.722662998536688,-0.2773370014633123,-5.546740029266246,10.0,ABSOLUTE_DIFFERENCE,0.027733700146331232,1.8084076315858781,38.29,536,PASS,"published mean is below the small-value floor; judged on absolute difference because LB01 publishes the mean as a whole number, so rounding alone can move it by 10.0 percent"
240111,"Paint, wallpaper, and supplies",HOUSEHOLD_FURNISHINGS_OPERATIONS,Housing,SMALL,Q1,MEAN_ANNUAL_EXPENDITURE_PER_CONSUMER_UNIT,US dollars per consumer unit per year,6.0,6.295418271663523,0.2954182716635234,4.923637861058723,8.333333333333334,ABSOLUTE_DIFFERENCE,0.02954182716635234,5.697178076585495,90.52,116,PASS,"published mean is below the small-value floor; judged on absolute difference because LB01 publishes the mean as a whole number, so rounding alone can move it by 8.3 percent"
240111,"Paint, wallpaper, and supplies",HOUSEHOLD_FURNISHINGS_OPERATIONS,Housing,SMALL,Q2,MEAN_ANNUAL_EXPENDITURE_PER_CONSUMER_UNIT,US dollars per consumer unit per year,11.0,6.589601152915064,-4.410398847084936,-40.09453497349942,4.545454545454546,PERCENTAGE_DIFFERENCE,,4.019988564677675,57.61,134,FAIL,
240111,"Paint, wallpaper, and supplies",HOUSEHOLD_FURNISHINGS_OPERATIONS,Housing,SMALL,Q3,MEAN_ANNUAL_EXPENDITURE_PER_CONSUMER_UNIT,US dollars per consumer unit per year,3.0,7.92198977100577,4.92198977100577,164.06632570019235,16.666666666666668,ABSOLUTE_DIFFERENCE,0.49219897710057703,5.016791896127283,46.0,106,FAIL,"published mean is below the small-value floor; judged on absolute difference because LB01 publishes the mean as a whole number, so rounding alone can move it by 16.7 percent"
240111,"Paint, wallpaper, and supplies",HOUSEHOLD_FURNISHINGS_OPERATIONS,Housing,SMALL,Q4,MEAN_ANNUAL_EXPENDITURE_PER_CONSUMER_UNIT,US dollars per consumer unit per year,1.0,1.266675564223685,0.2666755642236851,26.66755642236851,50.0,ABSOLUTE_DIFFERENCE,0.02666755642236851,0.5156518262007074,40.79,95,PASS,"published mean is below the small-value floor; judged on absolute difference because LB01 publishes the mean as a whole number, so rounding alone can move it by 50.0 percent"
240111,"Paint, wallpaper, and supplies",HOUSEHOLD_FURNISHINGS_OPERATIONS,Housing,SMALL,Q5,MEAN_ANNUAL_EXPENDITURE_PER_CONSUMER_UNIT,US dollars per consumer unit per year,2.0,1.6584190581832878,-0.34158094181671217,-17.07904709083561,25.0,ABSOLUTE_DIFFERENCE,0.03415809418167122,1.3660406808263763,82.32,85,PASS,"published mean is below the small-value floor; judged on absolute difference because LB01 publishes the mean as a whole number, so rounding alone can move it by 25.0 percent"
240112,"Paints, wallpaper, and supplies",HOUSEHOLD_FURNISHINGS_OPERATIONS,Housing,MEDIUM,All Consumer Units,MEAN_ANNUAL_EXPENDITURE_PER_CONSUMER_UNIT,US dollars per consumer unit per year,39.0,40.1021501860197,1.1021501860196992,2.8260261179992288,1.2820512820512822,PERCENTAGE_DIFFERENCE,,6.071274885113825,13.61,3477,PASS,
240112,"Paints, wallpaper, and supplies",HOUSEHOLD_FURNISHINGS_OPERATIONS,Housing,MEDIUM,Q1,MEAN_ANNUAL_EXPENDITURE_PER_CONSUMER_UNIT,US dollars per consumer unit per year,8.0,7.7233393558133985,-0.2766606441866015,-3.458258052332519,6.25,ABSOLUTE_DIFFERENCE,0.027666064418660152,1.6132908853040153,20.82,280,PASS,"published mean is below the small-value floor; judged on absolute difference because LB01 publishes the mean as a whole number, so rounding alone can move it by 6.2 percent"
240112,"Paints, wallpaper, and supplies",HOUSEHOLD_FURNISHINGS_OPERATIONS,Housing,MEDIUM,Q2,MEAN_ANNUAL_EXPENDITURE_PER_CONSUMER_UNIT,US dollars per consumer unit per year,16.0,16.297645080465287,0.29764508046528704,1.860281752908044,3.125,PERCENTAGE_DIFFERENCE,,3.4327117585691176,22.38,520,PASS,
240112,"Paints, wallpaper, and supplies",HOUSEHOLD_FURNISHINGS_OPERATIONS,Housing,MEDIUM,Q3,MEAN_ANNUAL_EXPENDITURE_PER_CONSUMER_UNIT,US dollars per consumer unit per year,37.0,36.6033630136831,-0.39663698631689925,-1.0719918549105385,1.3513513513513513,PERCENTAGE_DIFFERENCE,,7.512024011029241,20.29,614,PASS,
240112,"Paints, wallpaper, and supplies",HOUSEHOLD_FURNISHINGS_OPERATIONS,Housing,MEDIUM,Q4,MEAN_ANNUAL_EXPENDITURE_PER_CONSUMER_UNIT,US dollars per consumer unit per year,53.0,51.41196602931164,-1.5880339706883575,-2.99629051073275,0.9433962264150944,PERCENTAGE_DIFFERENCE,,8.79179993788884,16.48,880,PASS,
240112,"Paints, wallpaper, and supplies",HOUSEHOLD_FURNISHINGS_OPERATIONS,Housing,MEDIUM,Q5,MEAN_ANNUAL_EXPENDITURE_PER_CONSUMER_UNIT,US dollars per consumer unit per year,80.0,87.5227291998825,7.522729199882505,9.403411499853132,0.625,PERCENTAGE_DIFFERENCE,,28.955839017104832,30.82,1183,PASS,
240122,Tools and equipment for painting and wallpapering,HOUSEHOLD_FURNISHINGS_OPERATIONS,Housing,SMALL,All Consumer Units,MEAN_ANNUAL_EXPENDITURE_PER_CONSUMER_UNIT,US dollars per consumer unit per year,4.0,4.308293200276806,0.30829320027680573,7.707330006920143,12.5,ABSOLUTE_DIFFERENCE,0.030829320027680573,0.6521750077616748,13.6,3477,PASS,"published mean is below the small-value floor; judged on absolute difference because LB01 publishes the mean as a whole number, so rounding alone can move it by 12.5 percent"
240122,Tools and equipment for painting and wallpapering,HOUSEHOLD_FURNISHINGS_OPERATIONS,Housing,SMALL,Q1,MEAN_ANNUAL_EXPENDITURE_PER_CONSUMER_UNIT,US dollars per consumer unit per year,1.0,0.829739875446326,-0.170260124553674,-17.0260124553674,50.0,ABSOLUTE_DIFFERENCE,0.0170260124553674,0.17330193563318913,20.82,280,PASS,"published mean is below the small-value floor; judged on absolute difference because LB01 publishes the mean as a whole number, so rounding alone can move it by 50.0 percent"
240122,Tools and equipment for painting and wallpapering,HOUSEHOLD_FURNISHINGS_OPERATIONS,Housing,SMALL,Q2,MEAN_ANNUAL_EXPENDITURE_PER_CONSUMER_UNIT,US dollars per consumer unit per year,2.0,1.750952865469301,-0.24904713453069904,-12.452356726534951,25.0,ABSOLUTE_DIFFERENCE,0.024904713453069903,0.3687535007020435,22.38,520,PASS,"published mean is below the small-value floor; judged on absolute difference because LB01 publishes the mean as a whole number, so rounding alone can move it by 25.0 percent"
240122,Tools and equipment for painting and wallpapering,HOUSEHOLD_FURNISHINGS_OPERATIONS,Housing,SMALL,Q3,MEAN_ANNUAL_EXPENDITURE_PER_CONSUMER_UNIT,US dollars per consumer unit per year,4.0,3.9325478367639333,-0.06745216323606673,-1.6863040809016683,12.5,ABSOLUTE_DIFFERENCE,0.006745216323606673,0.8069596948324211,20.29,614,PASS,"published mean is below the small-value floor; judged on absolute difference because LB01 publishes the mean as a whole number, so rounding alone can move it by 12.5 percent"
240122,Tools and equipment for painting and wallpapering,HOUSEHOLD_FURNISHINGS_OPERATIONS,Housing,SMALL,Q4,MEAN_ANNUAL_EXPENDITURE_PER_CONSUMER_UNIT,US dollars per consumer unit per year,6.0,5.523290973990933,-0.4767090260090674,-7.945150433484457,8.333333333333334,ABSOLUTE_DIFFERENCE,0.04767090260090674,0.9444277519088002,16.48,880,PASS,"published mean is below the small-value floor; judged on absolute difference because LB01 publishes the mean as a whole number, so rounding alone can move it by 8.3 percent"
240122,Tools and equipment for painting and wallpapering,HOUSEHOLD_FURNISHINGS_OPERATIONS,Housing,SMALL,Q5,MEAN_ANNUAL_EXPENDITURE_PER_CONSUMER_UNIT,US dollars per consumer unit per year,9.0,9.402694415683847,0.4026944156838468,4.4743823964871865,5.555555555555555,ABSOLUTE_DIFFERENCE,0.040269441568384676,3.110434329467669,30.82,1183,PASS,"published mean is below the small-value floor; judged on absolute difference because LB01 publishes the mean as a whole number, so rounding alone can move it by 5.6 percent"
240212,"Materials for plaster, panel, siding, windows, doors, screens, and awnings",HOUSEHOLD_FURNISHINGS_OPERATIONS,Housing,MEDIUM,All Consumer Units,MEAN_ANNUAL_EXPENDITURE_PER_CONSUMER_UNIT,US dollars per consumer unit per year,49.0,48.86918654076469,-0.13081345923531273,-0.26696624333737295,1.0204081632653061,PERCENTAGE_DIFFERENCE,,13.530954205737494,27.69,3222,PASS,
240212,"Materials for plaster, panel, siding, windows, doors, screens, and awnings",HOUSEHOLD_FURNISHINGS_OPERATIONS,Housing,MEDIUM,Q1,MEAN_ANNUAL_EXPENDITURE_PER_CONSUMER_UNIT,US dollars per consumer unit per year,18.0,18.417452887065892,0.4174528870658918,2.3191827059216212,2.7777777777777777,PERCENTAGE_DIFFERENCE,,6.149213679068152,33.47,251,PASS,
240212,"Materials for plaster, panel, siding, windows, doors, screens, and awnings",HOUSEHOLD_FURNISHINGS_OPERATIONS,Housing,MEDIUM,Q2,MEAN_ANNUAL_EXPENDITURE_PER_CONSUMER_UNIT,US dollars per consumer unit per year,32.0,31.794338486330215,-0.20566151366978502,-0.6426922302180782,1.5625,PERCENTAGE_DIFFERENCE,,11.029966255793349,34.74,490,PASS,
240212,"Materials for plaster, panel, siding, windows, doors, screens, and awnings",HOUSEHOLD_FURNISHINGS_OPERATIONS,Housing,MEDIUM,Q3,MEAN_ANNUAL_EXPENDITURE_PER_CONSUMER_UNIT,US dollars per consumer unit per year,26.0,26.127789214134914,0.12778921413491418,0.4914969774419776,1.9230769230769231,PERCENTAGE_DIFFERENCE,,7.74119638610744,29.46,565,PASS,
240212,"Materials for plaster, panel, siding, windows, doors, screens, and awnings",HOUSEHOLD_FURNISHINGS_OPERATIONS,Housing,MEDIUM,Q4,MEAN_ANNUAL_EXPENDITURE_PER_CONSUMER_UNIT,US dollars per consumer unit per year,80.0,77.58294445478657,-2.4170555452134295,-3.021319431516787,0.625,PERCENTAGE_DIFFERENCE,,32.11430202467108,39.92,825,PASS,
240212,"Materials for plaster, panel, siding, windows, doors, screens, and awnings",HOUSEHOLD_FURNISHINGS_OPERATIONS,Housing,MEDIUM,Q5,MEAN_ANNUAL_EXPENDITURE_PER_CONSUMER_UNIT,US dollars per consumer unit per year,88.0,89.20412277730628,1.2041227773062815,1.3683213378480472,0.5681818181818182,PERCENTAGE_DIFFERENCE,,40.41822034035336,46.42,1091,PASS,
240222,"Materials for patio, walk, fence, driveway, masonry, brick, and stucco work",HOUSEHOLD_FURNISHINGS_OPERATIONS,Housing,SMALL,All Consumer Units,MEAN_ANNUAL_EXPENDITURE_PER_CONSUMER_UNIT,US dollars per consumer unit per year,4.0,3.9792293464027706,-0.020770653597229405,-0.5192663399307351,12.5,ABSOLUTE_DIFFERENCE,0.0020770653597229406,0.6790535549506416,17.06,3096,PASS,"published mean is below the small-value floor; judged on absolute difference because LB01 publishes the mean as a whole number, so rounding alone can move it by 12.5 percent"
240222,"Materials for patio, walk, fence, driveway, masonry, brick, and stucco work",HOUSEHOLD_FURNISHINGS_OPERATIONS,Housing,SMALL,Q1,MEAN_ANNUAL_EXPENDITURE_PER_CONSUMER_UNIT,US dollars per consumer unit per year,3.0,2.702965495048021,-0.2970345049519789,-9.901150165065964,16.666666666666668,ABSOLUTE_DIFFERENCE,0.029703450495197892,1.0029571879977508,37.19,244,PASS,"published mean is below the small-value floor; judged on absolute difference because LB01 publishes the mean as a whole number, so rounding alone can move it by 16.7 percent"
240222,"Materials for patio, walk, fence, driveway, masonry, brick, and stucco work",HOUSEHOLD_FURNISHINGS_OPERATIONS,Housing,SMALL,Q2,MEAN_ANNUAL_EXPENDITURE_PER_CONSUMER_UNIT,US dollars per consumer unit per year,2.0,1.8952332345114677,-0.10476676548853225,-5.238338274426613,25.0,ABSOLUTE_DIFFERENCE,0.010476676548853226,0.537304264730171,28.39,474,PASS,"published mean is below the small-value floor; judged on absolute difference because LB01 publishes the mean as a whole number, so rounding alone can move it by 25.0 percent"
240222,"Materials for patio, walk, fence, driveway, masonry, brick, and stucco work",HOUSEHOLD_FURNISHINGS_OPERATIONS,Housing,SMALL,Q3,MEAN_ANNUAL_EXPENDITURE_PER_CONSUMER_UNIT,US dollars per consumer unit per year,2.0,2.3469907581555196,0.3469907581555196,17.349537907775982,25.0,ABSOLUTE_DIFFERENCE,0.03469907581555196,0.6874865718247092,29.1,543,PASS,"published mean is below the small-value floor; judged on absolute difference because LB01 publishes the mean as a whole number, so rounding alone can move it by 25.0 percent"
240222,"Materials for patio, walk, fence, driveway, masonry, brick, and stucco work",HOUSEHOLD_FURNISHINGS_OPERATIONS,Housing,SMALL,Q4,MEAN_ANNUAL_EXPENDITURE_PER_CONSUMER_UNIT,US dollars per consumer unit per year,8.0,7.870513986883005,-0.1294860131169946,-1.6185751639624324,6.25,ABSOLUTE_DIFFERENCE,0.012948601311699458,3.255692005612724,35.85,791,PASS,"published mean is below the small-value floor; judged on absolute difference because LB01 publishes the mean as a whole number, so rounding alone can move it by 6.2 percent"
240222,"Materials for patio, walk, fence, driveway, masonry, brick, and stucco work",HOUSEHOLD_FURNISHINGS_OPERATIONS,Housing,SMALL,Q5,MEAN_ANNUAL_EXPENDITURE_PER_CONSUMER_UNIT,US dollars per consumer unit per year,5.0,5.0248414101064816,0.024841410106481554,0.4968282021296311,10.0,ABSOLUTE_DIFFERENCE,0.0024841410106481556,1.2775379864279364,26.3,1044,PASS,"published mean is below the small-value floor; judged on absolute difference because LB01 publishes the mean as a whole number, so rounding alone can move it by 10.0 percent"
240311,Plumbing supplies and equipment,HOUSEHOLD_FURNISHINGS_OPERATIONS,Housing,SMALL,All Consumer Units,MEAN_ANNUAL_EXPENDITURE_PER_CONSUMER_UNIT,US dollars per consumer unit per year,2.0,2.188423594355443,0.18842359435544287,9.421179717772144,25.0,ABSOLUTE_DIFFERENCE,0.018842359435544288,1.1667238447482666,53.31,526,PASS,"published mean is below the small-value floor; judged on absolute difference because LB01 publishes the mean as a whole number, so rounding alone can move it by 25.0 percent"
240311,Plumbing supplies and equipment,HOUSEHOLD_FURNISHINGS_OPERATIONS,Housing,SMALL,Q1,MEAN_ANNUAL_EXPENDITURE_PER_CONSUMER_UNIT,US dollars per consumer unit per year,1.0,0.5653856826945958,-0.43461431730540423,-43.461431730540426,50.0,ABSOLUTE_DIFFERENCE,0.04346143173054042,0.24142455967035803,42.79,115,PASS,"published mean is below the small-value floor; judged on absolute difference because LB01 publishes the mean as a whole number, so rounding alone can move it by 50.0 percent"
240311,Plumbing supplies and equipment,HOUSEHOLD_FURNISHINGS_OPERATIONS,Housing,SMALL,Q2,MEAN_ANNUAL_EXPENDITURE_PER_CONSUMER_UNIT,US dollars per consumer unit per year,1.0,0.5831402362330034,-0.4168597637669966,-41.685976376699664,50.0,ABSOLUTE_DIFFERENCE,0.041685976376699664,0.3669941499391931,63.13,119,PASS,"published mean is below the small-value floor; judged on absolute difference because LB01 publishes the mean as a whole number, so rounding alone can move it by 50.0 percent"
240311,Plumbing supplies and equipment,HOUSEHOLD_FURNISHINGS_OPERATIONS,Housing,SMALL,Q3,MEAN_ANNUAL_EXPENDITURE_PER_CONSUMER_UNIT,US dollars per consumer unit per year,8.0,8.22098341925223,0.22098341925222975,2.762292740652872,6.25,ABSOLUTE_DIFFERENCE,0.022098341925222975,5.791126272207238,70.41,108,PASS,"published mean is below the small-value floor; judged on absolute difference because LB01 publishes the mean as a whole number, so rounding alone can move it by 6.2 percent"
240311,Plumbing supplies and equipment,HOUSEHOLD_FURNISHINGS_OPERATIONS,Housing,SMALL,Q4,MEAN_ANNUAL_EXPENDITURE_PER_CONSUMER_UNIT,US dollars per consumer unit per year,1.0,1.1660354062241556,0.16603540622415558,16.603540622415558,50.0,ABSOLUTE_DIFFERENCE,0.016603540622415557,1.0583266341592312,90.74,90,PASS,"published mean is below the small-value floor; judged on absolute difference because LB01 publishes the mean as a whole number, so rounding alone can move it by 50.0 percent"
240311,Plumbing supplies and equipment,HOUSEHOLD_FURNISHINGS_OPERATIONS,Housing,SMALL,Q5,MEAN_ANNUAL_EXPENDITURE_PER_CONSUMER_UNIT,US dollars per consumer unit per year,1.0,0.5438294932232826,-0.45617050677671744,-45.61705067767174,50.0,ABSOLUTE_DIFFERENCE,0.045617050677671744,0.2524571072754092,46.35,94,PASS,"published mean is below the small-value floor; judged on absolute difference because LB01 publishes the mean as a whole number, so rounding alone can move it by 50.0 percent"
240312,Plumbing supplies and equipment,HOUSEHOLD_FURNISHINGS_OPERATIONS,Housing,MEDIUM,All Consumer Units,MEAN_ANNUAL_EXPENDITURE_PER_CONSUMER_UNIT,US dollars per consumer unit per year,24.0,23.751042982123483,-0.24895701787651703,-1.037320907818821,2.0833333333333335,PERCENTAGE_DIFFERENCE,,2.973516057349237,12.52,3261,PASS,
240312,Plumbing supplies and equipment,HOUSEHOLD_FURNISHINGS_OPERATIONS,Housing,MEDIUM,Q1,MEAN_ANNUAL_EXPENDITURE_PER_CONSUMER_UNIT,US dollars per consumer unit per year,14.0,13.71501806271988,-0.28498193728012033,-2.035585266286574,3.5714285714285716,PERCENTAGE_DIFFERENCE,,7.019238349594122,51.15,271,PASS,
240312,Plumbing supplies and equipment,HOUSEHOLD_FURNISHINGS_OPERATIONS,Housing,MEDIUM,Q2,MEAN_ANNUAL_EXPENDITURE_PER_CONSUMER_UNIT,US dollars per consumer unit per year,15.0,15.682692901498664,0.6826929014986636,4.55128600999109,3.3333333333333335,PERCENTAGE_DIFFERENCE,,4.0121816532062216,26.31,495,PASS,
240312,Plumbing supplies and equipment,HOUSEHOLD_FURNISHINGS_OPERATIONS,Housing,MEDIUM,Q3,MEAN_ANNUAL_EXPENDITURE_PER_CONSUMER_UNIT,US dollars per consumer unit per year,20.0,18.936937090575814,-1.0630629094241861,-5.315314547120931,2.5,PERCENTAGE_DIFFERENCE,,3.4657184228775346,18.24,581,PASS,
240312,Plumbing supplies and equipment,HOUSEHOLD_FURNISHINGS_OPERATIONS,Housing,MEDIUM,Q4,MEAN_ANNUAL_EXPENDITURE_PER_CONSUMER_UNIT,US dollars per consumer unit per year,33.0,32.684656997098024,-0.3153430029019759,-0.9555848572787149,1.5151515151515151,PERCENTAGE_DIFFERENCE,,6.2186847532757925,16.78,820,PASS,
240312,Plumbing supplies and equipment,HOUSEHOLD_FURNISHINGS_OPERATIONS,Housing,MEDIUM,Q5,MEAN_ANNUAL_EXPENDITURE_PER_CONSUMER_UNIT,US dollars per consumer unit per year,36.0,37.38181040845757,1.381810408457568,3.8383622457154667,1.3888888888888888,PERCENTAGE_DIFFERENCE,,7.916581784596447,22.13,1094,PASS,
240322,"Electrical supplies, heating, and cooling equipment",HOUSEHOLD_FURNISHINGS_OPERATIONS,Housing,SMALL,All Consumer Units,MEAN_ANNUAL_EXPENDITURE_PER_CONSUMER_UNIT,US dollars per consumer unit per year,10.0,10.27043623507934,0.2704362350793392,2.7043623507933923,5.0,PERCENTAGE_DIFFERENCE,,1.4208196303073146,13.83,3069,PASS,
240322,"Electrical supplies, heating, and cooling equipment",HOUSEHOLD_FURNISHINGS_OPERATIONS,Housing,SMALL,Q1,MEAN_ANNUAL_EXPENDITURE_PER_CONSUMER_UNIT,US dollars per consumer unit per year,4.0,3.589421612890978,-0.41057838710902184,-10.264459677725545,12.5,ABSOLUTE_DIFFERENCE,0.041057838710902184,0.9837772916930972,27.4,247,PASS,"published mean is below the small-value floor; judged on absolute difference because LB01 publishes the mean as a whole number, so rounding alone can move it by 12.5 percent"
240322,"Electrical supplies, heating, and cooling equipment",HOUSEHOLD_FURNISHINGS_OPERATIONS,Housing,SMALL,Q2,MEAN_ANNUAL_EXPENDITURE_PER_CONSUMER_UNIT,US dollars per consumer unit per year,10.0,9.566226339377545,-0.4337736606224549,-4.337736606224549,5.0,PERCENTAGE_DIFFERENCE,,2.847382092190162,29.82,476,PASS,
240322,"Electrical supplies, heating, and cooling equipment",HOUSEHOLD_FURNISHINGS_OPERATIONS,Housing,SMALL,Q3,MEAN_ANNUAL_EXPENDITURE_PER_CONSUMER_UNIT,US dollars per consumer unit per year,9.0,8.551264495859472,-0.44873550414052765,-4.985950046005863,5.555555555555555,ABSOLUTE_DIFFERENCE,0.04487355041405276,2.58981504573433,28.68,534,PASS,"published mean is below the small-value floor; judged on absolute difference because LB01 publishes the mean as a whole number, so rounding alone can move it by 5.6 percent"
240322,"Electrical supplies, heating, and cooling equipment",HOUSEHOLD_FURNISHINGS_OPERATIONS,Housing,SMALL,Q4,MEAN_ANNUAL_EXPENDITURE_PER_CONSUMER_UNIT,US dollars per consumer unit per year,14.0,14.312627960401786,0.31262796040178564,2.2330568600127547,3.5714285714285716,PERCENTAGE_DIFFERENCE,,4.560903473592666,32.12,773,PASS,
240322,"Electrical supplies, heating, and cooling equipment",HOUSEHOLD_FURNISHINGS_OPERATIONS,Housing,SMALL,Q5,MEAN_ANNUAL_EXPENDITURE_PER_CONSUMER_UNIT,US dollars per consumer unit per year,15.0,15.191138027019633,0.19113802701963323,1.2742535134642214,3.3333333333333335,PERCENTAGE_DIFFERENCE,,2.9625000935144277,20.41,1039,PASS,
250112,Fuel oil (owned home),HOUSEHOLD_ENERGY,Housing,MEDIUM,All Consumer Units,MEAN_ANNUAL_EXPENDITURE_PER_CONSUMER_UNIT,US dollars per consumer unit per year,58.0,57.90554806794222,-0.09445193205777969,-0.1628481587203098,0.8620689655172413,PERCENTAGE_DIFFERENCE,,4.056847649658941,7.2,583,PASS,
250112,Fuel oil (owned home),HOUSEHOLD_ENERGY,Housing,MEDIUM,Q1,MEAN_ANNUAL_EXPENDITURE_PER_CONSUMER_UNIT,US dollars per consumer unit per year,24.0,24.289679973342587,0.28967997334258655,1.206999888927444,2.0833333333333335,PERCENTAGE_DIFFERENCE,,6.060483792770281,24.66,55,PASS,
250112,Fuel oil (owned home),HOUSEHOLD_ENERGY,Housing,MEDIUM,Q2,MEAN_ANNUAL_EXPENDITURE_PER_CONSUMER_UNIT,US dollars per consumer unit per year,40.0,36.77750095344718,-3.2224990465528194,-8.056247616382048,1.25,PERCENTAGE_DIFFERENCE,,3.8866000755822525,10.76,106,PASS,
250112,Fuel oil (owned home),HOUSEHOLD_ENERGY,Housing,MEDIUM,Q3,MEAN_ANNUAL_EXPENDITURE_PER_CONSUMER_UNIT,US dollars per consumer unit per year,36.0,37.43268242486124,1.432682424861241,3.9796734023923364,1.3888888888888888,PERCENTAGE_DIFFERENCE,,13.254159739217293,32.47,73,PASS,
250112,Fuel oil (owned home),HOUSEHOLD_ENERGY,Housing,MEDIUM,Q4,MEAN_ANNUAL_EXPENDITURE_PER_CONSUMER_UNIT,US dollars per consumer unit per year,80.0,81.13137249579829,1.1313724957982885,1.4142156197478606,0.625,PERCENTAGE_DIFFERENCE,,8.651473953812413,10.24,171,PASS,
250112,Fuel oil (owned home),HOUSEHOLD_ENERGY,Housing,MEDIUM,Q5,MEAN_ANNUAL_EXPENDITURE_PER_CONSUMER_UNIT,US dollars per consumer unit per year,110.0,108.55054440668573,-1.4494555933142692,-1.317686903012972,0.45454545454545453,PERCENTAGE_DIFFERENCE,,11.937909424156832,11.13,178,PASS,
250211,"Gas, bottled/tank (renter)",HOUSEHOLD_ENERGY,Housing,SMALL,All Consumer Units,MEAN_ANNUAL_EXPENDITURE_PER_CONSUMER_UNIT,US dollars per consumer unit per year,3.0,3.0362133150652024,0.03621331506520242,1.207110502173414,16.666666666666668,ABSOLUTE_DIFFERENCE,0.003621331506520242,0.6512501266769449,21.45,137,PASS,"published mean is below the small-value floor; judged on absolute difference because LB01 publishes the mean as a whole number, so rounding alone can move it by 16.7 percent"
250211,"Gas, bottled/tank (renter)",HOUSEHOLD_ENERGY,Housing,SMALL,Q1,MEAN_ANNUAL_EXPENDITURE_PER_CONSUMER_UNIT,US dollars per consumer unit per year,2.0,2.799418499656466,0.7994184996564662,39.970924982823306,25.0,ABSOLUTE_DIFFERENCE,0.07994184996564661,1.9009501252040473,65.75,20,PASS,"published mean is below the small-value floor; judged on absolute difference because LB01 publishes the mean as a whole number, so rounding alone can move it by 25.0 percent"
250211,"Gas, bottled/tank (renter)",HOUSEHOLD_ENERGY,Housing,SMALL,Q2,MEAN_ANNUAL_EXPENDITURE_PER_CONSUMER_UNIT,US dollars per consumer unit per year,5.0,5.156686163246813,0.15668616324681306,3.133723264936261,10.0,ABSOLUTE_DIFFERENCE,0.015668616324681306,1.594954166559488,29.84,52,PASS,"published mean is below the small-value floor; judged on absolute difference because LB01 publishes the mean as a whole number, so rounding alone can move it by 10.0 percent"
250211,"Gas, bottled/tank (renter)",HOUSEHOLD_ENERGY,Housing,SMALL,Q3,MEAN_ANNUAL_EXPENDITURE_PER_CONSUMER_UNIT,US dollars per consumer unit per year,2.0,2.4256265576874734,0.4256265576874734,21.281327884373667,25.0,ABSOLUTE_DIFFERENCE,0.042562655768747334,1.2873658082503876,53.04,15,PASS,"published mean is below the small-value floor; judged on absolute difference because LB01 publishes the mean as a whole number, so rounding alone can move it by 25.0 percent"
250211,"Gas, bottled/tank (renter)",HOUSEHOLD_ENERGY,Housing,SMALL,Q4,MEAN_ANNUAL_EXPENDITURE_PER_CONSUMER_UNIT,US dollars per consumer unit per year,3.0,3.264837680301719,0.26483768030171895,8.827922676723965,16.666666666666668,ABSOLUTE_DIFFERENCE,0.026483768030171894,1.5223862794851988,46.5,32,PASS,"published mean is below the small-value floor; judged on absolute difference because LB01 publishes the mean as a whole number, so rounding alone can move it by 16.7 percent"
250211,"Gas, bottled/tank (renter)",HOUSEHOLD_ENERGY,Housing,SMALL,Q5,MEAN_ANNUAL_EXPENDITURE_PER_CONSUMER_UNIT,US dollars per consumer unit per year,2.0,1.544392708932701,-0.455607291067299,-22.78036455336495,25.0,ABSOLUTE_DIFFERENCE,0.045560729106729904,0.7810244540300791,50.58,18,PASS,"published mean is below the small-value floor; judged on absolute difference because LB01 publishes the mean as a whole number, so rounding alone can move it by 25.0 percent"
250213,"Gas, bottled/tank (owned vacation)",HOUSEHOLD_ENERGY,Housing,SMALL,All Consumer Units,MEAN_ANNUAL_EXPENDITURE_PER_CONSUMER_UNIT,US dollars per consumer unit per year,5.0,4.583495568088432,-0.4165044319115676,-8.330088638231352,10.0,ABSOLUTE_DIFFERENCE,0.04165044319115676,0.549181149331543,11.98,296,PASS,"published mean is below the small-value floor; judged on absolute difference because LB01 publishes the mean as a whole number, so rounding alone can move it by 10.0 percent"
250213,"Gas, bottled/tank (owned vacation)",HOUSEHOLD_ENERGY,Housing,SMALL,Q1,MEAN_ANNUAL_EXPENDITURE_PER_CONSUMER_UNIT,US dollars per consumer unit per year,1.0,0.8646191787982883,-0.1353808212017117,-13.538082120171168,50.0,ABSOLUTE_DIFFERENCE,0.013538082120171168,0.3734720306822838,43.89,17,PASS,"published mean is below the small-value floor; judged on absolute difference because LB01 publishes the mean as a whole number, so rounding alone can move it by 50.0 percent"
250213,"Gas, bottled/tank (owned vacation)",HOUSEHOLD_ENERGY,Housing,SMALL,Q2,MEAN_ANNUAL_EXPENDITURE_PER_CONSUMER_UNIT,US dollars per consumer unit per year,2.0,1.97352998219551,-0.026470017804490098,-1.323500890224505,25.0,ABSOLUTE_DIFFERENCE,0.0026470017804490096,0.6872890846314371,34.76,41,PASS,"published mean is below the small-value floor; judged on absolute difference because LB01 publishes the mean as a whole number, so rounding alone can move it by 25.0 percent"
250213,"Gas, bottled/tank (owned vacation)",HOUSEHOLD_ENERGY,Housing,SMALL,Q3,MEAN_ANNUAL_EXPENDITURE_PER_CONSUMER_UNIT,US dollars per consumer unit per year,3.0,2.9704086260929685,-0.029591373907031482,-0.9863791302343827,16.666666666666668,ABSOLUTE_DIFFERENCE,0.0029591373907031484,0.7720528730787632,26.1,51,PASS,"published mean is below the small-value floor; judged on absolute difference because LB01 publishes the mean as a whole number, so rounding alone can move it by 16.7 percent"
250213,"Gas, bottled/tank (owned vacation)",HOUSEHOLD_ENERGY,Housing,SMALL,Q4,MEAN_ANNUAL_EXPENDITURE_PER_CONSUMER_UNIT,US dollars per consumer unit per year,4.0,3.737231541771158,-0.2627684582288419,-6.569211455721047,12.5,ABSOLUTE_DIFFERENCE,0.026276845822884188,1.0159645636118373,24.78,60,PASS,"published mean is below the small-value floor; judged on absolute difference because LB01 publishes the mean as a whole number, so rounding alone can move it by 12.5 percent"
250213,"Gas, bottled/tank (owned vacation)",HOUSEHOLD_ENERGY,Housing,SMALL,Q5,MEAN_ANNUAL_EXPENDITURE_PER_CONSUMER_UNIT,US dollars per consumer unit per year,13.0,13.190573917400666,0.1905739174006662,1.4659532107743554,3.8461538461538463,PERCENTAGE_DIFFERENCE,,2.740663434378251,21.04,127,PASS,
250912,"Coal, wood, and other fuels (owned home)",HOUSEHOLD_ENERGY,Housing,SMALL,All Consumer Units,MEAN_ANNUAL_EXPENDITURE_PER_CONSUMER_UNIT,US dollars per consumer unit per year,10.0,9.19481812270445,-0.8051818772955492,-8.051818772955492,5.0,PERCENTAGE_DIFFERENCE,,1.507562566671769,18.73,265,PASS,
250912,"Coal, wood, and other fuels (owned home)",HOUSEHOLD_ENERGY,Housing,SMALL,Q1,MEAN_ANNUAL_EXPENDITURE_PER_CONSUMER_UNIT,US dollars per consumer unit per year,3.0,2.7263261971879618,-0.27367380281203824,-9.122460093734608,16.666666666666668,ABSOLUTE_DIFFERENCE,0.027367380281203824,0.7390225281370348,27.03,30,PASS,"published mean is below the small-value floor; judged on absolute difference because LB01 publishes the mean as a whole number, so rounding alone can move it by 16.7 percent"
250912,"Coal, wood, and other fuels (owned home)",HOUSEHOLD_ENERGY,Housing,SMALL,Q2,MEAN_ANNUAL_EXPENDITURE_PER_CONSUMER_UNIT,US dollars per consumer unit per year,12.0,10.400755719029982,-1.5992442809700176,-13.327035674750148,4.166666666666667,PERCENTAGE_DIFFERENCE,,4.938048887217754,54.62,49,FAIL,
250912,"Coal, wood, and other fuels (owned home)",HOUSEHOLD_ENERGY,Housing,SMALL,Q3,MEAN_ANNUAL_EXPENDITURE_PER_CONSUMER_UNIT,US dollars per consumer unit per year,9.0,9.145118369926983,0.14511836992698335,1.6124263325220372,5.555555555555555,ABSOLUTE_DIFFERENCE,0.014511836992698335,2.690795709669162,28.7,51,PASS,"published mean is below the small-value floor; judged on absolute difference because LB01 publishes the mean as a whole number, so rounding alone can move it by 5.6 percent"
250912,"Coal, wood, and other fuels (owned home)",HOUSEHOLD_ENERGY,Housing,SMALL,Q4,MEAN_ANNUAL_EXPENDITURE_PER_CONSUMER_UNIT,US dollars per consumer unit per year,10.0,10.3802315250896,0.38023152508960045,3.8023152508960045,5.0,PERCENTAGE_DIFFERENCE,,1.9813201207504683,17.69,57,PASS,
250912,"Coal, wood, and other fuels (owned home)",HOUSEHOLD_ENERGY,Housing,SMALL,Q5,MEAN_ANNUAL_EXPENDITURE_PER_CONSUMER_UNIT,US dollars per consumer unit per year,13.0,13.228839581650139,0.2288395816501385,1.7603044742318348,3.8461538461538463,PERCENTAGE_DIFFERENCE,,4.447897938953292,35.03,78,PASS,
260112,Electricity (owned home),HOUSEHOLD_ENERGY,Housing,LARGE,All Consumer Units,MEAN_ANNUAL_EXPENDITURE_PER_CONSUMER_UNIT,US dollars per consumer unit per year,1359.0,1359.2856171774517,0.28561717745174064,0.02101671651594854,0.03679175864606328,PERCENTAGE_DIFFERENCE,,21.84768450479099,1.61,36109,PASS,
260112,Electricity (owned home),HOUSEHOLD_ENERGY,Housing,LARGE,Q1,MEAN_ANNUAL_EXPENDITURE_PER_CONSUMER_UNIT,US dollars per consumer unit per year,745.0,744.6444690955494,-0.3555309044505748,-0.047722269053768425,0.06711409395973154,PERCENTAGE_DIFFERENCE,,28.80022989326775,3.77,4809,PASS,
260112,Electricity (owned home),HOUSEHOLD_ENERGY,Housing,LARGE,Q2,MEAN_ANNUAL_EXPENDITURE_PER_CONSUMER_UNIT,US dollars per consumer unit per year,1088.0,1088.8467741443064,0.8467741443064369,0.0778285059105181,0.04595588235294118,PERCENTAGE_DIFFERENCE,,34.19851478927424,3.21,6632,PASS,
260112,Electricity (owned home),HOUSEHOLD_ENERGY,Housing,LARGE,Q3,MEAN_ANNUAL_EXPENDITURE_PER_CONSUMER_UNIT,US dollars per consumer unit per year,1244.0,1254.6828110832057,10.682811083205706,0.8587468716403301,0.04019292604501608,PERCENTAGE_DIFFERENCE,,42.909967221249076,3.1,6634,PASS,
260112,Electricity (owned home),HOUSEHOLD_ENERGY,Housing,LARGE,Q4,MEAN_ANNUAL_EXPENDITURE_PER_CONSUMER_UNIT,US dollars per consumer unit per year,1579.0,1572.688937879068,-6.3110621209320925,-0.3996872780830964,0.031665611146295125,PERCENTAGE_DIFFERENCE,,31.427509451367136,1.95,8093,PASS,
260112,Electricity (owned home),HOUSEHOLD_ENERGY,Housing,LARGE,Q5,MEAN_ANNUAL_EXPENDITURE_PER_CONSUMER_UNIT,US dollars per consumer unit per year,2134.0,2118.9209745589515,-15.079025441048543,-0.7066085023921529,0.023430178069353328,PERCENTAGE_DIFFERENCE,,54.176015098103036,2.54,9941,PASS,
260113,Electricity (owned vacation),HOUSEHOLD_ENERGY,Housing,MEDIUM,All Consumer Units,MEAN_ANNUAL_EXPENDITURE_PER_CONSUMER_UNIT,US dollars per consumer unit per year,12.0,11.581115726442583,-0.418884273557417,-3.4907022796451415,4.166666666666667,PERCENTAGE_DIFFERENCE,,2.3393047647194187,20.2,647,PASS,
260113,Electricity (owned vacation),HOUSEHOLD_ENERGY,Housing,MEDIUM,Q1,MEAN_ANNUAL_EXPENDITURE_PER_CONSUMER_UNIT,US dollars per consumer unit per year,4.0,4.009534023288448,0.00953402328844799,0.23835058221119976,12.5,ABSOLUTE_DIFFERENCE,0.000953402328844799,1.7660835707829459,43.93,46,PASS,"published mean is below the small-value floor; judged on absolute difference because LB01 publishes the mean as a whole number, so rounding alone can move it by 12.5 percent"
260113,Electricity (owned vacation),HOUSEHOLD_ENERGY,Housing,MEDIUM,Q2,MEAN_ANNUAL_EXPENDITURE_PER_CONSUMER_UNIT,US dollars per consumer unit per year,4.0,3.9796157061860944,-0.020384293813905607,-0.5096073453476402,12.5,ABSOLUTE_DIFFERENCE,0.0020384293813905606,0.8686987957128194,22.25,72,PASS,"published mean is below the small-value floor; judged on absolute difference because LB01 publishes the mean as a whole number, so rounding alone can move it by 12.5 percent"
260113,Electricity (owned vacation),HOUSEHOLD_ENERGY,Housing,MEDIUM,Q3,MEAN_ANNUAL_EXPENDITURE_PER_CONSUMER_UNIT,US dollars per consumer unit per year,6.0,6.542989993766232,0.5429899937662324,9.049833229437207,8.333333333333334,ABSOLUTE_DIFFERENCE,0.05429899937662323,2.4839642337977463,38.28,73,PASS,"published mean is below the small-value floor; judged on absolute difference because LB01 publishes the mean as a whole number, so rounding alone can move it by 8.3 percent"
260113,Electricity (owned vacation),HOUSEHOLD_ENERGY,Housing,MEDIUM,Q4,MEAN_ANNUAL_EXPENDITURE_PER_CONSUMER_UNIT,US dollars per consumer unit per year,17.0,18.432334868081412,1.432334868081412,8.425499224008306,2.9411764705882355,PERCENTAGE_DIFFERENCE,,7.405818383459268,42.67,180,PASS,
260113,Electricity (owned vacation),HOUSEHOLD_ENERGY,Housing,MEDIUM,Q5,MEAN_ANNUAL_EXPENDITURE_PER_CONSUMER_UNIT,US dollars per consumer unit per year,26.0,24.603899707144272,-1.3961002928557278,-5.369616510983568,1.9230769230769231,PERCENTAGE_DIFFERENCE,,5.119046896132684,21.08,276,PASS,
260211,Natural gas (renter),HOUSEHOLD_ENERGY,Housing,LARGE,All Consumer Units,MEAN_ANNUAL_EXPENDITURE_PER_CONSUMER_UNIT,US dollars per consumer unit per year,87.0,87.31718228593591,0.3171822859359139,0.3645773401562229,0.5747126436781609,PERCENTAGE_DIFFERENCE,,3.85400213983327,4.41,5660,PASS,
260211,Natural gas (renter),HOUSEHOLD_ENERGY,Housing,LARGE,Q1,MEAN_ANNUAL_EXPENDITURE_PER_CONSUMER_UNIT,US dollars per consumer unit per year,88.0,87.42553372043356,-0.5744662795664368,-0.6528025904164054,0.5681818181818182,PERCENTAGE_DIFFERENCE,,6.629009487933612,7.39,1256,PASS,
260211,Natural gas (renter),HOUSEHOLD_ENERGY,Housing,LARGE,Q2,MEAN_ANNUAL_EXPENDITURE_PER_CONSUMER_UNIT,US dollars per consumer unit per year,101.0,101.54035228479447,0.5403522847944657,0.5350022621727384,0.49504950495049505,PERCENTAGE_DIFFERENCE,,9.14002799149264,8.93,1360,PASS,
260211,Natural gas (renter),HOUSEHOLD_ENERGY,Housing,LARGE,Q3,MEAN_ANNUAL_EXPENDITURE_PER_CONSUMER_UNIT,US dollars per consumer unit per year,115.0,116.50539463167007,1.5053946316700717,1.3090388101478885,0.43478260869565216,PERCENTAGE_DIFFERENCE,,10.513193702002539,8.76,1359,PASS,
260211,Natural gas (renter),HOUSEHOLD_ENERGY,Housing,LARGE,Q4,MEAN_ANNUAL_EXPENDITURE_PER_CONSUMER_UNIT,US dollars per consumer unit per year,85.0,83.27008426836355,-1.7299157316364528,-2.0351949783958267,0.5882352941176471,PERCENTAGE_DIFFERENCE,,9.006760793255902,10.13,1038,PASS,
260211,Natural gas (renter),HOUSEHOLD_ENERGY,Housing,LARGE,Q5,MEAN_ANNUAL_EXPENDITURE_PER_CONSUMER_UNIT,US dollars per consumer unit per year,49.0,49.01311138242406,0.013111382424057183,0.026757923314402413,1.0204081632653061,PERCENTAGE_DIFFERENCE,,4.629779585923471,9.49,647,PASS,
260212,Natural gas (owned home),HOUSEHOLD_ENERGY,Housing,LARGE,All Consumer Units,MEAN_ANNUAL_EXPENDITURE_PER_CONSUMER_UNIT,US dollars per consumer unit per year,401.0,400.7170140204172,-0.28298597958280425,-0.07057006972139757,0.12468827930174564,PERCENTAGE_DIFFERENCE,,14.391652287567132,3.59,21906,PASS,
260212,Natural gas (owned home),HOUSEHOLD_ENERGY,Housing,LARGE,Q1,MEAN_ANNUAL_EXPENDITURE_PER_CONSUMER_UNIT,US dollars per consumer unit per year,196.0,195.56518057422,-0.434819425780006,-0.2218466458061255,0.25510204081632654,PERCENTAGE_DIFFERENCE,,20.64044638359542,10.66,2438,PASS,
260212,Natural gas (owned home),HOUSEHOLD_ENERGY,Housing,LARGE,Q2,MEAN_ANNUAL_EXPENDITURE_PER_CONSUMER_UNIT,US dollars per consumer unit per year,305.0,307.6740240031297,2.674024003129716,0.8767291813540053,0.16393442622950818,PERCENTAGE_DIFFERENCE,,17.528651477120697,5.7,3497,PASS,
260212,Natural gas (owned home),HOUSEHOLD_ENERGY,Housing,LARGE,Q3,MEAN_ANNUAL_EXPENDITURE_PER_CONSUMER_UNIT,US dollars per consumer unit per year,340.0,337.6140958335206,-2.3859041664794063,-0.7017365195527665,0.14705882352941177,PERCENTAGE_DIFFERENCE,,20.63205272112125,5.93,3757,PASS,
260212,Natural gas (owned home),HOUSEHOLD_ENERGY,Housing,LARGE,Q4,MEAN_ANNUAL_EXPENDITURE_PER_CONSUMER_UNIT,US dollars per consumer unit per year,467.0,468.49984343951706,1.4998434395170648,0.32116561874027083,0.10706638115631692,PERCENTAGE_DIFFERENCE,,20.636026623579486,4.54,5144,PASS,
260212,Natural gas (owned home),HOUSEHOLD_ENERGY,Housing,LARGE,Q5,MEAN_ANNUAL_EXPENDITURE_PER_CONSUMER_UNIT,US dollars per consumer unit per year,694.0,687.6078908274345,-6.392109172565483,-0.9210531948941618,0.07204610951008646,PERCENTAGE_DIFFERENCE,,20.77884465287493,3.02,7070,PASS,
260213,Natural gas (owned vacation),HOUSEHOLD_ENERGY,Housing,SMALL,All Consumer Units,MEAN_ANNUAL_EXPENDITURE_PER_CONSUMER_UNIT,US dollars per consumer unit per year,3.0,3.4243503563173174,0.42435035631731743,14.145011877243915,16.666666666666668,ABSOLUTE_DIFFERENCE,0.042435035631731746,0.6247659153786718,18.24,244,PASS,"published mean is below the small-value floor; judged on absolute difference because LB01 publishes the mean as a whole number, so rounding alone can move it by 16.7 percent"
260213,Natural gas (owned vacation),HOUSEHOLD_ENERGY,Housing,SMALL,Q1,MEAN_ANNUAL_EXPENDITURE_PER_CONSUMER_UNIT,US dollars per consumer unit per year,1.0,1.1401700959814682,0.14017009598146823,14.017009598146824,50.0,ABSOLUTE_DIFFERENCE,0.014017009598146824,0.6463347287589323,56.63,28,PASS,"published mean is below the small-value floor; judged on absolute difference because LB01 publishes the mean as a whole number, so rounding alone can move it by 50.0 percent"
260213,Natural gas (owned vacation),HOUSEHOLD_ENERGY,Housing,SMALL,Q2,MEAN_ANNUAL_EXPENDITURE_PER_CONSUMER_UNIT,US dollars per consumer unit per year,3.0,2.3613638035293056,-0.6386361964706944,-21.28787321568981,16.666666666666668,ABSOLUTE_DIFFERENCE,0.06386361964706944,0.7088020693637669,39.59,39,PASS,"published mean is below the small-value floor; judged on absolute difference because LB01 publishes the mean as a whole number, so rounding alone can move it by 16.7 percent"
260213,Natural gas (owned vacation),HOUSEHOLD_ENERGY,Housing,SMALL,Q3,MEAN_ANNUAL_EXPENDITURE_PER_CONSUMER_UNIT,US dollars per consumer unit per year,2.0,2.1031813178178296,0.10318131781782958,5.159065890891479,25.0,ABSOLUTE_DIFFERENCE,0.010318131781782957,1.1830452589814076,56.38,19,PASS,"published mean is below the small-value floor; judged on absolute difference because LB01 publishes the mean as a whole number, so rounding alone can move it by 25.0 percent"
260213,Natural gas (owned vacation),HOUSEHOLD_ENERGY,Housing,SMALL,Q4,MEAN_ANNUAL_EXPENDITURE_PER_CONSUMER_UNIT,US dollars per consumer unit per year,3.0,4.352083551518682,1.3520835515186818,45.06945171728939,16.666666666666668,ABSOLUTE_DIFFERENCE,0.1352083551518682,1.633320215341907,32.71,56,PASS,"published mean is below the small-value floor; judged on absolute difference because LB01 publishes the mean as a whole number, so rounding alone can move it by 16.7 percent"
260213,Natural gas (owned vacation),HOUSEHOLD_ENERGY,Housing,SMALL,Q5,MEAN_ANNUAL_EXPENDITURE_PER_CONSUMER_UNIT,US dollars per consumer unit per year,8.0,7.0719509604971345,-0.9280490395028655,-11.60061299378582,6.25,ABSOLUTE_DIFFERENCE,0.09280490395028655,1.5081928488281917,22.29,102,PASS,"published mean is below the small-value floor; judged on absolute difference because LB01 publishes the mean as a whole number, so rounding alone can move it by 6.2 percent"
270102,Cellular phone service,EDUCATION_COMMUNICATION,Housing,LARGE,All Consumer Units,MEAN_ANNUAL_EXPENDITURE_PER_CONSUMER_UNIT,US dollars per consumer unit per year,1359.0,1359.1018368811629,0.10183688116285339,0.0074935159060230605,0.03679175864606328,PERCENTAGE_DIFFERENCE,,19.280742421829622,1.45,49398,PASS,
270102,Cellular phone service,EDUCATION_COMMUNICATION,Housing,LARGE,Q1,MEAN_ANNUAL_EXPENDITURE_PER_CONSUMER_UNIT,US dollars per consumer unit per year,720.0,720.9752637956274,0.9752637956273702,0.13545330494824587,0.06944444444444445,PERCENTAGE_DIFFERENCE,,19.318078645390493,2.75,7938,PASS,
270102,Cellular phone service,EDUCATION_COMMUNICATION,Housing,LARGE,Q2,MEAN_ANNUAL_EXPENDITURE_PER_CONSUMER_UNIT,US dollars per consumer unit per year,1084.0,1080.1778783613238,-3.822121638676208,-0.3525942471103513,0.046125461254612546,PERCENTAGE_DIFFERENCE,,29.82970117318701,2.69,9841,PASS,
270102,Cellular phone service,EDUCATION_COMMUNICATION,Housing,LARGE,Q3,MEAN_ANNUAL_EXPENDITURE_PER_CONSUMER_UNIT,US dollars per consumer unit per year,1376.0,1381.6554687185596,5.655468718559632,0.4110079010581128,0.036337209302325583,PERCENTAGE_DIFFERENCE,,25.69200835518378,1.85,9910,PASS,
270102,Cellular phone service,EDUCATION_COMMUNICATION,Housing,LARGE,Q4,MEAN_ANNUAL_EXPENDITURE_PER_CONSUMER_UNIT,US dollars per consumer unit per year,1678.0,1670.0215395766613,-7.9784604233386744,-0.4754743994838304,0.029797377830750895,PERCENTAGE_DIFFERENCE,,36.6764788522501,2.14,10581,PASS,
270102,Cellular phone service,EDUCATION_COMMUNICATION,Housing,LARGE,Q5,MEAN_ANNUAL_EXPENDITURE_PER_CONSUMER_UNIT,US dollars per consumer unit per year,1935.0,1931.2889675787724,-3.711032421227628,-0.19178462125207382,0.025839793281653745,PERCENTAGE_DIFFERENCE,,44.428838957039645,2.35,11128,PASS,
270106,Residential telephone including VOIP,EDUCATION_COMMUNICATION,Housing,LARGE,All Consumer Units,MEAN_ANNUAL_EXPENDITURE_PER_CONSUMER_UNIT,US dollars per consumer unit per year,100.0,100.29031323594889,0.29031323594888647,0.29031323594888647,0.5,PERCENTAGE_DIFFERENCE,,4.248416661919055,4.24,9255,PASS,
270106,Residential telephone including VOIP,EDUCATION_COMMUNICATION,Housing,LARGE,Q1,MEAN_ANNUAL_EXPENDITURE_PER_CONSUMER_UNIT,US dollars per consumer unit per year,113.0,113.8582338951813,0.8582338951813,0.7594990222843363,0.4424778761061947,PERCENTAGE_DIFFERENCE,,7.548197639639108,6.74,2079,PASS,
270106,Residential telephone including VOIP,EDUCATION_COMMUNICATION,Housing,LARGE,Q2,MEAN_ANNUAL_EXPENDITURE_PER_CONSUMER_UNIT,US dollars per consumer unit per year,119.0,119.24733743646394,0.2473374364639369,0.20784658526381253,0.42016806722689076,PERCENTAGE_DIFFERENCE,,9.16178273156808,7.6,2225,PASS,
270106,Residential telephone including VOIP,EDUCATION_COMMUNICATION,Housing,LARGE,Q3,MEAN_ANNUAL_EXPENDITURE_PER_CONSUMER_UNIT,US dollars per consumer unit per year,89.0,86.95034107146299,-2.0496589285370135,-2.3029875601539476,0.5617977528089888,PERCENTAGE_DIFFERENCE,,6.328755772115922,7.26,1616,PASS,
270106,Residential telephone including VOIP,EDUCATION_COMMUNICATION,Housing,LARGE,Q4,MEAN_ANNUAL_EXPENDITURE_PER_CONSUMER_UNIT,US dollars per consumer unit per year,92.0,94.65670340117335,2.6567034011733455,2.8877210882318973,0.5434782608695652,PERCENTAGE_DIFFERENCE,,7.2550849305219405,8.09,1567,PASS,
270106,Residential telephone including VOIP,EDUCATION_COMMUNICATION,Housing,LARGE,Q5,MEAN_ANNUAL_EXPENDITURE_PER_CONSUMER_UNIT,US dollars per consumer unit per year,88.0,86.74897490569045,-1.2510250943095542,-1.4216194253517662,0.5681818181818182,PERCENTAGE_DIFFERENCE,,6.021023108531959,6.26,1768,PASS,
270211,Water/sewer maintenance (renter),WATER_SEWER_TRASH,Housing,LARGE,All Consumer Units,MEAN_ANNUAL_EXPENDITURE_PER_CONSUMER_UNIT,US dollars per consumer unit per year,94.0,93.71056824414461,-0.2894317558553894,-0.3079061232504142,0.5319148936170213,PERCENTAGE_DIFFERENCE,,4.551642924298804,4.87,5535,PASS,
270211,Water/sewer maintenance (renter),WATER_SEWER_TRASH,Housing,LARGE,Q1,MEAN_ANNUAL_EXPENDITURE_PER_CONSUMER_UNIT,US dollars per consumer unit per year,89.0,89.7582732324426,0.7582732324426047,0.8519923960029266,0.5617977528089888,PERCENTAGE_DIFFERENCE,,7.013363425370663,7.88,1199,PASS,
270211,Water/sewer maintenance (renter),WATER_SEWER_TRASH,Housing,LARGE,Q2,MEAN_ANNUAL_EXPENDITURE_PER_CONSUMER_UNIT,US dollars per consumer unit per year,103.0,101.98565795541217,-1.0143420445878348,-0.9847981015415872,0.4854368932038835,PERCENTAGE_DIFFERENCE,,9.82251231091763,9.5,1236,PASS,
270211,Water/sewer maintenance (renter),WATER_SEWER_TRASH,Housing,LARGE,Q3,MEAN_ANNUAL_EXPENDITURE_PER_CONSUMER_UNIT,US dollars per consumer unit per year,123.0,125.21928416180279,2.21928416180279,1.8042960665063332,0.4065040650406504,PERCENTAGE_DIFFERENCE,,7.992119577195055,6.31,1364,PASS,
270211,Water/sewer maintenance (renter),WATER_SEWER_TRASH,Housing,LARGE,Q4,MEAN_ANNUAL_EXPENDITURE_PER_CONSUMER_UNIT,US dollars per consumer unit per year,98.0,96.7501048213096,-1.2498951786903945,-1.275403243561627,0.5102040816326531,PERCENTAGE_DIFFERENCE,,9.494272301693105,8.98,1066,PASS,
270211,Water/sewer maintenance (renter),WATER_SEWER_TRASH,Housing,LARGE,Q5,MEAN_ANNUAL_EXPENDITURE_PER_CONSUMER_UNIT,US dollars per consumer unit per year,55.0,56.02308573903331,1.0230857390333128,1.8601558891514778,0.9090909090909091,PERCENTAGE_DIFFERENCE,,6.5338441650233,12.15,670,PASS,
270212,Water/sewer maintenance (owned home),WATER_SEWER_TRASH,Housing,LARGE,All Consumer Units,MEAN_ANNUAL_EXPENDITURE_PER_CONSUMER_UNIT,US dollars per consumer unit per year,462.0,461.8616868834893,-0.13831311651068745,-0.029937904006642306,0.10822510822510822,PERCENTAGE_DIFFERENCE,,11.817333796604043,2.65,25526,PASS,
270212,Water/sewer maintenance (owned home),WATER_SEWER_TRASH,Housing,LARGE,Q1,MEAN_ANNUAL_EXPENDITURE_PER_CONSUMER_UNIT,US dollars per consumer unit per year,230.0,229.08880075621428,-0.9111992437857168,-0.3961735842546595,0.21739130434782608,PERCENTAGE_DIFFERENCE,,13.672775154405576,6.06,3269,PASS,
270212,Water/sewer maintenance (owned home),WATER_SEWER_TRASH,Housing,LARGE,Q2,MEAN_ANNUAL_EXPENDITURE_PER_CONSUMER_UNIT,US dollars per consumer unit per year,356.0,357.0447773349775,1.044777334977482,0.2934767794880567,0.1404494382022472,PERCENTAGE_DIFFERENCE,,14.978387560560916,4.29,4675,PASS,
270212,Water/sewer maintenance (owned home),WATER_SEWER_TRASH,Housing,LARGE,Q3,MEAN_ANNUAL_EXPENDITURE_PER_CONSUMER_UNIT,US dollars per consumer unit per year,411.0,412.7693128774785,1.7693128774785123,0.4304897512113169,0.12165450121654502,PERCENTAGE_DIFFERENCE,,17.390826636105675,3.98,4825,PASS,
270212,Water/sewer maintenance (owned home),WATER_SEWER_TRASH,Housing,LARGE,Q4,MEAN_ANNUAL_EXPENDITURE_PER_CONSUMER_UNIT,US dollars per consumer unit per year,537.0,535.5640469287853,-1.4359530712147262,-0.2674028065576771,0.0931098696461825,PERCENTAGE_DIFFERENCE,,21.684748388447513,4.09,5664,PASS,
270212,Water/sewer maintenance (owned home),WATER_SEWER_TRASH,Housing,LARGE,Q5,MEAN_ANNUAL_EXPENDITURE_PER_CONSUMER_UNIT,US dollars per consumer unit per year,772.0,768.068264142566,-3.931735857433978,-0.5092922095121732,0.06476683937823834,PERCENTAGE_DIFFERENCE,,22.825288996724918,3.5,7093,PASS,
270213,Water/sewer maintenance (owned vacation),WATER_SEWER_TRASH,Housing,SMALL,All Consumer Units,MEAN_ANNUAL_EXPENDITURE_PER_CONSUMER_UNIT,US dollars per consumer unit per year,4.0,3.555904259247974,-0.44409574075202585,-11.102393518800646,12.5,ABSOLUTE_DIFFERENCE,0.04440957407520259,0.571885201830021,16.08,282,PASS,"published mean is below the small-value floor; judged on absolute difference because LB01 publishes the mean as a whole number, so rounding alone can move it by 12.5 percent"
270213,Water/sewer maintenance (owned vacation),WATER_SEWER_TRASH,Housing,SMALL,Q1,MEAN_ANNUAL_EXPENDITURE_PER_CONSUMER_UNIT,US dollars per consumer unit per year,1.0,1.3601582931315395,0.36015829313153946,36.015829313153944,50.0,ABSOLUTE_DIFFERENCE,0.036015829313153946,0.7372577215080326,52.38,29,PASS,"published mean is below the small-value floor; judged on absolute difference because LB01 publishes the mean as a whole number, so rounding alone can move it by 50.0 percent"
270213,Water/sewer maintenance (owned vacation),WATER_SEWER_TRASH,Housing,SMALL,Q2,MEAN_ANNUAL_EXPENDITURE_PER_CONSUMER_UNIT,US dollars per consumer unit per year,2.0,1.9331941505324368,-0.06680584946756318,-3.340292473378159,25.0,ABSOLUTE_DIFFERENCE,0.006680584946756318,0.7456374436616408,37.44,41,PASS,"published mean is below the small-value floor; judged on absolute difference because LB01 publishes the mean as a whole number, so rounding alone can move it by 25.0 percent"
270213,Water/sewer maintenance (owned vacation),WATER_SEWER_TRASH,Housing,SMALL,Q3,MEAN_ANNUAL_EXPENDITURE_PER_CONSUMER_UNIT,US dollars per consumer unit per year,3.0,2.9768741435621773,-0.023125856437822723,-0.7708618812607574,16.666666666666668,ABSOLUTE_DIFFERENCE,0.002312585643782272,1.1987725193445633,40.36,45,PASS,"published mean is below the small-value floor; judged on absolute difference because LB01 publishes the mean as a whole number, so rounding alone can move it by 16.7 percent"
270213,Water/sewer maintenance (owned vacation),WATER_SEWER_TRASH,Housing,SMALL,Q4,MEAN_ANNUAL_EXPENDITURE_PER_CONSUMER_UNIT,US dollars per consumer unit per year,3.0,2.8789914975903463,-0.12100850240965366,-4.033616746988455,16.666666666666668,ABSOLUTE_DIFFERENCE,0.012100850240965366,0.9138587792321098,33.33,49,PASS,"published mean is below the small-value floor; judged on absolute difference because LB01 publishes the mean as a whole number, so rounding alone can move it by 16.7 percent"
270213,Water/sewer maintenance (owned vacation),WATER_SEWER_TRASH,Housing,SMALL,Q5,MEAN_ANNUAL_EXPENDITURE_PER_CONSUMER_UNIT,US dollars per consumer unit per year,9.0,8.532415603977578,-0.4675843960224224,-5.195382178026915,5.555555555555555,ABSOLUTE_DIFFERENCE,0.04675843960224224,1.9874335793403817,23.22,118,PASS,"published mean is below the small-value floor; judged on absolute difference because LB01 publishes the mean as a whole number, so rounding alone can move it by 5.6 percent"
270907,Septic tank cleaning (owner),HOUSEHOLD_FURNISHINGS_OPERATIONS,Housing,SMALL,All Consumer Units,MEAN_ANNUAL_EXPENDITURE_PER_CONSUMER_UNIT,US dollars per consumer unit per year,8.0,8.216995061129769,0.21699506112976863,2.712438264122108,6.25,ABSOLUTE_DIFFERENCE,0.021699506112976864,1.39243426166863,16.95,93,PASS,"published mean is below the small-value floor; judged on absolute difference because LB01 publishes the mean as a whole number, so rounding alone can move it by 6.2 percent"
270907,Septic tank cleaning (owner),HOUSEHOLD_FURNISHINGS_OPERATIONS,Housing,SMALL,Q1,MEAN_ANNUAL_EXPENDITURE_PER_CONSUMER_UNIT,US dollars per consumer unit per year,6.0,5.747433574784308,-0.25256642521569184,-4.20944042026153,8.333333333333334,ABSOLUTE_DIFFERENCE,0.025256642521569183,3.3663124998073846,57.0,14,PASS,"published mean is below the small-value floor; judged on absolute difference because LB01 publishes the mean as a whole number, so rounding alone can move it by 8.3 percent"
270907,Septic tank cleaning (owner),HOUSEHOLD_FURNISHINGS_OPERATIONS,Housing,SMALL,Q2,MEAN_ANNUAL_EXPENDITURE_PER_CONSUMER_UNIT,US dollars per consumer unit per year,5.0,4.687043487670505,-0.31295651232949506,-6.259130246589901,10.0,ABSOLUTE_DIFFERENCE,0.03129565123294951,2.122065332959787,46.57,11,PASS,"published mean is below the small-value floor; judged on absolute difference because LB01 publishes the mean as a whole number, so rounding alone can move it by 10.0 percent"
270907,Septic tank cleaning (owner),HOUSEHOLD_FURNISHINGS_OPERATIONS,Housing,SMALL,Q3,MEAN_ANNUAL_EXPENDITURE_PER_CONSUMER_UNIT,US dollars per consumer unit per year,10.0,10.541265282374036,0.5412652823740363,5.412652823740363,5.0,PERCENTAGE_DIFFERENCE,,3.1312731030844647,29.64,21,PASS,
270907,Septic tank cleaning (owner),HOUSEHOLD_FURNISHINGS_OPERATIONS,Housing,SMALL,Q4,MEAN_ANNUAL_EXPENDITURE_PER_CONSUMER_UNIT,US dollars per consumer unit per year,10.0,10.376529661265913,0.3765296612659128,3.765296612659128,5.0,PERCENTAGE_DIFFERENCE,,3.3074996315898306,31.9,23,PASS,
270907,Septic tank cleaning (owner),HOUSEHOLD_FURNISHINGS_OPERATIONS,Housing,SMALL,Q5,MEAN_ANNUAL_EXPENDITURE_PER_CONSUMER_UNIT,US dollars per consumer unit per year,10.0,9.742882719521605,-0.2571172804783952,-2.571172804783952,5.0,PERCENTAGE_DIFFERENCE,,2.6104651127933822,26.72,24,PASS,
280210,Curtains and draperies,HOUSEHOLD_FURNISHINGS_OPERATIONS,Housing,SMALL,All Consumer Units,MEAN_ANNUAL_EXPENDITURE_PER_CONSUMER_UNIT,US dollars per consumer unit per year,10.0,10.365476378222462,0.3654763782224624,3.6547637822246237,5.0,PERCENTAGE_DIFFERENCE,,1.2340263160216225,11.91,462,PASS,
280210,Curtains and draperies,HOUSEHOLD_FURNISHINGS_OPERATIONS,Housing,SMALL,Q1,MEAN_ANNUAL_EXPENDITURE_PER_CONSUMER_UNIT,US dollars per consumer unit per year,5.0,5.235210269192197,0.2352102691921969,4.704205383843938,10.0,ABSOLUTE_DIFFERENCE,0.02352102691921969,1.1498811380565372,21.46,70,PASS,"published mean is below the small-value floor; judged on absolute difference because LB01 publishes the mean as a whole number, so rounding alone can move it by 10.0 percent"
280210,Curtains and draperies,HOUSEHOLD_FURNISHINGS_OPERATIONS,Housing,SMALL,Q2,MEAN_ANNUAL_EXPENDITURE_PER_CONSUMER_UNIT,US dollars per consumer unit per year,7.0,6.363428720552162,-0.6365712794478382,-9.093875420683403,7.142857142857143,ABSOLUTE_DIFFERENCE,0.06365712794478381,1.119163632745762,17.85,76,PASS,"published mean is below the small-value floor; judged on absolute difference because LB01 publishes the mean as a whole number, so rounding alone can move it by 7.1 percent"
280210,Curtains and draperies,HOUSEHOLD_FURNISHINGS_OPERATIONS,Housing,SMALL,Q3,MEAN_ANNUAL_EXPENDITURE_PER_CONSUMER_UNIT,US dollars per consumer unit per year,8.0,8.217566567650561,0.21756656765056093,2.7195820956320116,6.25,ABSOLUTE_DIFFERENCE,0.021756656765056094,1.3571417936621222,16.46,95,PASS,"published mean is below the small-value floor; judged on absolute difference because LB01 publishes the mean as a whole number, so rounding alone can move it by 6.2 percent"
280210,Curtains and draperies,HOUSEHOLD_FURNISHINGS_OPERATIONS,Housing,SMALL,Q4,MEAN_ANNUAL_EXPENDITURE_PER_CONSUMER_UNIT,US dollars per consumer unit per year,14.0,14.2887940508791,0.2887940508790994,2.062814649136424,3.5714285714285716,PERCENTAGE_DIFFERENCE,,2.501005431323819,17.73,117,PASS,
280210,Curtains and draperies,HOUSEHOLD_FURNISHINGS_OPERATIONS,Housing,SMALL,Q5,MEAN_ANNUAL_EXPENDITURE_PER_CONSUMER_UNIT,US dollars per consumer unit per year,18.0,17.54452982810003,-0.45547017189997163,-2.5303898438887313,2.7777777777777777,PERCENTAGE_DIFFERENCE,,4.789384577606199,27.32,104,PASS,
290110,Mattresses and springs,HOUSEHOLD_FURNISHINGS_OPERATIONS,Housing,LARGE,All Consumer Units,MEAN_ANNUAL_EXPENDITURE_PER_CONSUMER_UNIT,US dollars per consumer unit per year,114.0,113.82948993226083,-0.17051006773917265,-0.14957023485892337,0.43859649122807015,PERCENTAGE_DIFFERENCE,,12.883318491540477,11.32,523,PASS,
290110,Mattresses and springs,HOUSEHOLD_FURNISHINGS_OPERATIONS,Housing,LARGE,Q1,MEAN_ANNUAL_EXPENDITURE_PER_CONSUMER_UNIT,US dollars per consumer unit per year,46.0,45.7572769424478,-0.24272305755219747,-0.5276588207656466,1.0869565217391304,PERCENTAGE_DIFFERENCE,,7.991027045310528,17.41,67,PASS,
290110,Mattresses and springs,HOUSEHOLD_FURNISHINGS_OPERATIONS,Housing,LARGE,Q2,MEAN_ANNUAL_EXPENDITURE_PER_CONSUMER_UNIT,US dollars per consumer unit per year,57.0,56.84522450560506,-0.15477549439493998,-0.2715359550788421,0.8771929824561403,PERCENTAGE_DIFFERENCE,,8.04892788440312,14.17,86,PASS,
290110,Mattresses and springs,HOUSEHOLD_FURNISHINGS_OPERATIONS,Housing,LARGE,Q3,MEAN_ANNUAL_EXPENDITURE_PER_CONSUMER_UNIT,US dollars per consumer unit per year,104.0,104.51406678076565,0.5140667807656456,0.49429498150542844,0.4807692307692308,PERCENTAGE_DIFFERENCE,,17.45278529235726,16.43,95,PASS,
290110,Mattresses and springs,HOUSEHOLD_FURNISHINGS_OPERATIONS,Housing,LARGE,Q4,MEAN_ANNUAL_EXPENDITURE_PER_CONSUMER_UNIT,US dollars per consumer unit per year,163.0,158.45395662505837,-4.5460433749416325,-2.7889836656083635,0.3067484662576687,PERCENTAGE_DIFFERENCE,,45.83531658455037,28.89,128,PASS,
290110,Mattresses and springs,HOUSEHOLD_FURNISHINGS_OPERATIONS,Housing,LARGE,Q5,MEAN_ANNUAL_EXPENDITURE_PER_CONSUMER_UNIT,US dollars per consumer unit per year,199.0,201.71156059487285,2.71156059487285,1.362593263755201,0.25125628140703515,PERCENTAGE_DIFFERENCE,,27.8547036650164,13.46,147,PASS,
290120,Other bedroom furniture,HOUSEHOLD_FURNISHINGS_OPERATIONS,Housing,LARGE,All Consumer Units,MEAN_ANNUAL_EXPENDITURE_PER_CONSUMER_UNIT,US dollars per consumer unit per year,119.0,119.19227054888884,0.19227054888884254,0.16157188982255677,0.42016806722689076,PERCENTAGE_DIFFERENCE,,12.628082131382907,10.59,666,PASS,
290120,Other bedroom furniture,HOUSEHOLD_FURNISHINGS_OPERATIONS,Housing,LARGE,Q1,MEAN_ANNUAL_EXPENDITURE_PER_CONSUMER_UNIT,US dollars per consumer unit per year,46.0,45.23647435235236,-0.76352564764764,-1.6598383644513912,1.0869565217391304,PERCENTAGE_DIFFERENCE,,14.10536099464557,30.67,74,PASS,
290120,Other bedroom furniture,HOUSEHOLD_FURNISHINGS_OPERATIONS,Housing,LARGE,Q2,MEAN_ANNUAL_EXPENDITURE_PER_CONSUMER_UNIT,US dollars per consumer unit per year,83.0,83.53613596272082,0.5361359627208202,0.6459469430371327,0.6024096385542169,PERCENTAGE_DIFFERENCE,,19.2518024929903,23.15,103,PASS,
290120,Other bedroom furniture,HOUSEHOLD_FURNISHINGS_OPERATIONS,Housing,LARGE,Q3,MEAN_ANNUAL_EXPENDITURE_PER_CONSUMER_UNIT,US dollars per consumer unit per year,76.0,73.13661655914956,-2.8633834408504413,-3.7676097905926857,0.6578947368421053,PERCENTAGE_DIFFERENCE,,14.144677795115136,20.07,127,PASS,
290120,Other bedroom furniture,HOUSEHOLD_FURNISHINGS_OPERATIONS,Housing,LARGE,Q4,MEAN_ANNUAL_EXPENDITURE_PER_CONSUMER_UNIT,US dollars per consumer unit per year,121.0,115.3383842375582,-5.661615762441798,-4.679021291274212,0.4132231404958678,PERCENTAGE_DIFFERENCE,,15.73318675600222,14.39,147,PASS,
290120,Other bedroom furniture,HOUSEHOLD_FURNISHINGS_OPERATIONS,Housing,LARGE,Q5,MEAN_ANNUAL_EXPENDITURE_PER_CONSUMER_UNIT,US dollars per consumer unit per year,269.0,275.06803298498005,6.06803298498005,2.2557743438587545,0.18587360594795538,PERCENTAGE_DIFFERENCE,,53.2787958534453,19.11,215,PASS,
290210,Sofas,HOUSEHOLD_FURNISHINGS_OPERATIONS,Housing,LARGE,All Consumer Units,MEAN_ANNUAL_EXPENDITURE_PER_CONSUMER_UNIT,US dollars per consumer unit per year,195.0,195.36557155456566,0.3655715545656619,0.18747259208495484,0.2564102564102564,PERCENTAGE_DIFFERENCE,,13.570037262527245,6.95,579,PASS,
290210,Sofas,HOUSEHOLD_FURNISHINGS_OPERATIONS,Housing,LARGE,Q1,MEAN_ANNUAL_EXPENDITURE_PER_CONSUMER_UNIT,US dollars per consumer unit per year,95.0,88.23008971699801,-6.769910283001991,-7.126221350528412,0.5263157894736842,PERCENTAGE_DIFFERENCE,,13.28532749012116,15.14,84,PASS,
290210,Sofas,HOUSEHOLD_FURNISHINGS_OPERATIONS,Housing,LARGE,Q2,MEAN_ANNUAL_EXPENDITURE_PER_CONSUMER_UNIT,US dollars per consumer unit per year,125.0,126.1111557311747,1.111155731174705,0.8889245849397639,0.4,PERCENTAGE_DIFFERENCE,,23.368963684740372,18.65,106,PASS,
290210,Sofas,HOUSEHOLD_FURNISHINGS_OPERATIONS,Housing,LARGE,Q3,MEAN_ANNUAL_EXPENDITURE_PER_CONSUMER_UNIT,US dollars per consumer unit per year,116.0,117.23208420357594,1.232084203575937,1.0621415548068422,0.43103448275862066,PERCENTAGE_DIFFERENCE,,15.054217823142125,12.82,111,PASS,
290210,Sofas,HOUSEHOLD_FURNISHINGS_OPERATIONS,Housing,LARGE,Q4,MEAN_ANNUAL_EXPENDITURE_PER_CONSUMER_UNIT,US dollars per consumer unit per year,224.0,223.43985384942562,-0.5601461505743828,-0.2500652457921352,0.22321428571428573,PERCENTAGE_DIFFERENCE,,29.77582239622892,12.68,109,PASS,
290210,Sofas,HOUSEHOLD_FURNISHINGS_OPERATIONS,Housing,LARGE,Q5,MEAN_ANNUAL_EXPENDITURE_PER_CONSUMER_UNIT,US dollars per consumer unit per year,415.0,416.36915718808336,1.3691571880833635,0.32991739471888276,0.12048192771084337,PERCENTAGE_DIFFERENCE,,54.70701019929582,13.59,169,PASS,
290310,Living room chairs,HOUSEHOLD_FURNISHINGS_OPERATIONS,Housing,MEDIUM,All Consumer Units,MEAN_ANNUAL_EXPENDITURE_PER_CONSUMER_UNIT,US dollars per consumer unit per year,59.0,58.75296630837722,-0.24703369162278221,-0.41870117224200376,0.847457627118644,PERCENTAGE_DIFFERENCE,,5.584465618139204,9.5,444,PASS,
290310,Living room chairs,HOUSEHOLD_FURNISHINGS_OPERATIONS,Housing,MEDIUM,Q1,MEAN_ANNUAL_EXPENDITURE_PER_CONSUMER_UNIT,US dollars per consumer unit per year,34.0,33.09877587957068,-0.901224120429319,-2.6506591777332913,1.4705882352941178,PERCENTAGE_DIFFERENCE,,8.32476312271785,24.54,61,PASS,
290310,Living room chairs,HOUSEHOLD_FURNISHINGS_OPERATIONS,Housing,MEDIUM,Q2,MEAN_ANNUAL_EXPENDITURE_PER_CONSUMER_UNIT,US dollars per consumer unit per year,42.0,41.94740065510833,-0.052599344891667954,-0.12523653545635227,1.1904761904761905,PERCENTAGE_DIFFERENCE,,8.687977469289141,20.22,70,PASS,
290310,Living room chairs,HOUSEHOLD_FURNISHINGS_OPERATIONS,Housing,MEDIUM,Q3,MEAN_ANNUAL_EXPENDITURE_PER_CONSUMER_UNIT,US dollars per consumer unit per year,53.0,53.34941049729992,0.349410497299921,0.659265089245134,0.9433962264150944,PERCENTAGE_DIFFERENCE,,11.74142448971636,21.92,91,PASS,
290310,Living room chairs,HOUSEHOLD_FURNISHINGS_OPERATIONS,Housing,MEDIUM,Q4,MEAN_ANNUAL_EXPENDITURE_PER_CONSUMER_UNIT,US dollars per consumer unit per year,55.0,57.896656532952285,2.896656532952285,5.266648241731427,0.9090909090909091,PERCENTAGE_DIFFERENCE,,11.825717833890634,20.54,91,PASS,
290310,Living room chairs,HOUSEHOLD_FURNISHINGS_OPERATIONS,Housing,MEDIUM,Q5,MEAN_ANNUAL_EXPENDITURE_PER_CONSUMER_UNIT,US dollars per consumer unit per year,109.0,106.51330793002313,-2.4866920699768684,-2.2813688715384113,0.45871559633027525,PERCENTAGE_DIFFERENCE,,16.789688198528747,15.4,131,PASS,
290320,Living room tables,HOUSEHOLD_FURNISHINGS_OPERATIONS,Housing,MEDIUM,All Consumer Units,MEAN_ANNUAL_EXPENDITURE_PER_CONSUMER_UNIT,US dollars per consumer unit per year,18.0,17.58209059479252,-0.41790940520748165,-2.3217189178193425,2.7777777777777777,PERCENTAGE_DIFFERENCE,,1.9527068332761843,11.11,306,PASS,
290320,Living room tables,HOUSEHOLD_FURNISHINGS_OPERATIONS,Housing,MEDIUM,Q1,MEAN_ANNUAL_EXPENDITURE_PER_CONSUMER_UNIT,US dollars per consumer unit per year,11.0,10.858468237540203,-0.14153176245979715,-1.286652385998156,4.545454545454546,PERCENTAGE_DIFFERENCE,,2.3397171339558223,21.53,54,PASS,
290320,Living room tables,HOUSEHOLD_FURNISHINGS_OPERATIONS,Housing,MEDIUM,Q2,MEAN_ANNUAL_EXPENDITURE_PER_CONSUMER_UNIT,US dollars per consumer unit per year,14.0,12.819144406844746,-1.180855593155254,-8.434682808251814,3.5714285714285716,PERCENTAGE_DIFFERENCE,,3.9160687269571204,29.12,36,PASS,
290320,Living room tables,HOUSEHOLD_FURNISHINGS_OPERATIONS,Housing,MEDIUM,Q3,MEAN_ANNUAL_EXPENDITURE_PER_CONSUMER_UNIT,US dollars per consumer unit per year,13.0,12.696112875524447,-0.303887124475553,-2.3375932651965616,3.8461538461538463,PERCENTAGE_DIFFERENCE,,3.6936627250119036,28.86,57,PASS,
290320,Living room tables,HOUSEHOLD_FURNISHINGS_OPERATIONS,Housing,MEDIUM,Q4,MEAN_ANNUAL_EXPENDITURE_PER_CONSUMER_UNIT,US dollars per consumer unit per year,18.0,18.637269381852185,0.6372693818521853,3.5403854547343627,2.7777777777777777,PERCENTAGE_DIFFERENCE,,3.8095724297184224,20.6,69,PASS,
290320,Living room tables,HOUSEHOLD_FURNISHINGS_OPERATIONS,Housing,MEDIUM,Q5,MEAN_ANNUAL_EXPENDITURE_PER_CONSUMER_UNIT,US dollars per consumer unit per year,33.0,32.54149870085985,-0.4585012991401527,-1.389397876182281,1.5151515151515151,PERCENTAGE_DIFFERENCE,,5.8259468846894595,18.04,90,PASS,
290410,Kitchen and dining room furniture,HOUSEHOLD_FURNISHINGS_OPERATIONS,Housing,MEDIUM,All Consumer Units,MEAN_ANNUAL_EXPENDITURE_PER_CONSUMER_UNIT,US dollars per consumer unit per year,39.0,39.39924261994799,0.3992426199479908,1.0236990255076688,1.2820512820512822,PERCENTAGE_DIFFERENCE,,5.910182911629212,15.0,285,PASS,
290410,Kitchen and dining room furniture,HOUSEHOLD_FURNISHINGS_OPERATIONS,Housing,MEDIUM,Q1,MEAN_ANNUAL_EXPENDITURE_PER_CONSUMER_UNIT,US dollars per consumer unit per year,15.0,15.380106059201484,0.3801060592014842,2.5340403946765613,3.3333333333333335,PERCENTAGE_DIFFERENCE,,6.5874845947695855,42.47,37,PASS,
290410,Kitchen and dining room furniture,HOUSEHOLD_FURNISHINGS_OPERATIONS,Housing,MEDIUM,Q2,MEAN_ANNUAL_EXPENDITURE_PER_CONSUMER_UNIT,US dollars per consumer unit per year,9.0,9.425005531371982,0.4250055313719816,4.722283681910906,5.555555555555555,ABSOLUTE_DIFFERENCE,0.04250055313719816,2.3089708381849046,24.09,36,PASS,"published mean is below the small-value floor; judged on absolute difference because LB01 publishes the mean as a whole number, so rounding alone can move it by 5.6 percent"
290410,Kitchen and dining room furniture,HOUSEHOLD_FURNISHINGS_OPERATIONS,Housing,MEDIUM,Q3,MEAN_ANNUAL_EXPENDITURE_PER_CONSUMER_UNIT,US dollars per consumer unit per year,22.0,22.833948854695027,0.8339488546950271,3.7906766122501234,2.272727272727273,PERCENTAGE_DIFFERENCE,,5.506488990972336,24.22,49,PASS,
290410,Kitchen and dining room furniture,HOUSEHOLD_FURNISHINGS_OPERATIONS,Housing,MEDIUM,Q4,MEAN_ANNUAL_EXPENDITURE_PER_CONSUMER_UNIT,US dollars per consumer unit per year,57.0,60.123147231852684,3.123147231852684,5.47920566991699,0.8771929824561403,PERCENTAGE_DIFFERENCE,,21.4337561691486,36.79,69,PASS,
290410,Kitchen and dining room furniture,HOUSEHOLD_FURNISHINGS_OPERATIONS,Housing,MEDIUM,Q5,MEAN_ANNUAL_EXPENDITURE_PER_CONSUMER_UNIT,US dollars per consumer unit per year,92.0,88.03994637604912,-3.960053623950884,-4.304406112990091,0.5434782608695652,PERCENTAGE_DIFFERENCE,,19.483494992699995,21.51,94,PASS,
290420,Infants' furniture,HOUSEHOLD_FURNISHINGS_OPERATIONS,Housing,SMALL,All Consumer Units,MEAN_ANNUAL_EXPENDITURE_PER_CONSUMER_UNIT,US dollars per consumer unit per year,11.0,11.343610329120022,0.3436103291200219,3.1237302647274716,4.545454545454546,PERCENTAGE_DIFFERENCE,,1.754131687764421,15.46,187,PASS,
290420,Infants' furniture,HOUSEHOLD_FURNISHINGS_OPERATIONS,Housing,SMALL,Q1,MEAN_ANNUAL_EXPENDITURE_PER_CONSUMER_UNIT,US dollars per consumer unit per year,1.0,1.0928484927826319,0.09284849278263185,9.284849278263184,50.0,ABSOLUTE_DIFFERENCE,0.009284849278263185,0.49929971960259006,45.59,9,PASS,"published mean is below the small-value floor; judged on absolute difference because LB01 publishes the mean as a whole number, so rounding alone can move it by 50.0 percent"
290420,Infants' furniture,HOUSEHOLD_FURNISHINGS_OPERATIONS,Housing,SMALL,Q2,MEAN_ANNUAL_EXPENDITURE_PER_CONSUMER_UNIT,US dollars per consumer unit per year,8.0,7.767923647678177,-0.23207635232182344,-2.900954404022793,6.25,ABSOLUTE_DIFFERENCE,0.023207635232182344,3.545224131627029,45.64,21,PASS,"published mean is below the small-value floor; judged on absolute difference because LB01 publishes the mean as a whole number, so rounding alone can move it by 6.2 percent"
290420,Infants' furniture,HOUSEHOLD_FURNISHINGS_OPERATIONS,Housing,SMALL,Q3,MEAN_ANNUAL_EXPENDITURE_PER_CONSUMER_UNIT,US dollars per consumer unit per year,17.0,17.213148130835144,0.21314813083514395,1.2538125343243762,2.9411764705882355,PERCENTAGE_DIFFERENCE,,5.386745759735549,31.27,34,PASS,
290420,Infants' furniture,HOUSEHOLD_FURNISHINGS_OPERATIONS,Housing,SMALL,Q4,MEAN_ANNUAL_EXPENDITURE_PER_CONSUMER_UNIT,US dollars per consumer unit per year,10.0,12.712206083463723,2.712206083463723,27.12206083463723,5.0,PERCENTAGE_DIFFERENCE,,3.327728525447509,27.02,55,FAIL,
290420,Infants' furniture,HOUSEHOLD_FURNISHINGS_OPERATIONS,Housing,SMALL,Q5,MEAN_ANNUAL_EXPENDITURE_PER_CONSUMER_UNIT,US dollars per consumer unit per year,20.0,17.899546325805726,-2.1004536741942736,-10.502268370971368,2.5,PERCENTAGE_DIFFERENCE,,3.5356705963334663,17.23,68,FAIL,
290430,Outdoor furniture,HOUSEHOLD_FURNISHINGS_OPERATIONS,Housing,MEDIUM,All Consumer Units,MEAN_ANNUAL_EXPENDITURE_PER_CONSUMER_UNIT,US dollars per consumer unit per year,47.0,46.9112886033471,-0.08871139665289718,-0.18874765245297273,1.0638297872340425,PERCENTAGE_DIFFERENCE,,4.932367542633997,10.51,555,PASS,
290430,Outdoor furniture,HOUSEHOLD_FURNISHINGS_OPERATIONS,Housing,MEDIUM,Q1,MEAN_ANNUAL_EXPENDITURE_PER_CONSUMER_UNIT,US dollars per consumer unit per year,7.0,6.537367051661923,-0.46263294833807667,-6.60904211911538,7.142857142857143,ABSOLUTE_DIFFERENCE,0.046263294833807665,1.7074223876110637,26.12,58,PASS,"published mean is below the small-value floor; judged on absolute difference because LB01 publishes the mean as a whole number, so rounding alone can move it by 7.1 percent"
290430,Outdoor furniture,HOUSEHOLD_FURNISHINGS_OPERATIONS,Housing,MEDIUM,Q2,MEAN_ANNUAL_EXPENDITURE_PER_CONSUMER_UNIT,US dollars per consumer unit per year,14.0,14.08727025821374,0.08727025821374035,0.6233589872410025,3.5714285714285716,PERCENTAGE_DIFFERENCE,,3.2587139590346657,22.85,74,PASS,
290430,Outdoor furniture,HOUSEHOLD_FURNISHINGS_OPERATIONS,Housing,MEDIUM,Q3,MEAN_ANNUAL_EXPENDITURE_PER_CONSUMER_UNIT,US dollars per consumer unit per year,28.0,28.25626946138003,0.25626946138002893,0.9152480763572461,1.7857142857142858,PERCENTAGE_DIFFERENCE,,6.099664305273005,21.64,97,PASS,
290430,Outdoor furniture,HOUSEHOLD_FURNISHINGS_OPERATIONS,Housing,MEDIUM,Q4,MEAN_ANNUAL_EXPENDITURE_PER_CONSUMER_UNIT,US dollars per consumer unit per year,75.0,75.9191197642502,0.9191197642501976,1.2254930190002635,0.6666666666666666,PERCENTAGE_DIFFERENCE,,21.58225988957726,28.87,136,PASS,
290430,Outdoor furniture,HOUSEHOLD_FURNISHINGS_OPERATIONS,Housing,MEDIUM,Q5,MEAN_ANNUAL_EXPENDITURE_PER_CONSUMER_UNIT,US dollars per consumer unit per year,111.0,108.24825515563295,-2.751744844367053,-2.4790494093396873,0.45045045045045046,PERCENTAGE_DIFFERENCE,,14.356090883219617,12.64,190,PASS,
290440,"Wall units, cabinets, and other furniture",HOUSEHOLD_FURNISHINGS_OPERATIONS,Housing,MEDIUM,All Consumer Units,MEAN_ANNUAL_EXPENDITURE_PER_CONSUMER_UNIT,US dollars per consumer unit per year,46.0,45.85873525813905,-0.14126474186095095,-0.30709726491511075,1.0869565217391304,PERCENTAGE_DIFFERENCE,,6.228165817667961,13.58,532,PASS,
290440,"Wall units, cabinets, and other furniture",HOUSEHOLD_FURNISHINGS_OPERATIONS,Housing,MEDIUM,Q1,MEAN_ANNUAL_EXPENDITURE_PER_CONSUMER_UNIT,US dollars per consumer unit per year,20.0,20.30699050646043,0.3069905064604299,1.5349525323021496,2.5,PERCENTAGE_DIFFERENCE,,4.344590179424108,21.04,77,PASS,
290440,"Wall units, cabinets, and other furniture",HOUSEHOLD_FURNISHINGS_OPERATIONS,Housing,MEDIUM,Q2,MEAN_ANNUAL_EXPENDITURE_PER_CONSUMER_UNIT,US dollars per consumer unit per year,18.0,18.53641349431512,0.53641349431512,2.980074968417333,2.7777777777777777,PERCENTAGE_DIFFERENCE,,4.091237477309236,22.87,62,PASS,
290440,"Wall units, cabinets, and other furniture",HOUSEHOLD_FURNISHINGS_OPERATIONS,Housing,MEDIUM,Q3,MEAN_ANNUAL_EXPENDITURE_PER_CONSUMER_UNIT,US dollars per consumer unit per year,34.0,34.32530361644645,0.32530361644644756,0.9567753424895517,1.4705882352941178,PERCENTAGE_DIFFERENCE,,9.737375140338356,27.52,107,PASS,
290440,"Wall units, cabinets, and other furniture",HOUSEHOLD_FURNISHINGS_OPERATIONS,Housing,MEDIUM,Q4,MEAN_ANNUAL_EXPENDITURE_PER_CONSUMER_UNIT,US dollars per consumer unit per year,71.0,70.06448944721181,-0.9355105527881875,-1.3176204968847711,0.704225352112676,PERCENTAGE_DIFFERENCE,,15.992702376820159,22.71,141,PASS,
290440,"Wall units, cabinets, and other furniture",HOUSEHOLD_FURNISHINGS_OPERATIONS,Housing,MEDIUM,Q5,MEAN_ANNUAL_EXPENDITURE_PER_CONSUMER_UNIT,US dollars per consumer unit per year,86.0,85.10238641174288,-0.8976135882571157,-1.04373673053153,0.5813953488372093,PERCENTAGE_DIFFERENCE,,22.325388927012092,26.27,145,PASS,
300111,Refrigerators and freezers (renter),HOUSEHOLD_FURNISHINGS_OPERATIONS,Housing,SMALL,All Consumer Units,MEAN_ANNUAL_EXPENDITURE_PER_CONSUMER_UNIT,US dollars per consumer unit per year,12.0,11.570046691906063,-0.4299533080939373,-3.582944234116144,4.166666666666667,PERCENTAGE_DIFFERENCE,,2.3662004483177457,20.45,90,PASS,
300111,Refrigerators and freezers (renter),HOUSEHOLD_FURNISHINGS_OPERATIONS,Housing,SMALL,Q1,MEAN_ANNUAL_EXPENDITURE_PER_CONSUMER_UNIT,US dollars per consumer unit per year,13.0,13.290014854271952,0.29001485427195206,2.2308834943996314,3.8461538461538463,PERCENTAGE_DIFFERENCE,,6.340803538832684,47.77,21,PASS,
300111,Refrigerators and freezers (renter),HOUSEHOLD_FURNISHINGS_OPERATIONS,Housing,SMALL,Q2,MEAN_ANNUAL_EXPENDITURE_PER_CONSUMER_UNIT,US dollars per consumer unit per year,14.0,13.769973830077891,-0.2300261699221089,-1.6430440708722063,3.5714285714285716,PERCENTAGE_DIFFERENCE,,4.348950261713801,31.6,21,PASS,
300111,Refrigerators and freezers (renter),HOUSEHOLD_FURNISHINGS_OPERATIONS,Housing,SMALL,Q3,MEAN_ANNUAL_EXPENDITURE_PER_CONSUMER_UNIT,US dollars per consumer unit per year,12.0,11.659150425948702,-0.34084957405129757,-2.8404131170941462,4.166666666666667,PERCENTAGE_DIFFERENCE,,3.7486440082170605,32.14,18,PASS,
300111,Refrigerators and freezers (renter),HOUSEHOLD_FURNISHINGS_OPERATIONS,Housing,SMALL,Q4,MEAN_ANNUAL_EXPENDITURE_PER_CONSUMER_UNIT,US dollars per consumer unit per year,5.0,6.967439096818932,1.9674390968189321,39.34878193637864,10.0,ABSOLUTE_DIFFERENCE,0.1967439096818932,3.764826720560905,63.19,18,PASS,"published mean is below the small-value floor; judged on absolute difference because LB01 publishes the mean as a whole number, so rounding alone can move it by 10.0 percent"
300111,Refrigerators and freezers (renter),HOUSEHOLD_FURNISHINGS_OPERATIONS,Housing,SMALL,Q5,MEAN_ANNUAL_EXPENDITURE_PER_CONSUMER_UNIT,US dollars per consumer unit per year,14.0,12.165804688696278,-1.8341953113037217,-13.10139508074087,3.5714285714285716,PERCENTAGE_DIFFERENCE,,6.424735338349135,47.99,12,FAIL,
300112,Refrigerators and freezers (owned home),HOUSEHOLD_FURNISHINGS_OPERATIONS,Housing,LARGE,All Consumer Units,MEAN_ANNUAL_EXPENDITURE_PER_CONSUMER_UNIT,US dollars per consumer unit per year,105.0,99.85319694367614,-5.146803056323861,-4.9017171964989155,0.47619047619047616,PERCENTAGE_DIFFERENCE,,7.550277785488967,7.34,411,PASS,
300112,Refrigerators and freezers (owned home),HOUSEHOLD_FURNISHINGS_OPERATIONS,Housing,LARGE,Q1,MEAN_ANNUAL_EXPENDITURE_PER_CONSUMER_UNIT,US dollars per consumer unit per year,39.0,34.675934737015275,-4.324065262984725,-11.08734682816596,1.2820512820512822,PERCENTAGE_DIFFERENCE,,9.052915262270439,26.6,33,FAIL,
300112,Refrigerators and freezers (owned home),HOUSEHOLD_FURNISHINGS_OPERATIONS,Housing,LARGE,Q2,MEAN_ANNUAL_EXPENDITURE_PER_CONSUMER_UNIT,US dollars per consumer unit per year,53.0,52.33560911236662,-0.664390887633381,-1.2535677125158133,0.9433962264150944,PERCENTAGE_DIFFERENCE,,13.348274080677871,23.84,54,PASS,
300112,Refrigerators and freezers (owned home),HOUSEHOLD_FURNISHINGS_OPERATIONS,Housing,LARGE,Q3,MEAN_ANNUAL_EXPENDITURE_PER_CONSUMER_UNIT,US dollars per consumer unit per year,91.0,84.52876287592485,-6.471237124075145,-7.111249586895764,0.5494505494505495,PERCENTAGE_DIFFERENCE,,10.858652808276505,14.41,77,PASS,
300112,Refrigerators and freezers (owned home),HOUSEHOLD_FURNISHINGS_OPERATIONS,Housing,LARGE,Q4,MEAN_ANNUAL_EXPENDITURE_PER_CONSUMER_UNIT,US dollars per consumer unit per year,158.0,147.3939911648792,-10.606008835120804,-6.712663819696711,0.31645569620253167,PERCENTAGE_DIFFERENCE,,24.645784399132207,16.97,113,PASS,
300112,Refrigerators and freezers (owned home),HOUSEHOLD_FURNISHINGS_OPERATIONS,Housing,LARGE,Q5,MEAN_ANNUAL_EXPENDITURE_PER_CONSUMER_UNIT,US dollars per consumer unit per year,185.0,178.50260695553595,-6.497393044464047,-3.5121043483589447,0.2702702702702703,PERCENTAGE_DIFFERENCE,,22.089388990549214,12.46,134,PASS,
300216,Clothes washers or dryers (renter),HOUSEHOLD_FURNISHINGS_OPERATIONS,Housing,MEDIUM,All Consumer Units,MEAN_ANNUAL_EXPENDITURE_PER_CONSUMER_UNIT,US dollars per consumer unit per year,13.0,13.1014029769083,0.10140297690830025,0.7800228992946173,3.8461538461538463,PERCENTAGE_DIFFERENCE,,1.9047421959751123,14.54,97,PASS,
300216,Clothes washers or dryers (renter),HOUSEHOLD_FURNISHINGS_OPERATIONS,Housing,MEDIUM,Q1,MEAN_ANNUAL_EXPENDITURE_PER_CONSUMER_UNIT,US dollars per consumer unit per year,19.0,15.751259973327443,-3.2487400266725572,-17.098631719329248,2.6315789473684212,PERCENTAGE_DIFFERENCE,,4.924699849413117,31.94,28,FAIL,
300216,Clothes washers or dryers (renter),HOUSEHOLD_FURNISHINGS_OPERATIONS,Housing,MEDIUM,Q2,MEAN_ANNUAL_EXPENDITURE_PER_CONSUMER_UNIT,US dollars per consumer unit per year,9.0,12.297253181346012,3.2972531813460115,36.63614645940012,5.555555555555555,ABSOLUTE_DIFFERENCE,0.32972531813460115,5.012426242641577,33.7,17,FAIL,"published mean is below the small-value floor; judged on absolute difference because LB01 publishes the mean as a whole number, so rounding alone can move it by 5.6 percent"
300216,Clothes washers or dryers (renter),HOUSEHOLD_FURNISHINGS_OPERATIONS,Housing,MEDIUM,Q3,MEAN_ANNUAL_EXPENDITURE_PER_CONSUMER_UNIT,US dollars per consumer unit per year,24.0,24.179198053117247,0.179198053117247,0.7466585546551959,2.0833333333333335,PERCENTAGE_DIFFERENCE,,6.553269478741443,26.98,29,PASS,
300216,Clothes washers or dryers (renter),HOUSEHOLD_FURNISHINGS_OPERATIONS,Housing,MEDIUM,Q4,MEAN_ANNUAL_EXPENDITURE_PER_CONSUMER_UNIT,US dollars per consumer unit per year,10.0,9.890182941363964,-0.10981705863603608,-1.0981705863603608,5.0,PERCENTAGE_DIFFERENCE,,3.9619949772686933,40.88,17,PASS,
300216,Clothes washers or dryers (renter),HOUSEHOLD_FURNISHINGS_OPERATIONS,Housing,MEDIUM,Q5,MEAN_ANNUAL_EXPENDITURE_PER_CONSUMER_UNIT,US dollars per consumer unit per year,4.0,3.764606043803362,-0.23539395619663805,-5.884848904915952,12.5,ABSOLUTE_DIFFERENCE,0.023539395619663804,2.4978728557997227,63.48,6,PASS,"published mean is below the small-value floor; judged on absolute difference because LB01 publishes the mean as a whole number, so rounding alone can move it by 12.5 percent"
300217,Clothes washers or dryers (owned home),HOUSEHOLD_FURNISHINGS_OPERATIONS,Housing,LARGE,All Consumer Units,MEAN_ANNUAL_EXPENDITURE_PER_CONSUMER_UNIT,US dollars per consumer unit per year,86.0,83.1079088629565,-2.8920911370434936,-3.3628966709808066,0.5813953488372093,PERCENTAGE_DIFFERENCE,,7.973376770101166,9.37,418,PASS,
300217,Clothes washers or dryers (owned home),HOUSEHOLD_FURNISHINGS_OPERATIONS,Housing,LARGE,Q1,MEAN_ANNUAL_EXPENDITURE_PER_CONSUMER_UNIT,US dollars per consumer unit per year,32.0,28.770576677290464,-3.229423322709536,-10.0919478834673,1.5625,PERCENTAGE_DIFFERENCE,,7.811690007425956,26.78,34,FAIL,
300217,Clothes washers or dryers (owned home),HOUSEHOLD_FURNISHINGS_OPERATIONS,Housing,LARGE,Q2,MEAN_ANNUAL_EXPENDITURE_PER_CONSUMER_UNIT,US dollars per consumer unit per year,41.0,41.41459247171028,0.4145924717102787,1.0112011505128748,1.2195121951219512,PERCENTAGE_DIFFERENCE,,6.330190958138252,15.42,47,PASS,
300217,Clothes washers or dryers (owned home),HOUSEHOLD_FURNISHINGS_OPERATIONS,Housing,LARGE,Q3,MEAN_ANNUAL_EXPENDITURE_PER_CONSUMER_UNIT,US dollars per consumer unit per year,91.0,90.98159147600357,-0.01840852399642756,-0.020229147248821498,0.5494505494505495,PERCENTAGE_DIFFERENCE,,16.292914773673044,17.78,88,PASS,
300217,Clothes washers or dryers (owned home),HOUSEHOLD_FURNISHINGS_OPERATIONS,Housing,LARGE,Q4,MEAN_ANNUAL_EXPENDITURE_PER_CONSUMER_UNIT,US dollars per consumer unit per year,113.0,102.37879521884545,-10.621204781154546,-9.399296266508449,0.4424778761061947,PERCENTAGE_DIFFERENCE,,13.389638390694117,12.34,107,PASS,
300217,Clothes washers or dryers (owned home),HOUSEHOLD_FURNISHINGS_OPERATIONS,Housing,LARGE,Q5,MEAN_ANNUAL_EXPENDITURE_PER_CONSUMER_UNIT,US dollars per consumer unit per year,151.0,150.85016411614762,-0.14983588385237567,-0.09922906215389117,0.33112582781456956,PERCENTAGE_DIFFERENCE,,26.814883075541346,18.35,142,PASS,
300312,Cooking stoves and ovens (owned home),HOUSEHOLD_FURNISHINGS_OPERATIONS,Housing,MEDIUM,All Consumer Units,MEAN_ANNUAL_EXPENDITURE_PER_CONSUMER_UNIT,US dollars per consumer unit per year,60.0,56.72776809305659,-3.2722319069434107,-5.453719844905684,0.8333333333333334,PERCENTAGE_DIFFERENCE,,6.411288926486352,10.73,247,PASS,
300312,Cooking stoves and ovens (owned home),HOUSEHOLD_FURNISHINGS_OPERATIONS,Housing,MEDIUM,Q1,MEAN_ANNUAL_EXPENDITURE_PER_CONSUMER_UNIT,US dollars per consumer unit per year,25.0,21.7864759003623,-3.2135240996376986,-12.854096398550794,2.0,PERCENTAGE_DIFFERENCE,,5.382906853396172,25.74,33,FAIL,
300312,Cooking stoves and ovens (owned home),HOUSEHOLD_FURNISHINGS_OPERATIONS,Housing,MEDIUM,Q2,MEAN_ANNUAL_EXPENDITURE_PER_CONSUMER_UNIT,US dollars per consumer unit per year,35.0,32.80323055019242,-2.196769449807583,-6.27648414230738,1.4285714285714286,PERCENTAGE_DIFFERENCE,,8.931426312477013,25.89,34,PASS,
300312,Cooking stoves and ovens (owned home),HOUSEHOLD_FURNISHINGS_OPERATIONS,Housing,MEDIUM,Q3,MEAN_ANNUAL_EXPENDITURE_PER_CONSUMER_UNIT,US dollars per consumer unit per year,41.0,37.35795645060799,-3.6420435493920067,-8.883033047297578,1.2195121951219512,PERCENTAGE_DIFFERENCE,,7.536713381029961,18.44,47,PASS,
300312,Cooking stoves and ovens (owned home),HOUSEHOLD_FURNISHINGS_OPERATIONS,Housing,MEDIUM,Q4,MEAN_ANNUAL_EXPENDITURE_PER_CONSUMER_UNIT,US dollars per consumer unit per year,81.0,76.62006201356058,-4.3799379864394155,-5.407330847456069,0.6172839506172839,PERCENTAGE_DIFFERENCE,,15.80881219009436,18.95,56,PASS,
300312,Cooking stoves and ovens (owned home),HOUSEHOLD_FURNISHINGS_OPERATIONS,Housing,MEDIUM,Q5,MEAN_ANNUAL_EXPENDITURE_PER_CONSUMER_UNIT,US dollars per consumer unit per year,119.0,113.64532057093146,-5.35467942906854,-4.499730612662638,0.42016806722689076,PERCENTAGE_DIFFERENCE,,24.431430079219393,21.13,77,PASS,
300321,Microwave ovens (renter),HOUSEHOLD_FURNISHINGS_OPERATIONS,Housing,SMALL,All Consumer Units,MEAN_ANNUAL_EXPENDITURE_PER_CONSUMER_UNIT,US dollars per consumer unit per year,4.0,3.8065402018202814,-0.1934597981797186,-4.836494954492965,12.5,ABSOLUTE_DIFFERENCE,0.01934597981797186,0.6008074052429847,15.78,141,PASS,"published mean is below the small-value floor; judged on absolute difference because LB01 publishes the mean as a whole number, so rounding alone can move it by 12.5 percent"
300321,Microwave ovens (renter),HOUSEHOLD_FURNISHINGS_OPERATIONS,Housing,SMALL,Q1,MEAN_ANNUAL_EXPENDITURE_PER_CONSUMER_UNIT,US dollars per consumer unit per year,9.0,9.138599881499115,0.13859988149911473,1.539998683323497,5.555555555555555,ABSOLUTE_DIFFERENCE,0.013859988149911472,2.725264372368959,29.85,54,PASS,"published mean is below the small-value floor; judged on absolute difference because LB01 publishes the mean as a whole number, so rounding alone can move it by 5.6 percent"
300321,Microwave ovens (renter),HOUSEHOLD_FURNISHINGS_OPERATIONS,Housing,SMALL,Q2,MEAN_ANNUAL_EXPENDITURE_PER_CONSUMER_UNIT,US dollars per consumer unit per year,4.0,4.064851032064901,0.06485103206490095,1.6212758016225237,12.5,ABSOLUTE_DIFFERENCE,0.006485103206490095,0.8803727150172673,21.53,35,PASS,"published mean is below the small-value floor; judged on absolute difference because LB01 publishes the mean as a whole number, so rounding alone can move it by 12.5 percent"
300321,Microwave ovens (renter),HOUSEHOLD_FURNISHINGS_OPERATIONS,Housing,SMALL,Q3,MEAN_ANNUAL_EXPENDITURE_PER_CONSUMER_UNIT,US dollars per consumer unit per year,3.0,3.0615654500690033,0.06156545006900327,2.052181668966776,16.666666666666668,ABSOLUTE_DIFFERENCE,0.006156545006900327,0.5575591868289589,18.29,29,PASS,"published mean is below the small-value floor; judged on absolute difference because LB01 publishes the mean as a whole number, so rounding alone can move it by 16.7 percent"
300321,Microwave ovens (renter),HOUSEHOLD_FURNISHINGS_OPERATIONS,Housing,SMALL,Q4,MEAN_ANNUAL_EXPENDITURE_PER_CONSUMER_UNIT,US dollars per consumer unit per year,2.0,1.6454618044100837,-0.3545381955899163,-17.726909779495813,25.0,ABSOLUTE_DIFFERENCE,0.03545381955899163,0.4053220384201728,24.59,16,PASS,"published mean is below the small-value floor; judged on absolute difference because LB01 publishes the mean as a whole number, so rounding alone can move it by 25.0 percent"
300321,Microwave ovens (renter),HOUSEHOLD_FURNISHINGS_OPERATIONS,Housing,SMALL,Q5,MEAN_ANNUAL_EXPENDITURE_PER_CONSUMER_UNIT,US dollars per consumer unit per year,1.0,1.1730655803685557,0.17306558036855568,17.30655803685557,50.0,ABSOLUTE_DIFFERENCE,0.017306558036855567,0.7733579055406894,65.88,7,PASS,"published mean is below the small-value floor; judged on absolute difference because LB01 publishes the mean as a whole number, so rounding alone can move it by 50.0 percent"
300322,Microwave ovens (owned home),HOUSEHOLD_FURNISHINGS_OPERATIONS,Housing,MEDIUM,All Consumer Units,MEAN_ANNUAL_EXPENDITURE_PER_CONSUMER_UNIT,US dollars per consumer unit per year,17.0,16.151456676831913,-0.8485433231680872,-4.991431312753455,2.9411764705882355,PERCENTAGE_DIFFERENCE,,1.3500775120638615,8.14,296,PASS,
300322,Microwave ovens (owned home),HOUSEHOLD_FURNISHINGS_OPERATIONS,Housing,MEDIUM,Q1,MEAN_ANNUAL_EXPENDITURE_PER_CONSUMER_UNIT,US dollars per consumer unit per year,9.0,9.347673852745203,0.3476738527452028,3.863042808280031,5.555555555555555,ABSOLUTE_DIFFERENCE,0.03476738527452028,3.005585697831751,30.61,35,PASS,"published mean is below the small-value floor; judged on absolute difference because LB01 publishes the mean as a whole number, so rounding alone can move it by 5.6 percent"
300322,Microwave ovens (owned home),HOUSEHOLD_FURNISHINGS_OPERATIONS,Housing,MEDIUM,Q2,MEAN_ANNUAL_EXPENDITURE_PER_CONSUMER_UNIT,US dollars per consumer unit per year,11.0,9.689608904668956,-1.3103910953310436,-11.912646321191305,4.545454545454546,PERCENTAGE_DIFFERENCE,,1.8498544298970923,16.68,59,FAIL,
300322,Microwave ovens (owned home),HOUSEHOLD_FURNISHINGS_OPERATIONS,Housing,MEDIUM,Q3,MEAN_ANNUAL_EXPENDITURE_PER_CONSUMER_UNIT,US dollars per consumer unit per year,13.0,13.023528779812814,0.023528779812814093,0.1809906139447238,3.8461538461538463,PERCENTAGE_DIFFERENCE,,2.6910063734217746,21.51,49,PASS,
300322,Microwave ovens (owned home),HOUSEHOLD_FURNISHINGS_OPERATIONS,Housing,MEDIUM,Q4,MEAN_ANNUAL_EXPENDITURE_PER_CONSUMER_UNIT,US dollars per consumer unit per year,24.0,24.415181437821136,0.41518143782113626,1.7299226575880677,2.0833333333333335,PERCENTAGE_DIFFERENCE,,4.645328462148327,17.93,80,PASS,
300322,Microwave ovens (owned home),HOUSEHOLD_FURNISHINGS_OPERATIONS,Housing,MEDIUM,Q5,MEAN_ANNUAL_EXPENDITURE_PER_CONSUMER_UNIT,US dollars per consumer unit per year,27.0,24.063534697965906,-2.936465302034094,-10.875797414941088,1.8518518518518519,PERCENTAGE_DIFFERENCE,,3.905911381979463,14.01,73,FAIL,
300411,Window air conditioners (renter),HOUSEHOLD_FURNISHINGS_OPERATIONS,Housing,SMALL,All Consumer Units,MEAN_ANNUAL_EXPENDITURE_PER_CONSUMER_UNIT,US dollars per consumer unit per year,3.0,3.1129407885250515,0.11294078852505152,3.7646929508350504,16.666666666666668,ABSOLUTE_DIFFERENCE,0.011294078852505152,0.7072811727414706,22.72,37,PASS,"published mean is below the small-value floor; judged on absolute difference because LB01 publishes the mean as a whole number, so rounding alone can move it by 16.7 percent"
300411,Window air conditioners (renter),HOUSEHOLD_FURNISHINGS_OPERATIONS,Housing,SMALL,Q1,MEAN_ANNUAL_EXPENDITURE_PER_CONSUMER_UNIT,US dollars per consumer unit per year,3.0,2.5776547882096508,-0.42234521179034923,-14.078173726344973,16.666666666666668,ABSOLUTE_DIFFERENCE,0.04223452117903492,1.1126514161599463,43.02,7,PASS,"published mean is below the small-value floor; judged on absolute difference because LB01 publishes the mean as a whole number, so rounding alone can move it by 16.7 percent"
300411,Window air conditioners (renter),HOUSEHOLD_FURNISHINGS_OPERATIONS,Housing,SMALL,Q2,MEAN_ANNUAL_EXPENDITURE_PER_CONSUMER_UNIT,US dollars per consumer unit per year,4.0,4.245299871629447,0.245299871629447,6.132496790736175,12.5,ABSOLUTE_DIFFERENCE,0.0245299871629447,1.6241258190704428,38.34,13,PASS,"published mean is below the small-value floor; judged on absolute difference because LB01 publishes the mean as a whole number, so rounding alone can move it by 12.5 percent"
300411,Window air conditioners (renter),HOUSEHOLD_FURNISHINGS_OPERATIONS,Housing,SMALL,Q3,MEAN_ANNUAL_EXPENDITURE_PER_CONSUMER_UNIT,US dollars per consumer unit per year,4.0,4.039918407360249,0.039918407360248764,0.9979601840062191,12.5,ABSOLUTE_DIFFERENCE,0.0039918407360248764,1.9453632336316633,48.07,9,PASS,"published mean is below the small-value floor; judged on absolute difference because LB01 publishes the mean as a whole number, so rounding alone can move it by 12.5 percent"
300411,Window air conditioners (renter),HOUSEHOLD_FURNISHINGS_OPERATIONS,Housing,SMALL,Q4,MEAN_ANNUAL_EXPENDITURE_PER_CONSUMER_UNIT,US dollars per consumer unit per year,3.0,2.6027292349386872,-0.39727076506131276,-13.242358835377091,16.666666666666668,ABSOLUTE_DIFFERENCE,0.039727076506131276,0.6628377422857532,25.49,3,PASS,"published mean is below the small-value floor; judged on absolute difference because LB01 publishes the mean as a whole number, so rounding alone can move it by 16.7 percent"
300411,Window air conditioners (renter),HOUSEHOLD_FURNISHINGS_OPERATIONS,Housing,SMALL,Q5,MEAN_ANNUAL_EXPENDITURE_PER_CONSUMER_UNIT,US dollars per consumer unit per year,2.0,2.1303410966566365,0.1303410966566365,6.517054832831826,25.0,ABSOLUTE_DIFFERENCE,0.013034109665663651,1.1715320410300245,55.11,5,PASS,"published mean is below the small-value floor; judged on absolute difference because LB01 publishes the mean as a whole number, so rounding alone can move it by 25.0 percent"
300412,Window air conditioners (owned home),HOUSEHOLD_FURNISHINGS_OPERATIONS,Housing,SMALL,All Consumer Units,MEAN_ANNUAL_EXPENDITURE_PER_CONSUMER_UNIT,US dollars per consumer unit per year,5.0,5.078742683214022,0.07874268321402234,1.5748536642804467,10.0,ABSOLUTE_DIFFERENCE,0.007874268321402233,0.9312986206248456,18.34,81,PASS,"published mean is below the small-value floor; judged on absolute difference because LB01 publishes the mean as a whole number, so rounding alone can move it by 10.0 percent"
300412,Window air conditioners (owned home),HOUSEHOLD_FURNISHINGS_OPERATIONS,Housing,SMALL,Q1,MEAN_ANNUAL_EXPENDITURE_PER_CONSUMER_UNIT,US dollars per consumer unit per year,2.0,1.563251089270151,-0.436748910729849,-21.83744553649245,25.0,ABSOLUTE_DIFFERENCE,0.0436748910729849,0.7786096156946138,49.8,7,PASS,"published mean is below the small-value floor; judged on absolute difference because LB01 publishes the mean as a whole number, so rounding alone can move it by 25.0 percent"
300412,Window air conditioners (owned home),HOUSEHOLD_FURNISHINGS_OPERATIONS,Housing,SMALL,Q2,MEAN_ANNUAL_EXPENDITURE_PER_CONSUMER_UNIT,US dollars per consumer unit per year,6.0,5.769084496790949,-0.23091550320905085,-3.8485917201508477,8.333333333333334,ABSOLUTE_DIFFERENCE,0.023091550320905086,1.639713595432566,28.44,17,PASS,"published mean is below the small-value floor; judged on absolute difference because LB01 publishes the mean as a whole number, so rounding alone can move it by 8.3 percent"
300412,Window air conditioners (owned home),HOUSEHOLD_FURNISHINGS_OPERATIONS,Housing,SMALL,Q3,MEAN_ANNUAL_EXPENDITURE_PER_CONSUMER_UNIT,US dollars per consumer unit per year,4.0,3.808153119866414,-0.19184688013358597,-4.796172003339649,12.5,ABSOLUTE_DIFFERENCE,0.019184688013358597,1.8074758672855589,46.39,11,PASS,"published mean is below the small-value floor; judged on absolute difference because LB01 publishes the mean as a whole number, so rounding alone can move it by 12.5 percent"
300412,Window air conditioners (owned home),HOUSEHOLD_FURNISHINGS_OPERATIONS,Housing,SMALL,Q4,MEAN_ANNUAL_EXPENDITURE_PER_CONSUMER_UNIT,US dollars per consumer unit per year,7.0,7.122896671661777,0.12289667166177676,1.7556667380253823,7.142857142857143,ABSOLUTE_DIFFERENCE,0.012289667166177676,1.898933558591898,26.89,23,PASS,"published mean is below the small-value floor; judged on absolute difference because LB01 publishes the mean as a whole number, so rounding alone can move it by 7.1 percent"
300412,Window air conditioners (owned home),HOUSEHOLD_FURNISHINGS_OPERATIONS,Housing,SMALL,Q5,MEAN_ANNUAL_EXPENDITURE_PER_CONSUMER_UNIT,US dollars per consumer unit per year,7.0,7.058132501100331,0.058132501100330636,0.8304643014332947,7.142857142857143,ABSOLUTE_DIFFERENCE,0.005813250110033063,2.0232702735417196,28.62,23,PASS,"published mean is below the small-value floor; judged on absolute difference because LB01 publishes the mean as a whole number, so rounding alone can move it by 7.1 percent"
320111,"Floor coverings, nonpermanent",HOUSEHOLD_FURNISHINGS_OPERATIONS,Housing,MEDIUM,All Consumer Units,MEAN_ANNUAL_EXPENDITURE_PER_CONSUMER_UNIT,US dollars per consumer unit per year,30.0,30.237856185443963,0.23785618544396314,0.7928539514798771,1.6666666666666667,PERCENTAGE_DIFFERENCE,,3.1730206524287254,10.49,849,PASS,
320111,"Floor coverings, nonpermanent",HOUSEHOLD_FURNISHINGS_OPERATIONS,Housing,MEDIUM,Q1,MEAN_ANNUAL_EXPENDITURE_PER_CONSUMER_UNIT,US dollars per consumer unit per year,6.0,6.205692180558098,0.20569218055809824,3.428203009301637,8.333333333333334,ABSOLUTE_DIFFERENCE,0.020569218055809822,1.1707441773476346,19.31,104,PASS,"published mean is below the small-value floor; judged on absolute difference because LB01 publishes the mean as a whole number, so rounding alone can move it by 8.3 percent"
320111,"Floor coverings, nonpermanent",HOUSEHOLD_FURNISHINGS_OPERATIONS,Housing,MEDIUM,Q2,MEAN_ANNUAL_EXPENDITURE_PER_CONSUMER_UNIT,US dollars per consumer unit per year,12.0,11.02460703272904,-0.9753929672709596,-8.128274727257997,4.166666666666667,PERCENTAGE_DIFFERENCE,,2.1878933750004914,19.69,116,PASS,
320111,"Floor coverings, nonpermanent",HOUSEHOLD_FURNISHINGS_OPERATIONS,Housing,MEDIUM,Q3,MEAN_ANNUAL_EXPENDITURE_PER_CONSUMER_UNIT,US dollars per consumer unit per year,22.0,22.170232261109387,0.17023226110938694,0.773783005042668,2.272727272727273,PERCENTAGE_DIFFERENCE,,4.561526346332327,20.61,166,PASS,
320111,"Floor coverings, nonpermanent",HOUSEHOLD_FURNISHINGS_OPERATIONS,Housing,MEDIUM,Q4,MEAN_ANNUAL_EXPENDITURE_PER_CONSUMER_UNIT,US dollars per consumer unit per year,38.0,35.36915618199396,-2.630843818006042,-6.923273205279058,1.3157894736842106,PERCENTAGE_DIFFERENCE,,7.6135234564556775,20.94,206,PASS,
320111,"Floor coverings, nonpermanent",HOUSEHOLD_FURNISHINGS_OPERATIONS,Housing,MEDIUM,Q5,MEAN_ANNUAL_EXPENDITURE_PER_CONSUMER_UNIT,US dollars per consumer unit per year,73.0,75.45206214030252,2.452062140302516,3.3589892332911178,0.684931506849315,PERCENTAGE_DIFFERENCE,,11.691661090583386,15.81,257,PASS,
320120,Window coverings,HOUSEHOLD_FURNISHINGS_OPERATIONS,Housing,MEDIUM,All Consumer Units,MEAN_ANNUAL_EXPENDITURE_PER_CONSUMER_UNIT,US dollars per consumer unit per year,25.0,25.451874344301753,0.45187434430175344,1.8074973772070138,2.0,PERCENTAGE_DIFFERENCE,,4.5884832086063785,18.03,270,PASS,
320120,Window coverings,HOUSEHOLD_FURNISHINGS_OPERATIONS,Housing,MEDIUM,Q1,MEAN_ANNUAL_EXPENDITURE_PER_CONSUMER_UNIT,US dollars per consumer unit per year,5.0,4.7364601346237345,-0.2635398653762655,-5.27079730752531,10.0,ABSOLUTE_DIFFERENCE,0.02635398653762655,2.953484902156731,63.43,24,PASS,"published mean is below the small-value floor; judged on absolute difference because LB01 publishes the mean as a whole number, so rounding alone can move it by 10.0 percent"
320120,Window coverings,HOUSEHOLD_FURNISHINGS_OPERATIONS,Housing,MEDIUM,Q2,MEAN_ANNUAL_EXPENDITURE_PER_CONSUMER_UNIT,US dollars per consumer unit per year,13.0,12.645490601730135,-0.3545093982698653,-2.726995371306656,3.8461538461538463,PERCENTAGE_DIFFERENCE,,4.220322909316679,31.77,43,PASS,
320120,Window coverings,HOUSEHOLD_FURNISHINGS_OPERATIONS,Housing,MEDIUM,Q3,MEAN_ANNUAL_EXPENDITURE_PER_CONSUMER_UNIT,US dollars per consumer unit per year,12.0,12.207524778357355,0.20752477835735483,1.729373152977957,4.166666666666667,PERCENTAGE_DIFFERENCE,,3.0558236413843685,25.17,39,PASS,
320120,Window coverings,HOUSEHOLD_FURNISHINGS_OPERATIONS,Housing,MEDIUM,Q4,MEAN_ANNUAL_EXPENDITURE_PER_CONSUMER_UNIT,US dollars per consumer unit per year,31.0,29.816015234410603,-1.183984765589397,-3.8193056954496676,1.6129032258064515,PERCENTAGE_DIFFERENCE,,10.438076772615894,34.91,71,PASS,
320120,Window coverings,HOUSEHOLD_FURNISHINGS_OPERATIONS,Housing,MEDIUM,Q5,MEAN_ANNUAL_EXPENDITURE_PER_CONSUMER_UNIT,US dollars per consumer unit per year,66.0,66.85854755595122,0.858547555951219,1.3008296302291198,0.7575757575757576,PERCENTAGE_DIFFERENCE,,17.676432416692606,27.07,93,PASS,
320232,Telephones and accessories,EDUCATION_COMMUNICATION,Housing,LARGE,All Consumer Units,MEAN_ANNUAL_EXPENDITURE_PER_CONSUMER_UNIT,US dollars per consumer unit per year,113.0,113.1187509586382,0.11875095863820206,0.10508934392761245,0.4424778761061947,PERCENTAGE_DIFFERENCE,,6.815876327518034,6.03,1475,PASS,
320232,Telephones and accessories,EDUCATION_COMMUNICATION,Housing,LARGE,Q1,MEAN_ANNUAL_EXPENDITURE_PER_CONSUMER_UNIT,US dollars per consumer unit per year,55.0,54.76895294407753,-0.23104705592246688,-0.4200855562226671,0.9090909090909091,PERCENTAGE_DIFFERENCE,,8.507264916909627,15.48,221,PASS,
320232,Telephones and accessories,EDUCATION_COMMUNICATION,Housing,LARGE,Q2,MEAN_ANNUAL_EXPENDITURE_PER_CONSUMER_UNIT,US dollars per consumer unit per year,58.0,53.2010402696376,-4.798959730362398,-8.274068500624825,0.8620689655172413,PERCENTAGE_DIFFERENCE,,8.81342367282157,16.92,202,PASS,
320232,Telephones and accessories,EDUCATION_COMMUNICATION,Housing,LARGE,Q3,MEAN_ANNUAL_EXPENDITURE_PER_CONSUMER_UNIT,US dollars per consumer unit per year,85.0,88.78878623707371,3.788786237073708,4.457395573027892,0.5882352941176471,PERCENTAGE_DIFFERENCE,,11.595230916087802,12.39,252,PASS,
320232,Telephones and accessories,EDUCATION_COMMUNICATION,Housing,LARGE,Q4,MEAN_ANNUAL_EXPENDITURE_PER_CONSUMER_UNIT,US dollars per consumer unit per year,167.0,163.68466082051648,-3.315339179483516,-1.9852330416068957,0.2994011976047904,PERCENTAGE_DIFFERENCE,,15.43972779050149,9.45,360,PASS,
320232,Telephones and accessories,EDUCATION_COMMUNICATION,Housing,LARGE,Q5,MEAN_ANNUAL_EXPENDITURE_PER_CONSUMER_UNIT,US dollars per consumer unit per year,199.0,202.99977357074812,3.9997735707481183,2.009936467712622,0.25125628140703515,PERCENTAGE_DIFFERENCE,,21.860450260194995,11.22,440,PASS,
320511,Electric floor cleaning equipment,HOUSEHOLD_FURNISHINGS_OPERATIONS,Housing,MEDIUM,All Consumer Units,MEAN_ANNUAL_EXPENDITURE_PER_CONSUMER_UNIT,US dollars per consumer unit per year,27.0,27.41489468411327,0.41489468411327124,1.536646978197301,1.8518518518518519,PERCENTAGE_DIFFERENCE,,1.9457111405593233,7.1,713,PASS,
320511,Electric floor cleaning equipment,HOUSEHOLD_FURNISHINGS_OPERATIONS,Housing,MEDIUM,Q1,MEAN_ANNUAL_EXPENDITURE_PER_CONSUMER_UNIT,US dollars per consumer unit per year,11.0,11.352866768284555,0.35286676828455477,3.2078797116777706,4.545454545454546,PERCENTAGE_DIFFERENCE,,2.7875794454935443,25.39,80,PASS,
320511,Electric floor cleaning equipment,HOUSEHOLD_FURNISHINGS_OPERATIONS,Housing,MEDIUM,Q2,MEAN_ANNUAL_EXPENDITURE_PER_CONSUMER_UNIT,US dollars per consumer unit per year,18.0,17.262355100798377,-0.7376448992016229,-4.098027217786794,2.7777777777777777,PERCENTAGE_DIFFERENCE,,3.1241622251670966,18.21,113,PASS,
320511,Electric floor cleaning equipment,HOUSEHOLD_FURNISHINGS_OPERATIONS,Housing,MEDIUM,Q3,MEAN_ANNUAL_EXPENDITURE_PER_CONSUMER_UNIT,US dollars per consumer unit per year,25.0,25.105323152865648,0.10532315286564753,0.4212926114625901,2.0,PERCENTAGE_DIFFERENCE,,3.323914651774353,13.04,146,PASS,
320511,Electric floor cleaning equipment,HOUSEHOLD_FURNISHINGS_OPERATIONS,Housing,MEDIUM,Q4,MEAN_ANNUAL_EXPENDITURE_PER_CONSUMER_UNIT,US dollars per consumer unit per year,30.0,30.19397277894118,0.19397277894118048,0.646575929803935,1.6666666666666667,PERCENTAGE_DIFFERENCE,,3.5796318489561747,9.24,162,PASS,
320511,Electric floor cleaning equipment,HOUSEHOLD_FURNISHINGS_OPERATIONS,Housing,MEDIUM,Q5,MEAN_ANNUAL_EXPENDITURE_PER_CONSUMER_UNIT,US dollars per consumer unit per year,54.0,52.65124555638066,-1.3487544436193417,-2.497693414109892,0.9259259259259259,PERCENTAGE_DIFFERENCE,,5.634217919287742,10.84,212,PASS,
320512,Sewing machines,RECREATION,Housing,SMALL,All Consumer Units,MEAN_ANNUAL_EXPENDITURE_PER_CONSUMER_UNIT,US dollars per consumer unit per year,5.0,4.940882219795708,-0.059117780204291925,-1.1823556040858385,10.0,ABSOLUTE_DIFFERENCE,0.0059117780204291925,1.670240930240036,33.8,50,PASS,"published mean is below the small-value floor; judged on absolute difference because LB01 publishes the mean as a whole number, so rounding alone can move it by 10.0 percent"
320512,Sewing machines,RECREATION,Housing,SMALL,Q1,MEAN_ANNUAL_EXPENDITURE_PER_CONSUMER_UNIT,US dollars per consumer unit per year,1.0,0.558010847254116,-0.441989152745884,-44.1989152745884,50.0,ABSOLUTE_DIFFERENCE,0.0441989152745884,0.19356746371029104,34.77,6,PASS,"published mean is below the small-value floor; judged on absolute difference because LB01 publishes the mean as a whole number, so rounding alone can move it by 50.0 percent"
320512,Sewing machines,RECREATION,Housing,SMALL,Q2,MEAN_ANNUAL_EXPENDITURE_PER_CONSUMER_UNIT,US dollars per consumer unit per year,2.0,2.0971020450014595,0.09710204500145947,4.8551022500729735,25.0,ABSOLUTE_DIFFERENCE,0.009710204500145947,1.2298496387806785,58.74,8,PASS,"published mean is below the small-value floor; judged on absolute difference because LB01 publishes the mean as a whole number, so rounding alone can move it by 25.0 percent"
320512,Sewing machines,RECREATION,Housing,SMALL,Q3,MEAN_ANNUAL_EXPENDITURE_PER_CONSUMER_UNIT,US dollars per consumer unit per year,4.0,4.537677476992686,0.5376774769926858,13.441936924817144,12.5,ABSOLUTE_DIFFERENCE,0.05376774769926858,3.396806526028782,74.92,13,PASS,"published mean is below the small-value floor; judged on absolute difference because LB01 publishes the mean as a whole number, so rounding alone can move it by 12.5 percent"
320512,Sewing machines,RECREATION,Housing,SMALL,Q4,MEAN_ANNUAL_EXPENDITURE_PER_CONSUMER_UNIT,US dollars per consumer unit per year,10.0,10.120848577828596,0.12084857782859615,1.2084857782859615,5.0,PERCENTAGE_DIFFERENCE,,6.876162763691074,67.87,8,PASS,
320512,Sewing machines,RECREATION,Housing,SMALL,Q5,MEAN_ANNUAL_EXPENDITURE_PER_CONSUMER_UNIT,US dollars per consumer unit per year,7.0,7.324215738668569,0.3242157386685687,4.631653409550981,7.142857142857143,ABSOLUTE_DIFFERENCE,0.032421573866856866,2.437340948008401,33.26,15,PASS,"published mean is below the small-value floor; judged on absolute difference because LB01 publishes the mean as a whole number, so rounding alone can move it by 7.1 percent"
320521,Small electric kitchen appliances,HOUSEHOLD_FURNISHINGS_OPERATIONS,Housing,MEDIUM,All Consumer Units,MEAN_ANNUAL_EXPENDITURE_PER_CONSUMER_UNIT,US dollars per consumer unit per year,44.0,44.11114419070425,0.11114419070425186,0.2526004334187542,1.1363636363636365,PERCENTAGE_DIFFERENCE,,1.8707000467107084,4.24,1896,PASS,
320521,Small electric kitchen appliances,HOUSEHOLD_FURNISHINGS_OPERATIONS,Housing,MEDIUM,Q1,MEAN_ANNUAL_EXPENDITURE_PER_CONSUMER_UNIT,US dollars per consumer unit per year,26.0,25.710085373623386,-0.28991462637661414,-1.1150562552946697,1.9230769230769231,PERCENTAGE_DIFFERENCE,,3.188683394594112,12.34,305,PASS,
320521,Small electric kitchen appliances,HOUSEHOLD_FURNISHINGS_OPERATIONS,Housing,MEDIUM,Q2,MEAN_ANNUAL_EXPENDITURE_PER_CONSUMER_UNIT,US dollars per consumer unit per year,27.0,26.111740644478093,-0.8882593555219067,-3.289849464895951,1.8518518518518519,PERCENTAGE_DIFFERENCE,,2.5283533478596945,9.37,353,PASS,
320521,Small electric kitchen appliances,HOUSEHOLD_FURNISHINGS_OPERATIONS,Housing,MEDIUM,Q3,MEAN_ANNUAL_EXPENDITURE_PER_CONSUMER_UNIT,US dollars per consumer unit per year,51.0,51.54416755912012,0.5441675591201189,1.0669952139610175,0.9803921568627451,PERCENTAGE_DIFFERENCE,,5.541014496116702,10.31,384,PASS,
320521,Small electric kitchen appliances,HOUSEHOLD_FURNISHINGS_OPERATIONS,Housing,MEDIUM,Q4,MEAN_ANNUAL_EXPENDITURE_PER_CONSUMER_UNIT,US dollars per consumer unit per year,43.0,41.36653141080893,-1.633468589191068,-3.7987641609094607,1.1627906976744187,PERCENTAGE_DIFFERENCE,,4.183635993634926,10.23,399,PASS,
320521,Small electric kitchen appliances,HOUSEHOLD_FURNISHINGS_OPERATIONS,Housing,MEDIUM,Q5,MEAN_ANNUAL_EXPENDITURE_PER_CONSUMER_UNIT,US dollars per consumer unit per year,74.0,75.40431947978806,1.4043194797880574,1.8977290267406182,0.6756756756756757,PERCENTAGE_DIFFERENCE,,6.336084395871609,9.01,455,PASS,
320522,Portable heating and cooling equipment,HOUSEHOLD_FURNISHINGS_OPERATIONS,Housing,SMALL,All Consumer Units,MEAN_ANNUAL_EXPENDITURE_PER_CONSUMER_UNIT,US dollars per consumer unit per year,12.0,11.778180995556564,-0.22181900444343583,-1.8484917036952986,4.166666666666667,PERCENTAGE_DIFFERENCE,,2.141402810839343,18.02,428,PASS,
320522,Portable heating and cooling equipment,HOUSEHOLD_FURNISHINGS_OPERATIONS,Housing,SMALL,Q1,MEAN_ANNUAL_EXPENDITURE_PER_CONSUMER_UNIT,US dollars per consumer unit per year,8.0,8.119155445331273,0.11915544533127331,1.4894430666409164,6.25,ABSOLUTE_DIFFERENCE,0.01191554453312733,1.8304184909468129,22.16,69,PASS,"published mean is below the small-value floor; judged on absolute difference because LB01 publishes the mean as a whole number, so rounding alone can move it by 6.2 percent"
320522,Portable heating and cooling equipment,HOUSEHOLD_FURNISHINGS_OPERATIONS,Housing,SMALL,Q2,MEAN_ANNUAL_EXPENDITURE_PER_CONSUMER_UNIT,US dollars per consumer unit per year,8.0,7.916276077184693,-0.08372392281530683,-1.0465490351913354,6.25,ABSOLUTE_DIFFERENCE,0.008372392281530684,1.4091288604383596,18.77,74,PASS,"published mean is below the small-value floor; judged on absolute difference because LB01 publishes the mean as a whole number, so rounding alone can move it by 6.2 percent"
320522,Portable heating and cooling equipment,HOUSEHOLD_FURNISHINGS_OPERATIONS,Housing,SMALL,Q3,MEAN_ANNUAL_EXPENDITURE_PER_CONSUMER_UNIT,US dollars per consumer unit per year,11.0,11.201239275757223,0.20123927575722256,1.829447961429296,4.545454545454546,PERCENTAGE_DIFFERENCE,,2.531160928282271,22.47,87,PASS,
320522,Portable heating and cooling equipment,HOUSEHOLD_FURNISHINGS_OPERATIONS,Housing,SMALL,Q4,MEAN_ANNUAL_EXPENDITURE_PER_CONSUMER_UNIT,US dollars per consumer unit per year,10.0,9.476409440756859,-0.5235905592431411,-5.235905592431411,5.0,PERCENTAGE_DIFFERENCE,,1.1261392046276026,12.97,86,PASS,
320522,Portable heating and cooling equipment,HOUSEHOLD_FURNISHINGS_OPERATIONS,Housing,SMALL,Q5,MEAN_ANNUAL_EXPENDITURE_PER_CONSUMER_UNIT,US dollars per consumer unit per year,22.0,21.9931069031632,-0.006893096836801504,-0.031332258349097745,2.272727272727273,PERCENTAGE_DIFFERENCE,,10.292053910903894,46.67,112,PASS,
320611,"Material for insulation, other maintenance, and repair",HOUSEHOLD_FURNISHINGS_OPERATIONS,Housing,SMALL,All Consumer Units,MEAN_ANNUAL_EXPENDITURE_PER_CONSUMER_UNIT,US dollars per consumer unit per year,10.0,9.940182282608905,-0.05981771739109476,-0.5981771739109476,5.0,PERCENTAGE_DIFFERENCE,,3.66140033995884,36.83,531,PASS,
320611,"Material for insulation, other maintenance, and repair",HOUSEHOLD_FURNISHINGS_OPERATIONS,Housing,SMALL,Q1,MEAN_ANNUAL_EXPENDITURE_PER_CONSUMER_UNIT,US dollars per consumer unit per year,5.0,5.121367762960143,0.12136776296014329,2.4273552592028658,10.0,ABSOLUTE_DIFFERENCE,0.01213677629601433,1.692285784263165,33.35,127,PASS,"published mean is below the small-value floor; judged on absolute difference because LB01 publishes the mean as a whole number, so rounding alone can move it by 10.0 percent"
320611,"Material for insulation, other maintenance, and repair",HOUSEHOLD_FURNISHINGS_OPERATIONS,Housing,SMALL,Q2,MEAN_ANNUAL_EXPENDITURE_PER_CONSUMER_UNIT,US dollars per consumer unit per year,5.0,4.624274585904143,-0.37572541409585725,-7.514508281917145,10.0,ABSOLUTE_DIFFERENCE,0.03757254140958573,1.4280265870370417,29.77,124,PASS,"published mean is below the small-value floor; judged on absolute difference because LB01 publishes the mean as a whole number, so rounding alone can move it by 10.0 percent"
320611,"Material for insulation, other maintenance, and repair",HOUSEHOLD_FURNISHINGS_OPERATIONS,Housing,SMALL,Q3,MEAN_ANNUAL_EXPENDITURE_PER_CONSUMER_UNIT,US dollars per consumer unit per year,16.0,15.999768906286144,-0.0002310937138556568,-0.001444335711597855,3.125,PERCENTAGE_DIFFERENCE,,11.09974888212827,69.42,97,PASS,
320611,"Material for insulation, other maintenance, and repair",HOUSEHOLD_FURNISHINGS_OPERATIONS,Housing,SMALL,Q4,MEAN_ANNUAL_EXPENDITURE_PER_CONSUMER_UNIT,US dollars per consumer unit per year,3.0,3.191675238947567,0.1916752389475671,6.389174631585571,16.666666666666668,ABSOLUTE_DIFFERENCE,0.019167523894756712,1.1515859973814384,36.05,90,PASS,"published mean is below the small-value floor; judged on absolute difference because LB01 publishes the mean as a whole number, so rounding alone can move it by 16.7 percent"
320611,"Material for insulation, other maintenance, and repair",HOUSEHOLD_FURNISHINGS_OPERATIONS,Housing,SMALL,Q5,MEAN_ANNUAL_EXPENDITURE_PER_CONSUMER_UNIT,US dollars per consumer unit per year,21.0,20.697917859284185,-0.3020821407158145,-1.4384863843610216,2.380952380952381,PERCENTAGE_DIFFERENCE,,14.538031572365588,70.21,93,PASS,
320612,"Material for insulation, other maintenance, and repair",HOUSEHOLD_FURNISHINGS_OPERATIONS,Housing,MEDIUM,All Consumer Units,MEAN_ANNUAL_EXPENDITURE_PER_CONSUMER_UNIT,US dollars per consumer unit per year,56.0,56.37800429223626,0.37800429223626253,0.6750076647076116,0.8928571428571429,PERCENTAGE_DIFFERENCE,,6.651321255329033,11.8,3217,PASS,
320612,"Material for insulation, other maintenance, and repair",HOUSEHOLD_FURNISHINGS_OPERATIONS,Housing,MEDIUM,Q1,MEAN_ANNUAL_EXPENDITURE_PER_CONSUMER_UNIT,US dollars per consumer unit per year,14.0,14.349655524413594,0.3496555244135937,2.497539460097098,3.5714285714285716,PERCENTAGE_DIFFERENCE,,3.067408534240954,21.21,260,PASS,
320612,"Material for insulation, other maintenance, and repair",HOUSEHOLD_FURNISHINGS_OPERATIONS,Housing,MEDIUM,Q2,MEAN_ANNUAL_EXPENDITURE_PER_CONSUMER_UNIT,US dollars per consumer unit per year,29.0,29.62381354821824,0.6238135482182408,2.151081200752554,1.7241379310344827,PERCENTAGE_DIFFERENCE,,6.612276894617967,22.41,483,PASS,
320612,"Material for insulation, other maintenance, and repair",HOUSEHOLD_FURNISHINGS_OPERATIONS,Housing,MEDIUM,Q3,MEAN_ANNUAL_EXPENDITURE_PER_CONSUMER_UNIT,US dollars per consumer unit per year,57.0,56.996001384785174,-0.003998615214825918,-0.007015114411975294,0.8771929824561403,PERCENTAGE_DIFFERENCE,,16.009502009762024,27.84,552,PASS,
320612,"Material for insulation, other maintenance, and repair",HOUSEHOLD_FURNISHINGS_OPERATIONS,Housing,MEDIUM,Q4,MEAN_ANNUAL_EXPENDITURE_PER_CONSUMER_UNIT,US dollars per consumer unit per year,66.0,64.59646587305679,-1.4035341269432138,-2.1265668590048694,0.7575757575757576,PERCENTAGE_DIFFERENCE,,13.248738843723498,20.13,816,PASS,
320612,"Material for insulation, other maintenance, and repair",HOUSEHOLD_FURNISHINGS_OPERATIONS,Housing,MEDIUM,Q5,MEAN_ANNUAL_EXPENDITURE_PER_CONSUMER_UNIT,US dollars per consumer unit per year,115.0,115.23460447650245,0.23460447650245442,0.20400389261082993,0.43478260869565216,PERCENTAGE_DIFFERENCE,,19.768249154046302,17.35,1106,PASS,
320624,"Flooring installation, repair, and replacement",HOUSEHOLD_FURNISHINGS_OPERATIONS,Housing,SMALL,All Consumer Units,MEAN_ANNUAL_EXPENDITURE_PER_CONSUMER_UNIT,US dollars per consumer unit per year,11.0,11.277830574180081,0.27783057418008106,2.5257324925461915,4.545454545454546,PERCENTAGE_DIFFERENCE,,7.417891605808225,65.77,497,PASS,
320624,"Flooring installation, repair, and replacement",HOUSEHOLD_FURNISHINGS_OPERATIONS,Housing,SMALL,Q1,MEAN_ANNUAL_EXPENDITURE_PER_CONSUMER_UNIT,US dollars per consumer unit per year,26.0,25.966871179450944,-0.03312882054905586,-0.12741854057329177,1.9230769230769231,PERCENTAGE_DIFFERENCE,,24.722936566225588,95.24,110,PASS,
320624,"Flooring installation, repair, and replacement",HOUSEHOLD_FURNISHINGS_OPERATIONS,Housing,SMALL,Q2,MEAN_ANNUAL_EXPENDITURE_PER_CONSUMER_UNIT,US dollars per consumer unit per year,2.0,1.8170258453110824,-0.18297415468891765,-9.148707734445882,25.0,ABSOLUTE_DIFFERENCE,0.018297415468891763,1.3159242308651942,72.25,118,PASS,"published mean is below the small-value floor; judged on absolute difference because LB01 publishes the mean as a whole number, so rounding alone can move it by 25.0 percent"
320624,"Flooring installation, repair, and replacement",HOUSEHOLD_FURNISHINGS_OPERATIONS,Housing,SMALL,Q3,MEAN_ANNUAL_EXPENDITURE_PER_CONSUMER_UNIT,US dollars per consumer unit per year,8.0,8.17590277112112,0.17590277112111963,2.1987846390139953,6.25,ABSOLUTE_DIFFERENCE,0.017590277112111963,6.257031953485007,76.56,96,PASS,"published mean is below the small-value floor; judged on absolute difference because LB01 publishes the mean as a whole number, so rounding alone can move it by 6.2 percent"
320624,"Flooring installation, repair, and replacement",HOUSEHOLD_FURNISHINGS_OPERATIONS,Housing,SMALL,Q4,MEAN_ANNUAL_EXPENDITURE_PER_CONSUMER_UNIT,US dollars per consumer unit per year,19.0,18.58726731892896,-0.41273268107104144,-2.172277268794955,2.6315789473684212,PERCENTAGE_DIFFERENCE,,21.844976898640393,117.45,88,PASS,
320624,"Flooring installation, repair, and replacement",HOUSEHOLD_FURNISHINGS_OPERATIONS,Housing,SMALL,Q5,MEAN_ANNUAL_EXPENDITURE_PER_CONSUMER_UNIT,US dollars per consumer unit per year,2.0,1.9874963173063207,-0.012503682693679297,-0.6251841346839648,25.0,ABSOLUTE_DIFFERENCE,0.0012503682693679296,1.6371017982693616,82.32,85,PASS,"published mean is below the small-value floor; judged on absolute difference because LB01 publishes the mean as a whole number, so rounding alone can move it by 25.0 percent"
320625,"Flooring installation, repair, and replacement",HOUSEHOLD_FURNISHINGS_OPERATIONS,Housing,LARGE,All Consumer Units,MEAN_ANNUAL_EXPENDITURE_PER_CONSUMER_UNIT,US dollars per consumer unit per year,129.0,129.09015689876847,0.09015689876846977,0.06988906881276727,0.3875968992248062,PERCENTAGE_DIFFERENCE,,21.853894339046953,16.93,3142,PASS,
320625,"Flooring installation, repair, and replacement",HOUSEHOLD_FURNISHINGS_OPERATIONS,Housing,LARGE,Q1,MEAN_ANNUAL_EXPENDITURE_PER_CONSUMER_UNIT,US dollars per consumer unit per year,31.0,31.438412666693036,0.43841266669303636,1.414234408687214,1.6129032258064515,PERCENTAGE_DIFFERENCE,,15.983140857956561,50.78,246,PASS,
320625,"Flooring installation, repair, and replacement",HOUSEHOLD_FURNISHINGS_OPERATIONS,Housing,LARGE,Q2,MEAN_ANNUAL_EXPENDITURE_PER_CONSUMER_UNIT,US dollars per consumer unit per year,89.0,88.63122784090622,-0.3687721590937798,-0.41435074055480875,0.5617977528089888,PERCENTAGE_DIFFERENCE,,21.456748897602413,24.34,490,PASS,
320625,"Flooring installation, repair, and replacement",HOUSEHOLD_FURNISHINGS_OPERATIONS,Housing,LARGE,Q3,MEAN_ANNUAL_EXPENDITURE_PER_CONSUMER_UNIT,US dollars per consumer unit per year,100.0,100.51986865857936,0.5198686585793553,0.5198686585793553,0.5,PERCENTAGE_DIFFERENCE,,32.29242600499373,32.02,560,PASS,
320625,"Flooring installation, repair, and replacement",HOUSEHOLD_FURNISHINGS_OPERATIONS,Housing,LARGE,Q4,MEAN_ANNUAL_EXPENDITURE_PER_CONSUMER_UNIT,US dollars per consumer unit per year,94.0,92.1480982451713,-1.8519017548287025,-1.9701082498177687,0.5319148936170213,PERCENTAGE_DIFFERENCE,,21.838908413500604,23.32,773,PASS,
320625,"Flooring installation, repair, and replacement",HOUSEHOLD_FURNISHINGS_OPERATIONS,Housing,LARGE,Q5,MEAN_ANNUAL_EXPENDITURE_PER_CONSUMER_UNIT,US dollars per consumer unit per year,331.0,328.64368743526404,-2.3563125647359584,-0.7118769077752141,0.1510574018126888,PERCENTAGE_DIFFERENCE,,101.5746494491319,31.22,1073,PASS,
320631,Material for landscape maintenance,HOUSEHOLD_FURNISHINGS_OPERATIONS,Housing,SMALL,All Consumer Units,MEAN_ANNUAL_EXPENDITURE_PER_CONSUMER_UNIT,US dollars per consumer unit per year,3.0,2.5707646612963386,-0.4292353387036614,-14.307844623455379,16.666666666666668,ABSOLUTE_DIFFERENCE,0.04292353387036614,0.5173693731396295,20.13,518,PASS,"published mean is below the small-value floor; judged on absolute difference because LB01 publishes the mean as a whole number, so rounding alone can move it by 16.7 percent"
320631,Material for landscape maintenance,HOUSEHOLD_FURNISHINGS_OPERATIONS,Housing,SMALL,Q1,MEAN_ANNUAL_EXPENDITURE_PER_CONSUMER_UNIT,US dollars per consumer unit per year,1.0,0.809588245108332,-0.19041175489166795,-19.041175489166797,50.0,ABSOLUTE_DIFFERENCE,0.019041175489166794,0.46699298499967956,57.64,113,PASS,"published mean is below the small-value floor; judged on absolute difference because LB01 publishes the mean as a whole number, so rounding alone can move it by 50.0 percent"
320631,Material for landscape maintenance,HOUSEHOLD_FURNISHINGS_OPERATIONS,Housing,SMALL,Q2,MEAN_ANNUAL_EXPENDITURE_PER_CONSUMER_UNIT,US dollars per consumer unit per year,1.0,0.5754064089972177,-0.42459359100278227,-42.45935910027823,50.0,ABSOLUTE_DIFFERENCE,0.042459359100278225,0.27333730329063277,47.52,120,PASS,"published mean is below the small-value floor; judged on absolute difference because LB01 publishes the mean as a whole number, so rounding alone can move it by 50.0 percent"
320631,Material for landscape maintenance,HOUSEHOLD_FURNISHINGS_OPERATIONS,Housing,SMALL,Q3,MEAN_ANNUAL_EXPENDITURE_PER_CONSUMER_UNIT,US dollars per consumer unit per year,5.0,4.560234437743641,-0.4397655622563592,-8.795311245127184,10.0,ABSOLUTE_DIFFERENCE,0.04397655622563592,2.055079565161579,45.07,102,PASS,"published mean is below the small-value floor; judged on absolute difference because LB01 publishes the mean as a whole number, so rounding alone can move it by 10.0 percent"
320631,Material for landscape maintenance,HOUSEHOLD_FURNISHINGS_OPERATIONS,Housing,SMALL,Q4,MEAN_ANNUAL_EXPENDITURE_PER_CONSUMER_UNIT,US dollars per consumer unit per year,4.0,4.069133891704407,0.06913389170440709,1.7283472926101773,12.5,ABSOLUTE_DIFFERENCE,0.006913389170440709,2.6949161389643086,67.21,92,PASS,"published mean is below the small-value floor; judged on absolute difference because LB01 publishes the mean as a whole number, so rounding alone can move it by 12.5 percent"
320631,Material for landscape maintenance,HOUSEHOLD_FURNISHINGS_OPERATIONS,Housing,SMALL,Q5,MEAN_ANNUAL_EXPENDITURE_PER_CONSUMER_UNIT,US dollars per consumer unit per year,3.0,2.865532967940332,-0.13446703205966815,-4.482234401988938,16.666666666666668,ABSOLUTE_DIFFERENCE,0.013446703205966814,1.5425873393873817,52.77,91,PASS,"published mean is below the small-value floor; judged on absolute difference because LB01 publishes the mean as a whole number, so rounding alone can move it by 16.7 percent"
320901,Office furniture for home use,HOUSEHOLD_FURNISHINGS_OPERATIONS,Housing,MEDIUM,All Consumer Units,MEAN_ANNUAL_EXPENDITURE_PER_CONSUMER_UNIT,US dollars per consumer unit per year,15.0,14.898043264614317,-0.1019567353856825,-0.6797115692378833,3.3333333333333335,PERCENTAGE_DIFFERENCE,,1.6934427053619188,11.37,326,PASS,
320901,Office furniture for home use,HOUSEHOLD_FURNISHINGS_OPERATIONS,Housing,MEDIUM,Q1,MEAN_ANNUAL_EXPENDITURE_PER_CONSUMER_UNIT,US dollars per consumer unit per year,4.0,4.2618450052762595,0.26184500527625953,6.546125131906488,12.5,ABSOLUTE_DIFFERENCE,0.026184500527625953,1.390930027701415,32.69,34,PASS,"published mean is below the small-value floor; judged on absolute difference because LB01 publishes the mean as a whole number, so rounding alone can move it by 12.5 percent"
320901,Office furniture for home use,HOUSEHOLD_FURNISHINGS_OPERATIONS,Housing,MEDIUM,Q2,MEAN_ANNUAL_EXPENDITURE_PER_CONSUMER_UNIT,US dollars per consumer unit per year,9.0,8.9076808579289,-0.09231914207109959,-1.0257682452344399,5.555555555555555,ABSOLUTE_DIFFERENCE,0.009231914207109958,2.6803450543292286,29.8,44,PASS,"published mean is below the small-value floor; judged on absolute difference because LB01 publishes the mean as a whole number, so rounding alone can move it by 5.6 percent"
320901,Office furniture for home use,HOUSEHOLD_FURNISHINGS_OPERATIONS,Housing,MEDIUM,Q3,MEAN_ANNUAL_EXPENDITURE_PER_CONSUMER_UNIT,US dollars per consumer unit per year,10.0,9.865875313786711,-0.13412468621328877,-1.3412468621328877,5.0,PERCENTAGE_DIFFERENCE,,1.8591188359423325,18.24,59,PASS,
320901,Office furniture for home use,HOUSEHOLD_FURNISHINGS_OPERATIONS,Housing,MEDIUM,Q4,MEAN_ANNUAL_EXPENDITURE_PER_CONSUMER_UNIT,US dollars per consumer unit per year,20.0,21.55276212413575,1.55276212413575,7.763810620678751,2.5,PERCENTAGE_DIFFERENCE,,6.087475488449077,28.89,78,PASS,
320901,Office furniture for home use,HOUSEHOLD_FURNISHINGS_OPERATIONS,Housing,MEDIUM,Q5,MEAN_ANNUAL_EXPENDITURE_PER_CONSUMER_UNIT,US dollars per consumer unit per year,31.0,29.52649024294131,-1.4735097570586895,-4.753257280834482,1.6129032258064515,PERCENTAGE_DIFFERENCE,,3.988424267111961,13.59,111,PASS,
320903,Indoor plants and fresh flowers,HOUSEHOLD_FURNISHINGS_OPERATIONS,Housing,LARGE,All Consumer Units,MEAN_ANNUAL_EXPENDITURE_PER_CONSUMER_UNIT,US dollars per consumer unit per year,83.0,83.18209130082637,0.1820913008263716,0.21938710942936338,0.6024096385542169,PERCENTAGE_DIFFERENCE,,3.879391685471027,4.66,5440,PASS,
320903,Indoor plants and fresh flowers,HOUSEHOLD_FURNISHINGS_OPERATIONS,Housing,LARGE,Q1,MEAN_ANNUAL_EXPENDITURE_PER_CONSUMER_UNIT,US dollars per consumer unit per year,31.0,30.632075391540265,-0.3679246084597345,-1.186853575676563,1.6129032258064515,PERCENTAGE_DIFFERENCE,,4.306865716185352,14.04,556,PASS,
320903,Indoor plants and fresh flowers,HOUSEHOLD_FURNISHINGS_OPERATIONS,Housing,LARGE,Q2,MEAN_ANNUAL_EXPENDITURE_PER_CONSUMER_UNIT,US dollars per consumer unit per year,56.0,50.32846827359616,-5.671531726403842,-10.127735225721144,0.8928571428571429,PERCENTAGE_DIFFERENCE,,4.462680126364834,11.63,824,FAIL,
320903,Indoor plants and fresh flowers,HOUSEHOLD_FURNISHINGS_OPERATIONS,Housing,LARGE,Q3,MEAN_ANNUAL_EXPENDITURE_PER_CONSUMER_UNIT,US dollars per consumer unit per year,67.0,74.13589189351033,7.135891893510333,10.650584915687066,0.746268656716418,PERCENTAGE_DIFFERENCE,,7.8192185473612215,9.31,1066,FAIL,
320903,Indoor plants and fresh flowers,HOUSEHOLD_FURNISHINGS_OPERATIONS,Housing,LARGE,Q4,MEAN_ANNUAL_EXPENDITURE_PER_CONSUMER_UNIT,US dollars per consumer unit per year,103.0,104.07983825739757,1.0798382573975687,1.0483866576675425,0.4854368932038835,PERCENTAGE_DIFFERENCE,,8.472340133585284,7.46,1203,PASS,
320903,Indoor plants and fresh flowers,HOUSEHOLD_FURNISHINGS_OPERATIONS,Housing,LARGE,Q5,MEAN_ANNUAL_EXPENDITURE_PER_CONSUMER_UNIT,US dollars per consumer unit per year,158.0,155.19873867604338,-2.8012613239566235,-1.7729502050358377,0.31645569620253167,PERCENTAGE_DIFFERENCE,,11.25490509047569,7.63,1791,PASS,
330511,Termite/pest control products,HOUSEHOLD_FURNISHINGS_OPERATIONS,Housing,MEDIUM,All Consumer Units,MEAN_ANNUAL_EXPENDITURE_PER_CONSUMER_UNIT,US dollars per consumer unit per year,17.0,17.102274333039446,0.10227433303944622,0.6016137237614484,2.9411764705882355,PERCENTAGE_DIFFERENCE,,0.9623142774029512,5.67,3876,PASS,
330511,Termite/pest control products,HOUSEHOLD_FURNISHINGS_OPERATIONS,Housing,MEDIUM,Q1,MEAN_ANNUAL_EXPENDITURE_PER_CONSUMER_UNIT,US dollars per consumer unit per year,8.0,8.08748907234777,0.08748907234777015,1.0936134043471268,6.25,ABSOLUTE_DIFFERENCE,0.008748907234777014,1.7588685143723501,21.59,305,PASS,"published mean is below the small-value floor; judged on absolute difference because LB01 publishes the mean as a whole number, so rounding alone can move it by 6.2 percent"
330511,Termite/pest control products,HOUSEHOLD_FURNISHINGS_OPERATIONS,Housing,MEDIUM,Q2,MEAN_ANNUAL_EXPENDITURE_PER_CONSUMER_UNIT,US dollars per consumer unit per year,11.0,11.119575011984558,0.11957501198455844,1.087045563495986,4.545454545454546,PERCENTAGE_DIFFERENCE,,1.8785855478779387,17.21,499,PASS,
330511,Termite/pest control products,HOUSEHOLD_FURNISHINGS_OPERATIONS,Housing,MEDIUM,Q3,MEAN_ANNUAL_EXPENDITURE_PER_CONSUMER_UNIT,US dollars per consumer unit per year,13.0,12.844219712331588,-0.1557802876684118,-1.198309905141629,3.8461538461538463,PERCENTAGE_DIFFERENCE,,1.0875519211999343,8.92,593,PASS,
330511,Termite/pest control products,HOUSEHOLD_FURNISHINGS_OPERATIONS,Housing,MEDIUM,Q4,MEAN_ANNUAL_EXPENDITURE_PER_CONSUMER_UNIT,US dollars per consumer unit per year,18.0,18.45891733032088,0.45891733032087956,2.5495407240048866,2.7777777777777777,PERCENTAGE_DIFFERENCE,,1.7491225612335572,8.77,886,PASS,
330511,Termite/pest control products,HOUSEHOLD_FURNISHINGS_OPERATIONS,Housing,MEDIUM,Q5,MEAN_ANNUAL_EXPENDITURE_PER_CONSUMER_UNIT,US dollars per consumer unit per year,35.0,34.60584098199575,-0.39415901800425246,-1.1261686228692926,1.4285714285714286,PERCENTAGE_DIFFERENCE,,1.6111080536411417,4.81,1593,PASS,
340310,Housekeeping services,HOUSEHOLD_FURNISHINGS_OPERATIONS,Housing,LARGE,All Consumer Units,MEAN_ANNUAL_EXPENDITURE_PER_CONSUMER_UNIT,US dollars per consumer unit per year,186.0,187.9349784995087,1.934978499508702,1.0403110212412376,0.26881720430107525,PERCENTAGE_DIFFERENCE,,10.536443058806881,5.45,3698,PASS,
340310,Housekeeping services,HOUSEHOLD_FURNISHINGS_OPERATIONS,Housing,LARGE,Q1,MEAN_ANNUAL_EXPENDITURE_PER_CONSUMER_UNIT,US dollars per consumer unit per year,44.0,43.97688286401751,-0.023117135982488435,-0.05253894541474644,1.1363636363636365,PERCENTAGE_DIFFERENCE,,7.073738791097115,15.99,292,PASS,
340310,Housekeeping services,HOUSEHOLD_FURNISHINGS_OPERATIONS,Housing,LARGE,Q2,MEAN_ANNUAL_EXPENDITURE_PER_CONSUMER_UNIT,US dollars per consumer unit per year,71.0,71.13906822249928,0.13906822249927586,0.19587073591447304,0.704225352112676,PERCENTAGE_DIFFERENCE,,8.584616398761487,12.57,452,PASS,
340310,Housekeeping services,HOUSEHOLD_FURNISHINGS_OPERATIONS,Housing,LARGE,Q3,MEAN_ANNUAL_EXPENDITURE_PER_CONSUMER_UNIT,US dollars per consumer unit per year,98.0,114.91634666670114,16.916346666701145,17.2615782313277,0.5102040816326531,PERCENTAGE_DIFFERENCE,,20.397076174739674,11.58,452,FAIL,
340310,Housekeeping services,HOUSEHOLD_FURNISHINGS_OPERATIONS,Housing,LARGE,Q4,MEAN_ANNUAL_EXPENDITURE_PER_CONSUMER_UNIT,US dollars per consumer unit per year,145.0,152.9016982222952,7.9016982222952095,5.449447049858765,0.3448275862068966,PERCENTAGE_DIFFERENCE,,16.386864042792123,10.27,683,PASS,
340310,Housekeeping services,HOUSEHOLD_FURNISHINGS_OPERATIONS,Housing,LARGE,Q5,MEAN_ANNUAL_EXPENDITURE_PER_CONSUMER_UNIT,US dollars per consumer unit per year,571.0,549.090327358267,-21.909672641732982,-3.837070515189664,0.08756567425569177,PERCENTAGE_DIFFERENCE,,37.263322442879826,6.91,1819,PASS,
340410,Gardening and lawn care service,HOUSEHOLD_FURNISHINGS_OPERATIONS,Housing,LARGE,All Consumer Units,MEAN_ANNUAL_EXPENDITURE_PER_CONSUMER_UNIT,US dollars per consumer unit per year,238.0,234.92105628563363,-3.0789437143663747,-1.2936738295657038,0.21008403361344538,PERCENTAGE_DIFFERENCE,,15.640133801302241,7.64,8098,PASS,
340410,Gardening and lawn care service,HOUSEHOLD_FURNISHINGS_OPERATIONS,Housing,LARGE,Q1,MEAN_ANNUAL_EXPENDITURE_PER_CONSUMER_UNIT,US dollars per consumer unit per year,101.0,103.29025706065562,2.2902570606556196,2.267581248173881,0.49504950495049505,PERCENTAGE_DIFFERENCE,,14.72012244931996,13.19,989,PASS,
340410,Gardening and lawn care service,HOUSEHOLD_FURNISHINGS_OPERATIONS,Housing,LARGE,Q2,MEAN_ANNUAL_EXPENDITURE_PER_CONSUMER_UNIT,US dollars per consumer unit per year,168.0,168.9437667115522,0.9437667115522004,0.5617658997334526,0.2976190476190476,PERCENTAGE_DIFFERENCE,,24.01095036476472,14.26,1361,PASS,
340410,Gardening and lawn care service,HOUSEHOLD_FURNISHINGS_OPERATIONS,Housing,LARGE,Q3,MEAN_ANNUAL_EXPENDITURE_PER_CONSUMER_UNIT,US dollars per consumer unit per year,169.0,168.97528472908957,-0.02471527091043413,-0.014624420657061614,0.2958579881656805,PERCENTAGE_DIFFERENCE,,14.132065674862663,9.73,1351,PASS,
340410,Gardening and lawn care service,HOUSEHOLD_FURNISHINGS_OPERATIONS,Housing,LARGE,Q4,MEAN_ANNUAL_EXPENDITURE_PER_CONSUMER_UNIT,US dollars per consumer unit per year,227.0,252.27708121706252,25.277081217062516,11.135278069190536,0.22026431718061673,PERCENTAGE_DIFFERENCE,,27.02329424908703,9.51,1617,FAIL,
340410,Gardening and lawn care service,HOUSEHOLD_FURNISHINGS_OPERATIONS,Housing,LARGE,Q5,MEAN_ANNUAL_EXPENDITURE_PER_CONSUMER_UNIT,US dollars per consumer unit per year,523.0,475.50509441984616,-47.49490558015384,-9.081243896778938,0.09560229445506692,PERCENTAGE_DIFFERENCE,,40.48619920193412,10.57,2780,PASS,
340421,Water softening services (owner),HOUSEHOLD_FURNISHINGS_OPERATIONS,Housing,SMALL,All Consumer Units,MEAN_ANNUAL_EXPENDITURE_PER_CONSUMER_UNIT,US dollars per consumer unit per year,4.0,4.190167821495177,0.1901678214951774,4.754195537379435,12.5,ABSOLUTE_DIFFERENCE,0.01901678214951774,0.5744647376877882,13.71,279,PASS,"published mean is below the small-value floor; judged on absolute difference because LB01 publishes the mean as a whole number, so rounding alone can move it by 12.5 percent"
340421,Water softening services (owner),HOUSEHOLD_FURNISHINGS_OPERATIONS,Housing,SMALL,Q1,MEAN_ANNUAL_EXPENDITURE_PER_CONSUMER_UNIT,US dollars per consumer unit per year,1.0,0.856680175289536,-0.143319824710464,-14.3319824710464,50.0,ABSOLUTE_DIFFERENCE,0.0143319824710464,0.2941788076716596,34.3,36,PASS,"published mean is below the small-value floor; judged on absolute difference because LB01 publishes the mean as a whole number, so rounding alone can move it by 50.0 percent"
340421,Water softening services (owner),HOUSEHOLD_FURNISHINGS_OPERATIONS,Housing,SMALL,Q2,MEAN_ANNUAL_EXPENDITURE_PER_CONSUMER_UNIT,US dollars per consumer unit per year,4.0,4.216842723817671,0.21684272381767133,5.421068095441783,12.5,ABSOLUTE_DIFFERENCE,0.021684272381767133,1.1111546995437247,27.19,61,PASS,"published mean is below the small-value floor; judged on absolute difference because LB01 publishes the mean as a whole number, so rounding alone can move it by 12.5 percent"
340421,Water softening services (owner),HOUSEHOLD_FURNISHINGS_OPERATIONS,Housing,SMALL,Q3,MEAN_ANNUAL_EXPENDITURE_PER_CONSUMER_UNIT,US dollars per consumer unit per year,4.0,3.581170879747142,-0.418829120252858,-10.470728006321451,12.5,ABSOLUTE_DIFFERENCE,0.0418829120252858,1.0400595450458616,29.51,57,PASS,"published mean is below the small-value floor; judged on absolute difference because LB01 publishes the mean as a whole number, so rounding alone can move it by 12.5 percent"
340421,Water softening services (owner),HOUSEHOLD_FURNISHINGS_OPERATIONS,Housing,SMALL,Q4,MEAN_ANNUAL_EXPENDITURE_PER_CONSUMER_UNIT,US dollars per consumer unit per year,7.0,6.7681930681885225,-0.2318069318114775,-3.3115275973068212,7.142857142857143,ABSOLUTE_DIFFERENCE,0.02318069318114775,1.8983858977936319,28.04,59,PASS,"published mean is below the small-value floor; judged on absolute difference because LB01 publishes the mean as a whole number, so rounding alone can move it by 7.1 percent"
340421,Water softening services (owner),HOUSEHOLD_FURNISHINGS_OPERATIONS,Housing,SMALL,Q5,MEAN_ANNUAL_EXPENDITURE_PER_CONSUMER_UNIT,US dollars per consumer unit per year,5.0,5.480028004637554,0.48002800463755424,9.600560092751085,10.0,ABSOLUTE_DIFFERENCE,0.04800280046375542,1.4355053435971186,26.27,66,PASS,"published mean is below the small-value floor; judged on absolute difference because LB01 publishes the mean as a whole number, so rounding alone can move it by 10.0 percent"
340510,"Moving, storage, and freight",HOUSEHOLD_FURNISHINGS_OPERATIONS,Housing,MEDIUM,All Consumer Units,MEAN_ANNUAL_EXPENDITURE_PER_CONSUMER_UNIT,US dollars per consumer unit per year,60.0,58.76129893337802,-1.238701066621978,-2.064501777703297,0.8333333333333334,PERCENTAGE_DIFFERENCE,,5.149984829756382,8.86,1121,PASS,
340510,"Moving, storage, and freight",HOUSEHOLD_FURNISHINGS_OPERATIONS,Housing,MEDIUM,Q1,MEAN_ANNUAL_EXPENDITURE_PER_CONSUMER_UNIT,US dollars per consumer unit per year,26.0,29.124610228502256,3.124610228502256,12.0177316480856,1.9230769230769231,PERCENTAGE_DIFFERENCE,,9.498291773129253,27.41,104,FAIL,
340510,"Moving, storage, and freight",HOUSEHOLD_FURNISHINGS_OPERATIONS,Housing,MEDIUM,Q2,MEAN_ANNUAL_EXPENDITURE_PER_CONSUMER_UNIT,US dollars per consumer unit per year,39.0,39.10214285964265,0.10214285964264747,0.2619047683144807,1.2820512820512822,PERCENTAGE_DIFFERENCE,,7.040639618763403,18.01,208,PASS,
340510,"Moving, storage, and freight",HOUSEHOLD_FURNISHINGS_OPERATIONS,Housing,MEDIUM,Q3,MEAN_ANNUAL_EXPENDITURE_PER_CONSUMER_UNIT,US dollars per consumer unit per year,53.0,53.06365329585573,0.06365329585572965,0.12010055821835783,0.9433962264150944,PERCENTAGE_DIFFERENCE,,10.55689223855546,19.37,202,PASS,
340510,"Moving, storage, and freight",HOUSEHOLD_FURNISHINGS_OPERATIONS,Housing,MEDIUM,Q4,MEAN_ANNUAL_EXPENDITURE_PER_CONSUMER_UNIT,US dollars per consumer unit per year,72.0,75.40181822942519,3.4018182294251886,4.724747540868318,0.6944444444444444,PERCENTAGE_DIFFERENCE,,18.554509464225852,24.38,235,PASS,
340510,"Moving, storage, and freight",HOUSEHOLD_FURNISHINGS_OPERATIONS,Housing,MEDIUM,Q5,MEAN_ANNUAL_EXPENDITURE_PER_CONSUMER_UNIT,US dollars per consumer unit per year,109.0,96.28243342552318,-12.71756657447682,-11.667492270162219,0.45871559633027525,PERCENTAGE_DIFFERENCE,,12.980326766745135,16.06,372,FAIL,
340630,"Reupholstering, furniture repair",HOUSEHOLD_FURNISHINGS_OPERATIONS,Housing,SMALL,All Consumer Units,MEAN_ANNUAL_EXPENDITURE_PER_CONSUMER_UNIT,US dollars per consumer unit per year,9.0,9.325223263776364,0.3252232637763637,3.6135918197373744,5.555555555555555,ABSOLUTE_DIFFERENCE,0.03252232637763637,3.271011705108728,35.08,83,PASS,"published mean is below the small-value floor; judged on absolute difference because LB01 publishes the mean as a whole number, so rounding alone can move it by 5.6 percent"
340630,"Reupholstering, furniture repair",HOUSEHOLD_FURNISHINGS_OPERATIONS,Housing,SMALL,Q1,MEAN_ANNUAL_EXPENDITURE_PER_CONSUMER_UNIT,US dollars per consumer unit per year,2.0,2.484921734711559,0.4849217347115591,24.246086735577954,25.0,ABSOLUTE_DIFFERENCE,0.048492173471155905,0.895970033509974,36.0,17,PASS,"published mean is below the small-value floor; judged on absolute difference because LB01 publishes the mean as a whole number, so rounding alone can move it by 25.0 percent"
340630,"Reupholstering, furniture repair",HOUSEHOLD_FURNISHINGS_OPERATIONS,Housing,SMALL,Q2,MEAN_ANNUAL_EXPENDITURE_PER_CONSUMER_UNIT,US dollars per consumer unit per year,7.0,6.40957935213499,-0.5904206478650096,-8.434580683785851,7.142857142857143,ABSOLUTE_DIFFERENCE,0.05904206478650096,4.653194353060432,69.44,12,PASS,"published mean is below the small-value floor; judged on absolute difference because LB01 publishes the mean as a whole number, so rounding alone can move it by 7.1 percent"
340630,"Reupholstering, furniture repair",HOUSEHOLD_FURNISHINGS_OPERATIONS,Housing,SMALL,Q3,MEAN_ANNUAL_EXPENDITURE_PER_CONSUMER_UNIT,US dollars per consumer unit per year,5.0,4.6886571155127745,-0.31134288448722547,-6.226857689744509,10.0,ABSOLUTE_DIFFERENCE,0.031134288448722548,1.0885262789635035,22.72,14,PASS,"published mean is below the small-value floor; judged on absolute difference because LB01 publishes the mean as a whole number, so rounding alone can move it by 10.0 percent"
340630,"Reupholstering, furniture repair",HOUSEHOLD_FURNISHINGS_OPERATIONS,Housing,SMALL,Q4,MEAN_ANNUAL_EXPENDITURE_PER_CONSUMER_UNIT,US dollars per consumer unit per year,4.0,3.7752776111741038,-0.22472238882589624,-5.618059720647405,12.5,ABSOLUTE_DIFFERENCE,0.022472238882589625,2.275146219149699,61.2,14,PASS,"published mean is below the small-value floor; judged on absolute difference because LB01 publishes the mean as a whole number, so rounding alone can move it by 12.5 percent"
340630,"Reupholstering, furniture repair",HOUSEHOLD_FURNISHINGS_OPERATIONS,Housing,SMALL,Q5,MEAN_ANNUAL_EXPENDITURE_PER_CONSUMER_UNIT,US dollars per consumer unit per year,29.0,28.846308075423067,-0.1536919245769326,-0.5299721537135607,1.7241379310344827,PERCENTAGE_DIFFERENCE,,15.249023668623883,53.75,26,PASS,
340901,"Repairs/rentals of lawn and garden equipment, hand or power tools, and other household equipment",HOUSEHOLD_FURNISHINGS_OPERATIONS,Housing,SMALL,All Consumer Units,MEAN_ANNUAL_EXPENDITURE_PER_CONSUMER_UNIT,US dollars per consumer unit per year,7.0,7.055248027243017,0.05524802724301736,0.7892575320431051,7.142857142857143,ABSOLUTE_DIFFERENCE,0.005524802724301736,0.9050738939196294,12.83,222,PASS,"published mean is below the small-value floor; judged on absolute difference because LB01 publishes the mean as a whole number, so rounding alone can move it by 7.1 percent"
340901,"Repairs/rentals of lawn and garden equipment, hand or power tools, and other household equipment",HOUSEHOLD_FURNISHINGS_OPERATIONS,Housing,SMALL,Q1,MEAN_ANNUAL_EXPENDITURE_PER_CONSUMER_UNIT,US dollars per consumer unit per year,3.0,2.9799449475909006,-0.02005505240909944,-0.6685017469699813,16.666666666666668,ABSOLUTE_DIFFERENCE,0.0020055052409099438,1.1493049579375418,38.55,23,PASS,"published mean is below the small-value floor; judged on absolute difference because LB01 publishes the mean as a whole number, so rounding alone can move it by 16.7 percent"
340901,"Repairs/rentals of lawn and garden equipment, hand or power tools, and other household equipment",HOUSEHOLD_FURNISHINGS_OPERATIONS,Housing,SMALL,Q2,MEAN_ANNUAL_EXPENDITURE_PER_CONSUMER_UNIT,US dollars per consumer unit per year,7.0,6.151750159861118,-0.848249840138882,-12.117854859126888,7.142857142857143,ABSOLUTE_DIFFERENCE,0.0848249840138882,1.6716172624923755,27.06,56,PASS,"published mean is below the small-value floor; judged on absolute difference because LB01 publishes the mean as a whole number, so rounding alone can move it by 7.1 percent"
340901,"Repairs/rentals of lawn and garden equipment, hand or power tools, and other household equipment",HOUSEHOLD_FURNISHINGS_OPERATIONS,Housing,SMALL,Q3,MEAN_ANNUAL_EXPENDITURE_PER_CONSUMER_UNIT,US dollars per consumer unit per year,7.0,7.14900164151327,0.14900164151327022,2.128594878761003,7.142857142857143,ABSOLUTE_DIFFERENCE,0.014900164151327023,1.889265419428482,26.39,57,PASS,"published mean is below the small-value floor; judged on absolute difference because LB01 publishes the mean as a whole number, so rounding alone can move it by 7.1 percent"
340901,"Repairs/rentals of lawn and garden equipment, hand or power tools, and other household equipment",HOUSEHOLD_FURNISHINGS_OPERATIONS,Housing,SMALL,Q4,MEAN_ANNUAL_EXPENDITURE_PER_CONSUMER_UNIT,US dollars per consumer unit per year,10.0,8.803797892539414,-1.1962021074605858,-11.962021074605858,5.0,PERCENTAGE_DIFFERENCE,,2.7932683017734385,30.87,34,FAIL,
340901,"Repairs/rentals of lawn and garden equipment, hand or power tools, and other household equipment",HOUSEHOLD_FURNISHINGS_OPERATIONS,Housing,SMALL,Q5,MEAN_ANNUAL_EXPENDITURE_PER_CONSUMER_UNIT,US dollars per consumer unit per year,9.0,10.127115580602212,1.1271155806022115,12.523506451135683,5.555555555555555,ABSOLUTE_DIFFERENCE,0.11271155806022115,2.39885004757218,22.2,52,PASS,"published mean is below the small-value floor; judged on absolute difference because LB01 publishes the mean as a whole number, so rounding alone can move it by 5.6 percent"
340903,Other home services,HOUSEHOLD_FURNISHINGS_OPERATIONS,Housing,MEDIUM,All Consumer Units,MEAN_ANNUAL_EXPENDITURE_PER_CONSUMER_UNIT,US dollars per consumer unit per year,26.0,25.844291076482957,-0.15570892351704302,-0.5988804750655501,1.9230769230769231,PERCENTAGE_DIFFERENCE,,3.1281968273838676,11.25,656,PASS,
340903,Other home services,HOUSEHOLD_FURNISHINGS_OPERATIONS,Housing,MEDIUM,Q1,MEAN_ANNUAL_EXPENDITURE_PER_CONSUMER_UNIT,US dollars per consumer unit per year,10.0,10.131735326588029,0.13173532658802856,1.3173532658802856,5.0,PERCENTAGE_DIFFERENCE,,3.281512302708326,32.28,49,PASS,
340903,Other home services,HOUSEHOLD_FURNISHINGS_OPERATIONS,Housing,MEDIUM,Q2,MEAN_ANNUAL_EXPENDITURE_PER_CONSUMER_UNIT,US dollars per consumer unit per year,19.0,16.780392683554258,-2.2196073164457424,-11.682143770767066,2.6315789473684212,PERCENTAGE_DIFFERENCE,,4.526221731215464,30.93,93,FAIL,
340903,Other home services,HOUSEHOLD_FURNISHINGS_OPERATIONS,Housing,MEDIUM,Q3,MEAN_ANNUAL_EXPENDITURE_PER_CONSUMER_UNIT,US dollars per consumer unit per year,22.0,25.12354375725892,3.1235437572589184,14.19792616935872,2.272727272727273,PERCENTAGE_DIFFERENCE,,7.399875911941616,24.63,97,FAIL,
340903,Other home services,HOUSEHOLD_FURNISHINGS_OPERATIONS,Housing,MEDIUM,Q4,MEAN_ANNUAL_EXPENDITURE_PER_CONSUMER_UNIT,US dollars per consumer unit per year,23.0,22.485558728860966,-0.5144412711390345,-2.2367011788653675,2.1739130434782608,PERCENTAGE_DIFFERENCE,,3.6640426994424957,17.69,143,PASS,
340903,Other home services,HOUSEHOLD_FURNISHINGS_OPERATIONS,Housing,MEDIUM,Q5,MEAN_ANNUAL_EXPENDITURE_PER_CONSUMER_UNIT,US dollars per consumer unit per year,54.0,54.17897208724537,0.17897208724536995,0.33142979119512955,0.9259259259259259,PERCENTAGE_DIFFERENCE,,8.46120068055183,12.77,274,PASS,
340904,Rental of furniture,HOUSEHOLD_FURNISHINGS_OPERATIONS,Housing,SMALL,All Consumer Units,MEAN_ANNUAL_EXPENDITURE_PER_CONSUMER_UNIT,US dollars per consumer unit per year,4.0,4.110498863585219,0.1104988635852191,2.7624715896304775,12.5,ABSOLUTE_DIFFERENCE,0.01104988635852191,1.0267181955409062,24.98,97,PASS,"published mean is below the small-value floor; judged on absolute difference because LB01 publishes the mean as a whole number, so rounding alone can move it by 12.5 percent"
340904,Rental of furniture,HOUSEHOLD_FURNISHINGS_OPERATIONS,Housing,SMALL,Q1,MEAN_ANNUAL_EXPENDITURE_PER_CONSUMER_UNIT,US dollars per consumer unit per year,9.0,9.125055059590212,0.12505505959021157,1.3895006621134618,5.555555555555555,ABSOLUTE_DIFFERENCE,0.012505505959021158,4.087343045230928,44.82,36,PASS,"published mean is below the small-value floor; judged on absolute difference because LB01 publishes the mean as a whole number, so rounding alone can move it by 5.6 percent"
340904,Rental of furniture,HOUSEHOLD_FURNISHINGS_OPERATIONS,Housing,SMALL,Q2,MEAN_ANNUAL_EXPENDITURE_PER_CONSUMER_UNIT,US dollars per consumer unit per year,3.0,2.6787185876348727,-0.3212814123651273,-10.70938041217091,16.666666666666668,ABSOLUTE_DIFFERENCE,0.03212814123651273,1.3205437750251228,45.89,24,PASS,"published mean is below the small-value floor; judged on absolute difference because LB01 publishes the mean as a whole number, so rounding alone can move it by 16.7 percent"
340904,Rental of furniture,HOUSEHOLD_FURNISHINGS_OPERATIONS,Housing,SMALL,Q3,MEAN_ANNUAL_EXPENDITURE_PER_CONSUMER_UNIT,US dollars per consumer unit per year,3.0,3.896735498320708,0.8967354983207079,29.89118327735693,16.666666666666668,ABSOLUTE_DIFFERENCE,0.08967354983207079,1.69389092412999,47.03,17,PASS,"published mean is below the small-value floor; judged on absolute difference because LB01 publishes the mean as a whole number, so rounding alone can move it by 16.7 percent"
340904,Rental of furniture,HOUSEHOLD_FURNISHINGS_OPERATIONS,Housing,SMALL,Q4,MEAN_ANNUAL_EXPENDITURE_PER_CONSUMER_UNIT,US dollars per consumer unit per year,1.0,1.137163148041726,0.1371631480417259,13.71631480417259,50.0,ABSOLUTE_DIFFERENCE,0.013716314804172592,0.9828726158718396,82.38,6,PASS,"published mean is below the small-value floor; judged on absolute difference because LB01 publishes the mean as a whole number, so rounding alone can move it by 50.0 percent"
340904,Rental of furniture,HOUSEHOLD_FURNISHINGS_OPERATIONS,Housing,SMALL,Q5,MEAN_ANNUAL_EXPENDITURE_PER_CONSUMER_UNIT,US dollars per consumer unit per year,4.0,3.7400424196871946,-0.25995758031280536,-6.498939507820134,12.5,ABSOLUTE_DIFFERENCE,0.025995758031280534,2.371272668175899,63.44,14,PASS,"published mean is below the small-value floor; judged on absolute difference because LB01 publishes the mean as a whole number, so rounding alone can move it by 12.5 percent"
340906,"Care for elderly, invalids, handicapped, etc.",MEDICAL_CARE,Housing,MEDIUM,All Consumer Units,MEAN_ANNUAL_EXPENDITURE_PER_CONSUMER_UNIT,US dollars per consumer unit per year,76.0,75.71154103073363,-0.2884589692663724,-0.37955127535049,0.6578947368421053,PERCENTAGE_DIFFERENCE,,25.134772718242747,33.2,184,PASS,
340906,"Care for elderly, invalids, handicapped, etc.",MEDICAL_CARE,Housing,MEDIUM,Q1,MEAN_ANNUAL_EXPENDITURE_PER_CONSUMER_UNIT,US dollars per consumer unit per year,138.0,138.71289763057572,0.7128976305757249,0.5165924859244383,0.36231884057971014,PERCENTAGE_DIFFERENCE,,92.6965061045241,66.72,26,PASS,
340906,"Care for elderly, invalids, handicapped, etc.",MEDICAL_CARE,Housing,MEDIUM,Q2,MEAN_ANNUAL_EXPENDITURE_PER_CONSUMER_UNIT,US dollars per consumer unit per year,42.0,36.51546967138911,-5.484530328610887,-13.058405544311638,1.1904761904761905,PERCENTAGE_DIFFERENCE,,17.44672250387933,43.18,50,FAIL,
340906,"Care for elderly, invalids, handicapped, etc.",MEDICAL_CARE,Housing,MEDIUM,Q3,MEAN_ANNUAL_EXPENDITURE_PER_CONSUMER_UNIT,US dollars per consumer unit per year,87.0,88.24818502884652,1.248185028846521,1.4346954354557713,0.5747126436781609,PERCENTAGE_DIFFERENCE,,60.94731409112834,69.14,28,PASS,
340906,"Care for elderly, invalids, handicapped, etc.",MEDICAL_CARE,Housing,MEDIUM,Q4,MEAN_ANNUAL_EXPENDITURE_PER_CONSUMER_UNIT,US dollars per consumer unit per year,27.0,33.38513278985192,6.385132789851923,23.64863996241453,1.8518518518518519,PERCENTAGE_DIFFERENCE,,18.632926771591002,63.72,23,FAIL,
340906,"Care for elderly, invalids, handicapped, etc.",MEDICAL_CARE,Housing,MEDIUM,Q5,MEAN_ANNUAL_EXPENDITURE_PER_CONSUMER_UNIT,US dollars per consumer unit per year,84.0,82.14302899237383,-1.8569710076261714,-2.2106797709835373,0.5952380952380952,PERCENTAGE_DIFFERENCE,,32.474579702717726,39.35,57,PASS,
340907,Appliance rentals,HOUSEHOLD_FURNISHINGS_OPERATIONS,Housing,SMALL,All Consumer Units,MEAN_ANNUAL_EXPENDITURE_PER_CONSUMER_UNIT,US dollars per consumer unit per year,2.0,1.7986051142562964,-0.20139488574370357,-10.069744287185179,25.0,ABSOLUTE_DIFFERENCE,0.020139488574370357,0.5902934599927515,32.82,140,PASS,"published mean is below the small-value floor; judged on absolute difference because LB01 publishes the mean as a whole number, so rounding alone can move it by 25.0 percent"
340907,Appliance rentals,HOUSEHOLD_FURNISHINGS_OPERATIONS,Housing,SMALL,Q1,MEAN_ANNUAL_EXPENDITURE_PER_CONSUMER_UNIT,US dollars per consumer unit per year,1.0,1.2422284035502233,0.24222840355022335,24.222840355022335,50.0,ABSOLUTE_DIFFERENCE,0.024222840355022333,0.5705926830548881,46.06,27,PASS,"published mean is below the small-value floor; judged on absolute difference because LB01 publishes the mean as a whole number, so rounding alone can move it by 50.0 percent"
340907,Appliance rentals,HOUSEHOLD_FURNISHINGS_OPERATIONS,Housing,SMALL,Q2,MEAN_ANNUAL_EXPENDITURE_PER_CONSUMER_UNIT,US dollars per consumer unit per year,2.0,2.154604151494533,0.15460415149453288,7.730207574726644,25.0,ABSOLUTE_DIFFERENCE,0.015460415149453288,1.3433412881217208,62.23,28,PASS,"published mean is below the small-value floor; judged on absolute difference because LB01 publishes the mean as a whole number, so rounding alone can move it by 25.0 percent"
340907,Appliance rentals,HOUSEHOLD_FURNISHINGS_OPERATIONS,Housing,SMALL,Q3,MEAN_ANNUAL_EXPENDITURE_PER_CONSUMER_UNIT,US dollars per consumer unit per year,1.0,1.2383805888271326,0.23838058882713264,23.838058882713263,50.0,ABSOLUTE_DIFFERENCE,0.023838058882713266,0.8624760236313307,69.74,24,PASS,"published mean is below the small-value floor; judged on absolute difference because LB01 publishes the mean as a whole number, so rounding alone can move it by 50.0 percent"
340907,Appliance rentals,HOUSEHOLD_FURNISHINGS_OPERATIONS,Housing,SMALL,Q4,MEAN_ANNUAL_EXPENDITURE_PER_CONSUMER_UNIT,US dollars per consumer unit per year,2.0,2.3712709651512265,0.3712709651512265,18.563548257561322,25.0,ABSOLUTE_DIFFERENCE,0.03712709651512265,1.5378441183500469,64.9,35,PASS,"published mean is below the small-value floor; judged on absolute difference because LB01 publishes the mean as a whole number, so rounding alone can move it by 25.0 percent"
340907,Appliance rentals,HOUSEHOLD_FURNISHINGS_OPERATIONS,Housing,SMALL,Q5,MEAN_ANNUAL_EXPENDITURE_PER_CONSUMER_UNIT,US dollars per consumer unit per year,2.0,1.9701383110127548,-0.029861688987245172,-1.4930844493622586,25.0,ABSOLUTE_DIFFERENCE,0.002986168898724517,1.024433023365973,52.06,26,PASS,"published mean is below the small-value floor; judged on absolute difference because LB01 publishes the mean as a whole number, so rounding alone can move it by 25.0 percent"
340911,Management and upkeep services for security,HOUSEHOLD_FURNISHINGS_OPERATIONS,Housing,MEDIUM,All Consumer Units,MEAN_ANNUAL_EXPENDITURE_PER_CONSUMER_UNIT,US dollars per consumer unit per year,13.0,12.837535904763504,-0.16246409523649596,-1.2497238095115075,3.8461538461538463,PERCENTAGE_DIFFERENCE,,1.930409376516426,15.04,217,PASS,
340911,Management and upkeep services for security,HOUSEHOLD_FURNISHINGS_OPERATIONS,Housing,MEDIUM,Q1,MEAN_ANNUAL_EXPENDITURE_PER_CONSUMER_UNIT,US dollars per consumer unit per year,9.0,8.58305688207192,-0.4169431179280796,-4.632701310311996,5.555555555555555,ABSOLUTE_DIFFERENCE,0.041694311792807956,3.059016848767334,35.35,30,PASS,"published mean is below the small-value floor; judged on absolute difference because LB01 publishes the mean as a whole number, so rounding alone can move it by 5.6 percent"
340911,Management and upkeep services for security,HOUSEHOLD_FURNISHINGS_OPERATIONS,Housing,MEDIUM,Q2,MEAN_ANNUAL_EXPENDITURE_PER_CONSUMER_UNIT,US dollars per consumer unit per year,13.0,13.13477718412729,0.13477718412728912,1.0367475702099163,3.8461538461538463,PERCENTAGE_DIFFERENCE,,4.031824636902203,30.54,40,PASS,
340911,Management and upkeep services for security,HOUSEHOLD_FURNISHINGS_OPERATIONS,Housing,MEDIUM,Q3,MEAN_ANNUAL_EXPENDITURE_PER_CONSUMER_UNIT,US dollars per consumer unit per year,13.0,13.343024312873922,0.3430243128739221,2.6386485605686314,3.8461538461538463,PERCENTAGE_DIFFERENCE,,4.279583894560672,33.34,46,PASS,
340911,Management and upkeep services for security,HOUSEHOLD_FURNISHINGS_OPERATIONS,Housing,MEDIUM,Q4,MEAN_ANNUAL_EXPENDITURE_PER_CONSUMER_UNIT,US dollars per consumer unit per year,9.0,8.898557018615106,-0.10144298138489383,-1.1271442376099314,5.555555555555555,ABSOLUTE_DIFFERENCE,0.010144298138489383,2.0531079749888717,23.61,42,PASS,"published mean is below the small-value floor; judged on absolute difference because LB01 publishes the mean as a whole number, so rounding alone can move it by 5.6 percent"
340911,Management and upkeep services for security,HOUSEHOLD_FURNISHINGS_OPERATIONS,Housing,MEDIUM,Q5,MEAN_ANNUAL_EXPENDITURE_PER_CONSUMER_UNIT,US dollars per consumer unit per year,21.0,20.108363508689823,-0.8916364913101766,-4.245888053857984,2.380952380952381,PERCENTAGE_DIFFERENCE,,4.945493718297975,24.04,59,PASS,
340914,Services for termite/pest control,HOUSEHOLD_FURNISHINGS_OPERATIONS,Housing,MEDIUM,All Consumer Units,MEAN_ANNUAL_EXPENDITURE_PER_CONSUMER_UNIT,US dollars per consumer unit per year,68.0,68.40909733215778,0.4090973321577849,0.6016137237614484,0.7352941176470589,PERCENTAGE_DIFFERENCE,,3.8492571096118047,5.67,3876,PASS,
340914,Services for termite/pest control,HOUSEHOLD_FURNISHINGS_OPERATIONS,Housing,MEDIUM,Q1,MEAN_ANNUAL_EXPENDITURE_PER_CONSUMER_UNIT,US dollars per consumer unit per year,32.0,32.34995628939108,0.3499562893910806,1.0936134043471268,1.5625,PERCENTAGE_DIFFERENCE,,7.035474057489401,21.59,305,PASS,
340914,Services for termite/pest control,HOUSEHOLD_FURNISHINGS_OPERATIONS,Housing,MEDIUM,Q2,MEAN_ANNUAL_EXPENDITURE_PER_CONSUMER_UNIT,US dollars per consumer unit per year,44.0,44.478300047938234,0.4783000479382338,1.087045563495986,1.1363636363636365,PERCENTAGE_DIFFERENCE,,7.514342191511755,17.21,499,PASS,
340914,Services for termite/pest control,HOUSEHOLD_FURNISHINGS_OPERATIONS,Housing,MEDIUM,Q3,MEAN_ANNUAL_EXPENDITURE_PER_CONSUMER_UNIT,US dollars per consumer unit per year,52.0,51.37687884932635,-0.6231211506736472,-1.198309905141629,0.9615384615384616,PERCENTAGE_DIFFERENCE,,4.350207684799737,8.92,593,PASS,
340914,Services for termite/pest control,HOUSEHOLD_FURNISHINGS_OPERATIONS,Housing,MEDIUM,Q4,MEAN_ANNUAL_EXPENDITURE_PER_CONSUMER_UNIT,US dollars per consumer unit per year,72.0,73.83566932128352,1.8356693212835182,2.5495407240048866,0.6944444444444444,PERCENTAGE_DIFFERENCE,,6.996490244934229,8.77,886,PASS,
340914,Services for termite/pest control,HOUSEHOLD_FURNISHINGS_OPERATIONS,Housing,MEDIUM,Q5,MEAN_ANNUAL_EXPENDITURE_PER_CONSUMER_UNIT,US dollars per consumer unit per year,140.0,138.423363927983,-1.5766360720170098,-1.1261686228692926,0.35714285714285715,PERCENTAGE_DIFFERENCE,,6.444432214564567,4.81,1593,PASS,
350110,Tenant's insurance,SHELTER,Housing,MEDIUM,All Consumer Units,MEAN_ANNUAL_EXPENDITURE_PER_CONSUMER_UNIT,US dollars per consumer unit per year,40.0,39.76242787115302,-0.23757212884697765,-0.5939303221174441,1.25,PERCENTAGE_DIFFERENCE,,2.285678366118328,5.75,2319,PASS,
350110,Tenant's insurance,SHELTER,Housing,MEDIUM,Q1,MEAN_ANNUAL_EXPENDITURE_PER_CONSUMER_UNIT,US dollars per consumer unit per year,30.0,30.552833998912188,0.5528339989121882,1.8427799963739606,1.6666666666666667,PERCENTAGE_DIFFERENCE,,4.0267406050045675,13.27,395,PASS,
350110,Tenant's insurance,SHELTER,Housing,MEDIUM,Q2,MEAN_ANNUAL_EXPENDITURE_PER_CONSUMER_UNIT,US dollars per consumer unit per year,47.0,46.725233788850616,-0.2747662111493838,-0.584608959892306,1.0638297872340425,PERCENTAGE_DIFFERENCE,,6.166141480054876,13.09,501,PASS,
350110,Tenant's insurance,SHELTER,Housing,MEDIUM,Q3,MEAN_ANNUAL_EXPENDITURE_PER_CONSUMER_UNIT,US dollars per consumer unit per year,48.0,48.61410868787777,0.6141086878777671,1.279393099745348,1.0416666666666667,PERCENTAGE_DIFFERENCE,,5.199964254713009,10.45,576,PASS,
350110,Tenant's insurance,SHELTER,Housing,MEDIUM,Q4,MEAN_ANNUAL_EXPENDITURE_PER_CONSUMER_UNIT,US dollars per consumer unit per year,45.0,45.1448524863159,0.14485248631589798,0.3218944140353288,1.1111111111111112,PERCENTAGE_DIFFERENCE,,6.100020133796305,13.53,508,PASS,
350110,Tenant's insurance,SHELTER,Housing,MEDIUM,Q5,MEAN_ANNUAL_EXPENDITURE_PER_CONSUMER_UNIT,US dollars per consumer unit per year,28.0,28.086273351314038,0.08627335131403768,0.3081191118358489,1.7857142857142858,PERCENTAGE_DIFFERENCE,,2.551852709059992,9.28,339,PASS,
450110,New cars,TRANSPORT_COMMODITIES_EX_MOTOR_FUEL,Transportation,LARGE,All Consumer Units,MEAN_ANNUAL_EXPENDITURE_PER_CONSUMER_UNIT,US dollars per consumer unit per year,670.0,669.6028331187648,-0.3971668812351936,-0.059278638990327405,0.07462686567164178,PERCENTAGE_DIFFERENCE,,96.77955299199405,14.45,84,PASS,
450110,New cars,TRANSPORT_COMMODITIES_EX_MOTOR_FUEL,Transportation,LARGE,Q1,MEAN_ANNUAL_EXPENDITURE_PER_CONSUMER_UNIT,US dollars per consumer unit per year,148.0,148.05927283358793,0.05927283358792579,0.04004921188373364,0.33783783783783783,PERCENTAGE_DIFFERENCE,,81.11826226601809,54.74,7,PASS,
450110,New cars,TRANSPORT_COMMODITIES_EX_MOTOR_FUEL,Transportation,LARGE,Q2,MEAN_ANNUAL_EXPENDITURE_PER_CONSUMER_UNIT,US dollars per consumer unit per year,305.0,304.68165965503067,-0.3183403449693287,-0.10437388359650122,0.16393442622950818,PERCENTAGE_DIFFERENCE,,130.07259629123357,42.68,8,PASS,
450110,New cars,TRANSPORT_COMMODITIES_EX_MOTOR_FUEL,Transportation,LARGE,Q3,MEAN_ANNUAL_EXPENDITURE_PER_CONSUMER_UNIT,US dollars per consumer unit per year,393.0,332.0886415822421,-60.911358417757924,-15.499073388742476,0.1272264631043257,PERCENTAGE_DIFFERENCE,,134.9762851015041,38.16,12,FAIL,
450110,New cars,TRANSPORT_COMMODITIES_EX_MOTOR_FUEL,Transportation,LARGE,Q4,MEAN_ANNUAL_EXPENDITURE_PER_CONSUMER_UNIT,US dollars per consumer unit per year,560.0,623.7070107155716,63.70701071557164,11.376251913494936,0.08928571428571429,PERCENTAGE_DIFFERENCE,,214.1346745133579,32.55,18,FAIL,
450110,New cars,TRANSPORT_COMMODITIES_EX_MOTOR_FUEL,Transportation,LARGE,Q5,MEAN_ANNUAL_EXPENDITURE_PER_CONSUMER_UNIT,US dollars per consumer unit per year,1936.0,1911.3225391975514,-24.67746080244865,-1.2746622315314384,0.025826446280991736,PERCENTAGE_DIFFERENCE,,392.528647955738,20.48,39,PASS,
450210,New trucks,TRANSPORT_COMMODITIES_EX_MOTOR_FUEL,Transportation,LARGE,All Consumer Units,MEAN_ANNUAL_EXPENDITURE_PER_CONSUMER_UNIT,US dollars per consumer unit per year,1800.0,1799.7245364301991,-0.27546356980087694,-0.015303531655604274,0.027777777777777776,PERCENTAGE_DIFFERENCE,,125.2894861354607,6.96,193,PASS,
450210,New trucks,TRANSPORT_COMMODITIES_EX_MOTOR_FUEL,Transportation,LARGE,Q1,MEAN_ANNUAL_EXPENDITURE_PER_CONSUMER_UNIT,US dollars per consumer unit per year,671.0,672.3934603103053,1.3934603103052723,0.2076691967668066,0.07451564828614009,PERCENTAGE_DIFFERENCE,,213.0190177873882,31.72,14,PASS,
450210,New trucks,TRANSPORT_COMMODITIES_EX_MOTOR_FUEL,Transportation,LARGE,Q2,MEAN_ANNUAL_EXPENDITURE_PER_CONSUMER_UNIT,US dollars per consumer unit per year,677.0,676.9012674998895,-0.0987325001104864,-0.014583825717944815,0.07385524372230429,PERCENTAGE_DIFFERENCE,,200.1378043827065,29.66,20,PASS,
450210,New trucks,TRANSPORT_COMMODITIES_EX_MOTOR_FUEL,Transportation,LARGE,Q3,MEAN_ANNUAL_EXPENDITURE_PER_CONSUMER_UNIT,US dollars per consumer unit per year,972.0,983.1589733664401,11.158973366440136,1.1480425274115367,0.051440329218107,PERCENTAGE_DIFFERENCE,,199.78301311283624,19.89,22,PASS,
450210,New trucks,TRANSPORT_COMMODITIES_EX_MOTOR_FUEL,Transportation,LARGE,Q4,MEAN_ANNUAL_EXPENDITURE_PER_CONSUMER_UNIT,US dollars per consumer unit per year,1773.0,1609.7430382247437,-163.2569617752563,-9.207950466737522,0.02820078962210942,PERCENTAGE_DIFFERENCE,,265.1113102716027,14.45,44,PASS,
450210,New trucks,TRANSPORT_COMMODITIES_EX_MOTOR_FUEL,Transportation,LARGE,Q5,MEAN_ANNUAL_EXPENDITURE_PER_CONSUMER_UNIT,US dollars per consumer unit per year,4888.0,4986.126702342053,98.12670234205325,2.00750209374086,0.010229132569558102,PERCENTAGE_DIFFERENCE,,517.5432859601901,10.25,93,PASS,
460901,Used trucks,TRANSPORT_COMMODITIES_EX_MOTOR_FUEL,Transportation,LARGE,All Consumer Units,MEAN_ANNUAL_EXPENDITURE_PER_CONSUMER_UNIT,US dollars per consumer unit per year,2108.0,2107.5266787538258,-0.4733212461742369,-0.022453569552857537,0.023719165085388995,PERCENTAGE_DIFFERENCE,,123.88413723043938,5.88,431,PASS,
460901,Used trucks,TRANSPORT_COMMODITIES_EX_MOTOR_FUEL,Transportation,LARGE,Q1,MEAN_ANNUAL_EXPENDITURE_PER_CONSUMER_UNIT,US dollars per consumer unit per year,620.0,624.4614718109245,4.461471810924536,0.7195922275684735,0.08064516129032258,PERCENTAGE_DIFFERENCE,,141.5890968624927,22.93,41,PASS,
460901,Used trucks,TRANSPORT_COMMODITIES_EX_MOTOR_FUEL,Transportation,LARGE,Q2,MEAN_ANNUAL_EXPENDITURE_PER_CONSUMER_UNIT,US dollars per consumer unit per year,1349.0,1345.4657480295339,-3.53425197046613,-0.2619905093006768,0.037064492216456635,PERCENTAGE_DIFFERENCE,,284.9347991684823,21.18,73,PASS,
460901,Used trucks,TRANSPORT_COMMODITIES_EX_MOTOR_FUEL,Transportation,LARGE,Q3,MEAN_ANNUAL_EXPENDITURE_PER_CONSUMER_UNIT,US dollars per consumer unit per year,2176.0,2199.882944482363,23.8829444823632,1.0975617868733087,0.02297794117647059,PERCENTAGE_DIFFERENCE,,309.43350394029665,14.03,88,PASS,
460901,Used trucks,TRANSPORT_COMMODITIES_EX_MOTOR_FUEL,Transportation,LARGE,Q4,MEAN_ANNUAL_EXPENDITURE_PER_CONSUMER_UNIT,US dollars per consumer unit per year,2655.0,2517.221883600923,-137.77811639907713,-5.189382915219478,0.018832391713747645,PERCENTAGE_DIFFERENCE,,353.1682858317584,13.43,100,PASS,
460901,Used trucks,TRANSPORT_COMMODITIES_EX_MOTOR_FUEL,Transportation,LARGE,Q5,MEAN_ANNUAL_EXPENDITURE_PER_CONSUMER_UNIT,US dollars per consumer unit per year,3730.0,3819.142135478312,89.14213547831196,2.389869583868953,0.013404825737265416,PERCENTAGE_DIFFERENCE,,454.79959650607327,12.4,129,PASS,
460902,Used motorcycles,TRANSPORT_COMMODITIES_EX_MOTOR_FUEL,Transportation,MEDIUM,All Consumer Units,MEAN_ANNUAL_EXPENDITURE_PER_CONSUMER_UNIT,US dollars per consumer unit per year,20.0,20.436833377434468,0.4368333774344677,2.1841668871723385,2.5,PERCENTAGE_DIFFERENCE,,10.780974168777432,52.75,15,PASS,
460902,Used motorcycles,TRANSPORT_COMMODITIES_EX_MOTOR_FUEL,Transportation,MEDIUM,Q1,MEAN_ANNUAL_EXPENDITURE_PER_CONSUMER_UNIT,US dollars per consumer unit per year,1.0,0.5313908627254765,-0.46860913727452347,-46.86091372745235,50.0,ABSOLUTE_DIFFERENCE,0.046860913727452345,0.5501163831717057,103.42,1,PASS,"published mean is below the small-value floor; judged on absolute difference because LB01 publishes the mean as a whole number, so rounding alone can move it by 50.0 percent"
460902,Used motorcycles,TRANSPORT_COMMODITIES_EX_MOTOR_FUEL,Transportation,MEDIUM,Q2,MEAN_ANNUAL_EXPENDITURE_PER_CONSUMER_UNIT,US dollars per consumer unit per year,1.0,1.058989646538896,0.058989646538895935,5.8989646538895935,50.0,ABSOLUTE_DIFFERENCE,0.005898964653889593,1.0461920932172846,98.74,1,PASS,"published mean is below the small-value floor; judged on absolute difference because LB01 publishes the mean as a whole number, so rounding alone can move it by 50.0 percent"
460902,Used motorcycles,TRANSPORT_COMMODITIES_EX_MOTOR_FUEL,Transportation,MEDIUM,Q3,MEAN_ANNUAL_EXPENDITURE_PER_CONSUMER_UNIT,US dollars per consumer unit per year,6.0,5.7378552477150055,-0.26214475228499445,-4.369079204749908,8.333333333333334,ABSOLUTE_DIFFERENCE,0.026214475228499446,4.0881719049216265,71.31,4,PASS,"published mean is below the small-value floor; judged on absolute difference because LB01 publishes the mean as a whole number, so rounding alone can move it by 8.3 percent"
460902,Used motorcycles,TRANSPORT_COMMODITIES_EX_MOTOR_FUEL,Transportation,MEDIUM,Q4,MEAN_ANNUAL_EXPENDITURE_PER_CONSUMER_UNIT,US dollars per consumer unit per year,68.0,67.92162964367222,-0.07837035632778111,-0.11525052401144281,0.7352941176470589,PERCENTAGE_DIFFERENCE,,49.976990824530816,73.48,4,PASS,
460902,Used motorcycles,TRANSPORT_COMMODITIES_EX_MOTOR_FUEL,Transportation,MEDIUM,Q5,MEAN_ANNUAL_EXPENDITURE_PER_CONSUMER_UNIT,US dollars per consumer unit per year,27.0,26.443463169401006,-0.5565368305989935,-2.061247520737013,1.8518518518518519,PERCENTAGE_DIFFERENCE,,19.440266155690352,73.6,5,PASS,
470111,Gasoline,MOTOR_FUEL,Transportation,LARGE,All Consumer Units,MEAN_ANNUAL_EXPENDITURE_PER_CONSUMER_UNIT,US dollars per consumer unit per year,2411.0,2410.7520129960767,-0.2479870039232992,-0.010285649270978813,0.02073828287017835,PERCENTAGE_DIFFERENCE,,34.353653983001244,1.43,49295,PASS,
470111,Gasoline,MOTOR_FUEL,Transportation,LARGE,Q1,MEAN_ANNUAL_EXPENDITURE_PER_CONSUMER_UNIT,US dollars per consumer unit per year,1177.0,1184.4533795497848,7.453379549784813,0.6332522981975203,0.04248088360237893,PERCENTAGE_DIFFERENCE,,43.56353460936579,3.69,7871,PASS,
470111,Gasoline,MOTOR_FUEL,Transportation,LARGE,Q2,MEAN_ANNUAL_EXPENDITURE_PER_CONSUMER_UNIT,US dollars per consumer unit per year,1893.0,1879.9728085962984,-13.027191403701636,-0.6881770419282428,0.02641310089804543,PERCENTAGE_DIFFERENCE,,54.38825650172915,2.81,10087,PASS,
470111,Gasoline,MOTOR_FUEL,Transportation,LARGE,Q3,MEAN_ANNUAL_EXPENDITURE_PER_CONSUMER_UNIT,US dollars per consumer unit per year,2442.0,2460.416350392453,18.41635039245284,0.7541503027212466,0.020475020475020474,PERCENTAGE_DIFFERENCE,,62.252623478764235,2.5,9920,PASS,
470111,Gasoline,MOTOR_FUEL,Transportation,LARGE,Q4,MEAN_ANNUAL_EXPENDITURE_PER_CONSUMER_UNIT,US dollars per consumer unit per year,3058.0,3046.8718359084837,-11.128164091516282,-0.36390333850609163,0.016350555918901243,PERCENTAGE_DIFFERENCE,,62.56503299936555,2.05,10353,PASS,
470111,Gasoline,MOTOR_FUEL,Transportation,LARGE,Q5,MEAN_ANNUAL_EXPENDITURE_PER_CONSUMER_UNIT,US dollars per consumer unit per year,3477.0,3461.027915473279,-15.972084526721119,-0.4593639495749531,0.014380212827149842,PERCENTAGE_DIFFERENCE,,72.67706563709709,2.12,11064,PASS,
470112,Diesel fuel,MOTOR_FUEL,Transportation,MEDIUM,All Consumer Units,MEAN_ANNUAL_EXPENDITURE_PER_CONSUMER_UNIT,US dollars per consumer unit per year,75.0,75.40637488578432,0.4063748857843166,0.5418331810457554,0.6666666666666666,PERCENTAGE_DIFFERENCE,,7.619403489885129,10.1,1754,PASS,
470112,Diesel fuel,MOTOR_FUEL,Transportation,MEDIUM,Q1,MEAN_ANNUAL_EXPENDITURE_PER_CONSUMER_UNIT,US dollars per consumer unit per year,35.0,34.36301824415121,-0.6369817558487867,-1.8199478738536763,1.4285714285714286,PERCENTAGE_DIFFERENCE,,10.297649915598361,29.47,159,PASS,
470112,Diesel fuel,MOTOR_FUEL,Transportation,MEDIUM,Q2,MEAN_ANNUAL_EXPENDITURE_PER_CONSUMER_UNIT,US dollars per consumer unit per year,32.0,31.82826019565923,-0.17173980434077052,-0.5366868885649079,1.5625,PERCENTAGE_DIFFERENCE,,6.838637739087698,21.0,237,PASS,
470112,Diesel fuel,MOTOR_FUEL,Transportation,MEDIUM,Q3,MEAN_ANNUAL_EXPENDITURE_PER_CONSUMER_UNIT,US dollars per consumer unit per year,67.0,65.04182264588634,-1.9581773541136585,-2.9226527673338185,0.746268656716418,PERCENTAGE_DIFFERENCE,,11.415460763219125,18.8,334,PASS,
470112,Diesel fuel,MOTOR_FUEL,Transportation,MEDIUM,Q4,MEAN_ANNUAL_EXPENDITURE_PER_CONSUMER_UNIT,US dollars per consumer unit per year,97.0,95.17059518169206,-1.8294048183079354,-1.8859843487710675,0.5154639175257731,PERCENTAGE_DIFFERENCE,,15.86310013062772,15.57,441,PASS,
470112,Diesel fuel,MOTOR_FUEL,Transportation,MEDIUM,Q5,MEAN_ANNUAL_EXPENDITURE_PER_CONSUMER_UNIT,US dollars per consumer unit per year,146.0,149.09301305224236,3.0930130522423553,2.1185020905769556,0.3424657534246575,PERCENTAGE_DIFFERENCE,,19.86826411448616,13.23,583,PASS,
470113,Gasoline on out of town trips,MOTOR_FUEL,Transportation,LARGE,All Consumer Units,MEAN_ANNUAL_EXPENDITURE_PER_CONSUMER_UNIT,US dollars per consumer unit per year,149.0,148.93997522349494,-0.06002477650505966,-0.04028508490272461,0.33557046979865773,PERCENTAGE_DIFFERENCE,,6.632587307807747,4.45,5599,PASS,
470113,Gasoline on out of town trips,MOTOR_FUEL,Transportation,LARGE,Q1,MEAN_ANNUAL_EXPENDITURE_PER_CONSUMER_UNIT,US dollars per consumer unit per year,50.0,50.718413328383186,0.7184133283831855,1.436826656766371,1.0,PERCENTAGE_DIFFERENCE,,5.825358500665288,11.59,435,PASS,
470113,Gasoline on out of town trips,MOTOR_FUEL,Transportation,LARGE,Q2,MEAN_ANNUAL_EXPENDITURE_PER_CONSUMER_UNIT,US dollars per consumer unit per year,102.0,100.86122597035829,-1.1387740296417093,-1.1164451270997149,0.49019607843137253,PERCENTAGE_DIFFERENCE,,10.296009474924485,10.33,779,PASS,
470113,Gasoline on out of town trips,MOTOR_FUEL,Transportation,LARGE,Q3,MEAN_ANNUAL_EXPENDITURE_PER_CONSUMER_UNIT,US dollars per consumer unit per year,131.0,131.52090946582555,0.5209094658255538,0.3976408136072929,0.3816793893129771,PERCENTAGE_DIFFERENCE,,9.055276956835872,6.75,1012,PASS,
470113,Gasoline on out of town trips,MOTOR_FUEL,Transportation,LARGE,Q4,MEAN_ANNUAL_EXPENDITURE_PER_CONSUMER_UNIT,US dollars per consumer unit per year,189.0,185.02715316243837,-3.972846837561633,-2.102035363789224,0.26455026455026454,PERCENTAGE_DIFFERENCE,,10.394300695054673,5.81,1418,PASS,
470113,Gasoline on out of town trips,MOTOR_FUEL,Transportation,LARGE,Q5,MEAN_ANNUAL_EXPENDITURE_PER_CONSUMER_UNIT,US dollars per consumer unit per year,272.0,273.8434537604395,1.8434537604395018,0.677740353102758,0.18382352941176472,PERCENTAGE_DIFFERENCE,,19.93168923055077,7.22,1955,PASS,
480110,"Tires - purchased, replaced, and installed",TRANSPORT_COMMODITIES_EX_MOTOR_FUEL,Transportation,LARGE,All Consumer Units,MEAN_ANNUAL_EXPENDITURE_PER_CONSUMER_UNIT,US dollars per consumer unit per year,217.0,217.42879612584053,0.4287961258405346,0.19760190130900213,0.2304147465437788,PERCENTAGE_DIFFERENCE,,9.21217571606575,4.24,1606,PASS,
480110,"Tires - purchased, replaced, and installed",TRANSPORT_COMMODITIES_EX_MOTOR_FUEL,Transportation,LARGE,Q1,MEAN_ANNUAL_EXPENDITURE_PER_CONSUMER_UNIT,US dollars per consumer unit per year,80.0,79.39421871076961,-0.6057812892303929,-0.7572266115379911,0.625,PERCENTAGE_DIFFERENCE,,11.18430087630704,14.15,182,PASS,
480110,"Tires - purchased, replaced, and installed",TRANSPORT_COMMODITIES_EX_MOTOR_FUEL,Transportation,LARGE,Q2,MEAN_ANNUAL_EXPENDITURE_PER_CONSUMER_UNIT,US dollars per consumer unit per year,153.0,147.35823670431913,-5.6417632956808745,-3.6874269906410944,0.32679738562091504,PERCENTAGE_DIFFERENCE,,14.61846459927242,9.74,260,PASS,
480110,"Tires - purchased, replaced, and installed",TRANSPORT_COMMODITIES_EX_MOTOR_FUEL,Transportation,LARGE,Q3,MEAN_ANNUAL_EXPENDITURE_PER_CONSUMER_UNIT,US dollars per consumer unit per year,214.0,221.13304215624072,7.13304215624072,3.3331972692713645,0.2336448598130841,PERCENTAGE_DIFFERENCE,,18.385598531766217,8.87,351,PASS,
480110,"Tires - purchased, replaced, and installed",TRANSPORT_COMMODITIES_EX_MOTOR_FUEL,Transportation,LARGE,Q4,MEAN_ANNUAL_EXPENDITURE_PER_CONSUMER_UNIT,US dollars per consumer unit per year,268.0,264.74719296611767,-3.252807033882334,-1.2137339678665426,0.1865671641791045,PERCENTAGE_DIFFERENCE,,21.230961250259938,8.29,374,PASS,
480110,"Tires - purchased, replaced, and installed",TRANSPORT_COMMODITIES_EX_MOTOR_FUEL,Transportation,LARGE,Q5,MEAN_ANNUAL_EXPENDITURE_PER_CONSUMER_UNIT,US dollars per consumer unit per year,372.0,371.5631933495144,-0.4368066504856074,-0.11742114260365791,0.13440860215053763,PERCENTAGE_DIFFERENCE,,30.51719874679587,8.44,439,PASS,
490100,Vehicle maintenance/repair excluding tire purchase,TRANSPORT_SERVICES,Transportation,LARGE,All Consumer Units,MEAN_ANNUAL_EXPENDITURE_PER_CONSUMER_UNIT,US dollars per consumer unit per year,669.0,669.4548409599067,0.4548409599067327,0.06798818533732925,0.07473841554559044,PERCENTAGE_DIFFERENCE,,21.832844675883372,3.26,14852,PASS,
490100,Vehicle maintenance/repair excluding tire purchase,TRANSPORT_SERVICES,Transportation,LARGE,Q1,MEAN_ANNUAL_EXPENDITURE_PER_CONSUMER_UNIT,US dollars per consumer unit per year,263.0,263.989121438008,0.9891214380079987,0.3760918015239539,0.19011406844106463,PERCENTAGE_DIFFERENCE,,23.242237415156023,8.87,1496,PASS,
490100,Vehicle maintenance/repair excluding tire purchase,TRANSPORT_SERVICES,Transportation,LARGE,Q2,MEAN_ANNUAL_EXPENDITURE_PER_CONSUMER_UNIT,US dollars per consumer unit per year,490.0,482.7041116056304,-7.295888394369626,-1.4889568151774748,0.10204081632653061,PERCENTAGE_DIFFERENCE,,37.57086435911545,7.79,2590,PASS,
490100,Vehicle maintenance/repair excluding tire purchase,TRANSPORT_SERVICES,Transportation,LARGE,Q3,MEAN_ANNUAL_EXPENDITURE_PER_CONSUMER_UNIT,US dollars per consumer unit per year,633.0,641.0066576361629,8.006657636162913,1.264874824038375,0.07898894154818326,PERCENTAGE_DIFFERENCE,,48.150680592156114,7.5,2947,PASS,
490100,Vehicle maintenance/repair excluding tire purchase,TRANSPORT_SERVICES,Transportation,LARGE,Q4,MEAN_ANNUAL_EXPENDITURE_PER_CONSUMER_UNIT,US dollars per consumer unit per year,776.0,776.3416406227888,0.3416406227887592,0.04402585345215969,0.06443298969072164,PERCENTAGE_DIFFERENCE,,43.859444749966535,5.53,3536,PASS,
490100,Vehicle maintenance/repair excluding tire purchase,TRANSPORT_SERVICES,Transportation,LARGE,Q5,MEAN_ANNUAL_EXPENDITURE_PER_CONSUMER_UNIT,US dollars per consumer unit per year,1182.0,1173.0267942256862,-8.973205774313783,-0.7591544648319614,0.04230118443316413,PERCENTAGE_DIFFERENCE,,61.93514114717397,5.41,4283,PASS,
490900,Auto repair service policy,TRANSPORT_SERVICES,Transportation,MEDIUM,All Consumer Units,MEAN_ANNUAL_EXPENDITURE_PER_CONSUMER_UNIT,US dollars per consumer unit per year,51.0,51.45453601571376,0.45453601571375657,0.8912470896348168,0.9803921568627451,PERCENTAGE_DIFFERENCE,,7.889757581870269,15.33,372,PASS,
490900,Auto repair service policy,TRANSPORT_SERVICES,Transportation,MEDIUM,Q1,MEAN_ANNUAL_EXPENDITURE_PER_CONSUMER_UNIT,US dollars per consumer unit per year,34.0,34.03422869987757,0.034228699877573376,0.10067264669874522,1.4705882352941178,PERCENTAGE_DIFFERENCE,,16.145035120432254,47.39,36,PASS,
490900,Auto repair service policy,TRANSPORT_SERVICES,Transportation,MEDIUM,Q2,MEAN_ANNUAL_EXPENDITURE_PER_CONSUMER_UNIT,US dollars per consumer unit per year,24.0,23.692336481969978,-0.30766351803002223,-1.2819313251250926,2.0833333333333335,PERCENTAGE_DIFFERENCE,,6.131490804401155,26.01,62,PASS,
490900,Auto repair service policy,TRANSPORT_SERVICES,Transportation,MEDIUM,Q3,MEAN_ANNUAL_EXPENDITURE_PER_CONSUMER_UNIT,US dollars per consumer unit per year,55.0,54.507134568565874,-0.49286543143412587,-0.8961189662438652,0.9090909090909091,PERCENTAGE_DIFFERENCE,,14.044216595570285,25.19,81,PASS,
490900,Auto repair service policy,TRANSPORT_SERVICES,Transportation,MEDIUM,Q4,MEAN_ANNUAL_EXPENDITURE_PER_CONSUMER_UNIT,US dollars per consumer unit per year,62.0,65.0909327244904,3.0909327244904006,4.9853753620812915,0.8064516129032258,PERCENTAGE_DIFFERENCE,,20.750913257733995,33.37,116,PASS,
490900,Auto repair service policy,TRANSPORT_SERVICES,Transportation,MEDIUM,Q5,MEAN_ANNUAL_EXPENDITURE_PER_CONSUMER_UNIT,US dollars per consumer unit per year,83.0,79.49097685783964,-3.509023142160359,-4.227738725494408,0.6024096385542169,PERCENTAGE_DIFFERENCE,,18.91363192306418,23.29,77,PASS,
500110,Vehicle insurance,TRANSPORT_SERVICES,Transportation,LARGE,All Consumer Units,MEAN_ANNUAL_EXPENDITURE_PER_CONSUMER_UNIT,US dollars per consumer unit per year,1993.0,1992.9698726559109,-0.030127344089123653,-0.001511658007482371,0.025087807325639738,PERCENTAGE_DIFFERENCE,,25.655900819462556,1.29,15107,PASS,
500110,Vehicle insurance,TRANSPORT_SERVICES,Transportation,LARGE,Q1,MEAN_ANNUAL_EXPENDITURE_PER_CONSUMER_UNIT,US dollars per consumer unit per year,895.0,898.3384071260492,3.338407126049219,0.37300638279879544,0.055865921787709494,PERCENTAGE_DIFFERENCE,,29.17563757356326,3.2,2007,PASS,
500110,Vehicle insurance,TRANSPORT_SERVICES,Transportation,LARGE,Q2,MEAN_ANNUAL_EXPENDITURE_PER_CONSUMER_UNIT,US dollars per consumer unit per year,1679.0,1663.1763118131605,-15.82368818683949,-0.9424471820631024,0.029779630732578916,PERCENTAGE_DIFFERENCE,,68.86859539377676,4.09,2975,PASS,
500110,Vehicle insurance,TRANSPORT_SERVICES,Transportation,LARGE,Q3,MEAN_ANNUAL_EXPENDITURE_PER_CONSUMER_UNIT,US dollars per consumer unit per year,2028.0,2035.7792121287684,7.7792121287684495,0.38359034165524897,0.02465483234714004,PERCENTAGE_DIFFERENCE,,52.212822106471,2.51,3056,PASS,
500110,Vehicle insurance,TRANSPORT_SERVICES,Transportation,LARGE,Q4,MEAN_ANNUAL_EXPENDITURE_PER_CONSUMER_UNIT,US dollars per consumer unit per year,2518.0,2520.5855955815896,2.585595581589587,0.1026844949003013,0.019857029388403495,PERCENTAGE_DIFFERENCE,,55.54191603915614,2.16,3430,PASS,
500110,Vehicle insurance,TRANSPORT_SERVICES,Transportation,LARGE,Q5,MEAN_ANNUAL_EXPENDITURE_PER_CONSUMER_UNIT,US dollars per consumer unit per year,2840.0,2829.7525466164034,-10.247453383596621,-0.3608258233660782,0.017605633802816902,PERCENTAGE_DIFFERENCE,,59.150107854626235,2.13,3639,PASS,
520310,Drivers' licenses,TRANSPORT_SERVICES,Transportation,SMALL,All Consumer Units,MEAN_ANNUAL_EXPENDITURE_PER_CONSUMER_UNIT,US dollars per consumer unit per year,12.0,12.254557227586945,0.254557227586945,2.121310229891208,4.166666666666667,PERCENTAGE_DIFFERENCE,,0.6978896681445792,5.69,1063,PASS,
520310,Drivers' licenses,TRANSPORT_SERVICES,Transportation,SMALL,Q1,MEAN_ANNUAL_EXPENDITURE_PER_CONSUMER_UNIT,US dollars per consumer unit per year,7.0,6.2765344102630625,-0.7234655897369375,-10.33522271052768,7.142857142857143,ABSOLUTE_DIFFERENCE,0.07234655897369376,0.7428355513927786,10.74,134,PASS,"published mean is below the small-value floor; judged on absolute difference because LB01 publishes the mean as a whole number, so rounding alone can move it by 7.1 percent"
520310,Drivers' licenses,TRANSPORT_SERVICES,Transportation,SMALL,Q2,MEAN_ANNUAL_EXPENDITURE_PER_CONSUMER_UNIT,US dollars per consumer unit per year,10.0,10.268193103157618,0.2681931031576177,2.681931031576177,5.0,PERCENTAGE_DIFFERENCE,,1.144402080986741,11.56,196,PASS,
520310,Drivers' licenses,TRANSPORT_SERVICES,Transportation,SMALL,Q3,MEAN_ANNUAL_EXPENDITURE_PER_CONSUMER_UNIT,US dollars per consumer unit per year,12.0,12.305264650722842,0.30526465072284203,2.543872089357017,4.166666666666667,PERCENTAGE_DIFFERENCE,,1.4123618695429023,10.86,201,PASS,
520310,Drivers' licenses,TRANSPORT_SERVICES,Transportation,SMALL,Q4,MEAN_ANNUAL_EXPENDITURE_PER_CONSUMER_UNIT,US dollars per consumer unit per year,13.0,12.916653349288032,-0.08334665071196845,-0.6411280823997573,3.8461538461538463,PERCENTAGE_DIFFERENCE,,1.521792496103597,10.6,236,PASS,
520310,Drivers' licenses,TRANSPORT_SERVICES,Transportation,SMALL,Q5,MEAN_ANNUAL_EXPENDITURE_PER_CONSUMER_UNIT,US dollars per consumer unit per year,19.0,19.370071805470143,0.3700718054701433,1.9477463445797014,2.6315789473684212,PERCENTAGE_DIFFERENCE,,1.949752225325682,10.36,296,PASS,
520410,Vehicle inspections,TRANSPORT_SERVICES,Transportation,MEDIUM,All Consumer Units,MEAN_ANNUAL_EXPENDITURE_PER_CONSUMER_UNIT,US dollars per consumer unit per year,14.0,14.113743363994125,0.11374336399412499,0.8124525999580356,3.5714285714285716,PERCENTAGE_DIFFERENCE,,1.173278452596375,8.31,1449,PASS,
520410,Vehicle inspections,TRANSPORT_SERVICES,Transportation,MEDIUM,Q1,MEAN_ANNUAL_EXPENDITURE_PER_CONSUMER_UNIT,US dollars per consumer unit per year,6.0,6.953190571536837,0.9531905715368367,15.886509525613945,8.333333333333334,ABSOLUTE_DIFFERENCE,0.09531905715368368,1.0257821389128707,14.1,164,PASS,"published mean is below the small-value floor; judged on absolute difference because LB01 publishes the mean as a whole number, so rounding alone can move it by 8.3 percent"
520410,Vehicle inspections,TRANSPORT_SERVICES,Transportation,MEDIUM,Q2,MEAN_ANNUAL_EXPENDITURE_PER_CONSUMER_UNIT,US dollars per consumer unit per year,12.0,11.425785096140647,-0.5742149038593531,-4.785124198827943,4.166666666666667,PERCENTAGE_DIFFERENCE,,1.6190713042290432,16.0,259,PASS,
520410,Vehicle inspections,TRANSPORT_SERVICES,Transportation,MEDIUM,Q3,MEAN_ANNUAL_EXPENDITURE_PER_CONSUMER_UNIT,US dollars per consumer unit per year,12.0,12.378203586306247,0.3782035863062472,3.15169655255206,4.166666666666667,PERCENTAGE_DIFFERENCE,,1.409056626661909,11.48,286,PASS,
520410,Vehicle inspections,TRANSPORT_SERVICES,Transportation,MEDIUM,Q4,MEAN_ANNUAL_EXPENDITURE_PER_CONSUMER_UNIT,US dollars per consumer unit per year,18.0,17.678187441479476,-0.3218125585205236,-1.7878475473362423,2.7777777777777777,PERCENTAGE_DIFFERENCE,,2.1760240947347604,12.38,322,PASS,
520410,Vehicle inspections,TRANSPORT_SERVICES,Transportation,MEDIUM,Q5,MEAN_ANNUAL_EXPENDITURE_PER_CONSUMER_UNIT,US dollars per consumer unit per year,22.0,21.944583694968138,-0.05541630503186212,-0.25189229559937326,2.272727272727273,PERCENTAGE_DIFFERENCE,,1.8941544794308016,8.55,418,PASS,
520516,Auto/truck rental,TRANSPORT_SERVICES,Transportation,LARGE,All Consumer Units,MEAN_ANNUAL_EXPENDITURE_PER_CONSUMER_UNIT,US dollars per consumer unit per year,113.0,112.56956808668988,-0.430431913310116,-0.38091319761957165,0.4424778761061947,PERCENTAGE_DIFFERENCE,,7.128413590098526,6.33,2695,PASS,
520516,Auto/truck rental,TRANSPORT_SERVICES,Transportation,LARGE,Q1,MEAN_ANNUAL_EXPENDITURE_PER_CONSUMER_UNIT,US dollars per consumer unit per year,39.0,38.96997158159516,-0.030028418404839385,-0.0769959446277933,1.2820512820512822,PERCENTAGE_DIFFERENCE,,7.8377665682902276,19.9,204,PASS,
520516,Auto/truck rental,TRANSPORT_SERVICES,Transportation,LARGE,Q2,MEAN_ANNUAL_EXPENDITURE_PER_CONSUMER_UNIT,US dollars per consumer unit per year,41.0,39.63618548269773,-1.3638145173022735,-3.32637687146896,1.2195121951219512,PERCENTAGE_DIFFERENCE,,5.781031606134725,14.81,277,PASS,
520516,Auto/truck rental,TRANSPORT_SERVICES,Transportation,LARGE,Q3,MEAN_ANNUAL_EXPENDITURE_PER_CONSUMER_UNIT,US dollars per consumer unit per year,82.0,78.69214566641023,-3.3078543335897734,-4.033968699499724,0.6097560975609756,PERCENTAGE_DIFFERENCE,,17.237891294750245,22.18,416,PASS,
520516,Auto/truck rental,TRANSPORT_SERVICES,Transportation,LARGE,Q4,MEAN_ANNUAL_EXPENDITURE_PER_CONSUMER_UNIT,US dollars per consumer unit per year,154.0,153.31338605566333,-0.6866139443366706,-0.44585321060822763,0.3246753246753247,PERCENTAGE_DIFFERENCE,,20.13389494599002,12.48,673,PASS,
520516,Auto/truck rental,TRANSPORT_SERVICES,Transportation,LARGE,Q5,MEAN_ANNUAL_EXPENDITURE_PER_CONSUMER_UNIT,US dollars per consumer unit per year,245.0,249.11211679204297,4.112116792042968,1.6784150171603953,0.20408163265306123,PERCENTAGE_DIFFERENCE,,22.186720431743318,8.33,1125,PASS,
520517,Auto/truck rental on out of town trips,TRANSPORT_SERVICES,Transportation,SMALL,All Consumer Units,MEAN_ANNUAL_EXPENDITURE_PER_CONSUMER_UNIT,US dollars per consumer unit per year,5.0,5.3406758286563205,0.3406758286563205,6.813516573126409,10.0,ABSOLUTE_DIFFERENCE,0.03406758286563205,0.873790864959676,16.36,138,PASS,"published mean is below the small-value floor; judged on absolute difference because LB01 publishes the mean as a whole number, so rounding alone can move it by 10.0 percent"
520517,Auto/truck rental on out of town trips,TRANSPORT_SERVICES,Transportation,SMALL,Q1,MEAN_ANNUAL_EXPENDITURE_PER_CONSUMER_UNIT,US dollars per consumer unit per year,2.0,1.6632557459708823,-0.3367442540291177,-16.837212701455883,25.0,ABSOLUTE_DIFFERENCE,0.03367442540291177,1.1208369096909045,67.31,9,PASS,"published mean is below the small-value floor; judged on absolute difference because LB01 publishes the mean as a whole number, so rounding alone can move it by 25.0 percent"
520517,Auto/truck rental on out of town trips,TRANSPORT_SERVICES,Transportation,SMALL,Q2,MEAN_ANNUAL_EXPENDITURE_PER_CONSUMER_UNIT,US dollars per consumer unit per year,3.0,3.7463322280076836,0.7463322280076836,24.877740933589454,16.666666666666668,ABSOLUTE_DIFFERENCE,0.07463322280076837,2.063266396737557,65.35,10,PASS,"published mean is below the small-value floor; judged on absolute difference because LB01 publishes the mean as a whole number, so rounding alone can move it by 16.7 percent"
520517,Auto/truck rental on out of town trips,TRANSPORT_SERVICES,Transportation,SMALL,Q3,MEAN_ANNUAL_EXPENDITURE_PER_CONSUMER_UNIT,US dollars per consumer unit per year,4.0,3.485666631541293,-0.5143333684587068,-12.858334211467671,12.5,ABSOLUTE_DIFFERENCE,0.05143333684587068,1.1020548994177326,34.54,21,PASS,"published mean is below the small-value floor; judged on absolute difference because LB01 publishes the mean as a whole number, so rounding alone can move it by 12.5 percent"
520517,Auto/truck rental on out of town trips,TRANSPORT_SERVICES,Transportation,SMALL,Q4,MEAN_ANNUAL_EXPENDITURE_PER_CONSUMER_UNIT,US dollars per consumer unit per year,4.0,4.269864120945551,0.26986412094555057,6.746603023638764,12.5,ABSOLUTE_DIFFERENCE,0.026986412094555056,1.3612826904536737,31.97,31,PASS,"published mean is below the small-value floor; judged on absolute difference because LB01 publishes the mean as a whole number, so rounding alone can move it by 12.5 percent"
520517,Auto/truck rental on out of town trips,TRANSPORT_SERVICES,Transportation,SMALL,Q5,MEAN_ANNUAL_EXPENDITURE_PER_CONSUMER_UNIT,US dollars per consumer unit per year,14.0,13.36172454823868,-0.6382754517613201,-4.559110369723714,3.5714285714285716,PERCENTAGE_DIFFERENCE,,2.7267538258242894,20.82,67,PASS,
520531,"Parking fees in home city, excluding residence",TRANSPORT_SERVICES,Transportation,MEDIUM,All Consumer Units,MEAN_ANNUAL_EXPENDITURE_PER_CONSUMER_UNIT,US dollars per consumer unit per year,45.0,44.76582741041816,-0.2341725895818385,-0.5203835324040855,1.1111111111111112,PERCENTAGE_DIFFERENCE,,3.875609407079409,8.66,4163,PASS,
520531,"Parking fees in home city, excluding residence",TRANSPORT_SERVICES,Transportation,MEDIUM,Q1,MEAN_ANNUAL_EXPENDITURE_PER_CONSUMER_UNIT,US dollars per consumer unit per year,18.0,17.52331297010112,-0.4766870298988799,-2.6482612772159992,2.7777777777777777,PERCENTAGE_DIFFERENCE,,5.144361667867758,30.06,362,PASS,
520531,"Parking fees in home city, excluding residence",TRANSPORT_SERVICES,Transportation,MEDIUM,Q2,MEAN_ANNUAL_EXPENDITURE_PER_CONSUMER_UNIT,US dollars per consumer unit per year,20.0,20.126391788304687,0.12639178830468722,0.6319589415234361,2.5,PERCENTAGE_DIFFERENCE,,3.564848343008447,17.8,443,PASS,
520531,"Parking fees in home city, excluding residence",TRANSPORT_SERVICES,Transportation,MEDIUM,Q3,MEAN_ANNUAL_EXPENDITURE_PER_CONSUMER_UNIT,US dollars per consumer unit per year,26.0,26.81053342568923,0.8105334256892291,3.117436252650881,1.9230769230769231,PERCENTAGE_DIFFERENCE,,3.4952484674928037,12.71,676,PASS,
520531,"Parking fees in home city, excluding residence",TRANSPORT_SERVICES,Transportation,MEDIUM,Q4,MEAN_ANNUAL_EXPENDITURE_PER_CONSUMER_UNIT,US dollars per consumer unit per year,65.0,64.36225885355844,-0.6377411464415559,-0.9811402252947014,0.7692307692307693,PERCENTAGE_DIFFERENCE,,11.570882057791092,17.48,980,PASS,
520531,"Parking fees in home city, excluding residence",TRANSPORT_SERVICES,Transportation,MEDIUM,Q5,MEAN_ANNUAL_EXPENDITURE_PER_CONSUMER_UNIT,US dollars per consumer unit per year,95.0,93.76570176463336,-1.2342982353666372,-1.299261300385934,0.5263157894736842,PERCENTAGE_DIFFERENCE,,10.359341438318069,11.0,1702,PASS,
520532,Parking fees on out of town trips,TRANSPORT_SERVICES,Transportation,MEDIUM,All Consumer Units,MEAN_ANNUAL_EXPENDITURE_PER_CONSUMER_UNIT,US dollars per consumer unit per year,13.0,13.228879372831889,0.22887937283188897,1.7606105602452997,3.8461538461538463,PERCENTAGE_DIFFERENCE,,0.9953648504072103,7.52,997,PASS,
520532,Parking fees on out of town trips,TRANSPORT_SERVICES,Transportation,MEDIUM,Q1,MEAN_ANNUAL_EXPENDITURE_PER_CONSUMER_UNIT,US dollars per consumer unit per year,3.0,2.538130698956927,-0.4618693010430732,-15.39564336810244,16.666666666666668,ABSOLUTE_DIFFERENCE,0.04618693010430732,0.5089143508096805,20.0,53,PASS,"published mean is below the small-value floor; judged on absolute difference because LB01 publishes the mean as a whole number, so rounding alone can move it by 16.7 percent"
520532,Parking fees on out of town trips,TRANSPORT_SERVICES,Transportation,MEDIUM,Q2,MEAN_ANNUAL_EXPENDITURE_PER_CONSUMER_UNIT,US dollars per consumer unit per year,5.0,4.787583604475503,-0.21241639552449687,-4.248327910489937,10.0,ABSOLUTE_DIFFERENCE,0.021241639552449686,0.8920606134317862,19.66,91,PASS,"published mean is below the small-value floor; judged on absolute difference because LB01 publishes the mean as a whole number, so rounding alone can move it by 10.0 percent"
520532,Parking fees on out of town trips,TRANSPORT_SERVICES,Transportation,MEDIUM,Q3,MEAN_ANNUAL_EXPENDITURE_PER_CONSUMER_UNIT,US dollars per consumer unit per year,12.0,11.5236061009819,-0.4763938990181007,-3.9699491584841726,4.166666666666667,PERCENTAGE_DIFFERENCE,,1.5815268597765473,18.17,170,PASS,
520532,Parking fees on out of town trips,TRANSPORT_SERVICES,Transportation,MEDIUM,Q4,MEAN_ANNUAL_EXPENDITURE_PER_CONSUMER_UNIT,US dollars per consumer unit per year,17.0,16.10666129791395,-0.8933387020860515,-5.2549335416826555,2.9411764705882355,PERCENTAGE_DIFFERENCE,,1.612973227140348,10.43,268,PASS,
520532,Parking fees on out of town trips,TRANSPORT_SERVICES,Transportation,MEDIUM,Q5,MEAN_ANNUAL_EXPENDITURE_PER_CONSUMER_UNIT,US dollars per consumer unit per year,29.0,30.833606292948325,1.8336062929483248,6.322780320511464,1.7241379310344827,PERCENTAGE_DIFFERENCE,,4.2454431142625015,13.14,415,PASS,
520541,Tolls or electronic toll passes,TRANSPORT_SERVICES,Transportation,MEDIUM,All Consumer Units,MEAN_ANNUAL_EXPENDITURE_PER_CONSUMER_UNIT,US dollars per consumer unit per year,60.0,59.967995242966055,-0.03200475703394545,-0.05334126172324242,0.8333333333333334,PERCENTAGE_DIFFERENCE,,5.618773596678655,9.37,5600,PASS,
520541,Tolls or electronic toll passes,TRANSPORT_SERVICES,Transportation,MEDIUM,Q1,MEAN_ANNUAL_EXPENDITURE_PER_CONSUMER_UNIT,US dollars per consumer unit per year,14.0,13.893316605647291,-0.10668339435270902,-0.7620242453764929,3.5714285714285716,PERCENTAGE_DIFFERENCE,,2.2600886693180193,16.14,370,PASS,
520541,Tolls or electronic toll passes,TRANSPORT_SERVICES,Transportation,MEDIUM,Q2,MEAN_ANNUAL_EXPENDITURE_PER_CONSUMER_UNIT,US dollars per consumer unit per year,25.0,26.340066504903508,1.3400665049035076,5.36026601961403,2.0,PERCENTAGE_DIFFERENCE,,6.107702864373007,21.75,613,PASS,
520541,Tolls or electronic toll passes,TRANSPORT_SERVICES,Transportation,MEDIUM,Q3,MEAN_ANNUAL_EXPENDITURE_PER_CONSUMER_UNIT,US dollars per consumer unit per year,57.0,56.35158543030647,-0.6484145696935286,-1.1375694205149625,0.8771929824561403,PERCENTAGE_DIFFERENCE,,9.402396287214746,16.05,994,PASS,
520541,Tolls or electronic toll passes,TRANSPORT_SERVICES,Transportation,MEDIUM,Q4,MEAN_ANNUAL_EXPENDITURE_PER_CONSUMER_UNIT,US dollars per consumer unit per year,70.0,69.51915247481365,-0.48084752518634843,-0.6869250359804978,0.7142857142857143,PERCENTAGE_DIFFERENCE,,8.7378821399942,12.61,1291,PASS,
520541,Tolls or electronic toll passes,TRANSPORT_SERVICES,Transportation,MEDIUM,Q5,MEAN_ANNUAL_EXPENDITURE_PER_CONSUMER_UNIT,US dollars per consumer unit per year,133.0,132.33551070096865,-0.6644892990313451,-0.49961601430928204,0.37593984962406013,PERCENTAGE_DIFFERENCE,,13.495151361018989,10.24,2332,PASS,
520550,Towing charges,TRANSPORT_SERVICES,Transportation,SMALL,All Consumer Units,MEAN_ANNUAL_EXPENDITURE_PER_CONSUMER_UNIT,US dollars per consumer unit per year,6.0,5.998304729479279,-0.0016952705207211594,-0.02825450867868599,8.333333333333334,ABSOLUTE_DIFFERENCE,0.00016952705207211592,1.14329164602733,19.06,138,PASS,"published mean is below the small-value floor; judged on absolute difference because LB01 publishes the mean as a whole number, so rounding alone can move it by 8.3 percent"
520550,Towing charges,TRANSPORT_SERVICES,Transportation,SMALL,Q1,MEAN_ANNUAL_EXPENDITURE_PER_CONSUMER_UNIT,US dollars per consumer unit per year,5.0,4.400354597778145,-0.5996454022218547,-11.992908044437094,10.0,ABSOLUTE_DIFFERENCE,0.05996454022218547,2.300782632835104,50.76,21,PASS,"published mean is below the small-value floor; judged on absolute difference because LB01 publishes the mean as a whole number, so rounding alone can move it by 10.0 percent"
520550,Towing charges,TRANSPORT_SERVICES,Transportation,SMALL,Q2,MEAN_ANNUAL_EXPENDITURE_PER_CONSUMER_UNIT,US dollars per consumer unit per year,4.0,4.177891833446188,0.1778918334461883,4.447295836154708,12.5,ABSOLUTE_DIFFERENCE,0.01778918334461883,1.133864087959335,29.3,28,PASS,"published mean is below the small-value floor; judged on absolute difference because LB01 publishes the mean as a whole number, so rounding alone can move it by 12.5 percent"
520550,Towing charges,TRANSPORT_SERVICES,Transportation,SMALL,Q3,MEAN_ANNUAL_EXPENDITURE_PER_CONSUMER_UNIT,US dollars per consumer unit per year,5.0,5.1813938108332245,0.18139381083322448,3.6278762166644896,10.0,ABSOLUTE_DIFFERENCE,0.01813938108332245,1.218486419451956,22.98,24,PASS,"published mean is below the small-value floor; judged on absolute difference because LB01 publishes the mean as a whole number, so rounding alone can move it by 10.0 percent"
520550,Towing charges,TRANSPORT_SERVICES,Transportation,SMALL,Q4,MEAN_ANNUAL_EXPENDITURE_PER_CONSUMER_UNIT,US dollars per consumer unit per year,7.0,7.194181875266504,0.1941818752665041,2.774026789521487,7.142857142857143,ABSOLUTE_DIFFERENCE,0.01941818752665041,2.054973616666384,29.08,33,PASS,"published mean is below the small-value floor; judged on absolute difference because LB01 publishes the mean as a whole number, so rounding alone can move it by 7.1 percent"
520550,Towing charges,TRANSPORT_SERVICES,Transportation,SMALL,Q5,MEAN_ANNUAL_EXPENDITURE_PER_CONSUMER_UNIT,US dollars per consumer unit per year,9.0,8.968063959318547,-0.03193604068145284,-0.3548448964605871,5.555555555555555,ABSOLUTE_DIFFERENCE,0.0031936040681452837,3.2076270050410876,35.87,32,PASS,"published mean is below the small-value floor; judged on absolute difference because LB01 publishes the mean as a whole number, so rounding alone can move it by 5.6 percent"
530110,Airline fares,TRANSPORT_SERVICES,Transportation,LARGE,All Consumer Units,MEAN_ANNUAL_EXPENDITURE_PER_CONSUMER_UNIT,US dollars per consumer unit per year,682.0,681.8286761212074,-0.1713238787925775,-0.02512080334202016,0.07331378299120235,PERCENTAGE_DIFFERENCE,,25.09995863597278,3.68,3544,PASS,
530110,Airline fares,TRANSPORT_SERVICES,Transportation,LARGE,Q1,MEAN_ANNUAL_EXPENDITURE_PER_CONSUMER_UNIT,US dollars per consumer unit per year,201.0,200.27497510490304,-0.7250248950969649,-0.3607089030333159,0.24875621890547264,PERCENTAGE_DIFFERENCE,,23.367915976327915,11.59,267,PASS,
530110,Airline fares,TRANSPORT_SERVICES,Transportation,LARGE,Q2,MEAN_ANNUAL_EXPENDITURE_PER_CONSUMER_UNIT,US dollars per consumer unit per year,257.0,248.24553326453707,-8.754466735462927,-3.4064072900633957,0.19455252918287938,PERCENTAGE_DIFFERENCE,,24.969485609332153,10.12,350,PASS,
530110,Airline fares,TRANSPORT_SERVICES,Transportation,LARGE,Q3,MEAN_ANNUAL_EXPENDITURE_PER_CONSUMER_UNIT,US dollars per consumer unit per year,430.0,446.1148364642534,16.114836464253415,3.7476363870356777,0.11627906976744186,PERCENTAGE_DIFFERENCE,,34.53952194917209,8.02,546,PASS,
530110,Airline fares,TRANSPORT_SERVICES,Transportation,LARGE,Q4,MEAN_ANNUAL_EXPENDITURE_PER_CONSUMER_UNIT,US dollars per consumer unit per year,796.0,755.1381645490202,-40.86183545097981,-5.133396413439675,0.06281407035175879,PERCENTAGE_DIFFERENCE,,58.32211799494714,7.49,864,PASS,
530110,Airline fares,TRANSPORT_SERVICES,Transportation,LARGE,Q5,MEAN_ANNUAL_EXPENDITURE_PER_CONSUMER_UNIT,US dollars per consumer unit per year,1719.0,1736.2433287324704,17.243328732470445,1.003102311371172,0.029086678301337987,PERCENTAGE_DIFFERENCE,,108.94260234202493,6.21,1517,PASS,
530210,Intercity bus fares,TRANSPORT_SERVICES,Transportation,SMALL,All Consumer Units,MEAN_ANNUAL_EXPENDITURE_PER_CONSUMER_UNIT,US dollars per consumer unit per year,12.0,11.765572687860184,-0.23442731213981638,-1.95356093449847,4.166666666666667,PERCENTAGE_DIFFERENCE,,0.9804048852751788,8.33,841,PASS,
530210,Intercity bus fares,TRANSPORT_SERVICES,Transportation,SMALL,Q1,MEAN_ANNUAL_EXPENDITURE_PER_CONSUMER_UNIT,US dollars per consumer unit per year,6.0,5.842416697721864,-0.15758330227813566,-2.626388371302261,8.333333333333334,ABSOLUTE_DIFFERENCE,0.015758330227813568,1.4621147214371375,25.01,83,PASS,"published mean is below the small-value floor; judged on absolute difference because LB01 publishes the mean as a whole number, so rounding alone can move it by 8.3 percent"
530210,Intercity bus fares,TRANSPORT_SERVICES,Transportation,SMALL,Q2,MEAN_ANNUAL_EXPENDITURE_PER_CONSUMER_UNIT,US dollars per consumer unit per year,6.0,6.080010354811556,0.08001035481155583,1.3335059135259304,8.333333333333334,ABSOLUTE_DIFFERENCE,0.008001035481155582,1.5168520645037415,24.36,89,PASS,"published mean is below the small-value floor; judged on absolute difference because LB01 publishes the mean as a whole number, so rounding alone can move it by 8.3 percent"
530210,Intercity bus fares,TRANSPORT_SERVICES,Transportation,SMALL,Q3,MEAN_ANNUAL_EXPENDITURE_PER_CONSUMER_UNIT,US dollars per consumer unit per year,10.0,10.580584900720607,0.5805849007206074,5.805849007206074,5.0,PERCENTAGE_DIFFERENCE,,2.025361496023204,19.53,145,PASS,
530210,Intercity bus fares,TRANSPORT_SERVICES,Transportation,SMALL,Q4,MEAN_ANNUAL_EXPENDITURE_PER_CONSUMER_UNIT,US dollars per consumer unit per year,13.0,10.982707513312084,-2.017292486687916,-15.51763451298397,3.8461538461538463,PERCENTAGE_DIFFERENCE,,1.540916777648415,20.2,206,FAIL,
530210,Intercity bus fares,TRANSPORT_SERVICES,Transportation,SMALL,Q5,MEAN_ANNUAL_EXPENDITURE_PER_CONSUMER_UNIT,US dollars per consumer unit per year,23.0,25.086670157628454,2.086670157628454,9.07247894621067,2.1739130434782608,PERCENTAGE_DIFFERENCE,,4.083650567856587,15.91,318,PASS,
530311,Intracity mass transit fares,TRANSPORT_SERVICES,Transportation,LARGE,All Consumer Units,MEAN_ANNUAL_EXPENDITURE_PER_CONSUMER_UNIT,US dollars per consumer unit per year,109.0,107.71496802155855,-1.2850319784414523,-1.1789284205884885,0.45871559633027525,PERCENTAGE_DIFFERENCE,,5.2153089721378265,4.94,8029,PASS,
530311,Intracity mass transit fares,TRANSPORT_SERVICES,Transportation,LARGE,Q1,MEAN_ANNUAL_EXPENDITURE_PER_CONSUMER_UNIT,US dollars per consumer unit per year,83.0,82.76487151399257,-0.23512848600742586,-0.2832873325390673,0.6024096385542169,PERCENTAGE_DIFFERENCE,,7.189443521995367,8.57,1513,PASS,
530311,Intracity mass transit fares,TRANSPORT_SERVICES,Transportation,LARGE,Q2,MEAN_ANNUAL_EXPENDITURE_PER_CONSUMER_UNIT,US dollars per consumer unit per year,65.0,64.34433760072596,-0.6556623992740356,-1.0087113834985162,0.7692307692307693,PERCENTAGE_DIFFERENCE,,6.018892031495891,9.14,949,PASS,
530311,Intracity mass transit fares,TRANSPORT_SERVICES,Transportation,LARGE,Q3,MEAN_ANNUAL_EXPENDITURE_PER_CONSUMER_UNIT,US dollars per consumer unit per year,94.0,94.71541948031162,0.7154194803116241,0.7610845535230043,0.5319148936170213,PERCENTAGE_DIFFERENCE,,12.29411026597515,13.11,1238,PASS,
530311,Intracity mass transit fares,TRANSPORT_SERVICES,Transportation,LARGE,Q4,MEAN_ANNUAL_EXPENDITURE_PER_CONSUMER_UNIT,US dollars per consumer unit per year,128.0,122.33822425452989,-5.661775745470109,-4.423262301148522,0.390625,PERCENTAGE_DIFFERENCE,,15.316487049802886,15.87,1674,PASS,
530311,Intracity mass transit fares,TRANSPORT_SERVICES,Transportation,LARGE,Q5,MEAN_ANNUAL_EXPENDITURE_PER_CONSUMER_UNIT,US dollars per consumer unit per year,174.0,173.02866569920542,-0.9713343007945809,-0.5582381039049316,0.28735632183908044,PERCENTAGE_DIFFERENCE,,15.822721349692172,9.7,2655,PASS,
530412,Taxi fares and limousine services,TRANSPORT_SERVICES,Transportation,LARGE,All Consumer Units,MEAN_ANNUAL_EXPENDITURE_PER_CONSUMER_UNIT,US dollars per consumer unit per year,135.0,135.26114319579276,0.261143195792755,0.19343940429092965,0.37037037037037035,PERCENTAGE_DIFFERENCE,,6.789857834511199,5.02,6765,PASS,
530412,Taxi fares and limousine services,TRANSPORT_SERVICES,Transportation,LARGE,Q1,MEAN_ANNUAL_EXPENDITURE_PER_CONSUMER_UNIT,US dollars per consumer unit per year,98.0,94.31630222944679,-3.6836977705532092,-3.7588752760747033,0.5102040816326531,PERCENTAGE_DIFFERENCE,,11.175242676202588,11.74,996,PASS,
530412,Taxi fares and limousine services,TRANSPORT_SERVICES,Transportation,LARGE,Q2,MEAN_ANNUAL_EXPENDITURE_PER_CONSUMER_UNIT,US dollars per consumer unit per year,85.0,87.99521467949276,2.9952146794927614,3.523781975873837,0.5882352941176471,PERCENTAGE_DIFFERENCE,,7.202438556604119,8.69,820,PASS,
530412,Taxi fares and limousine services,TRANSPORT_SERVICES,Transportation,LARGE,Q3,MEAN_ANNUAL_EXPENDITURE_PER_CONSUMER_UNIT,US dollars per consumer unit per year,134.0,134.32605150354073,0.3260515035407252,0.24332201756770538,0.373134328358209,PERCENTAGE_DIFFERENCE,,19.49733467233074,14.55,1088,PASS,
530412,Taxi fares and limousine services,TRANSPORT_SERVICES,Transportation,LARGE,Q4,MEAN_ANNUAL_EXPENDITURE_PER_CONSUMER_UNIT,US dollars per consumer unit per year,124.0,126.23846176418304,2.238461764183043,1.8052111001476154,0.4032258064516129,PERCENTAGE_DIFFERENCE,,12.022128999058646,9.04,1447,PASS,
530412,Taxi fares and limousine services,TRANSPORT_SERVICES,Transportation,LARGE,Q5,MEAN_ANNUAL_EXPENDITURE_PER_CONSUMER_UNIT,US dollars per consumer unit per year,236.0,231.73999115229927,-4.260008847700732,-1.8050884947884458,0.211864406779661,PERCENTAGE_DIFFERENCE,,17.131100787190384,7.52,2414,PASS,
530510,Intercity train fares,TRANSPORT_SERVICES,Transportation,MEDIUM,All Consumer Units,MEAN_ANNUAL_EXPENDITURE_PER_CONSUMER_UNIT,US dollars per consumer unit per year,26.0,25.975168096848613,-0.02483190315138728,-0.095507319813028,1.9230769230769231,PERCENTAGE_DIFFERENCE,,1.797315368892447,6.92,1101,PASS,
530510,Intercity train fares,TRANSPORT_SERVICES,Transportation,MEDIUM,Q1,MEAN_ANNUAL_EXPENDITURE_PER_CONSUMER_UNIT,US dollars per consumer unit per year,8.0,8.07147409865465,0.07147409865464915,0.8934262331831144,6.25,ABSOLUTE_DIFFERENCE,0.007147409865464915,1.99336523303217,24.1,94,PASS,"published mean is below the small-value floor; judged on absolute difference because LB01 publishes the mean as a whole number, so rounding alone can move it by 6.2 percent"
530510,Intercity train fares,TRANSPORT_SERVICES,Transportation,MEDIUM,Q2,MEAN_ANNUAL_EXPENDITURE_PER_CONSUMER_UNIT,US dollars per consumer unit per year,10.0,9.810542246582557,-0.1894577534174431,-1.8945775341744309,5.0,PERCENTAGE_DIFFERENCE,,2.0268895404524945,20.37,84,PASS,
530510,Intercity train fares,TRANSPORT_SERVICES,Transportation,MEDIUM,Q3,MEAN_ANNUAL_EXPENDITURE_PER_CONSUMER_UNIT,US dollars per consumer unit per year,26.0,27.10797098660829,1.10797098660829,4.261426871570347,1.9230769230769231,PERCENTAGE_DIFFERENCE,,4.523338848119092,16.75,179,PASS,
530510,Intercity train fares,TRANSPORT_SERVICES,Transportation,MEDIUM,Q4,MEAN_ANNUAL_EXPENDITURE_PER_CONSUMER_UNIT,US dollars per consumer unit per year,28.0,24.542677204906074,-3.4573227950939263,-12.347581411049736,1.7857142857142858,PERCENTAGE_DIFFERENCE,,3.0554407566156616,15.04,272,FAIL,
530510,Intercity train fares,TRANSPORT_SERVICES,Transportation,MEDIUM,Q5,MEAN_ANNUAL_EXPENDITURE_PER_CONSUMER_UNIT,US dollars per consumer unit per year,57.0,59.76346434759008,2.76346434759008,4.848183065947509,0.8771929824561403,PERCENTAGE_DIFFERENCE,,6.801505470035863,11.26,472,PASS,
530901,Ship fares,TRANSPORT_SERVICES,Transportation,LARGE,All Consumer Units,MEAN_ANNUAL_EXPENDITURE_PER_CONSUMER_UNIT,US dollars per consumer unit per year,162.0,161.71971500505535,-0.2802849949446511,-0.17301542897817968,0.30864197530864196,PERCENTAGE_DIFFERENCE,,20.249385499975297,12.52,595,PASS,
530901,Ship fares,TRANSPORT_SERVICES,Transportation,LARGE,Q1,MEAN_ANNUAL_EXPENDITURE_PER_CONSUMER_UNIT,US dollars per consumer unit per year,75.0,75.42498564582863,0.4249856458286274,0.5666475277715032,0.6666666666666666,PERCENTAGE_DIFFERENCE,,50.587394681329265,67.07,29,PASS,
530901,Ship fares,TRANSPORT_SERVICES,Transportation,LARGE,Q2,MEAN_ANNUAL_EXPENDITURE_PER_CONSUMER_UNIT,US dollars per consumer unit per year,31.0,30.144621835584612,-0.8553781644153879,-2.759284401339961,1.6129032258064515,PERCENTAGE_DIFFERENCE,,11.045563232106472,35.42,52,PASS,
530901,Ship fares,TRANSPORT_SERVICES,Transportation,LARGE,Q3,MEAN_ANNUAL_EXPENDITURE_PER_CONSUMER_UNIT,US dollars per consumer unit per year,177.0,132.59089582233375,-44.40910417766625,-25.089889365913134,0.2824858757062147,PERCENTAGE_DIFFERENCE,,37.002438250976525,36.9,113,FAIL,
530901,Ship fares,TRANSPORT_SERVICES,Transportation,LARGE,Q4,MEAN_ANNUAL_EXPENDITURE_PER_CONSUMER_UNIT,US dollars per consumer unit per year,155.0,143.54850254775695,-11.451497452243046,-7.38806287241487,0.3225806451612903,PERCENTAGE_DIFFERENCE,,53.556372428876145,35.78,137,PASS,
530901,Ship fares,TRANSPORT_SERVICES,Transportation,LARGE,Q5,MEAN_ANNUAL_EXPENDITURE_PER_CONSUMER_UNIT,US dollars per consumer unit per year,369.0,421.9147448378683,52.914744837868284,14.340039251454819,0.13550135501355012,PERCENTAGE_DIFFERENCE,,86.08226413521164,16.98,264,FAIL,
620114,Automobile service clubs and GPS services,TRANSPORT_SERVICES,Transportation,MEDIUM,All Consumer Units,MEAN_ANNUAL_EXPENDITURE_PER_CONSUMER_UNIT,US dollars per consumer unit per year,19.0,19.4371399945753,0.4371399945753005,2.300736813554213,2.6315789473684212,PERCENTAGE_DIFFERENCE,,1.0499039339562684,5.4,1178,PASS,
620114,Automobile service clubs and GPS services,TRANSPORT_SERVICES,Transportation,MEDIUM,Q1,MEAN_ANNUAL_EXPENDITURE_PER_CONSUMER_UNIT,US dollars per consumer unit per year,9.0,8.82011481533415,-0.17988518466584935,-1.9987242740649929,5.555555555555555,ABSOLUTE_DIFFERENCE,0.017988518466584936,1.3142390427396589,14.83,143,PASS,"published mean is below the small-value floor; judged on absolute difference because LB01 publishes the mean as a whole number, so rounding alone can move it by 5.6 percent"
620114,Automobile service clubs and GPS services,TRANSPORT_SERVICES,Transportation,MEDIUM,Q2,MEAN_ANNUAL_EXPENDITURE_PER_CONSUMER_UNIT,US dollars per consumer unit per year,14.0,17.2202312421396,3.220231242139601,23.00165172956858,3.5714285714285716,PERCENTAGE_DIFFERENCE,,3.2876559568200117,13.49,239,FAIL,
620114,Automobile service clubs and GPS services,TRANSPORT_SERVICES,Transportation,MEDIUM,Q3,MEAN_ANNUAL_EXPENDITURE_PER_CONSUMER_UNIT,US dollars per consumer unit per year,21.0,19.064303651587455,-1.9356963484125451,-9.217601659107359,2.380952380952381,PERCENTAGE_DIFFERENCE,,2.2435016420766054,16.08,225,PASS,
620114,Automobile service clubs and GPS services,TRANSPORT_SERVICES,Transportation,MEDIUM,Q4,MEAN_ANNUAL_EXPENDITURE_PER_CONSUMER_UNIT,US dollars per consumer unit per year,20.0,19.669581972224762,-0.330418027775238,-1.65209013887619,2.5,PERCENTAGE_DIFFERENCE,,2.053191446377874,11.08,228,PASS,
620114,Automobile service clubs and GPS services,TRANSPORT_SERVICES,Transportation,MEDIUM,Q5,MEAN_ANNUAL_EXPENDITURE_PER_CONSUMER_UNIT,US dollars per consumer unit per year,32.0,32.159770757460215,0.1597707574602154,0.49928361706317315,1.5625,PERCENTAGE_DIFFERENCE,,2.8465627010872563,9.21,343,PASS,
670320,"Babysitting, childcare, daycare, preschool",EDUCATION_COMMUNICATION,Housing,LARGE,All Consumer Units,MEAN_ANNUAL_EXPENDITURE_PER_CONSUMER_UNIT,US dollars per consumer unit per year,470.0,470.4582401196806,0.4582401196806245,0.0974978978043882,0.10638297872340426,PERCENTAGE_DIFFERENCE,,32.25845101198766,6.86,2559,PASS,
670320,"Babysitting, childcare, daycare, preschool",EDUCATION_COMMUNICATION,Housing,LARGE,Q1,MEAN_ANNUAL_EXPENDITURE_PER_CONSUMER_UNIT,US dollars per consumer unit per year,45.0,45.669284740131936,0.6692847401319355,1.4872994225154121,1.1111111111111112,PERCENTAGE_DIFFERENCE,,14.728736380656795,32.47,77,PASS,
670320,"Babysitting, childcare, daycare, preschool",EDUCATION_COMMUNICATION,Housing,LARGE,Q2,MEAN_ANNUAL_EXPENDITURE_PER_CONSUMER_UNIT,US dollars per consumer unit per year,76.0,76.90414630238651,0.9041463023865077,1.189666187350668,0.6578947368421053,PERCENTAGE_DIFFERENCE,,19.59621420491454,25.02,195,PASS,
670320,"Babysitting, childcare, daycare, preschool",EDUCATION_COMMUNICATION,Housing,LARGE,Q3,MEAN_ANNUAL_EXPENDITURE_PER_CONSUMER_UNIT,US dollars per consumer unit per year,231.0,224.34714724491434,-6.652852755085661,-2.8800228376994204,0.21645021645021645,PERCENTAGE_DIFFERENCE,,37.065156789287244,16.99,298,PASS,
670320,"Babysitting, childcare, daycare, preschool",EDUCATION_COMMUNICATION,Housing,LARGE,Q4,MEAN_ANNUAL_EXPENDITURE_PER_CONSUMER_UNIT,US dollars per consumer unit per year,515.0,521.3964697815887,6.396469781588735,1.2420329672987835,0.0970873786407767,PERCENTAGE_DIFFERENCE,,62.93774824146186,11.94,685,PASS,
670320,"Babysitting, childcare, daycare, preschool",EDUCATION_COMMUNICATION,Housing,LARGE,Q5,MEAN_ANNUAL_EXPENDITURE_PER_CONSUMER_UNIT,US dollars per consumer unit per year,1479.0,1461.880512057523,-17.119487942477008,-1.157504255745572,0.03380662609871535,PERCENTAGE_DIFFERENCE,,141.40608835114713,9.67,1304,PASS,
690111,Computers and computer hardware for nonbusiness use,EDUCATION_COMMUNICATION,Housing,LARGE,All Consumer Units,MEAN_ANNUAL_EXPENDITURE_PER_CONSUMER_UNIT,US dollars per consumer unit per year,178.0,178.07175097547255,0.07175097547255405,0.04030953678233373,0.2808988764044944,PERCENTAGE_DIFFERENCE,,9.512962236277943,5.34,1155,PASS,
690111,Computers and computer hardware for nonbusiness use,EDUCATION_COMMUNICATION,Housing,LARGE,Q1,MEAN_ANNUAL_EXPENDITURE_PER_CONSUMER_UNIT,US dollars per consumer unit per year,87.0,87.09022957798211,0.0902295779821145,0.10371215860013161,0.5747126436781609,PERCENTAGE_DIFFERENCE,,8.336110285111278,9.61,128,PASS,
690111,Computers and computer hardware for nonbusiness use,EDUCATION_COMMUNICATION,Housing,LARGE,Q2,MEAN_ANNUAL_EXPENDITURE_PER_CONSUMER_UNIT,US dollars per consumer unit per year,71.0,70.48684211274299,-0.5131578872570088,-0.7227575876859279,0.704225352112676,PERCENTAGE_DIFFERENCE,,10.358695284843456,15.06,147,PASS,
690111,Computers and computer hardware for nonbusiness use,EDUCATION_COMMUNICATION,Housing,LARGE,Q3,MEAN_ANNUAL_EXPENDITURE_PER_CONSUMER_UNIT,US dollars per consumer unit per year,141.0,149.9603220934456,8.960322093445598,6.354838364145814,0.3546099290780142,PERCENTAGE_DIFFERENCE,,13.65695110298566,9.85,209,PASS,
690111,Computers and computer hardware for nonbusiness use,EDUCATION_COMMUNICATION,Housing,LARGE,Q4,MEAN_ANNUAL_EXPENDITURE_PER_CONSUMER_UNIT,US dollars per consumer unit per year,176.0,169.08334518019836,-6.916654819801636,-3.9299175112509293,0.2840909090909091,PERCENTAGE_DIFFERENCE,,18.84348215826436,11.66,242,PASS,
690111,Computers and computer hardware for nonbusiness use,EDUCATION_COMMUNICATION,Housing,LARGE,Q5,MEAN_ANNUAL_EXPENDITURE_PER_CONSUMER_UNIT,US dollars per consumer unit per year,413.0,409.2076600971924,-3.792339902807612,-0.9182421072173395,0.12106537530266344,PERCENTAGE_DIFFERENCE,,33.9681480920946,8.37,429,PASS,
690113,Repair of computer systems for nonbusiness use,EDUCATION_COMMUNICATION,Housing,SMALL,All Consumer Units,MEAN_ANNUAL_EXPENDITURE_PER_CONSUMER_UNIT,US dollars per consumer unit per year,8.0,7.528116842362146,-0.47188315763785393,-5.898539470473175,6.25,ABSOLUTE_DIFFERENCE,0.04718831576378539,1.1741777517081449,15.6,442,PASS,"published mean is below the small-value floor; judged on absolute difference because LB01 publishes the mean as a whole number, so rounding alone can move it by 6.2 percent"
690113,Repair of computer systems for nonbusiness use,EDUCATION_COMMUNICATION,Housing,SMALL,Q1,MEAN_ANNUAL_EXPENDITURE_PER_CONSUMER_UNIT,US dollars per consumer unit per year,4.0,4.055764843187084,0.055764843187083635,1.3941210796770909,12.5,ABSOLUTE_DIFFERENCE,0.005576484318708363,1.2971602631953512,31.97,33,PASS,"published mean is below the small-value floor; judged on absolute difference because LB01 publishes the mean as a whole number, so rounding alone can move it by 12.5 percent"
690113,Repair of computer systems for nonbusiness use,EDUCATION_COMMUNICATION,Housing,SMALL,Q2,MEAN_ANNUAL_EXPENDITURE_PER_CONSUMER_UNIT,US dollars per consumer unit per year,5.0,5.508661573038503,0.5086615730385029,10.173231460770058,10.0,ABSOLUTE_DIFFERENCE,0.05086615730385029,1.4213165738247526,26.07,63,PASS,"published mean is below the small-value floor; judged on absolute difference because LB01 publishes the mean as a whole number, so rounding alone can move it by 10.0 percent"
690113,Repair of computer systems for nonbusiness use,EDUCATION_COMMUNICATION,Housing,SMALL,Q3,MEAN_ANNUAL_EXPENDITURE_PER_CONSUMER_UNIT,US dollars per consumer unit per year,5.0,4.953591944250857,-0.04640805574914264,-0.9281611149828528,10.0,ABSOLUTE_DIFFERENCE,0.004640805574914264,1.0420029352748843,22.73,79,PASS,"published mean is below the small-value floor; judged on absolute difference because LB01 publishes the mean as a whole number, so rounding alone can move it by 10.0 percent"
690113,Repair of computer systems for nonbusiness use,EDUCATION_COMMUNICATION,Housing,SMALL,Q4,MEAN_ANNUAL_EXPENDITURE_PER_CONSUMER_UNIT,US dollars per consumer unit per year,10.0,7.488228218382643,-2.511771781617357,-25.11771781617357,5.0,PERCENTAGE_DIFFERENCE,,1.689185474987533,28.17,93,FAIL,
690113,Repair of computer systems for nonbusiness use,EDUCATION_COMMUNICATION,Housing,SMALL,Q5,MEAN_ANNUAL_EXPENDITURE_PER_CONSUMER_UNIT,US dollars per consumer unit per year,13.0,15.44573881531735,2.44573881531735,18.813375502441154,3.8461538461538463,PERCENTAGE_DIFFERENCE,,4.71273687308004,20.54,174,FAIL,
690114,Computer information services (internet),EDUCATION_COMMUNICATION,Housing,LARGE,All Consumer Units,MEAN_ANNUAL_EXPENDITURE_PER_CONSUMER_UNIT,US dollars per consumer unit per year,698.0,697.9372015754036,-0.0627984245963944,-0.008996908967964814,0.07163323782234957,PERCENTAGE_DIFFERENCE,,10.176302921708944,1.45,44009,PASS,
690114,Computer information services (internet),EDUCATION_COMMUNICATION,Housing,LARGE,Q1,MEAN_ANNUAL_EXPENDITURE_PER_CONSUMER_UNIT,US dollars per consumer unit per year,413.0,413.56942422180225,0.5694242218022509,0.13787511423783316,0.12106537530266344,PERCENTAGE_DIFFERENCE,,14.402522168438612,3.42,6376,PASS,
690114,Computer information services (internet),EDUCATION_COMMUNICATION,Housing,LARGE,Q2,MEAN_ANNUAL_EXPENDITURE_PER_CONSUMER_UNIT,US dollars per consumer unit per year,605.0,605.1257655823583,0.12576558235832636,0.020787699563359727,0.08264462809917356,PERCENTAGE_DIFFERENCE,,14.533416379447646,2.41,8433,PASS,
690114,Computer information services (internet),EDUCATION_COMMUNICATION,Housing,LARGE,Q3,MEAN_ANNUAL_EXPENDITURE_PER_CONSUMER_UNIT,US dollars per consumer unit per year,726.0,727.476561582575,1.4765615825749592,0.2033831380957244,0.06887052341597796,PERCENTAGE_DIFFERENCE,,16.534219542876386,2.26,8864,PASS,
690114,Computer information services (internet),EDUCATION_COMMUNICATION,Housing,LARGE,Q4,MEAN_ANNUAL_EXPENDITURE_PER_CONSUMER_UNIT,US dollars per consumer unit per year,816.0,813.9222108973962,-2.077789102603788,-0.2546310174759544,0.061274509803921566,PERCENTAGE_DIFFERENCE,,13.022775608891022,1.74,9704,PASS,
690114,Computer information services (internet),EDUCATION_COMMUNICATION,Housing,LARGE,Q5,MEAN_ANNUAL_EXPENDITURE_PER_CONSUMER_UNIT,US dollars per consumer unit per year,927.0,925.3354838163962,-1.664516183603837,-0.17955945885694033,0.05393743257820928,PERCENTAGE_DIFFERENCE,,12.917729026081366,1.4,10632,PASS,
690116,Internet services away from home,EDUCATION_COMMUNICATION,Housing,SMALL,All Consumer Units,MEAN_ANNUAL_EXPENDITURE_PER_CONSUMER_UNIT,US dollars per consumer unit per year,4.0,3.636397368809854,-0.36360263119014613,-9.090065779753653,12.5,ABSOLUTE_DIFFERENCE,0.036360263119014614,0.3946458004073992,10.85,876,PASS,"published mean is below the small-value floor; judged on absolute difference because LB01 publishes the mean as a whole number, so rounding alone can move it by 12.5 percent"
690116,Internet services away from home,EDUCATION_COMMUNICATION,Housing,SMALL,Q1,MEAN_ANNUAL_EXPENDITURE_PER_CONSUMER_UNIT,US dollars per consumer unit per year,1.0,1.2985074398735246,0.29850743987352457,29.85074398735246,50.0,ABSOLUTE_DIFFERENCE,0.029850743987352456,0.49772738705001407,40.6,56,PASS,"published mean is below the small-value floor; judged on absolute difference because LB01 publishes the mean as a whole number, so rounding alone can move it by 50.0 percent"
690116,Internet services away from home,EDUCATION_COMMUNICATION,Housing,SMALL,Q2,MEAN_ANNUAL_EXPENDITURE_PER_CONSUMER_UNIT,US dollars per consumer unit per year,1.0,1.1144996146290511,0.11449961462905112,11.449961462905112,50.0,ABSOLUTE_DIFFERENCE,0.011449961462905112,0.3522253707360114,29.44,65,PASS,"published mean is below the small-value floor; judged on absolute difference because LB01 publishes the mean as a whole number, so rounding alone can move it by 50.0 percent"
690116,Internet services away from home,EDUCATION_COMMUNICATION,Housing,SMALL,Q3,MEAN_ANNUAL_EXPENDITURE_PER_CONSUMER_UNIT,US dollars per consumer unit per year,4.0,4.284216852045204,0.28421685204520397,7.105421301130099,12.5,ABSOLUTE_DIFFERENCE,0.028421685204520396,1.2592012158867336,30.19,147,PASS,"published mean is below the small-value floor; judged on absolute difference because LB01 publishes the mean as a whole number, so rounding alone can move it by 12.5 percent"
690116,Internet services away from home,EDUCATION_COMMUNICATION,Housing,SMALL,Q4,MEAN_ANNUAL_EXPENDITURE_PER_CONSUMER_UNIT,US dollars per consumer unit per year,4.0,3.879589062067734,-0.1204109379322662,-3.010273448306655,12.5,ABSOLUTE_DIFFERENCE,0.01204109379322662,0.5083707493123826,12.75,214,PASS,"published mean is below the small-value floor; judged on absolute difference because LB01 publishes the mean as a whole number, so rounding alone can move it by 12.5 percent"
690116,Internet services away from home,EDUCATION_COMMUNICATION,Housing,SMALL,Q5,MEAN_ANNUAL_EXPENDITURE_PER_CONSUMER_UNIT,US dollars per consumer unit per year,7.0,7.546886746001364,0.5468867460013644,7.812667800019492,7.142857142857143,ABSOLUTE_DIFFERENCE,0.05468867460013645,1.1927579731174731,15.64,394,PASS,"published mean is below the small-value floor; judged on absolute difference because LB01 publishes the mean as a whole number, so rounding alone can move it by 7.1 percent"
690117,Portable memory,EDUCATION_COMMUNICATION,Housing,SMALL,All Consumer Units,MEAN_ANNUAL_EXPENDITURE_PER_CONSUMER_UNIT,US dollars per consumer unit per year,4.0,3.75485392705704,-0.2451460729429602,-6.128651823574005,12.5,ABSOLUTE_DIFFERENCE,0.02451460729429602,0.4131018184093189,11.0,277,PASS,"published mean is below the small-value floor; judged on absolute difference because LB01 publishes the mean as a whole number, so rounding alone can move it by 12.5 percent"
690117,Portable memory,EDUCATION_COMMUNICATION,Housing,SMALL,Q1,MEAN_ANNUAL_EXPENDITURE_PER_CONSUMER_UNIT,US dollars per consumer unit per year,3.0,2.578045589721518,-0.4219544102784818,-14.065147009282725,16.666666666666668,ABSOLUTE_DIFFERENCE,0.04219544102784818,0.6628426265244192,25.79,33,PASS,"published mean is below the small-value floor; judged on absolute difference because LB01 publishes the mean as a whole number, so rounding alone can move it by 16.7 percent"
690117,Portable memory,EDUCATION_COMMUNICATION,Housing,SMALL,Q2,MEAN_ANNUAL_EXPENDITURE_PER_CONSUMER_UNIT,US dollars per consumer unit per year,2.0,1.8153153781367113,-0.1846846218632887,-9.234231093164436,25.0,ABSOLUTE_DIFFERENCE,0.01846846218632887,0.46960639905004614,25.74,42,PASS,"published mean is below the small-value floor; judged on absolute difference because LB01 publishes the mean as a whole number, so rounding alone can move it by 25.0 percent"
690117,Portable memory,EDUCATION_COMMUNICATION,Housing,SMALL,Q3,MEAN_ANNUAL_EXPENDITURE_PER_CONSUMER_UNIT,US dollars per consumer unit per year,5.0,4.270901251990312,-0.7290987480096884,-14.58197496019377,10.0,ABSOLUTE_DIFFERENCE,0.07290987480096885,1.6557088619744726,36.14,54,PASS,"published mean is below the small-value floor; judged on absolute difference because LB01 publishes the mean as a whole number, so rounding alone can move it by 10.0 percent"
690117,Portable memory,EDUCATION_COMMUNICATION,Housing,SMALL,Q4,MEAN_ANNUAL_EXPENDITURE_PER_CONSUMER_UNIT,US dollars per consumer unit per year,2.0,2.2314615870297603,0.23146158702976027,11.573079351488014,25.0,ABSOLUTE_DIFFERENCE,0.023146158702976028,0.44383560950493695,18.88,59,PASS,"published mean is below the small-value floor; judged on absolute difference because LB01 publishes the mean as a whole number, so rounding alone can move it by 25.0 percent"
690117,Portable memory,EDUCATION_COMMUNICATION,Housing,SMALL,Q5,MEAN_ANNUAL_EXPENDITURE_PER_CONSUMER_UNIT,US dollars per consumer unit per year,7.0,7.8211889824109475,0.8211889824109475,11.73127117729925,7.142857142857143,ABSOLUTE_DIFFERENCE,0.08211889824109475,1.4429343986418177,17.26,89,PASS,"published mean is below the small-value floor; judged on absolute difference because LB01 publishes the mean as a whole number, so rounding alone can move it by 7.1 percent"
690230,Business equipment for home use,EDUCATION_COMMUNICATION,Housing,SMALL,All Consumer Units,MEAN_ANNUAL_EXPENDITURE_PER_CONSUMER_UNIT,US dollars per consumer unit per year,3.0,2.5989522227594586,-0.4010477772405414,-13.368259241351382,16.666666666666668,ABSOLUTE_DIFFERENCE,0.040104777724054144,0.5563484786948362,21.41,98,PASS,"published mean is below the small-value floor; judged on absolute difference because LB01 publishes the mean as a whole number, so rounding alone can move it by 16.7 percent"
690230,Business equipment for home use,EDUCATION_COMMUNICATION,Housing,SMALL,Q1,MEAN_ANNUAL_EXPENDITURE_PER_CONSUMER_UNIT,US dollars per consumer unit per year,1.0,0.5899110365952435,-0.41008896340475653,-41.00889634047565,50.0,ABSOLUTE_DIFFERENCE,0.04100889634047565,0.21835797108968538,37.04,10,PASS,"published mean is below the small-value floor; judged on absolute difference because LB01 publishes the mean as a whole number, so rounding alone can move it by 50.0 percent"
690230,Business equipment for home use,EDUCATION_COMMUNICATION,Housing,SMALL,Q2,MEAN_ANNUAL_EXPENDITURE_PER_CONSUMER_UNIT,US dollars per consumer unit per year,1.0,1.0122241598551263,0.01222415985512626,1.222415985512626,50.0,ABSOLUTE_DIFFERENCE,0.001222415985512626,0.5407311260556137,53.53,11,PASS,"published mean is below the small-value floor; judged on absolute difference because LB01 publishes the mean as a whole number, so rounding alone can move it by 50.0 percent"
690230,Business equipment for home use,EDUCATION_COMMUNICATION,Housing,SMALL,Q3,MEAN_ANNUAL_EXPENDITURE_PER_CONSUMER_UNIT,US dollars per consumer unit per year,2.0,2.5137663016936647,0.5137663016936647,25.688315084683232,25.0,ABSOLUTE_DIFFERENCE,0.051376630169366465,0.9099130174920584,39.19,18,PASS,"published mean is below the small-value floor; judged on absolute difference because LB01 publishes the mean as a whole number, so rounding alone can move it by 25.0 percent"
690230,Business equipment for home use,EDUCATION_COMMUNICATION,Housing,SMALL,Q4,MEAN_ANNUAL_EXPENDITURE_PER_CONSUMER_UNIT,US dollars per consumer unit per year,4.0,3.4734546784681855,-0.5265453215318145,-13.163633038295364,12.5,ABSOLUTE_DIFFERENCE,0.05265453215318146,1.6494198280713535,46.81,21,PASS,"published mean is below the small-value floor; judged on absolute difference because LB01 publishes the mean as a whole number, so rounding alone can move it by 12.5 percent"
690230,Business equipment for home use,EDUCATION_COMMUNICATION,Housing,SMALL,Q5,MEAN_ANNUAL_EXPENDITURE_PER_CONSUMER_UNIT,US dollars per consumer unit per year,6.0,5.351806741908348,-0.6481932580916521,-10.803220968194202,8.333333333333334,ABSOLUTE_DIFFERENCE,0.0648193258091652,1.530440773505677,27.82,38,PASS,"published mean is below the small-value floor; judged on absolute difference because LB01 publishes the mean as a whole number, so rounding alone can move it by 8.3 percent"
690244,Other household appliances (renter),HOUSEHOLD_FURNISHINGS_OPERATIONS,Housing,SMALL,All Consumer Units,MEAN_ANNUAL_EXPENDITURE_PER_CONSUMER_UNIT,US dollars per consumer unit per year,3.0,3.102916102415855,0.10291610241585492,3.430536747195164,16.666666666666668,ABSOLUTE_DIFFERENCE,0.01029161024158549,0.5426689177906224,17.49,107,PASS,"published mean is below the small-value floor; judged on absolute difference because LB01 publishes the mean as a whole number, so rounding alone can move it by 16.7 percent"
690244,Other household appliances (renter),HOUSEHOLD_FURNISHINGS_OPERATIONS,Housing,SMALL,Q1,MEAN_ANNUAL_EXPENDITURE_PER_CONSUMER_UNIT,US dollars per consumer unit per year,3.0,2.5400908140646954,-0.4599091859353046,-15.330306197843486,16.666666666666668,ABSOLUTE_DIFFERENCE,0.04599091859353046,0.8461800270891708,33.18,31,PASS,"published mean is below the small-value floor; judged on absolute difference because LB01 publishes the mean as a whole number, so rounding alone can move it by 16.7 percent"
690244,Other household appliances (renter),HOUSEHOLD_FURNISHINGS_OPERATIONS,Housing,SMALL,Q2,MEAN_ANNUAL_EXPENDITURE_PER_CONSUMER_UNIT,US dollars per consumer unit per year,3.0,3.475134870305896,0.47513487030589596,15.83782901019653,16.666666666666668,ABSOLUTE_DIFFERENCE,0.04751348703058959,1.2421372262088506,35.72,19,PASS,"published mean is below the small-value floor; judged on absolute difference because LB01 publishes the mean as a whole number, so rounding alone can move it by 16.7 percent"
690244,Other household appliances (renter),HOUSEHOLD_FURNISHINGS_OPERATIONS,Housing,SMALL,Q3,MEAN_ANNUAL_EXPENDITURE_PER_CONSUMER_UNIT,US dollars per consumer unit per year,2.0,2.2904754994419934,0.29047549944199336,14.523774972099668,25.0,ABSOLUTE_DIFFERENCE,0.029047549944199336,0.8327327247502169,35.49,18,PASS,"published mean is below the small-value floor; judged on absolute difference because LB01 publishes the mean as a whole number, so rounding alone can move it by 25.0 percent"
690244,Other household appliances (renter),HOUSEHOLD_FURNISHINGS_OPERATIONS,Housing,SMALL,Q4,MEAN_ANNUAL_EXPENDITURE_PER_CONSUMER_UNIT,US dollars per consumer unit per year,5.0,3.630710143805552,-1.369289856194448,-27.38579712388896,10.0,ABSOLUTE_DIFFERENCE,0.1369289856194448,1.3196168428644057,35.32,21,PASS,"published mean is below the small-value floor; judged on absolute difference because LB01 publishes the mean as a whole number, so rounding alone can move it by 10.0 percent"
690244,Other household appliances (renter),HOUSEHOLD_FURNISHINGS_OPERATIONS,Housing,SMALL,Q5,MEAN_ANNUAL_EXPENDITURE_PER_CONSUMER_UNIT,US dollars per consumer unit per year,2.0,3.55249511602536,1.55249511602536,77.624755801268,25.0,ABSOLUTE_DIFFERENCE,0.155249511602536,1.598049515190357,43.76,18,PASS,"published mean is below the small-value floor; judged on absolute difference because LB01 publishes the mean as a whole number, so rounding alone can move it by 25.0 percent"
690245,Other household appliances (owned home),HOUSEHOLD_FURNISHINGS_OPERATIONS,Housing,SMALL,All Consumer Units,MEAN_ANNUAL_EXPENDITURE_PER_CONSUMER_UNIT,US dollars per consumer unit per year,12.0,12.186400367020944,0.1864003670209442,1.5533363918412018,4.166666666666667,PERCENTAGE_DIFFERENCE,,2.3663358819360383,19.24,301,PASS,
690245,Other household appliances (owned home),HOUSEHOLD_FURNISHINGS_OPERATIONS,Housing,SMALL,Q1,MEAN_ANNUAL_EXPENDITURE_PER_CONSUMER_UNIT,US dollars per consumer unit per year,10.0,10.143285366850352,0.14328536685035154,1.4328536685035154,5.0,PERCENTAGE_DIFFERENCE,,7.816449262677071,76.97,24,PASS,
690245,Other household appliances (owned home),HOUSEHOLD_FURNISHINGS_OPERATIONS,Housing,SMALL,Q2,MEAN_ANNUAL_EXPENDITURE_PER_CONSUMER_UNIT,US dollars per consumer unit per year,7.0,6.687228368485551,-0.3127716315144493,-4.468166164492133,7.142857142857143,ABSOLUTE_DIFFERENCE,0.03127716315144493,1.7959619455515952,26.08,38,PASS,"published mean is below the small-value floor; judged on absolute difference because LB01 publishes the mean as a whole number, so rounding alone can move it by 7.1 percent"
690245,Other household appliances (owned home),HOUSEHOLD_FURNISHINGS_OPERATIONS,Housing,SMALL,Q3,MEAN_ANNUAL_EXPENDITURE_PER_CONSUMER_UNIT,US dollars per consumer unit per year,10.0,9.204465788379213,-0.7955342116207866,-7.955342116207866,5.0,PERCENTAGE_DIFFERENCE,,2.917986434742809,30.41,40,PASS,
690245,Other household appliances (owned home),HOUSEHOLD_FURNISHINGS_OPERATIONS,Housing,SMALL,Q4,MEAN_ANNUAL_EXPENDITURE_PER_CONSUMER_UNIT,US dollars per consumer unit per year,12.0,10.880204807738934,-1.1197951922610656,-9.331626602175547,4.166666666666667,PERCENTAGE_DIFFERENCE,,3.0394667945550102,27.01,84,PASS,
690245,Other household appliances (owned home),HOUSEHOLD_FURNISHINGS_OPERATIONS,Housing,SMALL,Q5,MEAN_ANNUAL_EXPENDITURE_PER_CONSUMER_UNIT,US dollars per consumer unit per year,23.0,23.770449047400376,0.7704490474003762,3.3497784669581576,2.1739130434782608,PERCENTAGE_DIFFERENCE,,6.893537496686466,29.65,115,PASS,
