ucc,population,ucc_label,ce_stub_parent,domain_label,provenance_class,source_class,amount_source,pumd_membership,pumd_quantitative_usability,cpi_adjustment_status,concordance_elis,dmi_node,m1_mapping_status,source_amount_millions,source_amount_status,source_amount_rse_pct,source_amount_high_rse_flag,governing_rule_id,governing_registry_artifact_id,rule_type,review_status,canonical_rule_state,ucc_rule_role,proposed_track_a_status,effective_track_a_status,rule_blocker_kind,predecessor_rule_id,pending_rule_effect_on_amount,track_a_disposition,retained_amount,excluded_amount,removed_for_replacement_amount,replacement_amount,transformed_amount,pending_amount,open_amount,withheld_amount,replacement_group_id,replacement_role,normalization_state,note
010119,ALL_CU,Flour and prepared flour mixes,FOODTOTL,Food,DIRECT_CONCORDANCE_UCC,PUBLISHED_CE_BASIS,LABSTAT_PUBLISHED,NOT_VERIFIED,NOT_ESTABLISHED,UNKNOWN,FA011,FOOD,DIRECT,4181.000000,OBSERVED,5.010000,false,,,,,NOT_APPLICABLE,UNCLAIMED,,,,,NOT_APPLICABLE,RETAINED,4181.000000,,,,,,,,,NOT_APPLICABLE,ELIGIBLE,
010119,Q1,Flour and prepared flour mixes,FOODTOTL,Food,DIRECT_CONCORDANCE_UCC,PUBLISHED_CE_BASIS,LABSTAT_PUBLISHED,NOT_VERIFIED,NOT_ESTABLISHED,UNKNOWN,FA011,FOOD,DIRECT,625.000000,OBSERVED,15.550000,false,,,,,NOT_APPLICABLE,UNCLAIMED,,,,,NOT_APPLICABLE,RETAINED,625.000000,,,,,,,,,NOT_APPLICABLE,ELIGIBLE,
010119,Q2,Flour and prepared flour mixes,FOODTOTL,Food,DIRECT_CONCORDANCE_UCC,PUBLISHED_CE_BASIS,LABSTAT_PUBLISHED,NOT_VERIFIED,NOT_ESTABLISHED,UNKNOWN,FA011,FOOD,DIRECT,636.000000,OBSERVED,11.470000,false,,,,,NOT_APPLICABLE,UNCLAIMED,,,,,NOT_APPLICABLE,RETAINED,636.000000,,,,,,,,,NOT_APPLICABLE,ELIGIBLE,
010119,Q3,Flour and prepared flour mixes,FOODTOTL,Food,DIRECT_CONCORDANCE_UCC,PUBLISHED_CE_BASIS,LABSTAT_PUBLISHED,NOT_VERIFIED,NOT_ESTABLISHED,UNKNOWN,FA011,FOOD,DIRECT,714.000000,OBSERVED,9.270000,false,,,,,NOT_APPLICABLE,UNCLAIMED,,,,,NOT_APPLICABLE,RETAINED,714.000000,,,,,,,,,NOT_APPLICABLE,ELIGIBLE,
010119,Q4,Flour and prepared flour mixes,FOODTOTL,Food,DIRECT_CONCORDANCE_UCC,PUBLISHED_CE_BASIS,LABSTAT_PUBLISHED,NOT_VERIFIED,NOT_ESTABLISHED,UNKNOWN,FA011,FOOD,DIRECT,890.000000,OBSERVED,9.610000,false,,,,,NOT_APPLICABLE,UNCLAIMED,,,,,NOT_APPLICABLE,RETAINED,890.000000,,,,,,,,,NOT_APPLICABLE,ELIGIBLE,
010119,Q5,Flour and prepared flour mixes,FOODTOTL,Food,DIRECT_CONCORDANCE_UCC,PUBLISHED_CE_BASIS,LABSTAT_PUBLISHED,NOT_VERIFIED,NOT_ESTABLISHED,UNKNOWN,FA011,FOOD,DIRECT,1317.000000,OBSERVED,8.880000,false,,,,,NOT_APPLICABLE,UNCLAIMED,,,,,NOT_APPLICABLE,RETAINED,1317.000000,,,,,,,,,NOT_APPLICABLE,ELIGIBLE,
010210,ALL_CU,"Cereal, breakfast, and granola bars",FOODTOTL,Food,DIRECT_CONCORDANCE_UCC,PUBLISHED_CE_BASIS,LABSTAT_PUBLISHED,NOT_VERIFIED,NOT_ESTABLISHED,UNKNOWN,FA021,FOOD,DIRECT,13691.000000,OBSERVED,3.230000,false,,,,,NOT_APPLICABLE,UNCLAIMED,,,,,NOT_APPLICABLE,RETAINED,13691.000000,,,,,,,,,NOT_APPLICABLE,ELIGIBLE,
010210,Q1,"Cereal, breakfast, and granola bars",FOODTOTL,Food,DIRECT_CONCORDANCE_UCC,PUBLISHED_CE_BASIS,LABSTAT_PUBLISHED,NOT_VERIFIED,NOT_ESTABLISHED,UNKNOWN,FA021,FOOD,DIRECT,1733.000000,OBSERVED,8.170000,false,,,,,NOT_APPLICABLE,UNCLAIMED,,,,,NOT_APPLICABLE,RETAINED,1733.000000,,,,,,,,,NOT_APPLICABLE,ELIGIBLE,
010210,Q2,"Cereal, breakfast, and granola bars",FOODTOTL,Food,DIRECT_CONCORDANCE_UCC,PUBLISHED_CE_BASIS,LABSTAT_PUBLISHED,NOT_VERIFIED,NOT_ESTABLISHED,UNKNOWN,FA021,FOOD,DIRECT,2164.000000,OBSERVED,9.110000,false,,,,,NOT_APPLICABLE,UNCLAIMED,,,,,NOT_APPLICABLE,RETAINED,2164.000000,,,,,,,,,NOT_APPLICABLE,ELIGIBLE,
010210,Q3,"Cereal, breakfast, and granola bars",FOODTOTL,Food,DIRECT_CONCORDANCE_UCC,PUBLISHED_CE_BASIS,LABSTAT_PUBLISHED,NOT_VERIFIED,NOT_ESTABLISHED,UNKNOWN,FA021,FOOD,DIRECT,2451.000000,OBSERVED,5.260000,false,,,,,NOT_APPLICABLE,UNCLAIMED,,,,,NOT_APPLICABLE,RETAINED,2451.000000,,,,,,,,,NOT_APPLICABLE,ELIGIBLE,
010210,Q4,"Cereal, breakfast, and granola bars",FOODTOTL,Food,DIRECT_CONCORDANCE_UCC,PUBLISHED_CE_BASIS,LABSTAT_PUBLISHED,NOT_VERIFIED,NOT_ESTABLISHED,UNKNOWN,FA021,FOOD,DIRECT,3163.000000,OBSERVED,5.120000,false,,,,,NOT_APPLICABLE,UNCLAIMED,,,,,NOT_APPLICABLE,RETAINED,3163.000000,,,,,,,,,NOT_APPLICABLE,ELIGIBLE,
010210,Q5,"Cereal, breakfast, and granola bars",FOODTOTL,Food,DIRECT_CONCORDANCE_UCC,PUBLISHED_CE_BASIS,LABSTAT_PUBLISHED,NOT_VERIFIED,NOT_ESTABLISHED,UNKNOWN,FA021,FOOD,DIRECT,4180.000000,OBSERVED,6.850000,false,,,,,NOT_APPLICABLE,UNCLAIMED,,,,,NOT_APPLICABLE,RETAINED,4180.000000,,,,,,,,,NOT_APPLICABLE,ELIGIBLE,
010310,ALL_CU,Rice,FOODTOTL,Food,DIRECT_CONCORDANCE_UCC,PUBLISHED_CE_BASIS,LABSTAT_PUBLISHED,NOT_VERIFIED,NOT_ESTABLISHED,UNKNOWN,FA031,FOOD,DIRECT,6332.000000,OBSERVED,4.300000,false,,,,,NOT_APPLICABLE,UNCLAIMED,,,,,NOT_APPLICABLE,RETAINED,6332.000000,,,,,,,,,NOT_APPLICABLE,ELIGIBLE,
010310,Q1,Rice,FOODTOTL,Food,DIRECT_CONCORDANCE_UCC,PUBLISHED_CE_BASIS,LABSTAT_PUBLISHED,NOT_VERIFIED,NOT_ESTABLISHED,UNKNOWN,FA031,FOOD,DIRECT,838.000000,OBSERVED,11.890000,false,,,,,NOT_APPLICABLE,UNCLAIMED,,,,,NOT_APPLICABLE,RETAINED,838.000000,,,,,,,,,NOT_APPLICABLE,ELIGIBLE,
010310,Q2,Rice,FOODTOTL,Food,DIRECT_CONCORDANCE_UCC,PUBLISHED_CE_BASIS,LABSTAT_PUBLISHED,NOT_VERIFIED,NOT_ESTABLISHED,UNKNOWN,FA031,FOOD,DIRECT,1141.000000,OBSERVED,11.780000,false,,,,,NOT_APPLICABLE,UNCLAIMED,,,,,NOT_APPLICABLE,RETAINED,1141.000000,,,,,,,,,NOT_APPLICABLE,ELIGIBLE,
010310,Q3,Rice,FOODTOTL,Food,DIRECT_CONCORDANCE_UCC,PUBLISHED_CE_BASIS,LABSTAT_PUBLISHED,NOT_VERIFIED,NOT_ESTABLISHED,UNKNOWN,FA031,FOOD,DIRECT,1375.000000,OBSERVED,8.950000,false,,,,,NOT_APPLICABLE,UNCLAIMED,,,,,NOT_APPLICABLE,RETAINED,1375.000000,,,,,,,,,NOT_APPLICABLE,ELIGIBLE,
010310,Q4,Rice,FOODTOTL,Food,DIRECT_CONCORDANCE_UCC,PUBLISHED_CE_BASIS,LABSTAT_PUBLISHED,NOT_VERIFIED,NOT_ESTABLISHED,UNKNOWN,FA031,FOOD,DIRECT,1397.000000,OBSERVED,8.450000,false,,,,,NOT_APPLICABLE,UNCLAIMED,,,,,NOT_APPLICABLE,RETAINED,1397.000000,,,,,,,,,NOT_APPLICABLE,ELIGIBLE,
010310,Q5,Rice,FOODTOTL,Food,DIRECT_CONCORDANCE_UCC,PUBLISHED_CE_BASIS,LABSTAT_PUBLISHED,NOT_VERIFIED,NOT_ESTABLISHED,UNKNOWN,FA031,FOOD,DIRECT,1581.000000,OBSERVED,5.880000,false,,,,,NOT_APPLICABLE,UNCLAIMED,,,,,NOT_APPLICABLE,RETAINED,1581.000000,,,,,,,,,NOT_APPLICABLE,ELIGIBLE,
010320,ALL_CU,"Pasta, cornmeal, and other cereal products",FOODTOTL,Food,DIRECT_CONCORDANCE_UCC,PUBLISHED_CE_BASIS,LABSTAT_PUBLISHED,NOT_VERIFIED,NOT_ESTABLISHED,UNKNOWN,FA031,FOOD,DIRECT,8245.000000,OBSERVED,3.050000,false,,,,,NOT_APPLICABLE,UNCLAIMED,,,,,NOT_APPLICABLE,RETAINED,8245.000000,,,,,,,,,NOT_APPLICABLE,ELIGIBLE,
010320,Q1,"Pasta, cornmeal, and other cereal products",FOODTOTL,Food,DIRECT_CONCORDANCE_UCC,PUBLISHED_CE_BASIS,LABSTAT_PUBLISHED,NOT_VERIFIED,NOT_ESTABLISHED,UNKNOWN,FA031,FOOD,DIRECT,1006.000000,OBSERVED,10.260000,false,,,,,NOT_APPLICABLE,UNCLAIMED,,,,,NOT_APPLICABLE,RETAINED,1006.000000,,,,,,,,,NOT_APPLICABLE,ELIGIBLE,
010320,Q2,"Pasta, cornmeal, and other cereal products",FOODTOTL,Food,DIRECT_CONCORDANCE_UCC,PUBLISHED_CE_BASIS,LABSTAT_PUBLISHED,NOT_VERIFIED,NOT_ESTABLISHED,UNKNOWN,FA031,FOOD,DIRECT,1242.000000,OBSERVED,6.770000,false,,,,,NOT_APPLICABLE,UNCLAIMED,,,,,NOT_APPLICABLE,RETAINED,1242.000000,,,,,,,,,NOT_APPLICABLE,ELIGIBLE,
010320,Q3,"Pasta, cornmeal, and other cereal products",FOODTOTL,Food,DIRECT_CONCORDANCE_UCC,PUBLISHED_CE_BASIS,LABSTAT_PUBLISHED,NOT_VERIFIED,NOT_ESTABLISHED,UNKNOWN,FA031,FOOD,DIRECT,1487.000000,OBSERVED,6.250000,false,,,,,NOT_APPLICABLE,UNCLAIMED,,,,,NOT_APPLICABLE,RETAINED,1487.000000,,,,,,,,,NOT_APPLICABLE,ELIGIBLE,
010320,Q4,"Pasta, cornmeal, and other cereal products",FOODTOTL,Food,DIRECT_CONCORDANCE_UCC,PUBLISHED_CE_BASIS,LABSTAT_PUBLISHED,NOT_VERIFIED,NOT_ESTABLISHED,UNKNOWN,FA031,FOOD,DIRECT,1860.000000,OBSERVED,5.490000,false,,,,,NOT_APPLICABLE,UNCLAIMED,,,,,NOT_APPLICABLE,RETAINED,1860.000000,,,,,,,,,NOT_APPLICABLE,ELIGIBLE,
010320,Q5,"Pasta, cornmeal, and other cereal products",FOODTOTL,Food,DIRECT_CONCORDANCE_UCC,PUBLISHED_CE_BASIS,LABSTAT_PUBLISHED,NOT_VERIFIED,NOT_ESTABLISHED,UNKNOWN,FA031,FOOD,DIRECT,2651.000000,OBSERVED,5.540000,false,,,,,NOT_APPLICABLE,UNCLAIMED,,,,,NOT_APPLICABLE,RETAINED,2651.000000,,,,,,,,,NOT_APPLICABLE,ELIGIBLE,
020219,ALL_CU,Bread,FOODTOTL,Food,DIRECT_CONCORDANCE_UCC,PUBLISHED_CE_BASIS,LABSTAT_PUBLISHED,NOT_VERIFIED,NOT_ESTABLISHED,UNKNOWN,FB011,FOOD,DIRECT,17821.000000,OBSERVED,2.680000,false,,,,,NOT_APPLICABLE,UNCLAIMED,,,,,NOT_APPLICABLE,RETAINED,17821.000000,,,,,,,,,NOT_APPLICABLE,ELIGIBLE,
020219,Q1,Bread,FOODTOTL,Food,DIRECT_CONCORDANCE_UCC,PUBLISHED_CE_BASIS,LABSTAT_PUBLISHED,NOT_VERIFIED,NOT_ESTABLISHED,UNKNOWN,FB011,FOOD,DIRECT,2403.000000,OBSERVED,7.300000,false,,,,,NOT_APPLICABLE,UNCLAIMED,,,,,NOT_APPLICABLE,RETAINED,2403.000000,,,,,,,,,NOT_APPLICABLE,ELIGIBLE,
020219,Q2,Bread,FOODTOTL,Food,DIRECT_CONCORDANCE_UCC,PUBLISHED_CE_BASIS,LABSTAT_PUBLISHED,NOT_VERIFIED,NOT_ESTABLISHED,UNKNOWN,FB011,FOOD,DIRECT,3013.000000,OBSERVED,5.560000,false,,,,,NOT_APPLICABLE,UNCLAIMED,,,,,NOT_APPLICABLE,RETAINED,3013.000000,,,,,,,,,NOT_APPLICABLE,ELIGIBLE,
020219,Q3,Bread,FOODTOTL,Food,DIRECT_CONCORDANCE_UCC,PUBLISHED_CE_BASIS,LABSTAT_PUBLISHED,NOT_VERIFIED,NOT_ESTABLISHED,UNKNOWN,FB011,FOOD,DIRECT,3507.000000,OBSERVED,5.890000,false,,,,,NOT_APPLICABLE,UNCLAIMED,,,,,NOT_APPLICABLE,RETAINED,3507.000000,,,,,,,,,NOT_APPLICABLE,ELIGIBLE,
020219,Q4,Bread,FOODTOTL,Food,DIRECT_CONCORDANCE_UCC,PUBLISHED_CE_BASIS,LABSTAT_PUBLISHED,NOT_VERIFIED,NOT_ESTABLISHED,UNKNOWN,FB011,FOOD,DIRECT,3611.000000,OBSERVED,4.490000,false,,,,,NOT_APPLICABLE,UNCLAIMED,,,,,NOT_APPLICABLE,RETAINED,3611.000000,,,,,,,,,NOT_APPLICABLE,ELIGIBLE,
020219,Q5,Bread,FOODTOTL,Food,DIRECT_CONCORDANCE_UCC,PUBLISHED_CE_BASIS,LABSTAT_PUBLISHED,NOT_VERIFIED,NOT_ESTABLISHED,UNKNOWN,FB011,FOOD,DIRECT,5288.000000,OBSERVED,4.430000,false,,,,,NOT_APPLICABLE,UNCLAIMED,,,,,NOT_APPLICABLE,RETAINED,5288.000000,,,,,,,,,NOT_APPLICABLE,ELIGIBLE,
020310,ALL_CU,Biscuits and rolls,FOODTOTL,Food,DIRECT_CONCORDANCE_UCC,PUBLISHED_CE_BASIS,LABSTAT_PUBLISHED,NOT_VERIFIED,NOT_ESTABLISHED,UNKNOWN,FB021,FOOD,DIRECT,11963.000000,OBSERVED,3.010000,false,,,,,NOT_APPLICABLE,UNCLAIMED,,,,,NOT_APPLICABLE,RETAINED,11963.000000,,,,,,,,,NOT_APPLICABLE,ELIGIBLE,
020310,Q1,Biscuits and rolls,FOODTOTL,Food,DIRECT_CONCORDANCE_UCC,PUBLISHED_CE_BASIS,LABSTAT_PUBLISHED,NOT_VERIFIED,NOT_ESTABLISHED,UNKNOWN,FB021,FOOD,DIRECT,1405.000000,OBSERVED,7.470000,false,,,,,NOT_APPLICABLE,UNCLAIMED,,,,,NOT_APPLICABLE,RETAINED,1405.000000,,,,,,,,,NOT_APPLICABLE,ELIGIBLE,
020310,Q2,Biscuits and rolls,FOODTOTL,Food,DIRECT_CONCORDANCE_UCC,PUBLISHED_CE_BASIS,LABSTAT_PUBLISHED,NOT_VERIFIED,NOT_ESTABLISHED,UNKNOWN,FB021,FOOD,DIRECT,1993.000000,OBSERVED,9.750000,false,,,,,NOT_APPLICABLE,UNCLAIMED,,,,,NOT_APPLICABLE,RETAINED,1993.000000,,,,,,,,,NOT_APPLICABLE,ELIGIBLE,
020310,Q3,Biscuits and rolls,FOODTOTL,Food,DIRECT_CONCORDANCE_UCC,PUBLISHED_CE_BASIS,LABSTAT_PUBLISHED,NOT_VERIFIED,NOT_ESTABLISHED,UNKNOWN,FB021,FOOD,DIRECT,2368.000000,OBSERVED,5.700000,false,,,,,NOT_APPLICABLE,UNCLAIMED,,,,,NOT_APPLICABLE,RETAINED,2368.000000,,,,,,,,,NOT_APPLICABLE,ELIGIBLE,
020310,Q4,Biscuits and rolls,FOODTOTL,Food,DIRECT_CONCORDANCE_UCC,PUBLISHED_CE_BASIS,LABSTAT_PUBLISHED,NOT_VERIFIED,NOT_ESTABLISHED,UNKNOWN,FB021,FOOD,DIRECT,2735.000000,OBSERVED,5.480000,false,,,,,NOT_APPLICABLE,UNCLAIMED,,,,,NOT_APPLICABLE,RETAINED,2735.000000,,,,,,,,,NOT_APPLICABLE,ELIGIBLE,
020310,Q5,Biscuits and rolls,FOODTOTL,Food,DIRECT_CONCORDANCE_UCC,PUBLISHED_CE_BASIS,LABSTAT_PUBLISHED,NOT_VERIFIED,NOT_ESTABLISHED,UNKNOWN,FB021,FOOD,DIRECT,3462.000000,OBSERVED,5.130000,false,,,,,NOT_APPLICABLE,UNCLAIMED,,,,,NOT_APPLICABLE,RETAINED,3462.000000,,,,,,,,,NOT_APPLICABLE,ELIGIBLE,
020410,ALL_CU,Cakes and cupcakes,FOODTOTL,Food,DIRECT_CONCORDANCE_UCC,PUBLISHED_CE_BASIS,LABSTAT_PUBLISHED,NOT_VERIFIED,NOT_ESTABLISHED,UNKNOWN,FB031,FOOD,DIRECT,8679.000000,OBSERVED,5.040000,false,,,,,NOT_APPLICABLE,UNCLAIMED,,,,,NOT_APPLICABLE,RETAINED,8679.000000,,,,,,,,,NOT_APPLICABLE,ELIGIBLE,
020410,Q1,Cakes and cupcakes,FOODTOTL,Food,DIRECT_CONCORDANCE_UCC,PUBLISHED_CE_BASIS,LABSTAT_PUBLISHED,NOT_VERIFIED,NOT_ESTABLISHED,UNKNOWN,FB031,FOOD,DIRECT,1051.000000,OBSERVED,23.470000,false,,,,,NOT_APPLICABLE,UNCLAIMED,,,,,NOT_APPLICABLE,RETAINED,1051.000000,,,,,,,,,NOT_APPLICABLE,ELIGIBLE,
020410,Q2,Cakes and cupcakes,FOODTOTL,Food,DIRECT_CONCORDANCE_UCC,PUBLISHED_CE_BASIS,LABSTAT_PUBLISHED,NOT_VERIFIED,NOT_ESTABLISHED,UNKNOWN,FB031,FOOD,DIRECT,1285.000000,OBSERVED,9.260000,false,,,,,NOT_APPLICABLE,UNCLAIMED,,,,,NOT_APPLICABLE,RETAINED,1285.000000,,,,,,,,,NOT_APPLICABLE,ELIGIBLE,
020410,Q3,Cakes and cupcakes,FOODTOTL,Food,DIRECT_CONCORDANCE_UCC,PUBLISHED_CE_BASIS,LABSTAT_PUBLISHED,NOT_VERIFIED,NOT_ESTABLISHED,UNKNOWN,FB031,FOOD,DIRECT,1532.000000,OBSERVED,9.620000,false,,,,,NOT_APPLICABLE,UNCLAIMED,,,,,NOT_APPLICABLE,RETAINED,1532.000000,,,,,,,,,NOT_APPLICABLE,ELIGIBLE,
020410,Q4,Cakes and cupcakes,FOODTOTL,Food,DIRECT_CONCORDANCE_UCC,PUBLISHED_CE_BASIS,LABSTAT_PUBLISHED,NOT_VERIFIED,NOT_ESTABLISHED,UNKNOWN,FB031,FOOD,DIRECT,2079.000000,OBSERVED,7.710000,false,,,,,NOT_APPLICABLE,UNCLAIMED,,,,,NOT_APPLICABLE,RETAINED,2079.000000,,,,,,,,,NOT_APPLICABLE,ELIGIBLE,
020410,Q5,Cakes and cupcakes,FOODTOTL,Food,DIRECT_CONCORDANCE_UCC,PUBLISHED_CE_BASIS,LABSTAT_PUBLISHED,NOT_VERIFIED,NOT_ESTABLISHED,UNKNOWN,FB031,FOOD,DIRECT,2732.000000,OBSERVED,9.210000,false,,,,,NOT_APPLICABLE,UNCLAIMED,,,,,NOT_APPLICABLE,RETAINED,2732.000000,,,,,,,,,NOT_APPLICABLE,ELIGIBLE,
020510,ALL_CU,Cookies,FOODTOTL,Food,DIRECT_CONCORDANCE_UCC,PUBLISHED_CE_BASIS,LABSTAT_PUBLISHED,NOT_VERIFIED,NOT_ESTABLISHED,UNKNOWN,FB032,FOOD,DIRECT,12004.000000,OBSERVED,4.110000,false,,,,,NOT_APPLICABLE,UNCLAIMED,,,,,NOT_APPLICABLE,RETAINED,12004.000000,,,,,,,,,NOT_APPLICABLE,ELIGIBLE,
020510,Q1,Cookies,FOODTOTL,Food,DIRECT_CONCORDANCE_UCC,PUBLISHED_CE_BASIS,LABSTAT_PUBLISHED,NOT_VERIFIED,NOT_ESTABLISHED,UNKNOWN,FB032,FOOD,DIRECT,1794.000000,OBSERVED,12.500000,false,,,,,NOT_APPLICABLE,UNCLAIMED,,,,,NOT_APPLICABLE,RETAINED,1794.000000,,,,,,,,,NOT_APPLICABLE,ELIGIBLE,
020510,Q2,Cookies,FOODTOTL,Food,DIRECT_CONCORDANCE_UCC,PUBLISHED_CE_BASIS,LABSTAT_PUBLISHED,NOT_VERIFIED,NOT_ESTABLISHED,UNKNOWN,FB032,FOOD,DIRECT,2002.000000,OBSERVED,6.310000,false,,,,,NOT_APPLICABLE,UNCLAIMED,,,,,NOT_APPLICABLE,RETAINED,2002.000000,,,,,,,,,NOT_APPLICABLE,ELIGIBLE,
020510,Q3,Cookies,FOODTOTL,Food,DIRECT_CONCORDANCE_UCC,PUBLISHED_CE_BASIS,LABSTAT_PUBLISHED,NOT_VERIFIED,NOT_ESTABLISHED,UNKNOWN,FB032,FOOD,DIRECT,2308.000000,OBSERVED,9.730000,false,,,,,NOT_APPLICABLE,UNCLAIMED,,,,,NOT_APPLICABLE,RETAINED,2308.000000,,,,,,,,,NOT_APPLICABLE,ELIGIBLE,
020510,Q4,Cookies,FOODTOTL,Food,DIRECT_CONCORDANCE_UCC,PUBLISHED_CE_BASIS,LABSTAT_PUBLISHED,NOT_VERIFIED,NOT_ESTABLISHED,UNKNOWN,FB032,FOOD,DIRECT,2490.000000,OBSERVED,6.450000,false,,,,,NOT_APPLICABLE,UNCLAIMED,,,,,NOT_APPLICABLE,RETAINED,2490.000000,,,,,,,,,NOT_APPLICABLE,ELIGIBLE,
020510,Q5,Cookies,FOODTOTL,Food,DIRECT_CONCORDANCE_UCC,PUBLISHED_CE_BASIS,LABSTAT_PUBLISHED,NOT_VERIFIED,NOT_ESTABLISHED,UNKNOWN,FB032,FOOD,DIRECT,3410.000000,OBSERVED,6.210000,false,,,,,NOT_APPLICABLE,UNCLAIMED,,,,,NOT_APPLICABLE,RETAINED,3410.000000,,,,,,,,,NOT_APPLICABLE,ELIGIBLE,
020610,ALL_CU,Crackers,FOODTOTL,Food,DIRECT_CONCORDANCE_UCC,PUBLISHED_CE_BASIS,LABSTAT_PUBLISHED,NOT_VERIFIED,NOT_ESTABLISHED,UNKNOWN,FB041,FOOD,DIRECT,7146.000000,OBSERVED,3.060000,false,,,,,NOT_APPLICABLE,UNCLAIMED,,,,,NOT_APPLICABLE,RETAINED,7146.000000,,,,,,,,,NOT_APPLICABLE,ELIGIBLE,
020610,Q1,Crackers,FOODTOTL,Food,DIRECT_CONCORDANCE_UCC,PUBLISHED_CE_BASIS,LABSTAT_PUBLISHED,NOT_VERIFIED,NOT_ESTABLISHED,UNKNOWN,FB041,FOOD,DIRECT,814.000000,OBSERVED,7.120000,false,,,,,NOT_APPLICABLE,UNCLAIMED,,,,,NOT_APPLICABLE,RETAINED,814.000000,,,,,,,,,NOT_APPLICABLE,ELIGIBLE,
020610,Q2,Crackers,FOODTOTL,Food,DIRECT_CONCORDANCE_UCC,PUBLISHED_CE_BASIS,LABSTAT_PUBLISHED,NOT_VERIFIED,NOT_ESTABLISHED,UNKNOWN,FB041,FOOD,DIRECT,1048.000000,OBSERVED,7.220000,false,,,,,NOT_APPLICABLE,UNCLAIMED,,,,,NOT_APPLICABLE,RETAINED,1048.000000,,,,,,,,,NOT_APPLICABLE,ELIGIBLE,
020610,Q3,Crackers,FOODTOTL,Food,DIRECT_CONCORDANCE_UCC,PUBLISHED_CE_BASIS,LABSTAT_PUBLISHED,NOT_VERIFIED,NOT_ESTABLISHED,UNKNOWN,FB041,FOOD,DIRECT,1362.000000,OBSERVED,6.340000,false,,,,,NOT_APPLICABLE,UNCLAIMED,,,,,NOT_APPLICABLE,RETAINED,1362.000000,,,,,,,,,NOT_APPLICABLE,ELIGIBLE,
020610,Q4,Crackers,FOODTOTL,Food,DIRECT_CONCORDANCE_UCC,PUBLISHED_CE_BASIS,LABSTAT_PUBLISHED,NOT_VERIFIED,NOT_ESTABLISHED,UNKNOWN,FB041,FOOD,DIRECT,1732.000000,OBSERVED,7.140000,false,,,,,NOT_APPLICABLE,UNCLAIMED,,,,,NOT_APPLICABLE,RETAINED,1732.000000,,,,,,,,,NOT_APPLICABLE,ELIGIBLE,
020610,Q5,Crackers,FOODTOTL,Food,DIRECT_CONCORDANCE_UCC,PUBLISHED_CE_BASIS,LABSTAT_PUBLISHED,NOT_VERIFIED,NOT_ESTABLISHED,UNKNOWN,FB041,FOOD,DIRECT,2190.000000,OBSERVED,6.010000,false,,,,,NOT_APPLICABLE,UNCLAIMED,,,,,NOT_APPLICABLE,RETAINED,2190.000000,,,,,,,,,NOT_APPLICABLE,ELIGIBLE,
020620,ALL_CU,Bread and cracker products,FOODTOTL,Food,DIRECT_CONCORDANCE_UCC,PUBLISHED_CE_BASIS,LABSTAT_PUBLISHED,NOT_VERIFIED,NOT_ESTABLISHED,UNKNOWN,FB041,FOOD,DIRECT,1033.000000,OBSERVED,6.040000,false,,,,,NOT_APPLICABLE,UNCLAIMED,,,,,NOT_APPLICABLE,RETAINED,1033.000000,,,,,,,,,NOT_APPLICABLE,ELIGIBLE,
020620,Q1,Bread and cracker products,FOODTOTL,Food,DIRECT_CONCORDANCE_UCC,PUBLISHED_CE_BASIS,LABSTAT_PUBLISHED,NOT_VERIFIED,NOT_ESTABLISHED,UNKNOWN,FB041,FOOD,DIRECT,140.000000,OBSERVED,13.490000,false,,,,,NOT_APPLICABLE,UNCLAIMED,,,,,NOT_APPLICABLE,RETAINED,140.000000,,,,,,,,,NOT_APPLICABLE,ELIGIBLE,
020620,Q2,Bread and cracker products,FOODTOTL,Food,DIRECT_CONCORDANCE_UCC,PUBLISHED_CE_BASIS,LABSTAT_PUBLISHED,NOT_VERIFIED,NOT_ESTABLISHED,UNKNOWN,FB041,FOOD,DIRECT,142.000000,OBSERVED,23.570000,false,,,,,NOT_APPLICABLE,UNCLAIMED,,,,,NOT_APPLICABLE,RETAINED,142.000000,,,,,,,,,NOT_APPLICABLE,ELIGIBLE,
020620,Q3,Bread and cracker products,FOODTOTL,Food,DIRECT_CONCORDANCE_UCC,PUBLISHED_CE_BASIS,LABSTAT_PUBLISHED,NOT_VERIFIED,NOT_ESTABLISHED,UNKNOWN,FB041,FOOD,DIRECT,182.000000,OBSERVED,12.520000,false,,,,,NOT_APPLICABLE,UNCLAIMED,,,,,NOT_APPLICABLE,RETAINED,182.000000,,,,,,,,,NOT_APPLICABLE,ELIGIBLE,
020620,Q4,Bread and cracker products,FOODTOTL,Food,DIRECT_CONCORDANCE_UCC,PUBLISHED_CE_BASIS,LABSTAT_PUBLISHED,NOT_VERIFIED,NOT_ESTABLISHED,UNKNOWN,FB041,FOOD,DIRECT,263.000000,OBSERVED,12.630000,false,,,,,NOT_APPLICABLE,UNCLAIMED,,,,,NOT_APPLICABLE,RETAINED,263.000000,,,,,,,,,NOT_APPLICABLE,ELIGIBLE,
020620,Q5,Bread and cracker products,FOODTOTL,Food,DIRECT_CONCORDANCE_UCC,PUBLISHED_CE_BASIS,LABSTAT_PUBLISHED,NOT_VERIFIED,NOT_ESTABLISHED,UNKNOWN,FB041,FOOD,DIRECT,306.000000,OBSERVED,10.140000,false,,,,,NOT_APPLICABLE,UNCLAIMED,,,,,NOT_APPLICABLE,RETAINED,306.000000,,,,,,,,,NOT_APPLICABLE,ELIGIBLE,
020710,ALL_CU,"Sweetrolls, coffee cakes, and doughnuts",FOODTOTL,Food,DIRECT_CONCORDANCE_UCC,PUBLISHED_CE_BASIS,LABSTAT_PUBLISHED,NOT_VERIFIED,NOT_ESTABLISHED,UNKNOWN,FB042,FOOD,DIRECT,5161.000000,OBSERVED,3.730000,false,,,,,NOT_APPLICABLE,UNCLAIMED,,,,,NOT_APPLICABLE,RETAINED,5161.000000,,,,,,,,,NOT_APPLICABLE,ELIGIBLE,
020710,Q1,"Sweetrolls, coffee cakes, and doughnuts",FOODTOTL,Food,DIRECT_CONCORDANCE_UCC,PUBLISHED_CE_BASIS,LABSTAT_PUBLISHED,NOT_VERIFIED,NOT_ESTABLISHED,UNKNOWN,FB042,FOOD,DIRECT,652.000000,OBSERVED,11.310000,false,,,,,NOT_APPLICABLE,UNCLAIMED,,,,,NOT_APPLICABLE,RETAINED,652.000000,,,,,,,,,NOT_APPLICABLE,ELIGIBLE,
020710,Q2,"Sweetrolls, coffee cakes, and doughnuts",FOODTOTL,Food,DIRECT_CONCORDANCE_UCC,PUBLISHED_CE_BASIS,LABSTAT_PUBLISHED,NOT_VERIFIED,NOT_ESTABLISHED,UNKNOWN,FB042,FOOD,DIRECT,899.000000,OBSERVED,10.060000,false,,,,,NOT_APPLICABLE,UNCLAIMED,,,,,NOT_APPLICABLE,RETAINED,899.000000,,,,,,,,,NOT_APPLICABLE,ELIGIBLE,
020710,Q3,"Sweetrolls, coffee cakes, and doughnuts",FOODTOTL,Food,DIRECT_CONCORDANCE_UCC,PUBLISHED_CE_BASIS,LABSTAT_PUBLISHED,NOT_VERIFIED,NOT_ESTABLISHED,UNKNOWN,FB042,FOOD,DIRECT,1055.000000,OBSERVED,9.960000,false,,,,,NOT_APPLICABLE,UNCLAIMED,,,,,NOT_APPLICABLE,RETAINED,1055.000000,,,,,,,,,NOT_APPLICABLE,ELIGIBLE,
020710,Q4,"Sweetrolls, coffee cakes, and doughnuts",FOODTOTL,Food,DIRECT_CONCORDANCE_UCC,PUBLISHED_CE_BASIS,LABSTAT_PUBLISHED,NOT_VERIFIED,NOT_ESTABLISHED,UNKNOWN,FB042,FOOD,DIRECT,1078.000000,OBSERVED,7.760000,false,,,,,NOT_APPLICABLE,UNCLAIMED,,,,,NOT_APPLICABLE,RETAINED,1078.000000,,,,,,,,,NOT_APPLICABLE,ELIGIBLE,
020710,Q5,"Sweetrolls, coffee cakes, and doughnuts",FOODTOTL,Food,DIRECT_CONCORDANCE_UCC,PUBLISHED_CE_BASIS,LABSTAT_PUBLISHED,NOT_VERIFIED,NOT_ESTABLISHED,UNKNOWN,FB042,FOOD,DIRECT,1476.000000,OBSERVED,7.260000,false,,,,,NOT_APPLICABLE,UNCLAIMED,,,,,NOT_APPLICABLE,RETAINED,1476.000000,,,,,,,,,NOT_APPLICABLE,ELIGIBLE,
020810,ALL_CU,Frozen and refrigerated bakery products,FOODTOTL,Food,DIRECT_CONCORDANCE_UCC,PUBLISHED_CE_BASIS,LABSTAT_PUBLISHED,NOT_VERIFIED,NOT_ESTABLISHED,UNKNOWN,FB043,FOOD,DIRECT,6223.000000,OBSERVED,3.740000,false,,,,,NOT_APPLICABLE,UNCLAIMED,,,,,NOT_APPLICABLE,RETAINED,6223.000000,,,,,,,,,NOT_APPLICABLE,ELIGIBLE,
020810,Q1,Frozen and refrigerated bakery products,FOODTOTL,Food,DIRECT_CONCORDANCE_UCC,PUBLISHED_CE_BASIS,LABSTAT_PUBLISHED,NOT_VERIFIED,NOT_ESTABLISHED,UNKNOWN,FB043,FOOD,DIRECT,769.000000,OBSERVED,9.240000,false,,,,,NOT_APPLICABLE,UNCLAIMED,,,,,NOT_APPLICABLE,RETAINED,769.000000,,,,,,,,,NOT_APPLICABLE,ELIGIBLE,
020810,Q2,Frozen and refrigerated bakery products,FOODTOTL,Food,DIRECT_CONCORDANCE_UCC,PUBLISHED_CE_BASIS,LABSTAT_PUBLISHED,NOT_VERIFIED,NOT_ESTABLISHED,UNKNOWN,FB043,FOOD,DIRECT,953.000000,OBSERVED,8.470000,false,,,,,NOT_APPLICABLE,UNCLAIMED,,,,,NOT_APPLICABLE,RETAINED,953.000000,,,,,,,,,NOT_APPLICABLE,ELIGIBLE,
020810,Q3,Frozen and refrigerated bakery products,FOODTOTL,Food,DIRECT_CONCORDANCE_UCC,PUBLISHED_CE_BASIS,LABSTAT_PUBLISHED,NOT_VERIFIED,NOT_ESTABLISHED,UNKNOWN,FB043,FOOD,DIRECT,1152.000000,OBSERVED,9.330000,false,,,,,NOT_APPLICABLE,UNCLAIMED,,,,,NOT_APPLICABLE,RETAINED,1152.000000,,,,,,,,,NOT_APPLICABLE,ELIGIBLE,
020810,Q4,Frozen and refrigerated bakery products,FOODTOTL,Food,DIRECT_CONCORDANCE_UCC,PUBLISHED_CE_BASIS,LABSTAT_PUBLISHED,NOT_VERIFIED,NOT_ESTABLISHED,UNKNOWN,FB043,FOOD,DIRECT,1301.000000,OBSERVED,7.260000,false,,,,,NOT_APPLICABLE,UNCLAIMED,,,,,NOT_APPLICABLE,RETAINED,1301.000000,,,,,,,,,NOT_APPLICABLE,ELIGIBLE,
020810,Q5,Frozen and refrigerated bakery products,FOODTOTL,Food,DIRECT_CONCORDANCE_UCC,PUBLISHED_CE_BASIS,LABSTAT_PUBLISHED,NOT_VERIFIED,NOT_ESTABLISHED,UNKNOWN,FB043,FOOD,DIRECT,2049.000000,OBSERVED,6.400000,false,,,,,NOT_APPLICABLE,UNCLAIMED,,,,,NOT_APPLICABLE,RETAINED,2049.000000,,,,,,,,,NOT_APPLICABLE,ELIGIBLE,
020820,ALL_CU,"Pies, tarts, and turnovers",FOODTOTL,Food,DIRECT_CONCORDANCE_UCC,PUBLISHED_CE_BASIS,LABSTAT_PUBLISHED,NOT_VERIFIED,NOT_ESTABLISHED,UNKNOWN,FB044,FOOD,DIRECT,2881.000000,OBSERVED,13.060000,false,,,,,NOT_APPLICABLE,UNCLAIMED,,,,,NOT_APPLICABLE,RETAINED,2881.000000,,,,,,,,,NOT_APPLICABLE,ELIGIBLE,
020820,Q1,"Pies, tarts, and turnovers",FOODTOTL,Food,DIRECT_CONCORDANCE_UCC,PUBLISHED_CE_BASIS,LABSTAT_PUBLISHED,NOT_VERIFIED,NOT_ESTABLISHED,UNKNOWN,FB044,FOOD,DIRECT,299.000000,OBSERVED,12.520000,false,,,,,NOT_APPLICABLE,UNCLAIMED,,,,,NOT_APPLICABLE,RETAINED,299.000000,,,,,,,,,NOT_APPLICABLE,ELIGIBLE,
020820,Q2,"Pies, tarts, and turnovers",FOODTOTL,Food,DIRECT_CONCORDANCE_UCC,PUBLISHED_CE_BASIS,LABSTAT_PUBLISHED,NOT_VERIFIED,NOT_ESTABLISHED,UNKNOWN,FB044,FOOD,DIRECT,437.000000,OBSERVED,13.230000,false,,,,,NOT_APPLICABLE,UNCLAIMED,,,,,NOT_APPLICABLE,RETAINED,437.000000,,,,,,,,,NOT_APPLICABLE,ELIGIBLE,
020820,Q3,"Pies, tarts, and turnovers",FOODTOTL,Food,DIRECT_CONCORDANCE_UCC,PUBLISHED_CE_BASIS,LABSTAT_PUBLISHED,NOT_VERIFIED,NOT_ESTABLISHED,UNKNOWN,FB044,FOOD,DIRECT,542.000000,OBSERVED,12.250000,false,,,,,NOT_APPLICABLE,UNCLAIMED,,,,,NOT_APPLICABLE,RETAINED,542.000000,,,,,,,,,NOT_APPLICABLE,ELIGIBLE,
020820,Q4,"Pies, tarts, and turnovers",FOODTOTL,Food,DIRECT_CONCORDANCE_UCC,PUBLISHED_CE_BASIS,LABSTAT_PUBLISHED,NOT_VERIFIED,NOT_ESTABLISHED,UNKNOWN,FB044,FOOD,DIRECT,654.000000,OBSERVED,13.600000,false,,,,,NOT_APPLICABLE,UNCLAIMED,,,,,NOT_APPLICABLE,RETAINED,654.000000,,,,,,,,,NOT_APPLICABLE,ELIGIBLE,
020820,Q5,"Pies, tarts, and turnovers",FOODTOTL,Food,DIRECT_CONCORDANCE_UCC,PUBLISHED_CE_BASIS,LABSTAT_PUBLISHED,NOT_VERIFIED,NOT_ESTABLISHED,UNKNOWN,FB044,FOOD,DIRECT,949.000000,OBSERVED,36.630000,true,,,,,NOT_APPLICABLE,UNCLAIMED,,,,,NOT_APPLICABLE,RETAINED,949.000000,,,,,,,,,NOT_APPLICABLE,ELIGIBLE,
030110,ALL_CU,Ground beef,FOODTOTL,Food,DIRECT_CONCORDANCE_UCC,PUBLISHED_CE_BASIS,LABSTAT_PUBLISHED,NOT_VERIFIED,NOT_ESTABLISHED,UNKNOWN,FC011,FOOD,DIRECT,20755.000000,OBSERVED,5.060000,false,,,,,NOT_APPLICABLE,UNCLAIMED,,,,,NOT_APPLICABLE,RETAINED,20755.000000,,,,,,,,,NOT_APPLICABLE,ELIGIBLE,
030110,Q1,Ground beef,FOODTOTL,Food,DIRECT_CONCORDANCE_UCC,PUBLISHED_CE_BASIS,LABSTAT_PUBLISHED,NOT_VERIFIED,NOT_ESTABLISHED,UNKNOWN,FC011,FOOD,DIRECT,2511.000000,OBSERVED,7.890000,false,,,,,NOT_APPLICABLE,UNCLAIMED,,,,,NOT_APPLICABLE,RETAINED,2511.000000,,,,,,,,,NOT_APPLICABLE,ELIGIBLE,
030110,Q2,Ground beef,FOODTOTL,Food,DIRECT_CONCORDANCE_UCC,PUBLISHED_CE_BASIS,LABSTAT_PUBLISHED,NOT_VERIFIED,NOT_ESTABLISHED,UNKNOWN,FC011,FOOD,DIRECT,3599.000000,OBSERVED,6.940000,false,,,,,NOT_APPLICABLE,UNCLAIMED,,,,,NOT_APPLICABLE,RETAINED,3599.000000,,,,,,,,,NOT_APPLICABLE,ELIGIBLE,
030110,Q3,Ground beef,FOODTOTL,Food,DIRECT_CONCORDANCE_UCC,PUBLISHED_CE_BASIS,LABSTAT_PUBLISHED,NOT_VERIFIED,NOT_ESTABLISHED,UNKNOWN,FC011,FOOD,DIRECT,4088.000000,OBSERVED,9.710000,false,,,,,NOT_APPLICABLE,UNCLAIMED,,,,,NOT_APPLICABLE,RETAINED,4088.000000,,,,,,,,,NOT_APPLICABLE,ELIGIBLE,
030110,Q4,Ground beef,FOODTOTL,Food,DIRECT_CONCORDANCE_UCC,PUBLISHED_CE_BASIS,LABSTAT_PUBLISHED,NOT_VERIFIED,NOT_ESTABLISHED,UNKNOWN,FC011,FOOD,DIRECT,5110.000000,OBSERVED,12.170000,false,,,,,NOT_APPLICABLE,UNCLAIMED,,,,,NOT_APPLICABLE,RETAINED,5110.000000,,,,,,,,,NOT_APPLICABLE,ELIGIBLE,
030110,Q5,Ground beef,FOODTOTL,Food,DIRECT_CONCORDANCE_UCC,PUBLISHED_CE_BASIS,LABSTAT_PUBLISHED,NOT_VERIFIED,NOT_ESTABLISHED,UNKNOWN,FC011,FOOD,DIRECT,5447.000000,OBSERVED,6.200000,false,,,,,NOT_APPLICABLE,UNCLAIMED,,,,,NOT_APPLICABLE,RETAINED,5447.000000,,,,,,,,,NOT_APPLICABLE,ELIGIBLE,
030219,ALL_CU,Roasts,FOODTOTL,Food,DIRECT_CONCORDANCE_UCC,PUBLISHED_CE_BASIS,LABSTAT_PUBLISHED,NOT_VERIFIED,NOT_ESTABLISHED,UNKNOWN,FC021,FOOD,DIRECT,7613.000000,OBSERVED,7.890000,false,,,,,NOT_APPLICABLE,UNCLAIMED,,,,,NOT_APPLICABLE,RETAINED,7613.000000,,,,,,,,,NOT_APPLICABLE,ELIGIBLE,
030219,Q1,Roasts,FOODTOTL,Food,DIRECT_CONCORDANCE_UCC,PUBLISHED_CE_BASIS,LABSTAT_PUBLISHED,NOT_VERIFIED,NOT_ESTABLISHED,UNKNOWN,FC021,FOOD,DIRECT,823.000000,OBSERVED,20.150000,false,,,,,NOT_APPLICABLE,UNCLAIMED,,,,,NOT_APPLICABLE,RETAINED,823.000000,,,,,,,,,NOT_APPLICABLE,ELIGIBLE,
030219,Q2,Roasts,FOODTOTL,Food,DIRECT_CONCORDANCE_UCC,PUBLISHED_CE_BASIS,LABSTAT_PUBLISHED,NOT_VERIFIED,NOT_ESTABLISHED,UNKNOWN,FC021,FOOD,DIRECT,1471.000000,OBSERVED,19.580000,false,,,,,NOT_APPLICABLE,UNCLAIMED,,,,,NOT_APPLICABLE,RETAINED,1471.000000,,,,,,,,,NOT_APPLICABLE,ELIGIBLE,
030219,Q3,Roasts,FOODTOTL,Food,DIRECT_CONCORDANCE_UCC,PUBLISHED_CE_BASIS,LABSTAT_PUBLISHED,NOT_VERIFIED,NOT_ESTABLISHED,UNKNOWN,FC021,FOOD,DIRECT,1330.000000,OBSERVED,16.110000,false,,,,,NOT_APPLICABLE,UNCLAIMED,,,,,NOT_APPLICABLE,RETAINED,1330.000000,,,,,,,,,NOT_APPLICABLE,ELIGIBLE,
030219,Q4,Roasts,FOODTOTL,Food,DIRECT_CONCORDANCE_UCC,PUBLISHED_CE_BASIS,LABSTAT_PUBLISHED,NOT_VERIFIED,NOT_ESTABLISHED,UNKNOWN,FC021,FOOD,DIRECT,1864.000000,OBSERVED,20.920000,false,,,,,NOT_APPLICABLE,UNCLAIMED,,,,,NOT_APPLICABLE,RETAINED,1864.000000,,,,,,,,,NOT_APPLICABLE,ELIGIBLE,
030219,Q5,Roasts,FOODTOTL,Food,DIRECT_CONCORDANCE_UCC,PUBLISHED_CE_BASIS,LABSTAT_PUBLISHED,NOT_VERIFIED,NOT_ESTABLISHED,UNKNOWN,FC021,FOOD,DIRECT,2125.000000,OBSERVED,10.000000,false,,,,,NOT_APPLICABLE,UNCLAIMED,,,,,NOT_APPLICABLE,RETAINED,2125.000000,,,,,,,,,NOT_APPLICABLE,ELIGIBLE,
030519,ALL_CU,Steak,FOODTOTL,Food,DIRECT_CONCORDANCE_UCC,PUBLISHED_CE_BASIS,LABSTAT_PUBLISHED,NOT_VERIFIED,NOT_ESTABLISHED,UNKNOWN,FC031,FOOD,DIRECT,20365.000000,OBSERVED,4.630000,false,,,,,NOT_APPLICABLE,UNCLAIMED,,,,,NOT_APPLICABLE,RETAINED,20365.000000,,,,,,,,,NOT_APPLICABLE,ELIGIBLE,
030519,Q1,Steak,FOODTOTL,Food,DIRECT_CONCORDANCE_UCC,PUBLISHED_CE_BASIS,LABSTAT_PUBLISHED,NOT_VERIFIED,NOT_ESTABLISHED,UNKNOWN,FC031,FOOD,DIRECT,2247.000000,OBSERVED,10.870000,false,,,,,NOT_APPLICABLE,UNCLAIMED,,,,,NOT_APPLICABLE,RETAINED,2247.000000,,,,,,,,,NOT_APPLICABLE,ELIGIBLE,
030519,Q2,Steak,FOODTOTL,Food,DIRECT_CONCORDANCE_UCC,PUBLISHED_CE_BASIS,LABSTAT_PUBLISHED,NOT_VERIFIED,NOT_ESTABLISHED,UNKNOWN,FC031,FOOD,DIRECT,2956.000000,OBSERVED,8.750000,false,,,,,NOT_APPLICABLE,UNCLAIMED,,,,,NOT_APPLICABLE,RETAINED,2956.000000,,,,,,,,,NOT_APPLICABLE,ELIGIBLE,
030519,Q3,Steak,FOODTOTL,Food,DIRECT_CONCORDANCE_UCC,PUBLISHED_CE_BASIS,LABSTAT_PUBLISHED,NOT_VERIFIED,NOT_ESTABLISHED,UNKNOWN,FC031,FOOD,DIRECT,3892.000000,OBSERVED,8.750000,false,,,,,NOT_APPLICABLE,UNCLAIMED,,,,,NOT_APPLICABLE,RETAINED,3892.000000,,,,,,,,,NOT_APPLICABLE,ELIGIBLE,
030519,Q4,Steak,FOODTOTL,Food,DIRECT_CONCORDANCE_UCC,PUBLISHED_CE_BASIS,LABSTAT_PUBLISHED,NOT_VERIFIED,NOT_ESTABLISHED,UNKNOWN,FC031,FOOD,DIRECT,4421.000000,OBSERVED,10.160000,false,,,,,NOT_APPLICABLE,UNCLAIMED,,,,,NOT_APPLICABLE,RETAINED,4421.000000,,,,,,,,,NOT_APPLICABLE,ELIGIBLE,
030519,Q5,Steak,FOODTOTL,Food,DIRECT_CONCORDANCE_UCC,PUBLISHED_CE_BASIS,LABSTAT_PUBLISHED,NOT_VERIFIED,NOT_ESTABLISHED,UNKNOWN,FC031,FOOD,DIRECT,6849.000000,OBSERVED,6.760000,false,,,,,NOT_APPLICABLE,UNCLAIMED,,,,,NOT_APPLICABLE,RETAINED,6849.000000,,,,,,,,,NOT_APPLICABLE,ELIGIBLE,
030810,ALL_CU,Other beef,FOODTOTL,Food,DIRECT_CONCORDANCE_UCC,PUBLISHED_CE_BASIS,LABSTAT_PUBLISHED,NOT_VERIFIED,NOT_ESTABLISHED,UNKNOWN,FC041,FOOD,DIRECT,6509.000000,OBSERVED,9.400000,false,,,,,NOT_APPLICABLE,UNCLAIMED,,,,,NOT_APPLICABLE,RETAINED,6509.000000,,,,,,,,,NOT_APPLICABLE,ELIGIBLE,
030810,Q1,Other beef,FOODTOTL,Food,DIRECT_CONCORDANCE_UCC,PUBLISHED_CE_BASIS,LABSTAT_PUBLISHED,NOT_VERIFIED,NOT_ESTABLISHED,UNKNOWN,FC041,FOOD,DIRECT,827.000000,OBSERVED,18.580000,false,,,,,NOT_APPLICABLE,UNCLAIMED,,,,,NOT_APPLICABLE,RETAINED,827.000000,,,,,,,,,NOT_APPLICABLE,ELIGIBLE,
030810,Q2,Other beef,FOODTOTL,Food,DIRECT_CONCORDANCE_UCC,PUBLISHED_CE_BASIS,LABSTAT_PUBLISHED,NOT_VERIFIED,NOT_ESTABLISHED,UNKNOWN,FC041,FOOD,DIRECT,1071.000000,OBSERVED,15.320000,false,,,,,NOT_APPLICABLE,UNCLAIMED,,,,,NOT_APPLICABLE,RETAINED,1071.000000,,,,,,,,,NOT_APPLICABLE,ELIGIBLE,
030810,Q3,Other beef,FOODTOTL,Food,DIRECT_CONCORDANCE_UCC,PUBLISHED_CE_BASIS,LABSTAT_PUBLISHED,NOT_VERIFIED,NOT_ESTABLISHED,UNKNOWN,FC041,FOOD,DIRECT,1041.000000,OBSERVED,14.180000,false,,,,,NOT_APPLICABLE,UNCLAIMED,,,,,NOT_APPLICABLE,RETAINED,1041.000000,,,,,,,,,NOT_APPLICABLE,ELIGIBLE,
030810,Q4,Other beef,FOODTOTL,Food,DIRECT_CONCORDANCE_UCC,PUBLISHED_CE_BASIS,LABSTAT_PUBLISHED,NOT_VERIFIED,NOT_ESTABLISHED,UNKNOWN,FC041,FOOD,DIRECT,1918.000000,OBSERVED,32.470000,true,,,,,NOT_APPLICABLE,UNCLAIMED,,,,,NOT_APPLICABLE,RETAINED,1918.000000,,,,,,,,,NOT_APPLICABLE,ELIGIBLE,
030810,Q5,Other beef,FOODTOTL,Food,DIRECT_CONCORDANCE_UCC,PUBLISHED_CE_BASIS,LABSTAT_PUBLISHED,NOT_VERIFIED,NOT_ESTABLISHED,UNKNOWN,FC041,FOOD,DIRECT,1650.000000,OBSERVED,10.660000,false,,,,,NOT_APPLICABLE,UNCLAIMED,,,,,NOT_APPLICABLE,RETAINED,1650.000000,,,,,,,,,NOT_APPLICABLE,ELIGIBLE,
040119,ALL_CU,"Bacon, breakfast sausage, and related products",FOODTOTL,Food,DIRECT_CONCORDANCE_UCC,PUBLISHED_CE_BASIS,LABSTAT_PUBLISHED,NOT_VERIFIED,NOT_ESTABLISHED,UNKNOWN,FD011,FOOD,DIRECT,13639.000000,OBSERVED,2.270000,false,,,,,NOT_APPLICABLE,UNCLAIMED,,,,,NOT_APPLICABLE,RETAINED,13639.000000,,,,,,,,,NOT_APPLICABLE,ELIGIBLE,
040119,Q1,"Bacon, breakfast sausage, and related products",FOODTOTL,Food,DIRECT_CONCORDANCE_UCC,PUBLISHED_CE_BASIS,LABSTAT_PUBLISHED,NOT_VERIFIED,NOT_ESTABLISHED,UNKNOWN,FD011,FOOD,DIRECT,1766.000000,OBSERVED,8.810000,false,,,,,NOT_APPLICABLE,UNCLAIMED,,,,,NOT_APPLICABLE,RETAINED,1766.000000,,,,,,,,,NOT_APPLICABLE,ELIGIBLE,
040119,Q2,"Bacon, breakfast sausage, and related products",FOODTOTL,Food,DIRECT_CONCORDANCE_UCC,PUBLISHED_CE_BASIS,LABSTAT_PUBLISHED,NOT_VERIFIED,NOT_ESTABLISHED,UNKNOWN,FD011,FOOD,DIRECT,2308.000000,OBSERVED,5.480000,false,,,,,NOT_APPLICABLE,UNCLAIMED,,,,,NOT_APPLICABLE,RETAINED,2308.000000,,,,,,,,,NOT_APPLICABLE,ELIGIBLE,
040119,Q3,"Bacon, breakfast sausage, and related products",FOODTOTL,Food,DIRECT_CONCORDANCE_UCC,PUBLISHED_CE_BASIS,LABSTAT_PUBLISHED,NOT_VERIFIED,NOT_ESTABLISHED,UNKNOWN,FD011,FOOD,DIRECT,2666.000000,OBSERVED,10.480000,false,,,,,NOT_APPLICABLE,UNCLAIMED,,,,,NOT_APPLICABLE,RETAINED,2666.000000,,,,,,,,,NOT_APPLICABLE,ELIGIBLE,
040119,Q4,"Bacon, breakfast sausage, and related products",FOODTOTL,Food,DIRECT_CONCORDANCE_UCC,PUBLISHED_CE_BASIS,LABSTAT_PUBLISHED,NOT_VERIFIED,NOT_ESTABLISHED,UNKNOWN,FD011,FOOD,DIRECT,2989.000000,OBSERVED,5.210000,false,,,,,NOT_APPLICABLE,UNCLAIMED,,,,,NOT_APPLICABLE,RETAINED,2989.000000,,,,,,,,,NOT_APPLICABLE,ELIGIBLE,
040119,Q5,"Bacon, breakfast sausage, and related products",FOODTOTL,Food,DIRECT_CONCORDANCE_UCC,PUBLISHED_CE_BASIS,LABSTAT_PUBLISHED,NOT_VERIFIED,NOT_ESTABLISHED,UNKNOWN,FD011,FOOD,DIRECT,3910.000000,OBSERVED,5.390000,false,,,,,NOT_APPLICABLE,UNCLAIMED,,,,,NOT_APPLICABLE,RETAINED,3910.000000,,,,,,,,,NOT_APPLICABLE,ELIGIBLE,
040210,ALL_CU,Pork chops,FOODTOTL,Food,DIRECT_CONCORDANCE_UCC,PUBLISHED_CE_BASIS,LABSTAT_PUBLISHED,NOT_VERIFIED,NOT_ESTABLISHED,UNKNOWN,FD031,FOOD,DIRECT,4752.000000,OBSERVED,6.820000,false,,,,,NOT_APPLICABLE,UNCLAIMED,,,,,NOT_APPLICABLE,RETAINED,4752.000000,,,,,,,,,NOT_APPLICABLE,ELIGIBLE,
040210,Q1,Pork chops,FOODTOTL,Food,DIRECT_CONCORDANCE_UCC,PUBLISHED_CE_BASIS,LABSTAT_PUBLISHED,NOT_VERIFIED,NOT_ESTABLISHED,UNKNOWN,FD031,FOOD,DIRECT,721.000000,OBSERVED,17.880000,false,,,,,NOT_APPLICABLE,UNCLAIMED,,,,,NOT_APPLICABLE,RETAINED,721.000000,,,,,,,,,NOT_APPLICABLE,ELIGIBLE,
040210,Q2,Pork chops,FOODTOTL,Food,DIRECT_CONCORDANCE_UCC,PUBLISHED_CE_BASIS,LABSTAT_PUBLISHED,NOT_VERIFIED,NOT_ESTABLISHED,UNKNOWN,FD031,FOOD,DIRECT,974.000000,OBSERVED,16.570000,false,,,,,NOT_APPLICABLE,UNCLAIMED,,,,,NOT_APPLICABLE,RETAINED,974.000000,,,,,,,,,NOT_APPLICABLE,ELIGIBLE,
040210,Q3,Pork chops,FOODTOTL,Food,DIRECT_CONCORDANCE_UCC,PUBLISHED_CE_BASIS,LABSTAT_PUBLISHED,NOT_VERIFIED,NOT_ESTABLISHED,UNKNOWN,FD031,FOOD,DIRECT,807.000000,OBSERVED,17.160000,false,,,,,NOT_APPLICABLE,UNCLAIMED,,,,,NOT_APPLICABLE,RETAINED,807.000000,,,,,,,,,NOT_APPLICABLE,ELIGIBLE,
040210,Q4,Pork chops,FOODTOTL,Food,DIRECT_CONCORDANCE_UCC,PUBLISHED_CE_BASIS,LABSTAT_PUBLISHED,NOT_VERIFIED,NOT_ESTABLISHED,UNKNOWN,FD031,FOOD,DIRECT,972.000000,OBSERVED,12.230000,false,,,,,NOT_APPLICABLE,UNCLAIMED,,,,,NOT_APPLICABLE,RETAINED,972.000000,,,,,,,,,NOT_APPLICABLE,ELIGIBLE,
040210,Q5,Pork chops,FOODTOTL,Food,DIRECT_CONCORDANCE_UCC,PUBLISHED_CE_BASIS,LABSTAT_PUBLISHED,NOT_VERIFIED,NOT_ESTABLISHED,UNKNOWN,FD031,FOOD,DIRECT,1278.000000,OBSERVED,12.840000,false,,,,,NOT_APPLICABLE,UNCLAIMED,,,,,NOT_APPLICABLE,RETAINED,1278.000000,,,,,,,,,NOT_APPLICABLE,ELIGIBLE,
040319,ALL_CU,Ham,FOODTOTL,Food,DIRECT_CONCORDANCE_UCC,PUBLISHED_CE_BASIS,LABSTAT_PUBLISHED,NOT_VERIFIED,NOT_ESTABLISHED,UNKNOWN,FD021,FOOD,DIRECT,6992.000000,OBSERVED,5.070000,false,,,,,NOT_APPLICABLE,UNCLAIMED,,,,,NOT_APPLICABLE,RETAINED,6992.000000,,,,,,,,,NOT_APPLICABLE,ELIGIBLE,
040319,Q1,Ham,FOODTOTL,Food,DIRECT_CONCORDANCE_UCC,PUBLISHED_CE_BASIS,LABSTAT_PUBLISHED,NOT_VERIFIED,NOT_ESTABLISHED,UNKNOWN,FD021,FOOD,DIRECT,1054.000000,OBSERVED,16.480000,false,,,,,NOT_APPLICABLE,UNCLAIMED,,,,,NOT_APPLICABLE,RETAINED,1054.000000,,,,,,,,,NOT_APPLICABLE,ELIGIBLE,
040319,Q2,Ham,FOODTOTL,Food,DIRECT_CONCORDANCE_UCC,PUBLISHED_CE_BASIS,LABSTAT_PUBLISHED,NOT_VERIFIED,NOT_ESTABLISHED,UNKNOWN,FD021,FOOD,DIRECT,1268.000000,OBSERVED,11.700000,false,,,,,NOT_APPLICABLE,UNCLAIMED,,,,,NOT_APPLICABLE,RETAINED,1268.000000,,,,,,,,,NOT_APPLICABLE,ELIGIBLE,
040319,Q3,Ham,FOODTOTL,Food,DIRECT_CONCORDANCE_UCC,PUBLISHED_CE_BASIS,LABSTAT_PUBLISHED,NOT_VERIFIED,NOT_ESTABLISHED,UNKNOWN,FD021,FOOD,DIRECT,1386.000000,OBSERVED,10.590000,false,,,,,NOT_APPLICABLE,UNCLAIMED,,,,,NOT_APPLICABLE,RETAINED,1386.000000,,,,,,,,,NOT_APPLICABLE,ELIGIBLE,
040319,Q4,Ham,FOODTOTL,Food,DIRECT_CONCORDANCE_UCC,PUBLISHED_CE_BASIS,LABSTAT_PUBLISHED,NOT_VERIFIED,NOT_ESTABLISHED,UNKNOWN,FD021,FOOD,DIRECT,1375.000000,OBSERVED,10.210000,false,,,,,NOT_APPLICABLE,UNCLAIMED,,,,,NOT_APPLICABLE,RETAINED,1375.000000,,,,,,,,,NOT_APPLICABLE,ELIGIBLE,
040319,Q5,Ham,FOODTOTL,Food,DIRECT_CONCORDANCE_UCC,PUBLISHED_CE_BASIS,LABSTAT_PUBLISHED,NOT_VERIFIED,NOT_ESTABLISHED,UNKNOWN,FD021,FOOD,DIRECT,1909.000000,OBSERVED,9.850000,false,,,,,NOT_APPLICABLE,UNCLAIMED,,,,,NOT_APPLICABLE,RETAINED,1909.000000,,,,,,,,,NOT_APPLICABLE,ELIGIBLE,
040410,ALL_CU,Other pork,FOODTOTL,Food,DIRECT_CONCORDANCE_UCC,PUBLISHED_CE_BASIS,LABSTAT_PUBLISHED,NOT_VERIFIED,NOT_ESTABLISHED,UNKNOWN,FD041,FOOD,DIRECT,9751.000000,OBSERVED,4.930000,false,,,,,NOT_APPLICABLE,UNCLAIMED,,,,,NOT_APPLICABLE,RETAINED,9751.000000,,,,,,,,,NOT_APPLICABLE,ELIGIBLE,
040410,Q1,Other pork,FOODTOTL,Food,DIRECT_CONCORDANCE_UCC,PUBLISHED_CE_BASIS,LABSTAT_PUBLISHED,NOT_VERIFIED,NOT_ESTABLISHED,UNKNOWN,FD041,FOOD,DIRECT,1322.000000,OBSERVED,10.820000,false,,,,,NOT_APPLICABLE,UNCLAIMED,,,,,NOT_APPLICABLE,RETAINED,1322.000000,,,,,,,,,NOT_APPLICABLE,ELIGIBLE,
040410,Q2,Other pork,FOODTOTL,Food,DIRECT_CONCORDANCE_UCC,PUBLISHED_CE_BASIS,LABSTAT_PUBLISHED,NOT_VERIFIED,NOT_ESTABLISHED,UNKNOWN,FD041,FOOD,DIRECT,1796.000000,OBSERVED,9.930000,false,,,,,NOT_APPLICABLE,UNCLAIMED,,,,,NOT_APPLICABLE,RETAINED,1796.000000,,,,,,,,,NOT_APPLICABLE,ELIGIBLE,
040410,Q3,Other pork,FOODTOTL,Food,DIRECT_CONCORDANCE_UCC,PUBLISHED_CE_BASIS,LABSTAT_PUBLISHED,NOT_VERIFIED,NOT_ESTABLISHED,UNKNOWN,FD041,FOOD,DIRECT,1678.000000,OBSERVED,14.350000,false,,,,,NOT_APPLICABLE,UNCLAIMED,,,,,NOT_APPLICABLE,RETAINED,1678.000000,,,,,,,,,NOT_APPLICABLE,ELIGIBLE,
040410,Q4,Other pork,FOODTOTL,Food,DIRECT_CONCORDANCE_UCC,PUBLISHED_CE_BASIS,LABSTAT_PUBLISHED,NOT_VERIFIED,NOT_ESTABLISHED,UNKNOWN,FD041,FOOD,DIRECT,2370.000000,OBSERVED,10.450000,false,,,,,NOT_APPLICABLE,UNCLAIMED,,,,,NOT_APPLICABLE,RETAINED,2370.000000,,,,,,,,,NOT_APPLICABLE,ELIGIBLE,
040410,Q5,Other pork,FOODTOTL,Food,DIRECT_CONCORDANCE_UCC,PUBLISHED_CE_BASIS,LABSTAT_PUBLISHED,NOT_VERIFIED,NOT_ESTABLISHED,UNKNOWN,FD041,FOOD,DIRECT,2584.000000,OBSERVED,7.700000,false,,,,,NOT_APPLICABLE,UNCLAIMED,,,,,NOT_APPLICABLE,RETAINED,2584.000000,,,,,,,,,NOT_APPLICABLE,ELIGIBLE,
050110,ALL_CU,Frankfurters,FOODTOTL,Food,DIRECT_CONCORDANCE_UCC,PUBLISHED_CE_BASIS,LABSTAT_PUBLISHED,NOT_VERIFIED,NOT_ESTABLISHED,UNKNOWN,FE011,FOOD,DIRECT,3361.000000,OBSERVED,5.790000,false,,,,,NOT_APPLICABLE,UNCLAIMED,,,,,NOT_APPLICABLE,RETAINED,3361.000000,,,,,,,,,NOT_APPLICABLE,ELIGIBLE,
050110,Q1,Frankfurters,FOODTOTL,Food,DIRECT_CONCORDANCE_UCC,PUBLISHED_CE_BASIS,LABSTAT_PUBLISHED,NOT_VERIFIED,NOT_ESTABLISHED,UNKNOWN,FE011,FOOD,DIRECT,428.000000,OBSERVED,11.550000,false,,,,,NOT_APPLICABLE,UNCLAIMED,,,,,NOT_APPLICABLE,RETAINED,428.000000,,,,,,,,,NOT_APPLICABLE,ELIGIBLE,
050110,Q2,Frankfurters,FOODTOTL,Food,DIRECT_CONCORDANCE_UCC,PUBLISHED_CE_BASIS,LABSTAT_PUBLISHED,NOT_VERIFIED,NOT_ESTABLISHED,UNKNOWN,FE011,FOOD,DIRECT,553.000000,OBSERVED,11.010000,false,,,,,NOT_APPLICABLE,UNCLAIMED,,,,,NOT_APPLICABLE,RETAINED,553.000000,,,,,,,,,NOT_APPLICABLE,ELIGIBLE,
050110,Q3,Frankfurters,FOODTOTL,Food,DIRECT_CONCORDANCE_UCC,PUBLISHED_CE_BASIS,LABSTAT_PUBLISHED,NOT_VERIFIED,NOT_ESTABLISHED,UNKNOWN,FE011,FOOD,DIRECT,788.000000,OBSERVED,20.330000,false,,,,,NOT_APPLICABLE,UNCLAIMED,,,,,NOT_APPLICABLE,RETAINED,788.000000,,,,,,,,,NOT_APPLICABLE,ELIGIBLE,
050110,Q4,Frankfurters,FOODTOTL,Food,DIRECT_CONCORDANCE_UCC,PUBLISHED_CE_BASIS,LABSTAT_PUBLISHED,NOT_VERIFIED,NOT_ESTABLISHED,UNKNOWN,FE011,FOOD,DIRECT,720.000000,OBSERVED,9.910000,false,,,,,NOT_APPLICABLE,UNCLAIMED,,,,,NOT_APPLICABLE,RETAINED,720.000000,,,,,,,,,NOT_APPLICABLE,ELIGIBLE,
050110,Q5,Frankfurters,FOODTOTL,Food,DIRECT_CONCORDANCE_UCC,PUBLISHED_CE_BASIS,LABSTAT_PUBLISHED,NOT_VERIFIED,NOT_ESTABLISHED,UNKNOWN,FE011,FOOD,DIRECT,871.000000,OBSERVED,9.170000,false,,,,,NOT_APPLICABLE,UNCLAIMED,,,,,NOT_APPLICABLE,RETAINED,871.000000,,,,,,,,,NOT_APPLICABLE,ELIGIBLE,
050319,ALL_CU,Lunchmeats,FOODTOTL,Food,DIRECT_CONCORDANCE_UCC,PUBLISHED_CE_BASIS,LABSTAT_PUBLISHED,NOT_VERIFIED,NOT_ESTABLISHED,UNKNOWN,FE012,FOOD,DIRECT,14115.000000,OBSERVED,3.230000,false,,,,,NOT_APPLICABLE,UNCLAIMED,,,,,NOT_APPLICABLE,RETAINED,14115.000000,,,,,,,,,NOT_APPLICABLE,ELIGIBLE,
050319,Q1,Lunchmeats,FOODTOTL,Food,DIRECT_CONCORDANCE_UCC,PUBLISHED_CE_BASIS,LABSTAT_PUBLISHED,NOT_VERIFIED,NOT_ESTABLISHED,UNKNOWN,FE012,FOOD,DIRECT,1683.000000,OBSERVED,7.640000,false,,,,,NOT_APPLICABLE,UNCLAIMED,,,,,NOT_APPLICABLE,RETAINED,1683.000000,,,,,,,,,NOT_APPLICABLE,ELIGIBLE,
050319,Q2,Lunchmeats,FOODTOTL,Food,DIRECT_CONCORDANCE_UCC,PUBLISHED_CE_BASIS,LABSTAT_PUBLISHED,NOT_VERIFIED,NOT_ESTABLISHED,UNKNOWN,FE012,FOOD,DIRECT,1913.000000,OBSERVED,6.570000,false,,,,,NOT_APPLICABLE,UNCLAIMED,,,,,NOT_APPLICABLE,RETAINED,1913.000000,,,,,,,,,NOT_APPLICABLE,ELIGIBLE,
050319,Q3,Lunchmeats,FOODTOTL,Food,DIRECT_CONCORDANCE_UCC,PUBLISHED_CE_BASIS,LABSTAT_PUBLISHED,NOT_VERIFIED,NOT_ESTABLISHED,UNKNOWN,FE012,FOOD,DIRECT,2806.000000,OBSERVED,10.330000,false,,,,,NOT_APPLICABLE,UNCLAIMED,,,,,NOT_APPLICABLE,RETAINED,2806.000000,,,,,,,,,NOT_APPLICABLE,ELIGIBLE,
050319,Q4,Lunchmeats,FOODTOTL,Food,DIRECT_CONCORDANCE_UCC,PUBLISHED_CE_BASIS,LABSTAT_PUBLISHED,NOT_VERIFIED,NOT_ESTABLISHED,UNKNOWN,FE012,FOOD,DIRECT,3424.000000,OBSERVED,5.600000,false,,,,,NOT_APPLICABLE,UNCLAIMED,,,,,NOT_APPLICABLE,RETAINED,3424.000000,,,,,,,,,NOT_APPLICABLE,ELIGIBLE,
050319,Q5,Lunchmeats,FOODTOTL,Food,DIRECT_CONCORDANCE_UCC,PUBLISHED_CE_BASIS,LABSTAT_PUBLISHED,NOT_VERIFIED,NOT_ESTABLISHED,UNKNOWN,FE012,FOOD,DIRECT,4288.000000,OBSERVED,5.550000,false,,,,,NOT_APPLICABLE,UNCLAIMED,,,,,NOT_APPLICABLE,RETAINED,4288.000000,,,,,,,,,NOT_APPLICABLE,ELIGIBLE,
050419,ALL_CU,"Lamb, organ meat, and game",FOODTOTL,Food,DIRECT_CONCORDANCE_UCC,PUBLISHED_CE_BASIS,LABSTAT_PUBLISHED,NOT_VERIFIED,NOT_ESTABLISHED,UNKNOWN,FE013,FOOD,DIRECT,2799.000000,OBSERVED,10.710000,false,,,,,NOT_APPLICABLE,UNCLAIMED,,,,,NOT_APPLICABLE,RETAINED,2799.000000,,,,,,,,,NOT_APPLICABLE,ELIGIBLE,
050419,Q1,"Lamb, organ meat, and game",FOODTOTL,Food,DIRECT_CONCORDANCE_UCC,PUBLISHED_CE_BASIS,LABSTAT_PUBLISHED,NOT_VERIFIED,NOT_ESTABLISHED,UNKNOWN,FE013,FOOD,DIRECT,387.000000,OBSERVED,32.770000,true,,,,,NOT_APPLICABLE,UNCLAIMED,,,,,NOT_APPLICABLE,RETAINED,387.000000,,,,,,,,,NOT_APPLICABLE,ELIGIBLE,
050419,Q2,"Lamb, organ meat, and game",FOODTOTL,Food,DIRECT_CONCORDANCE_UCC,PUBLISHED_CE_BASIS,LABSTAT_PUBLISHED,NOT_VERIFIED,NOT_ESTABLISHED,UNKNOWN,FE013,FOOD,DIRECT,417.000000,OBSERVED,23.400000,false,,,,,NOT_APPLICABLE,UNCLAIMED,,,,,NOT_APPLICABLE,RETAINED,417.000000,,,,,,,,,NOT_APPLICABLE,ELIGIBLE,
050419,Q3,"Lamb, organ meat, and game",FOODTOTL,Food,DIRECT_CONCORDANCE_UCC,PUBLISHED_CE_BASIS,LABSTAT_PUBLISHED,NOT_VERIFIED,NOT_ESTABLISHED,UNKNOWN,FE013,FOOD,DIRECT,484.000000,OBSERVED,18.790000,false,,,,,NOT_APPLICABLE,UNCLAIMED,,,,,NOT_APPLICABLE,RETAINED,484.000000,,,,,,,,,NOT_APPLICABLE,ELIGIBLE,
050419,Q4,"Lamb, organ meat, and game",FOODTOTL,Food,DIRECT_CONCORDANCE_UCC,PUBLISHED_CE_BASIS,LABSTAT_PUBLISHED,NOT_VERIFIED,NOT_ESTABLISHED,UNKNOWN,FE013,FOOD,DIRECT,509.000000,OBSERVED,21.120000,false,,,,,NOT_APPLICABLE,UNCLAIMED,,,,,NOT_APPLICABLE,RETAINED,509.000000,,,,,,,,,NOT_APPLICABLE,ELIGIBLE,
050419,Q5,"Lamb, organ meat, and game",FOODTOTL,Food,DIRECT_CONCORDANCE_UCC,PUBLISHED_CE_BASIS,LABSTAT_PUBLISHED,NOT_VERIFIED,NOT_ESTABLISHED,UNKNOWN,FE013,FOOD,DIRECT,1001.000000,OBSERVED,20.870000,false,,,,,NOT_APPLICABLE,UNCLAIMED,,,,,NOT_APPLICABLE,RETAINED,1001.000000,,,,,,,,,NOT_APPLICABLE,ELIGIBLE,
060119,ALL_CU,Chicken,FOODTOTL,Food,DIRECT_CONCORDANCE_UCC,PUBLISHED_CE_BASIS,LABSTAT_PUBLISHED,NOT_VERIFIED,NOT_ESTABLISHED,UNKNOWN,FF011,FOOD,DIRECT,28910.000000,OBSERVED,3.120000,false,,,,,NOT_APPLICABLE,UNCLAIMED,,,,,NOT_APPLICABLE,RETAINED,28910.000000,,,,,,,,,NOT_APPLICABLE,ELIGIBLE,
060119,Q1,Chicken,FOODTOTL,Food,DIRECT_CONCORDANCE_UCC,PUBLISHED_CE_BASIS,LABSTAT_PUBLISHED,NOT_VERIFIED,NOT_ESTABLISHED,UNKNOWN,FF011,FOOD,DIRECT,3982.000000,OBSERVED,5.210000,false,,,,,NOT_APPLICABLE,UNCLAIMED,,,,,NOT_APPLICABLE,RETAINED,3982.000000,,,,,,,,,NOT_APPLICABLE,ELIGIBLE,
060119,Q2,Chicken,FOODTOTL,Food,DIRECT_CONCORDANCE_UCC,PUBLISHED_CE_BASIS,LABSTAT_PUBLISHED,NOT_VERIFIED,NOT_ESTABLISHED,UNKNOWN,FF011,FOOD,DIRECT,4284.000000,OBSERVED,6.480000,false,,,,,NOT_APPLICABLE,UNCLAIMED,,,,,NOT_APPLICABLE,RETAINED,4284.000000,,,,,,,,,NOT_APPLICABLE,ELIGIBLE,
060119,Q3,Chicken,FOODTOTL,Food,DIRECT_CONCORDANCE_UCC,PUBLISHED_CE_BASIS,LABSTAT_PUBLISHED,NOT_VERIFIED,NOT_ESTABLISHED,UNKNOWN,FF011,FOOD,DIRECT,5499.000000,OBSERVED,5.960000,false,,,,,NOT_APPLICABLE,UNCLAIMED,,,,,NOT_APPLICABLE,RETAINED,5499.000000,,,,,,,,,NOT_APPLICABLE,ELIGIBLE,
060119,Q4,Chicken,FOODTOTL,Food,DIRECT_CONCORDANCE_UCC,PUBLISHED_CE_BASIS,LABSTAT_PUBLISHED,NOT_VERIFIED,NOT_ESTABLISHED,UNKNOWN,FF011,FOOD,DIRECT,6552.000000,OBSERVED,6.330000,false,,,,,NOT_APPLICABLE,UNCLAIMED,,,,,NOT_APPLICABLE,RETAINED,6552.000000,,,,,,,,,NOT_APPLICABLE,ELIGIBLE,
060119,Q5,Chicken,FOODTOTL,Food,DIRECT_CONCORDANCE_UCC,PUBLISHED_CE_BASIS,LABSTAT_PUBLISHED,NOT_VERIFIED,NOT_ESTABLISHED,UNKNOWN,FF011,FOOD,DIRECT,8593.000000,OBSERVED,4.990000,false,,,,,NOT_APPLICABLE,UNCLAIMED,,,,,NOT_APPLICABLE,RETAINED,8593.000000,,,,,,,,,NOT_APPLICABLE,ELIGIBLE,
060310,ALL_CU,Other poultry,FOODTOTL,Food,DIRECT_CONCORDANCE_UCC,PUBLISHED_CE_BASIS,LABSTAT_PUBLISHED,NOT_VERIFIED,NOT_ESTABLISHED,UNKNOWN,FF021,FOOD,DIRECT,7270.000000,OBSERVED,5.390000,false,,,,,NOT_APPLICABLE,UNCLAIMED,,,,,NOT_APPLICABLE,RETAINED,7270.000000,,,,,,,,,NOT_APPLICABLE,ELIGIBLE,
060310,Q1,Other poultry,FOODTOTL,Food,DIRECT_CONCORDANCE_UCC,PUBLISHED_CE_BASIS,LABSTAT_PUBLISHED,NOT_VERIFIED,NOT_ESTABLISHED,UNKNOWN,FF021,FOOD,DIRECT,647.000000,OBSERVED,11.230000,false,,,,,NOT_APPLICABLE,UNCLAIMED,,,,,NOT_APPLICABLE,RETAINED,647.000000,,,,,,,,,NOT_APPLICABLE,ELIGIBLE,
060310,Q2,Other poultry,FOODTOTL,Food,DIRECT_CONCORDANCE_UCC,PUBLISHED_CE_BASIS,LABSTAT_PUBLISHED,NOT_VERIFIED,NOT_ESTABLISHED,UNKNOWN,FF021,FOOD,DIRECT,1120.000000,OBSERVED,11.640000,false,,,,,NOT_APPLICABLE,UNCLAIMED,,,,,NOT_APPLICABLE,RETAINED,1120.000000,,,,,,,,,NOT_APPLICABLE,ELIGIBLE,
060310,Q3,Other poultry,FOODTOTL,Food,DIRECT_CONCORDANCE_UCC,PUBLISHED_CE_BASIS,LABSTAT_PUBLISHED,NOT_VERIFIED,NOT_ESTABLISHED,UNKNOWN,FF021,FOOD,DIRECT,1270.000000,OBSERVED,9.540000,false,,,,,NOT_APPLICABLE,UNCLAIMED,,,,,NOT_APPLICABLE,RETAINED,1270.000000,,,,,,,,,NOT_APPLICABLE,ELIGIBLE,
060310,Q4,Other poultry,FOODTOTL,Food,DIRECT_CONCORDANCE_UCC,PUBLISHED_CE_BASIS,LABSTAT_PUBLISHED,NOT_VERIFIED,NOT_ESTABLISHED,UNKNOWN,FF021,FOOD,DIRECT,1850.000000,OBSERVED,9.830000,false,,,,,NOT_APPLICABLE,UNCLAIMED,,,,,NOT_APPLICABLE,RETAINED,1850.000000,,,,,,,,,NOT_APPLICABLE,ELIGIBLE,
060310,Q5,Other poultry,FOODTOTL,Food,DIRECT_CONCORDANCE_UCC,PUBLISHED_CE_BASIS,LABSTAT_PUBLISHED,NOT_VERIFIED,NOT_ESTABLISHED,UNKNOWN,FF021,FOOD,DIRECT,2383.000000,OBSERVED,7.610000,false,,,,,NOT_APPLICABLE,UNCLAIMED,,,,,NOT_APPLICABLE,RETAINED,2383.000000,,,,,,,,,NOT_APPLICABLE,ELIGIBLE,
070119,ALL_CU,Processed fish and seafood,FOODTOTL,Food,DIRECT_CONCORDANCE_UCC,PUBLISHED_CE_BASIS,LABSTAT_PUBLISHED,NOT_VERIFIED,NOT_ESTABLISHED,UNKNOWN,FG021,FOOD,DIRECT,14335.000000,OBSERVED,4.190000,false,,,,,NOT_APPLICABLE,UNCLAIMED,,,,,NOT_APPLICABLE,RETAINED,14335.000000,,,,,,,,,NOT_APPLICABLE,ELIGIBLE,
070119,Q1,Processed fish and seafood,FOODTOTL,Food,DIRECT_CONCORDANCE_UCC,PUBLISHED_CE_BASIS,LABSTAT_PUBLISHED,NOT_VERIFIED,NOT_ESTABLISHED,UNKNOWN,FG021,FOOD,DIRECT,1848.000000,OBSERVED,7.970000,false,,,,,NOT_APPLICABLE,UNCLAIMED,,,,,NOT_APPLICABLE,RETAINED,1848.000000,,,,,,,,,NOT_APPLICABLE,ELIGIBLE,
070119,Q2,Processed fish and seafood,FOODTOTL,Food,DIRECT_CONCORDANCE_UCC,PUBLISHED_CE_BASIS,LABSTAT_PUBLISHED,NOT_VERIFIED,NOT_ESTABLISHED,UNKNOWN,FG021,FOOD,DIRECT,2084.000000,OBSERVED,6.480000,false,,,,,NOT_APPLICABLE,UNCLAIMED,,,,,NOT_APPLICABLE,RETAINED,2084.000000,,,,,,,,,NOT_APPLICABLE,ELIGIBLE,
070119,Q3,Processed fish and seafood,FOODTOTL,Food,DIRECT_CONCORDANCE_UCC,PUBLISHED_CE_BASIS,LABSTAT_PUBLISHED,NOT_VERIFIED,NOT_ESTABLISHED,UNKNOWN,FG021,FOOD,DIRECT,2944.000000,OBSERVED,8.770000,false,,,,,NOT_APPLICABLE,UNCLAIMED,,,,,NOT_APPLICABLE,RETAINED,2944.000000,,,,,,,,,NOT_APPLICABLE,ELIGIBLE,
070119,Q4,Processed fish and seafood,FOODTOTL,Food,DIRECT_CONCORDANCE_UCC,PUBLISHED_CE_BASIS,LABSTAT_PUBLISHED,NOT_VERIFIED,NOT_ESTABLISHED,UNKNOWN,FG021,FOOD,DIRECT,3294.000000,OBSERVED,11.500000,false,,,,,NOT_APPLICABLE,UNCLAIMED,,,,,NOT_APPLICABLE,RETAINED,3294.000000,,,,,,,,,NOT_APPLICABLE,ELIGIBLE,
070119,Q5,Processed fish and seafood,FOODTOTL,Food,DIRECT_CONCORDANCE_UCC,PUBLISHED_CE_BASIS,LABSTAT_PUBLISHED,NOT_VERIFIED,NOT_ESTABLISHED,UNKNOWN,FG021,FOOD,DIRECT,4164.000000,OBSERVED,9.450000,false,,,,,NOT_APPLICABLE,UNCLAIMED,,,,,NOT_APPLICABLE,RETAINED,4164.000000,,,,,,,,,NOT_APPLICABLE,ELIGIBLE,
070230,ALL_CU,Fresh fish and shellfish,FOODTOTL,Food,DIRECT_CONCORDANCE_UCC,PUBLISHED_CE_BASIS,LABSTAT_PUBLISHED,NOT_VERIFIED,NOT_ESTABLISHED,UNKNOWN,FG011,FOOD,DIRECT,15959.000000,OBSERVED,4.940000,false,,,,,NOT_APPLICABLE,UNCLAIMED,,,,,NOT_APPLICABLE,RETAINED,15959.000000,,,,,,,,,NOT_APPLICABLE,ELIGIBLE,
070230,Q1,Fresh fish and shellfish,FOODTOTL,Food,DIRECT_CONCORDANCE_UCC,PUBLISHED_CE_BASIS,LABSTAT_PUBLISHED,NOT_VERIFIED,NOT_ESTABLISHED,UNKNOWN,FG011,FOOD,DIRECT,1718.000000,OBSERVED,9.320000,false,,,,,NOT_APPLICABLE,UNCLAIMED,,,,,NOT_APPLICABLE,RETAINED,1718.000000,,,,,,,,,NOT_APPLICABLE,ELIGIBLE,
070230,Q2,Fresh fish and shellfish,FOODTOTL,Food,DIRECT_CONCORDANCE_UCC,PUBLISHED_CE_BASIS,LABSTAT_PUBLISHED,NOT_VERIFIED,NOT_ESTABLISHED,UNKNOWN,FG011,FOOD,DIRECT,2153.000000,OBSERVED,9.330000,false,,,,,NOT_APPLICABLE,UNCLAIMED,,,,,NOT_APPLICABLE,RETAINED,2153.000000,,,,,,,,,NOT_APPLICABLE,ELIGIBLE,
070230,Q3,Fresh fish and shellfish,FOODTOTL,Food,DIRECT_CONCORDANCE_UCC,PUBLISHED_CE_BASIS,LABSTAT_PUBLISHED,NOT_VERIFIED,NOT_ESTABLISHED,UNKNOWN,FG011,FOOD,DIRECT,2979.000000,OBSERVED,7.900000,false,,,,,NOT_APPLICABLE,UNCLAIMED,,,,,NOT_APPLICABLE,RETAINED,2979.000000,,,,,,,,,NOT_APPLICABLE,ELIGIBLE,
070230,Q4,Fresh fish and shellfish,FOODTOTL,Food,DIRECT_CONCORDANCE_UCC,PUBLISHED_CE_BASIS,LABSTAT_PUBLISHED,NOT_VERIFIED,NOT_ESTABLISHED,UNKNOWN,FG011,FOOD,DIRECT,3831.000000,OBSERVED,8.020000,false,,,,,NOT_APPLICABLE,UNCLAIMED,,,,,NOT_APPLICABLE,RETAINED,3831.000000,,,,,,,,,NOT_APPLICABLE,ELIGIBLE,
070230,Q5,Fresh fish and shellfish,FOODTOTL,Food,DIRECT_CONCORDANCE_UCC,PUBLISHED_CE_BASIS,LABSTAT_PUBLISHED,NOT_VERIFIED,NOT_ESTABLISHED,UNKNOWN,FG011,FOOD,DIRECT,5278.000000,OBSERVED,9.010000,false,,,,,NOT_APPLICABLE,UNCLAIMED,,,,,NOT_APPLICABLE,RETAINED,5278.000000,,,,,,,,,NOT_APPLICABLE,ELIGIBLE,
080110,ALL_CU,Eggs,FOODTOTL,Food,DIRECT_CONCORDANCE_UCC,PUBLISHED_CE_BASIS,LABSTAT_PUBLISHED,NOT_VERIFIED,NOT_ESTABLISHED,UNKNOWN,FH011,FOOD,DIRECT,14257.000000,OBSERVED,3.400000,false,,,,,NOT_APPLICABLE,UNCLAIMED,,,,,NOT_APPLICABLE,RETAINED,14257.000000,,,,,,,,,NOT_APPLICABLE,ELIGIBLE,
080110,Q1,Eggs,FOODTOTL,Food,DIRECT_CONCORDANCE_UCC,PUBLISHED_CE_BASIS,LABSTAT_PUBLISHED,NOT_VERIFIED,NOT_ESTABLISHED,UNKNOWN,FH011,FOOD,DIRECT,2068.000000,OBSERVED,9.060000,false,,,,,NOT_APPLICABLE,UNCLAIMED,,,,,NOT_APPLICABLE,RETAINED,2068.000000,,,,,,,,,NOT_APPLICABLE,ELIGIBLE,
080110,Q2,Eggs,FOODTOTL,Food,DIRECT_CONCORDANCE_UCC,PUBLISHED_CE_BASIS,LABSTAT_PUBLISHED,NOT_VERIFIED,NOT_ESTABLISHED,UNKNOWN,FH011,FOOD,DIRECT,2284.000000,OBSERVED,6.370000,false,,,,,NOT_APPLICABLE,UNCLAIMED,,,,,NOT_APPLICABLE,RETAINED,2284.000000,,,,,,,,,NOT_APPLICABLE,ELIGIBLE,
080110,Q3,Eggs,FOODTOTL,Food,DIRECT_CONCORDANCE_UCC,PUBLISHED_CE_BASIS,LABSTAT_PUBLISHED,NOT_VERIFIED,NOT_ESTABLISHED,UNKNOWN,FH011,FOOD,DIRECT,2671.000000,OBSERVED,7.180000,false,,,,,NOT_APPLICABLE,UNCLAIMED,,,,,NOT_APPLICABLE,RETAINED,2671.000000,,,,,,,,,NOT_APPLICABLE,ELIGIBLE,
080110,Q4,Eggs,FOODTOTL,Food,DIRECT_CONCORDANCE_UCC,PUBLISHED_CE_BASIS,LABSTAT_PUBLISHED,NOT_VERIFIED,NOT_ESTABLISHED,UNKNOWN,FH011,FOOD,DIRECT,3359.000000,OBSERVED,6.220000,false,,,,,NOT_APPLICABLE,UNCLAIMED,,,,,NOT_APPLICABLE,RETAINED,3359.000000,,,,,,,,,NOT_APPLICABLE,ELIGIBLE,
080110,Q5,Eggs,FOODTOTL,Food,DIRECT_CONCORDANCE_UCC,PUBLISHED_CE_BASIS,LABSTAT_PUBLISHED,NOT_VERIFIED,NOT_ESTABLISHED,UNKNOWN,FH011,FOOD,DIRECT,3875.000000,OBSERVED,4.920000,false,,,,,NOT_APPLICABLE,UNCLAIMED,,,,,NOT_APPLICABLE,RETAINED,3875.000000,,,,,,,,,NOT_APPLICABLE,ELIGIBLE,
090110,ALL_CU,"Fresh milk, all types",FOODTOTL,Food,DIRECT_CONCORDANCE_UCC,PUBLISHED_CE_BASIS,LABSTAT_PUBLISHED,NOT_VERIFIED,NOT_ESTABLISHED,UNKNOWN,FJ011,FOOD,DIRECT,19108.000000,OBSERVED,2.050000,false,,,,,NOT_APPLICABLE,UNCLAIMED,,,,,NOT_APPLICABLE,RETAINED,19108.000000,,,,,,,,,NOT_APPLICABLE,ELIGIBLE,
090110,Q1,"Fresh milk, all types",FOODTOTL,Food,DIRECT_CONCORDANCE_UCC,PUBLISHED_CE_BASIS,LABSTAT_PUBLISHED,NOT_VERIFIED,NOT_ESTABLISHED,UNKNOWN,FJ011,FOOD,DIRECT,2663.000000,OBSERVED,6.910000,false,,,,,NOT_APPLICABLE,UNCLAIMED,,,,,NOT_APPLICABLE,RETAINED,2663.000000,,,,,,,,,NOT_APPLICABLE,ELIGIBLE,
090110,Q2,"Fresh milk, all types",FOODTOTL,Food,DIRECT_CONCORDANCE_UCC,PUBLISHED_CE_BASIS,LABSTAT_PUBLISHED,NOT_VERIFIED,NOT_ESTABLISHED,UNKNOWN,FJ011,FOOD,DIRECT,2928.000000,OBSERVED,5.890000,false,,,,,NOT_APPLICABLE,UNCLAIMED,,,,,NOT_APPLICABLE,RETAINED,2928.000000,,,,,,,,,NOT_APPLICABLE,ELIGIBLE,
090110,Q3,"Fresh milk, all types",FOODTOTL,Food,DIRECT_CONCORDANCE_UCC,PUBLISHED_CE_BASIS,LABSTAT_PUBLISHED,NOT_VERIFIED,NOT_ESTABLISHED,UNKNOWN,FJ011,FOOD,DIRECT,3590.000000,OBSERVED,5.720000,false,,,,,NOT_APPLICABLE,UNCLAIMED,,,,,NOT_APPLICABLE,RETAINED,3590.000000,,,,,,,,,NOT_APPLICABLE,ELIGIBLE,
090110,Q4,"Fresh milk, all types",FOODTOTL,Food,DIRECT_CONCORDANCE_UCC,PUBLISHED_CE_BASIS,LABSTAT_PUBLISHED,NOT_VERIFIED,NOT_ESTABLISHED,UNKNOWN,FJ011,FOOD,DIRECT,4380.000000,OBSERVED,4.240000,false,,,,,NOT_APPLICABLE,UNCLAIMED,,,,,NOT_APPLICABLE,RETAINED,4380.000000,,,,,,,,,NOT_APPLICABLE,ELIGIBLE,
090110,Q5,"Fresh milk, all types",FOODTOTL,Food,DIRECT_CONCORDANCE_UCC,PUBLISHED_CE_BASIS,LABSTAT_PUBLISHED,NOT_VERIFIED,NOT_ESTABLISHED,UNKNOWN,FJ011,FOOD,DIRECT,5546.000000,OBSERVED,3.470000,false,,,,,NOT_APPLICABLE,UNCLAIMED,,,,,NOT_APPLICABLE,RETAINED,5546.000000,,,,,,,,,NOT_APPLICABLE,ELIGIBLE,
100119,ALL_CU,Butter and margarine,FOODTOTL,Food,DIRECT_CONCORDANCE_UCC,PUBLISHED_CE_BASIS,LABSTAT_PUBLISHED,NOT_VERIFIED,NOT_ESTABLISHED,UNKNOWN,FS011,FOOD,DIRECT,7149.000000,OBSERVED,4.030000,false,,,,,NOT_APPLICABLE,UNCLAIMED,,,,,NOT_APPLICABLE,RETAINED,7149.000000,,,,,,,,,NOT_APPLICABLE,ELIGIBLE,
100119,Q1,Butter and margarine,FOODTOTL,Food,DIRECT_CONCORDANCE_UCC,PUBLISHED_CE_BASIS,LABSTAT_PUBLISHED,NOT_VERIFIED,NOT_ESTABLISHED,UNKNOWN,FS011,FOOD,DIRECT,824.000000,OBSERVED,7.470000,false,,,,,NOT_APPLICABLE,UNCLAIMED,,,,,NOT_APPLICABLE,RETAINED,824.000000,,,,,,,,,NOT_APPLICABLE,ELIGIBLE,
100119,Q2,Butter and margarine,FOODTOTL,Food,DIRECT_CONCORDANCE_UCC,PUBLISHED_CE_BASIS,LABSTAT_PUBLISHED,NOT_VERIFIED,NOT_ESTABLISHED,UNKNOWN,FS011,FOOD,DIRECT,1071.000000,OBSERVED,7.420000,false,,,,,NOT_APPLICABLE,UNCLAIMED,,,,,NOT_APPLICABLE,RETAINED,1071.000000,,,,,,,,,NOT_APPLICABLE,ELIGIBLE,
100119,Q3,Butter and margarine,FOODTOTL,Food,DIRECT_CONCORDANCE_UCC,PUBLISHED_CE_BASIS,LABSTAT_PUBLISHED,NOT_VERIFIED,NOT_ESTABLISHED,UNKNOWN,FS011,FOOD,DIRECT,1248.000000,OBSERVED,5.970000,false,,,,,NOT_APPLICABLE,UNCLAIMED,,,,,NOT_APPLICABLE,RETAINED,1248.000000,,,,,,,,,NOT_APPLICABLE,ELIGIBLE,
100119,Q4,Butter and margarine,FOODTOTL,Food,DIRECT_CONCORDANCE_UCC,PUBLISHED_CE_BASIS,LABSTAT_PUBLISHED,NOT_VERIFIED,NOT_ESTABLISHED,UNKNOWN,FS011,FOOD,DIRECT,1778.000000,OBSERVED,8.420000,false,,,,,NOT_APPLICABLE,UNCLAIMED,,,,,NOT_APPLICABLE,RETAINED,1778.000000,,,,,,,,,NOT_APPLICABLE,ELIGIBLE,
100119,Q5,Butter and margarine,FOODTOTL,Food,DIRECT_CONCORDANCE_UCC,PUBLISHED_CE_BASIS,LABSTAT_PUBLISHED,NOT_VERIFIED,NOT_ESTABLISHED,UNKNOWN,FS011,FOOD,DIRECT,2228.000000,OBSERVED,6.470000,false,,,,,NOT_APPLICABLE,UNCLAIMED,,,,,NOT_APPLICABLE,RETAINED,2228.000000,,,,,,,,,NOT_APPLICABLE,ELIGIBLE,
100210,ALL_CU,Cheese,FOODTOTL,Food,DIRECT_CONCORDANCE_UCC,PUBLISHED_CE_BASIS,LABSTAT_PUBLISHED,NOT_VERIFIED,NOT_ESTABLISHED,UNKNOWN,FJ021,FOOD,DIRECT,27210.000000,OBSERVED,2.620000,false,,,,,NOT_APPLICABLE,UNCLAIMED,,,,,NOT_APPLICABLE,RETAINED,27210.000000,,,,,,,,,NOT_APPLICABLE,ELIGIBLE,
100210,Q1,Cheese,FOODTOTL,Food,DIRECT_CONCORDANCE_UCC,PUBLISHED_CE_BASIS,LABSTAT_PUBLISHED,NOT_VERIFIED,NOT_ESTABLISHED,UNKNOWN,FJ021,FOOD,DIRECT,3099.000000,OBSERVED,5.010000,false,,,,,NOT_APPLICABLE,UNCLAIMED,,,,,NOT_APPLICABLE,RETAINED,3099.000000,,,,,,,,,NOT_APPLICABLE,ELIGIBLE,
100210,Q2,Cheese,FOODTOTL,Food,DIRECT_CONCORDANCE_UCC,PUBLISHED_CE_BASIS,LABSTAT_PUBLISHED,NOT_VERIFIED,NOT_ESTABLISHED,UNKNOWN,FJ021,FOOD,DIRECT,4264.000000,OBSERVED,5.610000,false,,,,,NOT_APPLICABLE,UNCLAIMED,,,,,NOT_APPLICABLE,RETAINED,4264.000000,,,,,,,,,NOT_APPLICABLE,ELIGIBLE,
100210,Q3,Cheese,FOODTOTL,Food,DIRECT_CONCORDANCE_UCC,PUBLISHED_CE_BASIS,LABSTAT_PUBLISHED,NOT_VERIFIED,NOT_ESTABLISHED,UNKNOWN,FJ021,FOOD,DIRECT,5298.000000,OBSERVED,5.870000,false,,,,,NOT_APPLICABLE,UNCLAIMED,,,,,NOT_APPLICABLE,RETAINED,5298.000000,,,,,,,,,NOT_APPLICABLE,ELIGIBLE,
100210,Q4,Cheese,FOODTOTL,Food,DIRECT_CONCORDANCE_UCC,PUBLISHED_CE_BASIS,LABSTAT_PUBLISHED,NOT_VERIFIED,NOT_ESTABLISHED,UNKNOWN,FJ021,FOOD,DIRECT,6114.000000,OBSERVED,4.190000,false,,,,,NOT_APPLICABLE,UNCLAIMED,,,,,NOT_APPLICABLE,RETAINED,6114.000000,,,,,,,,,NOT_APPLICABLE,ELIGIBLE,
100210,Q5,Cheese,FOODTOTL,Food,DIRECT_CONCORDANCE_UCC,PUBLISHED_CE_BASIS,LABSTAT_PUBLISHED,NOT_VERIFIED,NOT_ESTABLISHED,UNKNOWN,FJ021,FOOD,DIRECT,8435.000000,OBSERVED,4.270000,false,,,,,NOT_APPLICABLE,UNCLAIMED,,,,,NOT_APPLICABLE,RETAINED,8435.000000,,,,,,,,,NOT_APPLICABLE,ELIGIBLE,
100410,ALL_CU,Ice cream and related products,FOODTOTL,Food,DIRECT_CONCORDANCE_UCC,PUBLISHED_CE_BASIS,LABSTAT_PUBLISHED,NOT_VERIFIED,NOT_ESTABLISHED,UNKNOWN,FJ031,FOOD,DIRECT,11824.000000,OBSERVED,3.720000,false,,,,,NOT_APPLICABLE,UNCLAIMED,,,,,NOT_APPLICABLE,RETAINED,11824.000000,,,,,,,,,NOT_APPLICABLE,ELIGIBLE,
100410,Q1,Ice cream and related products,FOODTOTL,Food,DIRECT_CONCORDANCE_UCC,PUBLISHED_CE_BASIS,LABSTAT_PUBLISHED,NOT_VERIFIED,NOT_ESTABLISHED,UNKNOWN,FJ031,FOOD,DIRECT,1558.000000,OBSERVED,8.070000,false,,,,,NOT_APPLICABLE,UNCLAIMED,,,,,NOT_APPLICABLE,RETAINED,1558.000000,,,,,,,,,NOT_APPLICABLE,ELIGIBLE,
100410,Q2,Ice cream and related products,FOODTOTL,Food,DIRECT_CONCORDANCE_UCC,PUBLISHED_CE_BASIS,LABSTAT_PUBLISHED,NOT_VERIFIED,NOT_ESTABLISHED,UNKNOWN,FJ031,FOOD,DIRECT,1881.000000,OBSERVED,8.070000,false,,,,,NOT_APPLICABLE,UNCLAIMED,,,,,NOT_APPLICABLE,RETAINED,1881.000000,,,,,,,,,NOT_APPLICABLE,ELIGIBLE,
100410,Q3,Ice cream and related products,FOODTOTL,Food,DIRECT_CONCORDANCE_UCC,PUBLISHED_CE_BASIS,LABSTAT_PUBLISHED,NOT_VERIFIED,NOT_ESTABLISHED,UNKNOWN,FJ031,FOOD,DIRECT,2347.000000,OBSERVED,7.090000,false,,,,,NOT_APPLICABLE,UNCLAIMED,,,,,NOT_APPLICABLE,RETAINED,2347.000000,,,,,,,,,NOT_APPLICABLE,ELIGIBLE,
100410,Q4,Ice cream and related products,FOODTOTL,Food,DIRECT_CONCORDANCE_UCC,PUBLISHED_CE_BASIS,LABSTAT_PUBLISHED,NOT_VERIFIED,NOT_ESTABLISHED,UNKNOWN,FJ031,FOOD,DIRECT,2773.000000,OBSERVED,5.950000,false,,,,,NOT_APPLICABLE,UNCLAIMED,,,,,NOT_APPLICABLE,RETAINED,2773.000000,,,,,,,,,NOT_APPLICABLE,ELIGIBLE,
100410,Q5,Ice cream and related products,FOODTOTL,Food,DIRECT_CONCORDANCE_UCC,PUBLISHED_CE_BASIS,LABSTAT_PUBLISHED,NOT_VERIFIED,NOT_ESTABLISHED,UNKNOWN,FJ031,FOOD,DIRECT,3265.000000,OBSERVED,7.050000,false,,,,,NOT_APPLICABLE,UNCLAIMED,,,,,NOT_APPLICABLE,RETAINED,3265.000000,,,,,,,,,NOT_APPLICABLE,ELIGIBLE,
100519,ALL_CU,Other dairy and related products,FOODTOTL,Food,DIRECT_CONCORDANCE_UCC,PUBLISHED_CE_BASIS,LABSTAT_PUBLISHED,NOT_VERIFIED,NOT_ESTABLISHED,UNKNOWN,FJ041,FOOD,DIRECT,20142.000000,OBSERVED,2.590000,false,,,,,NOT_APPLICABLE,UNCLAIMED,,,,,NOT_APPLICABLE,RETAINED,20142.000000,,,,,,,,,NOT_APPLICABLE,ELIGIBLE,
100519,Q1,Other dairy and related products,FOODTOTL,Food,DIRECT_CONCORDANCE_UCC,PUBLISHED_CE_BASIS,LABSTAT_PUBLISHED,NOT_VERIFIED,NOT_ESTABLISHED,UNKNOWN,FJ041,FOOD,DIRECT,2271.000000,OBSERVED,6.440000,false,,,,,NOT_APPLICABLE,UNCLAIMED,,,,,NOT_APPLICABLE,RETAINED,2271.000000,,,,,,,,,NOT_APPLICABLE,ELIGIBLE,
100519,Q2,Other dairy and related products,FOODTOTL,Food,DIRECT_CONCORDANCE_UCC,PUBLISHED_CE_BASIS,LABSTAT_PUBLISHED,NOT_VERIFIED,NOT_ESTABLISHED,UNKNOWN,FJ041,FOOD,DIRECT,3213.000000,OBSERVED,5.070000,false,,,,,NOT_APPLICABLE,UNCLAIMED,,,,,NOT_APPLICABLE,RETAINED,3213.000000,,,,,,,,,NOT_APPLICABLE,ELIGIBLE,
100519,Q3,Other dairy and related products,FOODTOTL,Food,DIRECT_CONCORDANCE_UCC,PUBLISHED_CE_BASIS,LABSTAT_PUBLISHED,NOT_VERIFIED,NOT_ESTABLISHED,UNKNOWN,FJ041,FOOD,DIRECT,3595.000000,OBSERVED,5.540000,false,,,,,NOT_APPLICABLE,UNCLAIMED,,,,,NOT_APPLICABLE,RETAINED,3595.000000,,,,,,,,,NOT_APPLICABLE,ELIGIBLE,
100519,Q4,Other dairy and related products,FOODTOTL,Food,DIRECT_CONCORDANCE_UCC,PUBLISHED_CE_BASIS,LABSTAT_PUBLISHED,NOT_VERIFIED,NOT_ESTABLISHED,UNKNOWN,FJ041,FOOD,DIRECT,4776.000000,OBSERVED,4.100000,false,,,,,NOT_APPLICABLE,UNCLAIMED,,,,,NOT_APPLICABLE,RETAINED,4776.000000,,,,,,,,,NOT_APPLICABLE,ELIGIBLE,
100519,Q5,Other dairy and related products,FOODTOTL,Food,DIRECT_CONCORDANCE_UCC,PUBLISHED_CE_BASIS,LABSTAT_PUBLISHED,NOT_VERIFIED,NOT_ESTABLISHED,UNKNOWN,FJ041,FOOD,DIRECT,6287.000000,OBSERVED,4.280000,false,,,,,NOT_APPLICABLE,UNCLAIMED,,,,,NOT_APPLICABLE,RETAINED,6287.000000,,,,,,,,,NOT_APPLICABLE,ELIGIBLE,
110110,ALL_CU,Apples,FOODTOTL,Food,DIRECT_CONCORDANCE_UCC,PUBLISHED_CE_BASIS,LABSTAT_PUBLISHED,NOT_VERIFIED,NOT_ESTABLISHED,UNKNOWN,FK011,FOOD,DIRECT,7147.000000,OBSERVED,4.030000,false,,,,,NOT_APPLICABLE,UNCLAIMED,,,,,NOT_APPLICABLE,RETAINED,7147.000000,,,,,,,,,NOT_APPLICABLE,ELIGIBLE,
110110,Q1,Apples,FOODTOTL,Food,DIRECT_CONCORDANCE_UCC,PUBLISHED_CE_BASIS,LABSTAT_PUBLISHED,NOT_VERIFIED,NOT_ESTABLISHED,UNKNOWN,FK011,FOOD,DIRECT,854.000000,OBSERVED,10.120000,false,,,,,NOT_APPLICABLE,UNCLAIMED,,,,,NOT_APPLICABLE,RETAINED,854.000000,,,,,,,,,NOT_APPLICABLE,ELIGIBLE,
110110,Q2,Apples,FOODTOTL,Food,DIRECT_CONCORDANCE_UCC,PUBLISHED_CE_BASIS,LABSTAT_PUBLISHED,NOT_VERIFIED,NOT_ESTABLISHED,UNKNOWN,FK011,FOOD,DIRECT,1029.000000,OBSERVED,7.720000,false,,,,,NOT_APPLICABLE,UNCLAIMED,,,,,NOT_APPLICABLE,RETAINED,1029.000000,,,,,,,,,NOT_APPLICABLE,ELIGIBLE,
110110,Q3,Apples,FOODTOTL,Food,DIRECT_CONCORDANCE_UCC,PUBLISHED_CE_BASIS,LABSTAT_PUBLISHED,NOT_VERIFIED,NOT_ESTABLISHED,UNKNOWN,FK011,FOOD,DIRECT,1359.000000,OBSERVED,10.200000,false,,,,,NOT_APPLICABLE,UNCLAIMED,,,,,NOT_APPLICABLE,RETAINED,1359.000000,,,,,,,,,NOT_APPLICABLE,ELIGIBLE,
110110,Q4,Apples,FOODTOTL,Food,DIRECT_CONCORDANCE_UCC,PUBLISHED_CE_BASIS,LABSTAT_PUBLISHED,NOT_VERIFIED,NOT_ESTABLISHED,UNKNOWN,FK011,FOOD,DIRECT,1653.000000,OBSERVED,6.380000,false,,,,,NOT_APPLICABLE,UNCLAIMED,,,,,NOT_APPLICABLE,RETAINED,1653.000000,,,,,,,,,NOT_APPLICABLE,ELIGIBLE,
110110,Q5,Apples,FOODTOTL,Food,DIRECT_CONCORDANCE_UCC,PUBLISHED_CE_BASIS,LABSTAT_PUBLISHED,NOT_VERIFIED,NOT_ESTABLISHED,UNKNOWN,FK011,FOOD,DIRECT,2252.000000,OBSERVED,6.720000,false,,,,,NOT_APPLICABLE,UNCLAIMED,,,,,NOT_APPLICABLE,RETAINED,2252.000000,,,,,,,,,NOT_APPLICABLE,ELIGIBLE,
110210,ALL_CU,Bananas,FOODTOTL,Food,DIRECT_CONCORDANCE_UCC,PUBLISHED_CE_BASIS,LABSTAT_PUBLISHED,NOT_VERIFIED,NOT_ESTABLISHED,UNKNOWN,FK021,FOOD,DIRECT,5803.000000,OBSERVED,3.230000,false,,,,,NOT_APPLICABLE,UNCLAIMED,,,,,NOT_APPLICABLE,RETAINED,5803.000000,,,,,,,,,NOT_APPLICABLE,ELIGIBLE,
110210,Q1,Bananas,FOODTOTL,Food,DIRECT_CONCORDANCE_UCC,PUBLISHED_CE_BASIS,LABSTAT_PUBLISHED,NOT_VERIFIED,NOT_ESTABLISHED,UNKNOWN,FK021,FOOD,DIRECT,786.000000,OBSERVED,7.470000,false,,,,,NOT_APPLICABLE,UNCLAIMED,,,,,NOT_APPLICABLE,RETAINED,786.000000,,,,,,,,,NOT_APPLICABLE,ELIGIBLE,
110210,Q2,Bananas,FOODTOTL,Food,DIRECT_CONCORDANCE_UCC,PUBLISHED_CE_BASIS,LABSTAT_PUBLISHED,NOT_VERIFIED,NOT_ESTABLISHED,UNKNOWN,FK021,FOOD,DIRECT,1024.000000,OBSERVED,6.630000,false,,,,,NOT_APPLICABLE,UNCLAIMED,,,,,NOT_APPLICABLE,RETAINED,1024.000000,,,,,,,,,NOT_APPLICABLE,ELIGIBLE,
110210,Q3,Bananas,FOODTOTL,Food,DIRECT_CONCORDANCE_UCC,PUBLISHED_CE_BASIS,LABSTAT_PUBLISHED,NOT_VERIFIED,NOT_ESTABLISHED,UNKNOWN,FK021,FOOD,DIRECT,1124.000000,OBSERVED,10.330000,false,,,,,NOT_APPLICABLE,UNCLAIMED,,,,,NOT_APPLICABLE,RETAINED,1124.000000,,,,,,,,,NOT_APPLICABLE,ELIGIBLE,
110210,Q4,Bananas,FOODTOTL,Food,DIRECT_CONCORDANCE_UCC,PUBLISHED_CE_BASIS,LABSTAT_PUBLISHED,NOT_VERIFIED,NOT_ESTABLISHED,UNKNOWN,FK021,FOOD,DIRECT,1301.000000,OBSERVED,6.380000,false,,,,,NOT_APPLICABLE,UNCLAIMED,,,,,NOT_APPLICABLE,RETAINED,1301.000000,,,,,,,,,NOT_APPLICABLE,ELIGIBLE,
110210,Q5,Bananas,FOODTOTL,Food,DIRECT_CONCORDANCE_UCC,PUBLISHED_CE_BASIS,LABSTAT_PUBLISHED,NOT_VERIFIED,NOT_ESTABLISHED,UNKNOWN,FK021,FOOD,DIRECT,1568.000000,OBSERVED,5.040000,false,,,,,NOT_APPLICABLE,UNCLAIMED,,,,,NOT_APPLICABLE,RETAINED,1568.000000,,,,,,,,,NOT_APPLICABLE,ELIGIBLE,
110319,ALL_CU,Citrus fruits,FOODTOTL,Food,DIRECT_CONCORDANCE_UCC,PUBLISHED_CE_BASIS,LABSTAT_PUBLISHED,NOT_VERIFIED,NOT_ESTABLISHED,UNKNOWN,FK031,FOOD,DIRECT,7935.000000,OBSERVED,3.440000,false,,,,,NOT_APPLICABLE,UNCLAIMED,,,,,NOT_APPLICABLE,RETAINED,7935.000000,,,,,,,,,NOT_APPLICABLE,ELIGIBLE,
110319,Q1,Citrus fruits,FOODTOTL,Food,DIRECT_CONCORDANCE_UCC,PUBLISHED_CE_BASIS,LABSTAT_PUBLISHED,NOT_VERIFIED,NOT_ESTABLISHED,UNKNOWN,FK031,FOOD,DIRECT,803.000000,OBSERVED,7.650000,false,,,,,NOT_APPLICABLE,UNCLAIMED,,,,,NOT_APPLICABLE,RETAINED,803.000000,,,,,,,,,NOT_APPLICABLE,ELIGIBLE,
110319,Q2,Citrus fruits,FOODTOTL,Food,DIRECT_CONCORDANCE_UCC,PUBLISHED_CE_BASIS,LABSTAT_PUBLISHED,NOT_VERIFIED,NOT_ESTABLISHED,UNKNOWN,FK031,FOOD,DIRECT,1344.000000,OBSERVED,7.530000,false,,,,,NOT_APPLICABLE,UNCLAIMED,,,,,NOT_APPLICABLE,RETAINED,1344.000000,,,,,,,,,NOT_APPLICABLE,ELIGIBLE,
110319,Q3,Citrus fruits,FOODTOTL,Food,DIRECT_CONCORDANCE_UCC,PUBLISHED_CE_BASIS,LABSTAT_PUBLISHED,NOT_VERIFIED,NOT_ESTABLISHED,UNKNOWN,FK031,FOOD,DIRECT,1349.000000,OBSERVED,8.910000,false,,,,,NOT_APPLICABLE,UNCLAIMED,,,,,NOT_APPLICABLE,RETAINED,1349.000000,,,,,,,,,NOT_APPLICABLE,ELIGIBLE,
110319,Q4,Citrus fruits,FOODTOTL,Food,DIRECT_CONCORDANCE_UCC,PUBLISHED_CE_BASIS,LABSTAT_PUBLISHED,NOT_VERIFIED,NOT_ESTABLISHED,UNKNOWN,FK031,FOOD,DIRECT,1856.000000,OBSERVED,6.170000,false,,,,,NOT_APPLICABLE,UNCLAIMED,,,,,NOT_APPLICABLE,RETAINED,1856.000000,,,,,,,,,NOT_APPLICABLE,ELIGIBLE,
110319,Q5,Citrus fruits,FOODTOTL,Food,DIRECT_CONCORDANCE_UCC,PUBLISHED_CE_BASIS,LABSTAT_PUBLISHED,NOT_VERIFIED,NOT_ESTABLISHED,UNKNOWN,FK031,FOOD,DIRECT,2583.000000,OBSERVED,7.140000,false,,,,,NOT_APPLICABLE,UNCLAIMED,,,,,NOT_APPLICABLE,RETAINED,2583.000000,,,,,,,,,NOT_APPLICABLE,ELIGIBLE,
110410,ALL_CU,Other fresh fruits,FOODTOTL,Food,DIRECT_CONCORDANCE_UCC,PUBLISHED_CE_BASIS,LABSTAT_PUBLISHED,NOT_VERIFIED,NOT_ESTABLISHED,UNKNOWN,FK041,FOOD,DIRECT,32492.000000,OBSERVED,3.060000,false,,,,,NOT_APPLICABLE,UNCLAIMED,,,,,NOT_APPLICABLE,RETAINED,32492.000000,,,,,,,,,NOT_APPLICABLE,ELIGIBLE,
110410,Q1,Other fresh fruits,FOODTOTL,Food,DIRECT_CONCORDANCE_UCC,PUBLISHED_CE_BASIS,LABSTAT_PUBLISHED,NOT_VERIFIED,NOT_ESTABLISHED,UNKNOWN,FK041,FOOD,DIRECT,3583.000000,OBSERVED,6.070000,false,,,,,NOT_APPLICABLE,UNCLAIMED,,,,,NOT_APPLICABLE,RETAINED,3583.000000,,,,,,,,,NOT_APPLICABLE,ELIGIBLE,
110410,Q2,Other fresh fruits,FOODTOTL,Food,DIRECT_CONCORDANCE_UCC,PUBLISHED_CE_BASIS,LABSTAT_PUBLISHED,NOT_VERIFIED,NOT_ESTABLISHED,UNKNOWN,FK041,FOOD,DIRECT,5306.000000,OBSERVED,7.010000,false,,,,,NOT_APPLICABLE,UNCLAIMED,,,,,NOT_APPLICABLE,RETAINED,5306.000000,,,,,,,,,NOT_APPLICABLE,ELIGIBLE,
110410,Q3,Other fresh fruits,FOODTOTL,Food,DIRECT_CONCORDANCE_UCC,PUBLISHED_CE_BASIS,LABSTAT_PUBLISHED,NOT_VERIFIED,NOT_ESTABLISHED,UNKNOWN,FK041,FOOD,DIRECT,6118.000000,OBSERVED,6.070000,false,,,,,NOT_APPLICABLE,UNCLAIMED,,,,,NOT_APPLICABLE,RETAINED,6118.000000,,,,,,,,,NOT_APPLICABLE,ELIGIBLE,
110410,Q4,Other fresh fruits,FOODTOTL,Food,DIRECT_CONCORDANCE_UCC,PUBLISHED_CE_BASIS,LABSTAT_PUBLISHED,NOT_VERIFIED,NOT_ESTABLISHED,UNKNOWN,FK041,FOOD,DIRECT,7355.000000,OBSERVED,5.070000,false,,,,,NOT_APPLICABLE,UNCLAIMED,,,,,NOT_APPLICABLE,RETAINED,7355.000000,,,,,,,,,NOT_APPLICABLE,ELIGIBLE,
110410,Q5,Other fresh fruits,FOODTOTL,Food,DIRECT_CONCORDANCE_UCC,PUBLISHED_CE_BASIS,LABSTAT_PUBLISHED,NOT_VERIFIED,NOT_ESTABLISHED,UNKNOWN,FK041,FOOD,DIRECT,10129.000000,OBSERVED,5.130000,false,,,,,NOT_APPLICABLE,UNCLAIMED,,,,,NOT_APPLICABLE,RETAINED,10129.000000,,,,,,,,,NOT_APPLICABLE,ELIGIBLE,
120110,ALL_CU,Potatoes,FOODTOTL,Food,DIRECT_CONCORDANCE_UCC,PUBLISHED_CE_BASIS,LABSTAT_PUBLISHED,NOT_VERIFIED,NOT_ESTABLISHED,UNKNOWN,FL011,FOOD,DIRECT,6987.000000,OBSERVED,3.670000,false,,,,,NOT_APPLICABLE,UNCLAIMED,,,,,NOT_APPLICABLE,RETAINED,6987.000000,,,,,,,,,NOT_APPLICABLE,ELIGIBLE,
120110,Q1,Potatoes,FOODTOTL,Food,DIRECT_CONCORDANCE_UCC,PUBLISHED_CE_BASIS,LABSTAT_PUBLISHED,NOT_VERIFIED,NOT_ESTABLISHED,UNKNOWN,FL011,FOOD,DIRECT,1047.000000,OBSERVED,13.770000,false,,,,,NOT_APPLICABLE,UNCLAIMED,,,,,NOT_APPLICABLE,RETAINED,1047.000000,,,,,,,,,NOT_APPLICABLE,ELIGIBLE,
120110,Q2,Potatoes,FOODTOTL,Food,DIRECT_CONCORDANCE_UCC,PUBLISHED_CE_BASIS,LABSTAT_PUBLISHED,NOT_VERIFIED,NOT_ESTABLISHED,UNKNOWN,FL011,FOOD,DIRECT,1114.000000,OBSERVED,7.880000,false,,,,,NOT_APPLICABLE,UNCLAIMED,,,,,NOT_APPLICABLE,RETAINED,1114.000000,,,,,,,,,NOT_APPLICABLE,ELIGIBLE,
120110,Q3,Potatoes,FOODTOTL,Food,DIRECT_CONCORDANCE_UCC,PUBLISHED_CE_BASIS,LABSTAT_PUBLISHED,NOT_VERIFIED,NOT_ESTABLISHED,UNKNOWN,FL011,FOOD,DIRECT,1331.000000,OBSERVED,6.850000,false,,,,,NOT_APPLICABLE,UNCLAIMED,,,,,NOT_APPLICABLE,RETAINED,1331.000000,,,,,,,,,NOT_APPLICABLE,ELIGIBLE,
120110,Q4,Potatoes,FOODTOTL,Food,DIRECT_CONCORDANCE_UCC,PUBLISHED_CE_BASIS,LABSTAT_PUBLISHED,NOT_VERIFIED,NOT_ESTABLISHED,UNKNOWN,FL011,FOOD,DIRECT,1622.000000,OBSERVED,5.980000,false,,,,,NOT_APPLICABLE,UNCLAIMED,,,,,NOT_APPLICABLE,RETAINED,1622.000000,,,,,,,,,NOT_APPLICABLE,ELIGIBLE,
120110,Q5,Potatoes,FOODTOTL,Food,DIRECT_CONCORDANCE_UCC,PUBLISHED_CE_BASIS,LABSTAT_PUBLISHED,NOT_VERIFIED,NOT_ESTABLISHED,UNKNOWN,FL011,FOOD,DIRECT,1873.000000,OBSERVED,4.920000,false,,,,,NOT_APPLICABLE,UNCLAIMED,,,,,NOT_APPLICABLE,RETAINED,1873.000000,,,,,,,,,NOT_APPLICABLE,ELIGIBLE,
120210,ALL_CU,Lettuce,FOODTOTL,Food,DIRECT_CONCORDANCE_UCC,PUBLISHED_CE_BASIS,LABSTAT_PUBLISHED,NOT_VERIFIED,NOT_ESTABLISHED,UNKNOWN,FL021,FOOD,DIRECT,4145.000000,OBSERVED,4.480000,false,,,,,NOT_APPLICABLE,UNCLAIMED,,,,,NOT_APPLICABLE,RETAINED,4145.000000,,,,,,,,,NOT_APPLICABLE,ELIGIBLE,
120210,Q1,Lettuce,FOODTOTL,Food,DIRECT_CONCORDANCE_UCC,PUBLISHED_CE_BASIS,LABSTAT_PUBLISHED,NOT_VERIFIED,NOT_ESTABLISHED,UNKNOWN,FL021,FOOD,DIRECT,473.000000,OBSERVED,7.530000,false,,,,,NOT_APPLICABLE,UNCLAIMED,,,,,NOT_APPLICABLE,RETAINED,473.000000,,,,,,,,,NOT_APPLICABLE,ELIGIBLE,
120210,Q2,Lettuce,FOODTOTL,Food,DIRECT_CONCORDANCE_UCC,PUBLISHED_CE_BASIS,LABSTAT_PUBLISHED,NOT_VERIFIED,NOT_ESTABLISHED,UNKNOWN,FL021,FOOD,DIRECT,637.000000,OBSERVED,8.310000,false,,,,,NOT_APPLICABLE,UNCLAIMED,,,,,NOT_APPLICABLE,RETAINED,637.000000,,,,,,,,,NOT_APPLICABLE,ELIGIBLE,
120210,Q3,Lettuce,FOODTOTL,Food,DIRECT_CONCORDANCE_UCC,PUBLISHED_CE_BASIS,LABSTAT_PUBLISHED,NOT_VERIFIED,NOT_ESTABLISHED,UNKNOWN,FL021,FOOD,DIRECT,792.000000,OBSERVED,6.330000,false,,,,,NOT_APPLICABLE,UNCLAIMED,,,,,NOT_APPLICABLE,RETAINED,792.000000,,,,,,,,,NOT_APPLICABLE,ELIGIBLE,
120210,Q4,Lettuce,FOODTOTL,Food,DIRECT_CONCORDANCE_UCC,PUBLISHED_CE_BASIS,LABSTAT_PUBLISHED,NOT_VERIFIED,NOT_ESTABLISHED,UNKNOWN,FL021,FOOD,DIRECT,918.000000,OBSERVED,8.970000,false,,,,,NOT_APPLICABLE,UNCLAIMED,,,,,NOT_APPLICABLE,RETAINED,918.000000,,,,,,,,,NOT_APPLICABLE,ELIGIBLE,
120210,Q5,Lettuce,FOODTOTL,Food,DIRECT_CONCORDANCE_UCC,PUBLISHED_CE_BASIS,LABSTAT_PUBLISHED,NOT_VERIFIED,NOT_ESTABLISHED,UNKNOWN,FL021,FOOD,DIRECT,1326.000000,OBSERVED,6.780000,false,,,,,NOT_APPLICABLE,UNCLAIMED,,,,,NOT_APPLICABLE,RETAINED,1326.000000,,,,,,,,,NOT_APPLICABLE,ELIGIBLE,
120310,ALL_CU,Tomatoes,FOODTOTL,Food,DIRECT_CONCORDANCE_UCC,PUBLISHED_CE_BASIS,LABSTAT_PUBLISHED,NOT_VERIFIED,NOT_ESTABLISHED,UNKNOWN,FL031,FOOD,DIRECT,6524.000000,OBSERVED,3.950000,false,,,,,NOT_APPLICABLE,UNCLAIMED,,,,,NOT_APPLICABLE,RETAINED,6524.000000,,,,,,,,,NOT_APPLICABLE,ELIGIBLE,
120310,Q1,Tomatoes,FOODTOTL,Food,DIRECT_CONCORDANCE_UCC,PUBLISHED_CE_BASIS,LABSTAT_PUBLISHED,NOT_VERIFIED,NOT_ESTABLISHED,UNKNOWN,FL031,FOOD,DIRECT,823.000000,OBSERVED,7.850000,false,,,,,NOT_APPLICABLE,UNCLAIMED,,,,,NOT_APPLICABLE,RETAINED,823.000000,,,,,,,,,NOT_APPLICABLE,ELIGIBLE,
120310,Q2,Tomatoes,FOODTOTL,Food,DIRECT_CONCORDANCE_UCC,PUBLISHED_CE_BASIS,LABSTAT_PUBLISHED,NOT_VERIFIED,NOT_ESTABLISHED,UNKNOWN,FL031,FOOD,DIRECT,1098.000000,OBSERVED,8.730000,false,,,,,NOT_APPLICABLE,UNCLAIMED,,,,,NOT_APPLICABLE,RETAINED,1098.000000,,,,,,,,,NOT_APPLICABLE,ELIGIBLE,
120310,Q3,Tomatoes,FOODTOTL,Food,DIRECT_CONCORDANCE_UCC,PUBLISHED_CE_BASIS,LABSTAT_PUBLISHED,NOT_VERIFIED,NOT_ESTABLISHED,UNKNOWN,FL031,FOOD,DIRECT,1217.000000,OBSERVED,6.060000,false,,,,,NOT_APPLICABLE,UNCLAIMED,,,,,NOT_APPLICABLE,RETAINED,1217.000000,,,,,,,,,NOT_APPLICABLE,ELIGIBLE,
120310,Q4,Tomatoes,FOODTOTL,Food,DIRECT_CONCORDANCE_UCC,PUBLISHED_CE_BASIS,LABSTAT_PUBLISHED,NOT_VERIFIED,NOT_ESTABLISHED,UNKNOWN,FL031,FOOD,DIRECT,1406.000000,OBSERVED,6.770000,false,,,,,NOT_APPLICABLE,UNCLAIMED,,,,,NOT_APPLICABLE,RETAINED,1406.000000,,,,,,,,,NOT_APPLICABLE,ELIGIBLE,
120310,Q5,Tomatoes,FOODTOTL,Food,DIRECT_CONCORDANCE_UCC,PUBLISHED_CE_BASIS,LABSTAT_PUBLISHED,NOT_VERIFIED,NOT_ESTABLISHED,UNKNOWN,FL031,FOOD,DIRECT,1980.000000,OBSERVED,6.170000,false,,,,,NOT_APPLICABLE,UNCLAIMED,,,,,NOT_APPLICABLE,RETAINED,1980.000000,,,,,,,,,NOT_APPLICABLE,ELIGIBLE,
120410,ALL_CU,Other fresh vegetables,FOODTOTL,Food,DIRECT_CONCORDANCE_UCC,PUBLISHED_CE_BASIS,LABSTAT_PUBLISHED,NOT_VERIFIED,NOT_ESTABLISHED,UNKNOWN,FL041,FOOD,DIRECT,30357.000000,OBSERVED,2.920000,false,,,,,NOT_APPLICABLE,UNCLAIMED,,,,,NOT_APPLICABLE,RETAINED,30357.000000,,,,,,,,,NOT_APPLICABLE,ELIGIBLE,
120410,Q1,Other fresh vegetables,FOODTOTL,Food,DIRECT_CONCORDANCE_UCC,PUBLISHED_CE_BASIS,LABSTAT_PUBLISHED,NOT_VERIFIED,NOT_ESTABLISHED,UNKNOWN,FL041,FOOD,DIRECT,3887.000000,OBSERVED,6.300000,false,,,,,NOT_APPLICABLE,UNCLAIMED,,,,,NOT_APPLICABLE,RETAINED,3887.000000,,,,,,,,,NOT_APPLICABLE,ELIGIBLE,
120410,Q2,Other fresh vegetables,FOODTOTL,Food,DIRECT_CONCORDANCE_UCC,PUBLISHED_CE_BASIS,LABSTAT_PUBLISHED,NOT_VERIFIED,NOT_ESTABLISHED,UNKNOWN,FL041,FOOD,DIRECT,4812.000000,OBSERVED,5.680000,false,,,,,NOT_APPLICABLE,UNCLAIMED,,,,,NOT_APPLICABLE,RETAINED,4812.000000,,,,,,,,,NOT_APPLICABLE,ELIGIBLE,
120410,Q3,Other fresh vegetables,FOODTOTL,Food,DIRECT_CONCORDANCE_UCC,PUBLISHED_CE_BASIS,LABSTAT_PUBLISHED,NOT_VERIFIED,NOT_ESTABLISHED,UNKNOWN,FL041,FOOD,DIRECT,5599.000000,OBSERVED,5.260000,false,,,,,NOT_APPLICABLE,UNCLAIMED,,,,,NOT_APPLICABLE,RETAINED,5599.000000,,,,,,,,,NOT_APPLICABLE,ELIGIBLE,
120410,Q4,Other fresh vegetables,FOODTOTL,Food,DIRECT_CONCORDANCE_UCC,PUBLISHED_CE_BASIS,LABSTAT_PUBLISHED,NOT_VERIFIED,NOT_ESTABLISHED,UNKNOWN,FL041,FOOD,DIRECT,6825.000000,OBSERVED,6.040000,false,,,,,NOT_APPLICABLE,UNCLAIMED,,,,,NOT_APPLICABLE,RETAINED,6825.000000,,,,,,,,,NOT_APPLICABLE,ELIGIBLE,
120410,Q5,Other fresh vegetables,FOODTOTL,Food,DIRECT_CONCORDANCE_UCC,PUBLISHED_CE_BASIS,LABSTAT_PUBLISHED,NOT_VERIFIED,NOT_ESTABLISHED,UNKNOWN,FL041,FOOD,DIRECT,9235.000000,OBSERVED,3.690000,false,,,,,NOT_APPLICABLE,UNCLAIMED,,,,,NOT_APPLICABLE,RETAINED,9235.000000,,,,,,,,,NOT_APPLICABLE,ELIGIBLE,
130119,ALL_CU,Frozen noncarbonated juices and drinks,FOODTOTL,Food,DIRECT_CONCORDANCE_UCC,PUBLISHED_CE_BASIS,LABSTAT_PUBLISHED,NOT_VERIFIED,NOT_ESTABLISHED,UNKNOWN,FN021,FOOD,DIRECT,409.000000,OBSERVED,14.170000,false,,,,,NOT_APPLICABLE,UNCLAIMED,,,,,NOT_APPLICABLE,RETAINED,409.000000,,,,,,,,,NOT_APPLICABLE,ELIGIBLE,
130119,Q1,Frozen noncarbonated juices and drinks,FOODTOTL,Food,DIRECT_CONCORDANCE_UCC,PUBLISHED_CE_BASIS,LABSTAT_PUBLISHED,NOT_VERIFIED,NOT_ESTABLISHED,UNKNOWN,FN021,FOOD,DIRECT,52.000000,OBSERVED,51.740000,true,,,,,NOT_APPLICABLE,UNCLAIMED,,,,,NOT_APPLICABLE,RETAINED,52.000000,,,,,,,,,NOT_APPLICABLE,ELIGIBLE,
130119,Q2,Frozen noncarbonated juices and drinks,FOODTOTL,Food,DIRECT_CONCORDANCE_UCC,PUBLISHED_CE_BASIS,LABSTAT_PUBLISHED,NOT_VERIFIED,NOT_ESTABLISHED,UNKNOWN,FN021,FOOD,DIRECT,52.000000,OBSERVED,29.550000,true,,,,,NOT_APPLICABLE,UNCLAIMED,,,,,NOT_APPLICABLE,RETAINED,52.000000,,,,,,,,,NOT_APPLICABLE,ELIGIBLE,
130119,Q3,Frozen noncarbonated juices and drinks,FOODTOTL,Food,DIRECT_CONCORDANCE_UCC,PUBLISHED_CE_BASIS,LABSTAT_PUBLISHED,NOT_VERIFIED,NOT_ESTABLISHED,UNKNOWN,FN021,FOOD,DIRECT,64.000000,OBSERVED,21.240000,false,,,,,NOT_APPLICABLE,UNCLAIMED,,,,,NOT_APPLICABLE,RETAINED,64.000000,,,,,,,,,NOT_APPLICABLE,ELIGIBLE,
130119,Q4,Frozen noncarbonated juices and drinks,FOODTOTL,Food,DIRECT_CONCORDANCE_UCC,PUBLISHED_CE_BASIS,LABSTAT_PUBLISHED,NOT_VERIFIED,NOT_ESTABLISHED,UNKNOWN,FN021,FOOD,DIRECT,94.000000,OBSERVED,19.120000,false,,,,,NOT_APPLICABLE,UNCLAIMED,,,,,NOT_APPLICABLE,RETAINED,94.000000,,,,,,,,,NOT_APPLICABLE,ELIGIBLE,
130119,Q5,Frozen noncarbonated juices and drinks,FOODTOTL,Food,DIRECT_CONCORDANCE_UCC,PUBLISHED_CE_BASIS,LABSTAT_PUBLISHED,NOT_VERIFIED,NOT_ESTABLISHED,UNKNOWN,FN021,FOOD,DIRECT,147.000000,OBSERVED,25.460000,true,,,,,NOT_APPLICABLE,UNCLAIMED,,,,,NOT_APPLICABLE,RETAINED,147.000000,,,,,,,,,NOT_APPLICABLE,ELIGIBLE,
130129,ALL_CU,Frozen fruits and vegetables,FOODTOTL,Food,DIRECT_CONCORDANCE_UCC,PUBLISHED_CE_BASIS,LABSTAT_PUBLISHED,NOT_VERIFIED,NOT_ESTABLISHED,UNKNOWN,FM021,FOOD,DIRECT,8824.000000,OBSERVED,3.160000,false,,,,,NOT_APPLICABLE,UNCLAIMED,,,,,NOT_APPLICABLE,RETAINED,8824.000000,,,,,,,,,NOT_APPLICABLE,ELIGIBLE,
130129,Q1,Frozen fruits and vegetables,FOODTOTL,Food,DIRECT_CONCORDANCE_UCC,PUBLISHED_CE_BASIS,LABSTAT_PUBLISHED,NOT_VERIFIED,NOT_ESTABLISHED,UNKNOWN,FM021,FOOD,DIRECT,1065.000000,OBSERVED,9.900000,false,,,,,NOT_APPLICABLE,UNCLAIMED,,,,,NOT_APPLICABLE,RETAINED,1065.000000,,,,,,,,,NOT_APPLICABLE,ELIGIBLE,
130129,Q2,Frozen fruits and vegetables,FOODTOTL,Food,DIRECT_CONCORDANCE_UCC,PUBLISHED_CE_BASIS,LABSTAT_PUBLISHED,NOT_VERIFIED,NOT_ESTABLISHED,UNKNOWN,FM021,FOOD,DIRECT,1384.000000,OBSERVED,6.870000,false,,,,,NOT_APPLICABLE,UNCLAIMED,,,,,NOT_APPLICABLE,RETAINED,1384.000000,,,,,,,,,NOT_APPLICABLE,ELIGIBLE,
130129,Q3,Frozen fruits and vegetables,FOODTOTL,Food,DIRECT_CONCORDANCE_UCC,PUBLISHED_CE_BASIS,LABSTAT_PUBLISHED,NOT_VERIFIED,NOT_ESTABLISHED,UNKNOWN,FM021,FOOD,DIRECT,1570.000000,OBSERVED,6.120000,false,,,,,NOT_APPLICABLE,UNCLAIMED,,,,,NOT_APPLICABLE,RETAINED,1570.000000,,,,,,,,,NOT_APPLICABLE,ELIGIBLE,
130129,Q4,Frozen fruits and vegetables,FOODTOTL,Food,DIRECT_CONCORDANCE_UCC,PUBLISHED_CE_BASIS,LABSTAT_PUBLISHED,NOT_VERIFIED,NOT_ESTABLISHED,UNKNOWN,FM021,FOOD,DIRECT,2053.000000,OBSERVED,5.240000,false,,,,,NOT_APPLICABLE,UNCLAIMED,,,,,NOT_APPLICABLE,RETAINED,2053.000000,,,,,,,,,NOT_APPLICABLE,ELIGIBLE,
130129,Q5,Frozen fruits and vegetables,FOODTOTL,Food,DIRECT_CONCORDANCE_UCC,PUBLISHED_CE_BASIS,LABSTAT_PUBLISHED,NOT_VERIFIED,NOT_ESTABLISHED,UNKNOWN,FM021,FOOD,DIRECT,2752.000000,OBSERVED,5.490000,false,,,,,NOT_APPLICABLE,UNCLAIMED,,,,,NOT_APPLICABLE,RETAINED,2752.000000,,,,,,,,,NOT_APPLICABLE,ELIGIBLE,
140219,ALL_CU,Canned fruits and vegetables,FOODTOTL,Food,DIRECT_CONCORDANCE_UCC,PUBLISHED_CE_BASIS,LABSTAT_PUBLISHED,NOT_VERIFIED,NOT_ESTABLISHED,UNKNOWN,FM011,FOOD,DIRECT,9936.000000,OBSERVED,2.330000,false,,,,,NOT_APPLICABLE,UNCLAIMED,,,,,NOT_APPLICABLE,RETAINED,9936.000000,,,,,,,,,NOT_APPLICABLE,ELIGIBLE,
140219,Q1,Canned fruits and vegetables,FOODTOTL,Food,DIRECT_CONCORDANCE_UCC,PUBLISHED_CE_BASIS,LABSTAT_PUBLISHED,NOT_VERIFIED,NOT_ESTABLISHED,UNKNOWN,FM011,FOOD,DIRECT,1252.000000,OBSERVED,6.600000,false,,,,,NOT_APPLICABLE,UNCLAIMED,,,,,NOT_APPLICABLE,RETAINED,1252.000000,,,,,,,,,NOT_APPLICABLE,ELIGIBLE,
140219,Q2,Canned fruits and vegetables,FOODTOTL,Food,DIRECT_CONCORDANCE_UCC,PUBLISHED_CE_BASIS,LABSTAT_PUBLISHED,NOT_VERIFIED,NOT_ESTABLISHED,UNKNOWN,FM011,FOOD,DIRECT,1774.000000,OBSERVED,6.390000,false,,,,,NOT_APPLICABLE,UNCLAIMED,,,,,NOT_APPLICABLE,RETAINED,1774.000000,,,,,,,,,NOT_APPLICABLE,ELIGIBLE,
140219,Q3,Canned fruits and vegetables,FOODTOTL,Food,DIRECT_CONCORDANCE_UCC,PUBLISHED_CE_BASIS,LABSTAT_PUBLISHED,NOT_VERIFIED,NOT_ESTABLISHED,UNKNOWN,FM011,FOOD,DIRECT,1811.000000,OBSERVED,4.990000,false,,,,,NOT_APPLICABLE,UNCLAIMED,,,,,NOT_APPLICABLE,RETAINED,1811.000000,,,,,,,,,NOT_APPLICABLE,ELIGIBLE,
140219,Q4,Canned fruits and vegetables,FOODTOTL,Food,DIRECT_CONCORDANCE_UCC,PUBLISHED_CE_BASIS,LABSTAT_PUBLISHED,NOT_VERIFIED,NOT_ESTABLISHED,UNKNOWN,FM011,FOOD,DIRECT,2246.000000,OBSERVED,5.470000,false,,,,,NOT_APPLICABLE,UNCLAIMED,,,,,NOT_APPLICABLE,RETAINED,2246.000000,,,,,,,,,NOT_APPLICABLE,ELIGIBLE,
140219,Q5,Canned fruits and vegetables,FOODTOTL,Food,DIRECT_CONCORDANCE_UCC,PUBLISHED_CE_BASIS,LABSTAT_PUBLISHED,NOT_VERIFIED,NOT_ESTABLISHED,UNKNOWN,FM011,FOOD,DIRECT,2852.000000,OBSERVED,4.970000,false,,,,,NOT_APPLICABLE,UNCLAIMED,,,,,NOT_APPLICABLE,RETAINED,2852.000000,,,,,,,,,NOT_APPLICABLE,ELIGIBLE,
140349,ALL_CU,Dried fruits and vegetables,FOODTOTL,Food,DIRECT_CONCORDANCE_UCC,PUBLISHED_CE_BASIS,LABSTAT_PUBLISHED,NOT_VERIFIED,NOT_ESTABLISHED,UNKNOWN,FM031,FOOD,DIRECT,8343.000000,OBSERVED,3.510000,false,,,,,NOT_APPLICABLE,UNCLAIMED,,,,,NOT_APPLICABLE,RETAINED,8343.000000,,,,,,,,,NOT_APPLICABLE,ELIGIBLE,
140349,Q1,Dried fruits and vegetables,FOODTOTL,Food,DIRECT_CONCORDANCE_UCC,PUBLISHED_CE_BASIS,LABSTAT_PUBLISHED,NOT_VERIFIED,NOT_ESTABLISHED,UNKNOWN,FM031,FOOD,DIRECT,1018.000000,OBSERVED,8.380000,false,,,,,NOT_APPLICABLE,UNCLAIMED,,,,,NOT_APPLICABLE,RETAINED,1018.000000,,,,,,,,,NOT_APPLICABLE,ELIGIBLE,
140349,Q2,Dried fruits and vegetables,FOODTOTL,Food,DIRECT_CONCORDANCE_UCC,PUBLISHED_CE_BASIS,LABSTAT_PUBLISHED,NOT_VERIFIED,NOT_ESTABLISHED,UNKNOWN,FM031,FOOD,DIRECT,1391.000000,OBSERVED,8.820000,false,,,,,NOT_APPLICABLE,UNCLAIMED,,,,,NOT_APPLICABLE,RETAINED,1391.000000,,,,,,,,,NOT_APPLICABLE,ELIGIBLE,
140349,Q3,Dried fruits and vegetables,FOODTOTL,Food,DIRECT_CONCORDANCE_UCC,PUBLISHED_CE_BASIS,LABSTAT_PUBLISHED,NOT_VERIFIED,NOT_ESTABLISHED,UNKNOWN,FM031,FOOD,DIRECT,1474.000000,OBSERVED,6.480000,false,,,,,NOT_APPLICABLE,UNCLAIMED,,,,,NOT_APPLICABLE,RETAINED,1474.000000,,,,,,,,,NOT_APPLICABLE,ELIGIBLE,
140349,Q4,Dried fruits and vegetables,FOODTOTL,Food,DIRECT_CONCORDANCE_UCC,PUBLISHED_CE_BASIS,LABSTAT_PUBLISHED,NOT_VERIFIED,NOT_ESTABLISHED,UNKNOWN,FM031,FOOD,DIRECT,1992.000000,OBSERVED,6.360000,false,,,,,NOT_APPLICABLE,UNCLAIMED,,,,,NOT_APPLICABLE,RETAINED,1992.000000,,,,,,,,,NOT_APPLICABLE,ELIGIBLE,
140349,Q5,Dried fruits and vegetables,FOODTOTL,Food,DIRECT_CONCORDANCE_UCC,PUBLISHED_CE_BASIS,LABSTAT_PUBLISHED,NOT_VERIFIED,NOT_ESTABLISHED,UNKNOWN,FM031,FOOD,DIRECT,2467.000000,OBSERVED,6.750000,false,,,,,NOT_APPLICABLE,UNCLAIMED,,,,,NOT_APPLICABLE,RETAINED,2467.000000,,,,,,,,,NOT_APPLICABLE,ELIGIBLE,
150110,ALL_CU,Candy and chewing gum,FOODTOTL,Food,DIRECT_CONCORDANCE_UCC,PUBLISHED_CE_BASIS,LABSTAT_PUBLISHED,NOT_VERIFIED,NOT_ESTABLISHED,UNKNOWN,FR021,FOOD,DIRECT,21867.000000,OBSERVED,3.460000,false,,,,,NOT_APPLICABLE,UNCLAIMED,,,,,NOT_APPLICABLE,RETAINED,21867.000000,,,,,,,,,NOT_APPLICABLE,ELIGIBLE,
150110,Q1,Candy and chewing gum,FOODTOTL,Food,DIRECT_CONCORDANCE_UCC,PUBLISHED_CE_BASIS,LABSTAT_PUBLISHED,NOT_VERIFIED,NOT_ESTABLISHED,UNKNOWN,FR021,FOOD,DIRECT,2716.000000,OBSERVED,5.530000,false,,,,,NOT_APPLICABLE,UNCLAIMED,,,,,NOT_APPLICABLE,RETAINED,2716.000000,,,,,,,,,NOT_APPLICABLE,ELIGIBLE,
150110,Q2,Candy and chewing gum,FOODTOTL,Food,DIRECT_CONCORDANCE_UCC,PUBLISHED_CE_BASIS,LABSTAT_PUBLISHED,NOT_VERIFIED,NOT_ESTABLISHED,UNKNOWN,FR021,FOOD,DIRECT,3380.000000,OBSERVED,6.440000,false,,,,,NOT_APPLICABLE,UNCLAIMED,,,,,NOT_APPLICABLE,RETAINED,3380.000000,,,,,,,,,NOT_APPLICABLE,ELIGIBLE,
150110,Q3,Candy and chewing gum,FOODTOTL,Food,DIRECT_CONCORDANCE_UCC,PUBLISHED_CE_BASIS,LABSTAT_PUBLISHED,NOT_VERIFIED,NOT_ESTABLISHED,UNKNOWN,FR021,FOOD,DIRECT,4284.000000,OBSERVED,6.660000,false,,,,,NOT_APPLICABLE,UNCLAIMED,,,,,NOT_APPLICABLE,RETAINED,4284.000000,,,,,,,,,NOT_APPLICABLE,ELIGIBLE,
150110,Q4,Candy and chewing gum,FOODTOTL,Food,DIRECT_CONCORDANCE_UCC,PUBLISHED_CE_BASIS,LABSTAT_PUBLISHED,NOT_VERIFIED,NOT_ESTABLISHED,UNKNOWN,FR021,FOOD,DIRECT,4799.000000,OBSERVED,6.000000,false,,,,,NOT_APPLICABLE,UNCLAIMED,,,,,NOT_APPLICABLE,RETAINED,4799.000000,,,,,,,,,NOT_APPLICABLE,ELIGIBLE,
150110,Q5,Candy and chewing gum,FOODTOTL,Food,DIRECT_CONCORDANCE_UCC,PUBLISHED_CE_BASIS,LABSTAT_PUBLISHED,NOT_VERIFIED,NOT_ESTABLISHED,UNKNOWN,FR021,FOOD,DIRECT,6689.000000,OBSERVED,6.010000,false,,,,,NOT_APPLICABLE,UNCLAIMED,,,,,NOT_APPLICABLE,RETAINED,6689.000000,,,,,,,,,NOT_APPLICABLE,ELIGIBLE,
150219,ALL_CU,Sugar and artificial sweeteners,FOODTOTL,Food,DIRECT_CONCORDANCE_UCC,PUBLISHED_CE_BASIS,LABSTAT_PUBLISHED,NOT_VERIFIED,NOT_ESTABLISHED,UNKNOWN,FR011,FOOD,DIRECT,3423.000000,OBSERVED,4.920000,false,,,,,NOT_APPLICABLE,UNCLAIMED,,,,,NOT_APPLICABLE,RETAINED,3423.000000,,,,,,,,,NOT_APPLICABLE,ELIGIBLE,
150219,Q1,Sugar and artificial sweeteners,FOODTOTL,Food,DIRECT_CONCORDANCE_UCC,PUBLISHED_CE_BASIS,LABSTAT_PUBLISHED,NOT_VERIFIED,NOT_ESTABLISHED,UNKNOWN,FR011,FOOD,DIRECT,484.000000,OBSERVED,14.210000,false,,,,,NOT_APPLICABLE,UNCLAIMED,,,,,NOT_APPLICABLE,RETAINED,484.000000,,,,,,,,,NOT_APPLICABLE,ELIGIBLE,
150219,Q2,Sugar and artificial sweeteners,FOODTOTL,Food,DIRECT_CONCORDANCE_UCC,PUBLISHED_CE_BASIS,LABSTAT_PUBLISHED,NOT_VERIFIED,NOT_ESTABLISHED,UNKNOWN,FR011,FOOD,DIRECT,662.000000,OBSERVED,11.280000,false,,,,,NOT_APPLICABLE,UNCLAIMED,,,,,NOT_APPLICABLE,RETAINED,662.000000,,,,,,,,,NOT_APPLICABLE,ELIGIBLE,
150219,Q3,Sugar and artificial sweeteners,FOODTOTL,Food,DIRECT_CONCORDANCE_UCC,PUBLISHED_CE_BASIS,LABSTAT_PUBLISHED,NOT_VERIFIED,NOT_ESTABLISHED,UNKNOWN,FR011,FOOD,DIRECT,634.000000,OBSERVED,13.440000,false,,,,,NOT_APPLICABLE,UNCLAIMED,,,,,NOT_APPLICABLE,RETAINED,634.000000,,,,,,,,,NOT_APPLICABLE,ELIGIBLE,
150219,Q4,Sugar and artificial sweeteners,FOODTOTL,Food,DIRECT_CONCORDANCE_UCC,PUBLISHED_CE_BASIS,LABSTAT_PUBLISHED,NOT_VERIFIED,NOT_ESTABLISHED,UNKNOWN,FR011,FOOD,DIRECT,699.000000,OBSERVED,8.660000,false,,,,,NOT_APPLICABLE,UNCLAIMED,,,,,NOT_APPLICABLE,RETAINED,699.000000,,,,,,,,,NOT_APPLICABLE,ELIGIBLE,
150219,Q5,Sugar and artificial sweeteners,FOODTOTL,Food,DIRECT_CONCORDANCE_UCC,PUBLISHED_CE_BASIS,LABSTAT_PUBLISHED,NOT_VERIFIED,NOT_ESTABLISHED,UNKNOWN,FR011,FOOD,DIRECT,944.000000,OBSERVED,9.300000,false,,,,,NOT_APPLICABLE,UNCLAIMED,,,,,NOT_APPLICABLE,RETAINED,944.000000,,,,,,,,,NOT_APPLICABLE,ELIGIBLE,
150310,ALL_CU,"Jams, preserves, and other sweets",FOODTOTL,Food,DIRECT_CONCORDANCE_UCC,PUBLISHED_CE_BASIS,LABSTAT_PUBLISHED,NOT_VERIFIED,NOT_ESTABLISHED,UNKNOWN,FR031,FOOD,DIRECT,5812.000000,OBSERVED,3.990000,false,,,,,NOT_APPLICABLE,UNCLAIMED,,,,,NOT_APPLICABLE,RETAINED,5812.000000,,,,,,,,,NOT_APPLICABLE,ELIGIBLE,
150310,Q1,"Jams, preserves, and other sweets",FOODTOTL,Food,DIRECT_CONCORDANCE_UCC,PUBLISHED_CE_BASIS,LABSTAT_PUBLISHED,NOT_VERIFIED,NOT_ESTABLISHED,UNKNOWN,FR031,FOOD,DIRECT,791.000000,OBSERVED,9.400000,false,,,,,NOT_APPLICABLE,UNCLAIMED,,,,,NOT_APPLICABLE,RETAINED,791.000000,,,,,,,,,NOT_APPLICABLE,ELIGIBLE,
150310,Q2,"Jams, preserves, and other sweets",FOODTOTL,Food,DIRECT_CONCORDANCE_UCC,PUBLISHED_CE_BASIS,LABSTAT_PUBLISHED,NOT_VERIFIED,NOT_ESTABLISHED,UNKNOWN,FR031,FOOD,DIRECT,980.000000,OBSERVED,8.870000,false,,,,,NOT_APPLICABLE,UNCLAIMED,,,,,NOT_APPLICABLE,RETAINED,980.000000,,,,,,,,,NOT_APPLICABLE,ELIGIBLE,
150310,Q3,"Jams, preserves, and other sweets",FOODTOTL,Food,DIRECT_CONCORDANCE_UCC,PUBLISHED_CE_BASIS,LABSTAT_PUBLISHED,NOT_VERIFIED,NOT_ESTABLISHED,UNKNOWN,FR031,FOOD,DIRECT,956.000000,OBSERVED,9.680000,false,,,,,NOT_APPLICABLE,UNCLAIMED,,,,,NOT_APPLICABLE,RETAINED,956.000000,,,,,,,,,NOT_APPLICABLE,ELIGIBLE,
150310,Q4,"Jams, preserves, and other sweets",FOODTOTL,Food,DIRECT_CONCORDANCE_UCC,PUBLISHED_CE_BASIS,LABSTAT_PUBLISHED,NOT_VERIFIED,NOT_ESTABLISHED,UNKNOWN,FR031,FOOD,DIRECT,1310.000000,OBSERVED,8.330000,false,,,,,NOT_APPLICABLE,UNCLAIMED,,,,,NOT_APPLICABLE,RETAINED,1310.000000,,,,,,,,,NOT_APPLICABLE,ELIGIBLE,
150310,Q5,"Jams, preserves, and other sweets",FOODTOTL,Food,DIRECT_CONCORDANCE_UCC,PUBLISHED_CE_BASIS,LABSTAT_PUBLISHED,NOT_VERIFIED,NOT_ESTABLISHED,UNKNOWN,FR031,FOOD,DIRECT,1774.000000,OBSERVED,6.600000,false,,,,,NOT_APPLICABLE,UNCLAIMED,,,,,NOT_APPLICABLE,RETAINED,1774.000000,,,,,,,,,NOT_APPLICABLE,ELIGIBLE,
160211,ALL_CU,Fats and oils,FOODTOTL,Food,DIRECT_CONCORDANCE_UCC,PUBLISHED_CE_BASIS,LABSTAT_PUBLISHED,NOT_VERIFIED,NOT_ESTABLISHED,UNKNOWN,FS032,FOOD,DIRECT,7748.000000,OBSERVED,3.980000,false,,,,,NOT_APPLICABLE,UNCLAIMED,,,,,NOT_APPLICABLE,RETAINED,7748.000000,,,,,,,,,NOT_APPLICABLE,ELIGIBLE,
160211,Q1,Fats and oils,FOODTOTL,Food,DIRECT_CONCORDANCE_UCC,PUBLISHED_CE_BASIS,LABSTAT_PUBLISHED,NOT_VERIFIED,NOT_ESTABLISHED,UNKNOWN,FS032,FOOD,DIRECT,923.000000,OBSERVED,8.540000,false,,,,,NOT_APPLICABLE,UNCLAIMED,,,,,NOT_APPLICABLE,RETAINED,923.000000,,,,,,,,,NOT_APPLICABLE,ELIGIBLE,
160211,Q2,Fats and oils,FOODTOTL,Food,DIRECT_CONCORDANCE_UCC,PUBLISHED_CE_BASIS,LABSTAT_PUBLISHED,NOT_VERIFIED,NOT_ESTABLISHED,UNKNOWN,FS032,FOOD,DIRECT,1435.000000,OBSERVED,7.440000,false,,,,,NOT_APPLICABLE,UNCLAIMED,,,,,NOT_APPLICABLE,RETAINED,1435.000000,,,,,,,,,NOT_APPLICABLE,ELIGIBLE,
160211,Q3,Fats and oils,FOODTOTL,Food,DIRECT_CONCORDANCE_UCC,PUBLISHED_CE_BASIS,LABSTAT_PUBLISHED,NOT_VERIFIED,NOT_ESTABLISHED,UNKNOWN,FS032,FOOD,DIRECT,1437.000000,OBSERVED,8.710000,false,,,,,NOT_APPLICABLE,UNCLAIMED,,,,,NOT_APPLICABLE,RETAINED,1437.000000,,,,,,,,,NOT_APPLICABLE,ELIGIBLE,
160211,Q4,Fats and oils,FOODTOTL,Food,DIRECT_CONCORDANCE_UCC,PUBLISHED_CE_BASIS,LABSTAT_PUBLISHED,NOT_VERIFIED,NOT_ESTABLISHED,UNKNOWN,FS032,FOOD,DIRECT,1740.000000,OBSERVED,7.960000,false,,,,,NOT_APPLICABLE,UNCLAIMED,,,,,NOT_APPLICABLE,RETAINED,1740.000000,,,,,,,,,NOT_APPLICABLE,ELIGIBLE,
160211,Q5,Fats and oils,FOODTOTL,Food,DIRECT_CONCORDANCE_UCC,PUBLISHED_CE_BASIS,LABSTAT_PUBLISHED,NOT_VERIFIED,NOT_ESTABLISHED,UNKNOWN,FS032,FOOD,DIRECT,2212.000000,OBSERVED,9.320000,false,,,,,NOT_APPLICABLE,UNCLAIMED,,,,,NOT_APPLICABLE,RETAINED,2212.000000,,,,,,,,,NOT_APPLICABLE,ELIGIBLE,
160212,ALL_CU,Salad dressings,FOODTOTL,Food,DIRECT_CONCORDANCE_UCC,PUBLISHED_CE_BASIS,LABSTAT_PUBLISHED,NOT_VERIFIED,NOT_ESTABLISHED,UNKNOWN,FS021,FOOD,DIRECT,5485.000000,OBSERVED,4.070000,false,,,,,NOT_APPLICABLE,UNCLAIMED,,,,,NOT_APPLICABLE,RETAINED,5485.000000,,,,,,,,,NOT_APPLICABLE,ELIGIBLE,
160212,Q1,Salad dressings,FOODTOTL,Food,DIRECT_CONCORDANCE_UCC,PUBLISHED_CE_BASIS,LABSTAT_PUBLISHED,NOT_VERIFIED,NOT_ESTABLISHED,UNKNOWN,FS021,FOOD,DIRECT,661.000000,OBSERVED,10.640000,false,,,,,NOT_APPLICABLE,UNCLAIMED,,,,,NOT_APPLICABLE,RETAINED,661.000000,,,,,,,,,NOT_APPLICABLE,ELIGIBLE,
160212,Q2,Salad dressings,FOODTOTL,Food,DIRECT_CONCORDANCE_UCC,PUBLISHED_CE_BASIS,LABSTAT_PUBLISHED,NOT_VERIFIED,NOT_ESTABLISHED,UNKNOWN,FS021,FOOD,DIRECT,887.000000,OBSERVED,10.620000,false,,,,,NOT_APPLICABLE,UNCLAIMED,,,,,NOT_APPLICABLE,RETAINED,887.000000,,,,,,,,,NOT_APPLICABLE,ELIGIBLE,
160212,Q3,Salad dressings,FOODTOTL,Food,DIRECT_CONCORDANCE_UCC,PUBLISHED_CE_BASIS,LABSTAT_PUBLISHED,NOT_VERIFIED,NOT_ESTABLISHED,UNKNOWN,FS021,FOOD,DIRECT,1052.000000,OBSERVED,8.820000,false,,,,,NOT_APPLICABLE,UNCLAIMED,,,,,NOT_APPLICABLE,RETAINED,1052.000000,,,,,,,,,NOT_APPLICABLE,ELIGIBLE,
160212,Q4,Salad dressings,FOODTOTL,Food,DIRECT_CONCORDANCE_UCC,PUBLISHED_CE_BASIS,LABSTAT_PUBLISHED,NOT_VERIFIED,NOT_ESTABLISHED,UNKNOWN,FS021,FOOD,DIRECT,1265.000000,OBSERVED,6.050000,false,,,,,NOT_APPLICABLE,UNCLAIMED,,,,,NOT_APPLICABLE,RETAINED,1265.000000,,,,,,,,,NOT_APPLICABLE,ELIGIBLE,
160212,Q5,Salad dressings,FOODTOTL,Food,DIRECT_CONCORDANCE_UCC,PUBLISHED_CE_BASIS,LABSTAT_PUBLISHED,NOT_VERIFIED,NOT_ESTABLISHED,UNKNOWN,FS021,FOOD,DIRECT,1620.000000,OBSERVED,7.140000,false,,,,,NOT_APPLICABLE,UNCLAIMED,,,,,NOT_APPLICABLE,RETAINED,1620.000000,,,,,,,,,NOT_APPLICABLE,ELIGIBLE,
160320,ALL_CU,Peanut butter,FOODTOTL,Food,DIRECT_CONCORDANCE_UCC,PUBLISHED_CE_BASIS,LABSTAT_PUBLISHED,NOT_VERIFIED,NOT_ESTABLISHED,UNKNOWN,FS031,FOOD,DIRECT,3700.000000,OBSERVED,5.020000,false,,,,,NOT_APPLICABLE,UNCLAIMED,,,,,NOT_APPLICABLE,RETAINED,3700.000000,,,,,,,,,NOT_APPLICABLE,ELIGIBLE,
160320,Q1,Peanut butter,FOODTOTL,Food,DIRECT_CONCORDANCE_UCC,PUBLISHED_CE_BASIS,LABSTAT_PUBLISHED,NOT_VERIFIED,NOT_ESTABLISHED,UNKNOWN,FS031,FOOD,DIRECT,421.000000,OBSERVED,12.180000,false,,,,,NOT_APPLICABLE,UNCLAIMED,,,,,NOT_APPLICABLE,RETAINED,421.000000,,,,,,,,,NOT_APPLICABLE,ELIGIBLE,
160320,Q2,Peanut butter,FOODTOTL,Food,DIRECT_CONCORDANCE_UCC,PUBLISHED_CE_BASIS,LABSTAT_PUBLISHED,NOT_VERIFIED,NOT_ESTABLISHED,UNKNOWN,FS031,FOOD,DIRECT,539.000000,OBSERVED,9.480000,false,,,,,NOT_APPLICABLE,UNCLAIMED,,,,,NOT_APPLICABLE,RETAINED,539.000000,,,,,,,,,NOT_APPLICABLE,ELIGIBLE,
160320,Q3,Peanut butter,FOODTOTL,Food,DIRECT_CONCORDANCE_UCC,PUBLISHED_CE_BASIS,LABSTAT_PUBLISHED,NOT_VERIFIED,NOT_ESTABLISHED,UNKNOWN,FS031,FOOD,DIRECT,647.000000,OBSERVED,15.610000,false,,,,,NOT_APPLICABLE,UNCLAIMED,,,,,NOT_APPLICABLE,RETAINED,647.000000,,,,,,,,,NOT_APPLICABLE,ELIGIBLE,
160320,Q4,Peanut butter,FOODTOTL,Food,DIRECT_CONCORDANCE_UCC,PUBLISHED_CE_BASIS,LABSTAT_PUBLISHED,NOT_VERIFIED,NOT_ESTABLISHED,UNKNOWN,FS031,FOOD,DIRECT,879.000000,OBSERVED,9.720000,false,,,,,NOT_APPLICABLE,UNCLAIMED,,,,,NOT_APPLICABLE,RETAINED,879.000000,,,,,,,,,NOT_APPLICABLE,ELIGIBLE,
160320,Q5,Peanut butter,FOODTOTL,Food,DIRECT_CONCORDANCE_UCC,PUBLISHED_CE_BASIS,LABSTAT_PUBLISHED,NOT_VERIFIED,NOT_ESTABLISHED,UNKNOWN,FS031,FOOD,DIRECT,1214.000000,OBSERVED,7.540000,false,,,,,NOT_APPLICABLE,UNCLAIMED,,,,,NOT_APPLICABLE,RETAINED,1214.000000,,,,,,,,,NOT_APPLICABLE,ELIGIBLE,
170110,ALL_CU,Cola,FOODTOTL,Food,DIRECT_CONCORDANCE_UCC,PUBLISHED_CE_BASIS,LABSTAT_PUBLISHED,NOT_VERIFIED,NOT_ESTABLISHED,UNKNOWN,FN011,FOOD,DIRECT,12902.000000,OBSERVED,4.380000,false,,,,,NOT_APPLICABLE,UNCLAIMED,,,,,NOT_APPLICABLE,RETAINED,12902.000000,,,,,,,,,NOT_APPLICABLE,ELIGIBLE,
170110,Q1,Cola,FOODTOTL,Food,DIRECT_CONCORDANCE_UCC,PUBLISHED_CE_BASIS,LABSTAT_PUBLISHED,NOT_VERIFIED,NOT_ESTABLISHED,UNKNOWN,FN011,FOOD,DIRECT,1914.000000,OBSERVED,11.540000,false,,,,,NOT_APPLICABLE,UNCLAIMED,,,,,NOT_APPLICABLE,RETAINED,1914.000000,,,,,,,,,NOT_APPLICABLE,ELIGIBLE,
170110,Q2,Cola,FOODTOTL,Food,DIRECT_CONCORDANCE_UCC,PUBLISHED_CE_BASIS,LABSTAT_PUBLISHED,NOT_VERIFIED,NOT_ESTABLISHED,UNKNOWN,FN011,FOOD,DIRECT,2173.000000,OBSERVED,8.230000,false,,,,,NOT_APPLICABLE,UNCLAIMED,,,,,NOT_APPLICABLE,RETAINED,2173.000000,,,,,,,,,NOT_APPLICABLE,ELIGIBLE,
170110,Q3,Cola,FOODTOTL,Food,DIRECT_CONCORDANCE_UCC,PUBLISHED_CE_BASIS,LABSTAT_PUBLISHED,NOT_VERIFIED,NOT_ESTABLISHED,UNKNOWN,FN011,FOOD,DIRECT,2769.000000,OBSERVED,10.110000,false,,,,,NOT_APPLICABLE,UNCLAIMED,,,,,NOT_APPLICABLE,RETAINED,2769.000000,,,,,,,,,NOT_APPLICABLE,ELIGIBLE,
170110,Q4,Cola,FOODTOTL,Food,DIRECT_CONCORDANCE_UCC,PUBLISHED_CE_BASIS,LABSTAT_PUBLISHED,NOT_VERIFIED,NOT_ESTABLISHED,UNKNOWN,FN011,FOOD,DIRECT,2672.000000,OBSERVED,7.840000,false,,,,,NOT_APPLICABLE,UNCLAIMED,,,,,NOT_APPLICABLE,RETAINED,2672.000000,,,,,,,,,NOT_APPLICABLE,ELIGIBLE,
170110,Q5,Cola,FOODTOTL,Food,DIRECT_CONCORDANCE_UCC,PUBLISHED_CE_BASIS,LABSTAT_PUBLISHED,NOT_VERIFIED,NOT_ESTABLISHED,UNKNOWN,FN011,FOOD,DIRECT,3374.000000,OBSERVED,6.240000,false,,,,,NOT_APPLICABLE,UNCLAIMED,,,,,NOT_APPLICABLE,RETAINED,3374.000000,,,,,,,,,NOT_APPLICABLE,ELIGIBLE,
170210,ALL_CU,Other carbonated drinks,FOODTOTL,Food,DIRECT_CONCORDANCE_UCC,PUBLISHED_CE_BASIS,LABSTAT_PUBLISHED,NOT_VERIFIED,NOT_ESTABLISHED,UNKNOWN,FN011,FOOD,DIRECT,20579.000000,OBSERVED,4.170000,false,,,,,NOT_APPLICABLE,UNCLAIMED,,,,,NOT_APPLICABLE,RETAINED,20579.000000,,,,,,,,,NOT_APPLICABLE,ELIGIBLE,
170210,Q1,Other carbonated drinks,FOODTOTL,Food,DIRECT_CONCORDANCE_UCC,PUBLISHED_CE_BASIS,LABSTAT_PUBLISHED,NOT_VERIFIED,NOT_ESTABLISHED,UNKNOWN,FN011,FOOD,DIRECT,2669.000000,OBSERVED,10.960000,false,,,,,NOT_APPLICABLE,UNCLAIMED,,,,,NOT_APPLICABLE,RETAINED,2669.000000,,,,,,,,,NOT_APPLICABLE,ELIGIBLE,
170210,Q2,Other carbonated drinks,FOODTOTL,Food,DIRECT_CONCORDANCE_UCC,PUBLISHED_CE_BASIS,LABSTAT_PUBLISHED,NOT_VERIFIED,NOT_ESTABLISHED,UNKNOWN,FN011,FOOD,DIRECT,2983.000000,OBSERVED,6.660000,false,,,,,NOT_APPLICABLE,UNCLAIMED,,,,,NOT_APPLICABLE,RETAINED,2983.000000,,,,,,,,,NOT_APPLICABLE,ELIGIBLE,
170210,Q3,Other carbonated drinks,FOODTOTL,Food,DIRECT_CONCORDANCE_UCC,PUBLISHED_CE_BASIS,LABSTAT_PUBLISHED,NOT_VERIFIED,NOT_ESTABLISHED,UNKNOWN,FN011,FOOD,DIRECT,4349.000000,OBSERVED,8.210000,false,,,,,NOT_APPLICABLE,UNCLAIMED,,,,,NOT_APPLICABLE,RETAINED,4349.000000,,,,,,,,,NOT_APPLICABLE,ELIGIBLE,
170210,Q4,Other carbonated drinks,FOODTOTL,Food,DIRECT_CONCORDANCE_UCC,PUBLISHED_CE_BASIS,LABSTAT_PUBLISHED,NOT_VERIFIED,NOT_ESTABLISHED,UNKNOWN,FN011,FOOD,DIRECT,4800.000000,OBSERVED,7.610000,false,,,,,NOT_APPLICABLE,UNCLAIMED,,,,,NOT_APPLICABLE,RETAINED,4800.000000,,,,,,,,,NOT_APPLICABLE,ELIGIBLE,
170210,Q5,Other carbonated drinks,FOODTOTL,Food,DIRECT_CONCORDANCE_UCC,PUBLISHED_CE_BASIS,LABSTAT_PUBLISHED,NOT_VERIFIED,NOT_ESTABLISHED,UNKNOWN,FN011,FOOD,DIRECT,5779.000000,OBSERVED,5.250000,false,,,,,NOT_APPLICABLE,UNCLAIMED,,,,,NOT_APPLICABLE,RETAINED,5779.000000,,,,,,,,,NOT_APPLICABLE,ELIGIBLE,
170319,ALL_CU,Coffee,FOODTOTL,Food,DIRECT_CONCORDANCE_UCC,PUBLISHED_CE_BASIS,LABSTAT_PUBLISHED,NOT_VERIFIED,NOT_ESTABLISHED,UNKNOWN,FP011,FOOD,DIRECT,18521.000000,OBSERVED,3.280000,false,,,,,NOT_APPLICABLE,UNCLAIMED,,,,,NOT_APPLICABLE,RETAINED,18521.000000,,,,,,,,,NOT_APPLICABLE,ELIGIBLE,
170319,Q1,Coffee,FOODTOTL,Food,DIRECT_CONCORDANCE_UCC,PUBLISHED_CE_BASIS,LABSTAT_PUBLISHED,NOT_VERIFIED,NOT_ESTABLISHED,UNKNOWN,FP011,FOOD,DIRECT,2236.000000,OBSERVED,8.980000,false,,,,,NOT_APPLICABLE,UNCLAIMED,,,,,NOT_APPLICABLE,RETAINED,2236.000000,,,,,,,,,NOT_APPLICABLE,ELIGIBLE,
170319,Q2,Coffee,FOODTOTL,Food,DIRECT_CONCORDANCE_UCC,PUBLISHED_CE_BASIS,LABSTAT_PUBLISHED,NOT_VERIFIED,NOT_ESTABLISHED,UNKNOWN,FP011,FOOD,DIRECT,2951.000000,OBSERVED,6.220000,false,,,,,NOT_APPLICABLE,UNCLAIMED,,,,,NOT_APPLICABLE,RETAINED,2951.000000,,,,,,,,,NOT_APPLICABLE,ELIGIBLE,
170319,Q3,Coffee,FOODTOTL,Food,DIRECT_CONCORDANCE_UCC,PUBLISHED_CE_BASIS,LABSTAT_PUBLISHED,NOT_VERIFIED,NOT_ESTABLISHED,UNKNOWN,FP011,FOOD,DIRECT,3309.000000,OBSERVED,7.730000,false,,,,,NOT_APPLICABLE,UNCLAIMED,,,,,NOT_APPLICABLE,RETAINED,3309.000000,,,,,,,,,NOT_APPLICABLE,ELIGIBLE,
170319,Q4,Coffee,FOODTOTL,Food,DIRECT_CONCORDANCE_UCC,PUBLISHED_CE_BASIS,LABSTAT_PUBLISHED,NOT_VERIFIED,NOT_ESTABLISHED,UNKNOWN,FP011,FOOD,DIRECT,4023.000000,OBSERVED,5.610000,false,,,,,NOT_APPLICABLE,UNCLAIMED,,,,,NOT_APPLICABLE,RETAINED,4023.000000,,,,,,,,,NOT_APPLICABLE,ELIGIBLE,
170319,Q5,Coffee,FOODTOTL,Food,DIRECT_CONCORDANCE_UCC,PUBLISHED_CE_BASIS,LABSTAT_PUBLISHED,NOT_VERIFIED,NOT_ESTABLISHED,UNKNOWN,FP011,FOOD,DIRECT,6003.000000,OBSERVED,6.390000,false,,,,,NOT_APPLICABLE,UNCLAIMED,,,,,NOT_APPLICABLE,RETAINED,6003.000000,,,,,,,,,NOT_APPLICABLE,ELIGIBLE,
170520,ALL_CU,Tea,FOODTOTL,Food,DIRECT_CONCORDANCE_UCC,PUBLISHED_CE_BASIS,LABSTAT_PUBLISHED,NOT_VERIFIED,NOT_ESTABLISHED,UNKNOWN,FP021,FOOD,DIRECT,6913.000000,OBSERVED,3.630000,false,,,,,NOT_APPLICABLE,UNCLAIMED,,,,,NOT_APPLICABLE,RETAINED,6913.000000,,,,,,,,,NOT_APPLICABLE,ELIGIBLE,
170520,Q1,Tea,FOODTOTL,Food,DIRECT_CONCORDANCE_UCC,PUBLISHED_CE_BASIS,LABSTAT_PUBLISHED,NOT_VERIFIED,NOT_ESTABLISHED,UNKNOWN,FP021,FOOD,DIRECT,865.000000,OBSERVED,8.900000,false,,,,,NOT_APPLICABLE,UNCLAIMED,,,,,NOT_APPLICABLE,RETAINED,865.000000,,,,,,,,,NOT_APPLICABLE,ELIGIBLE,
170520,Q2,Tea,FOODTOTL,Food,DIRECT_CONCORDANCE_UCC,PUBLISHED_CE_BASIS,LABSTAT_PUBLISHED,NOT_VERIFIED,NOT_ESTABLISHED,UNKNOWN,FP021,FOOD,DIRECT,1044.000000,OBSERVED,7.900000,false,,,,,NOT_APPLICABLE,UNCLAIMED,,,,,NOT_APPLICABLE,RETAINED,1044.000000,,,,,,,,,NOT_APPLICABLE,ELIGIBLE,
170520,Q3,Tea,FOODTOTL,Food,DIRECT_CONCORDANCE_UCC,PUBLISHED_CE_BASIS,LABSTAT_PUBLISHED,NOT_VERIFIED,NOT_ESTABLISHED,UNKNOWN,FP021,FOOD,DIRECT,1250.000000,OBSERVED,10.550000,false,,,,,NOT_APPLICABLE,UNCLAIMED,,,,,NOT_APPLICABLE,RETAINED,1250.000000,,,,,,,,,NOT_APPLICABLE,ELIGIBLE,
170520,Q4,Tea,FOODTOTL,Food,DIRECT_CONCORDANCE_UCC,PUBLISHED_CE_BASIS,LABSTAT_PUBLISHED,NOT_VERIFIED,NOT_ESTABLISHED,UNKNOWN,FP021,FOOD,DIRECT,1543.000000,OBSERVED,7.090000,false,,,,,NOT_APPLICABLE,UNCLAIMED,,,,,NOT_APPLICABLE,RETAINED,1543.000000,,,,,,,,,NOT_APPLICABLE,ELIGIBLE,
170520,Q5,Tea,FOODTOTL,Food,DIRECT_CONCORDANCE_UCC,PUBLISHED_CE_BASIS,LABSTAT_PUBLISHED,NOT_VERIFIED,NOT_ESTABLISHED,UNKNOWN,FP021,FOOD,DIRECT,2211.000000,OBSERVED,7.530000,false,,,,,NOT_APPLICABLE,UNCLAIMED,,,,,NOT_APPLICABLE,RETAINED,2211.000000,,,,,,,,,NOT_APPLICABLE,ELIGIBLE,
170531,ALL_CU,Other noncarbonated beverages and ice,FOODTOTL,Food,DIRECT_CONCORDANCE_UCC,PUBLISHED_CE_BASIS,LABSTAT_PUBLISHED,NOT_VERIFIED,NOT_ESTABLISHED,UNKNOWN,FP022,FOOD,DIRECT,2909.000000,OBSERVED,6.280000,false,,,,,NOT_APPLICABLE,UNCLAIMED,,,,,NOT_APPLICABLE,RETAINED,2909.000000,,,,,,,,,NOT_APPLICABLE,ELIGIBLE,
170531,Q1,Other noncarbonated beverages and ice,FOODTOTL,Food,DIRECT_CONCORDANCE_UCC,PUBLISHED_CE_BASIS,LABSTAT_PUBLISHED,NOT_VERIFIED,NOT_ESTABLISHED,UNKNOWN,FP022,FOOD,DIRECT,323.000000,OBSERVED,15.620000,false,,,,,NOT_APPLICABLE,UNCLAIMED,,,,,NOT_APPLICABLE,RETAINED,323.000000,,,,,,,,,NOT_APPLICABLE,ELIGIBLE,
170531,Q2,Other noncarbonated beverages and ice,FOODTOTL,Food,DIRECT_CONCORDANCE_UCC,PUBLISHED_CE_BASIS,LABSTAT_PUBLISHED,NOT_VERIFIED,NOT_ESTABLISHED,UNKNOWN,FP022,FOOD,DIRECT,533.000000,OBSERVED,15.830000,false,,,,,NOT_APPLICABLE,UNCLAIMED,,,,,NOT_APPLICABLE,RETAINED,533.000000,,,,,,,,,NOT_APPLICABLE,ELIGIBLE,
170531,Q3,Other noncarbonated beverages and ice,FOODTOTL,Food,DIRECT_CONCORDANCE_UCC,PUBLISHED_CE_BASIS,LABSTAT_PUBLISHED,NOT_VERIFIED,NOT_ESTABLISHED,UNKNOWN,FP022,FOOD,DIRECT,422.000000,OBSERVED,10.870000,false,,,,,NOT_APPLICABLE,UNCLAIMED,,,,,NOT_APPLICABLE,RETAINED,422.000000,,,,,,,,,NOT_APPLICABLE,ELIGIBLE,
170531,Q4,Other noncarbonated beverages and ice,FOODTOTL,Food,DIRECT_CONCORDANCE_UCC,PUBLISHED_CE_BASIS,LABSTAT_PUBLISHED,NOT_VERIFIED,NOT_ESTABLISHED,UNKNOWN,FP022,FOOD,DIRECT,677.000000,OBSERVED,15.770000,false,,,,,NOT_APPLICABLE,UNCLAIMED,,,,,NOT_APPLICABLE,RETAINED,677.000000,,,,,,,,,NOT_APPLICABLE,ELIGIBLE,
170531,Q5,Other noncarbonated beverages and ice,FOODTOTL,Food,DIRECT_CONCORDANCE_UCC,PUBLISHED_CE_BASIS,LABSTAT_PUBLISHED,NOT_VERIFIED,NOT_ESTABLISHED,UNKNOWN,FP022,FOOD,DIRECT,954.000000,OBSERVED,8.870000,false,,,,,NOT_APPLICABLE,UNCLAIMED,,,,,NOT_APPLICABLE,RETAINED,954.000000,,,,,,,,,NOT_APPLICABLE,ELIGIBLE,
170539,ALL_CU,Nonfrozen noncarbonated juices and drinks,FOODTOTL,Food,DIRECT_CONCORDANCE_UCC,PUBLISHED_CE_BASIS,LABSTAT_PUBLISHED,NOT_VERIFIED,NOT_ESTABLISHED,UNKNOWN,FN031,FOOD,DIRECT,34780.000000,OBSERVED,2.660000,false,,,,,NOT_APPLICABLE,UNCLAIMED,,,,,NOT_APPLICABLE,RETAINED,34780.000000,,,,,,,,,NOT_APPLICABLE,ELIGIBLE,
170539,Q1,Nonfrozen noncarbonated juices and drinks,FOODTOTL,Food,DIRECT_CONCORDANCE_UCC,PUBLISHED_CE_BASIS,LABSTAT_PUBLISHED,NOT_VERIFIED,NOT_ESTABLISHED,UNKNOWN,FN031,FOOD,DIRECT,4900.000000,OBSERVED,6.260000,false,,,,,NOT_APPLICABLE,UNCLAIMED,,,,,NOT_APPLICABLE,RETAINED,4900.000000,,,,,,,,,NOT_APPLICABLE,ELIGIBLE,
170539,Q2,Nonfrozen noncarbonated juices and drinks,FOODTOTL,Food,DIRECT_CONCORDANCE_UCC,PUBLISHED_CE_BASIS,LABSTAT_PUBLISHED,NOT_VERIFIED,NOT_ESTABLISHED,UNKNOWN,FN031,FOOD,DIRECT,6833.000000,OBSERVED,8.210000,false,,,,,NOT_APPLICABLE,UNCLAIMED,,,,,NOT_APPLICABLE,RETAINED,6833.000000,,,,,,,,,NOT_APPLICABLE,ELIGIBLE,
170539,Q3,Nonfrozen noncarbonated juices and drinks,FOODTOTL,Food,DIRECT_CONCORDANCE_UCC,PUBLISHED_CE_BASIS,LABSTAT_PUBLISHED,NOT_VERIFIED,NOT_ESTABLISHED,UNKNOWN,FN031,FOOD,DIRECT,6714.000000,OBSERVED,4.860000,false,,,,,NOT_APPLICABLE,UNCLAIMED,,,,,NOT_APPLICABLE,RETAINED,6714.000000,,,,,,,,,NOT_APPLICABLE,ELIGIBLE,
170539,Q4,Nonfrozen noncarbonated juices and drinks,FOODTOTL,Food,DIRECT_CONCORDANCE_UCC,PUBLISHED_CE_BASIS,LABSTAT_PUBLISHED,NOT_VERIFIED,NOT_ESTABLISHED,UNKNOWN,FN031,FOOD,DIRECT,7958.000000,OBSERVED,5.220000,false,,,,,NOT_APPLICABLE,UNCLAIMED,,,,,NOT_APPLICABLE,RETAINED,7958.000000,,,,,,,,,NOT_APPLICABLE,ELIGIBLE,
170539,Q5,Nonfrozen noncarbonated juices and drinks,FOODTOTL,Food,DIRECT_CONCORDANCE_UCC,PUBLISHED_CE_BASIS,LABSTAT_PUBLISHED,NOT_VERIFIED,NOT_ESTABLISHED,UNKNOWN,FN031,FOOD,DIRECT,8375.000000,OBSERVED,4.440000,false,,,,,NOT_APPLICABLE,UNCLAIMED,,,,,NOT_APPLICABLE,RETAINED,8375.000000,,,,,,,,,NOT_APPLICABLE,ELIGIBLE,
180110,ALL_CU,Canned and packaged soups,FOODTOTL,Food,DIRECT_CONCORDANCE_UCC,PUBLISHED_CE_BASIS,LABSTAT_PUBLISHED,NOT_VERIFIED,NOT_ESTABLISHED,UNKNOWN,FT011,FOOD,DIRECT,8841.000000,OBSERVED,3.540000,false,,,,,NOT_APPLICABLE,UNCLAIMED,,,,,NOT_APPLICABLE,RETAINED,8841.000000,,,,,,,,,NOT_APPLICABLE,ELIGIBLE,
180110,Q1,Canned and packaged soups,FOODTOTL,Food,DIRECT_CONCORDANCE_UCC,PUBLISHED_CE_BASIS,LABSTAT_PUBLISHED,NOT_VERIFIED,NOT_ESTABLISHED,UNKNOWN,FT011,FOOD,DIRECT,1138.000000,OBSERVED,8.960000,false,,,,,NOT_APPLICABLE,UNCLAIMED,,,,,NOT_APPLICABLE,RETAINED,1138.000000,,,,,,,,,NOT_APPLICABLE,ELIGIBLE,
180110,Q2,Canned and packaged soups,FOODTOTL,Food,DIRECT_CONCORDANCE_UCC,PUBLISHED_CE_BASIS,LABSTAT_PUBLISHED,NOT_VERIFIED,NOT_ESTABLISHED,UNKNOWN,FT011,FOOD,DIRECT,1517.000000,OBSERVED,6.110000,false,,,,,NOT_APPLICABLE,UNCLAIMED,,,,,NOT_APPLICABLE,RETAINED,1517.000000,,,,,,,,,NOT_APPLICABLE,ELIGIBLE,
180110,Q3,Canned and packaged soups,FOODTOTL,Food,DIRECT_CONCORDANCE_UCC,PUBLISHED_CE_BASIS,LABSTAT_PUBLISHED,NOT_VERIFIED,NOT_ESTABLISHED,UNKNOWN,FT011,FOOD,DIRECT,1676.000000,OBSERVED,11.570000,false,,,,,NOT_APPLICABLE,UNCLAIMED,,,,,NOT_APPLICABLE,RETAINED,1676.000000,,,,,,,,,NOT_APPLICABLE,ELIGIBLE,
180110,Q4,Canned and packaged soups,FOODTOTL,Food,DIRECT_CONCORDANCE_UCC,PUBLISHED_CE_BASIS,LABSTAT_PUBLISHED,NOT_VERIFIED,NOT_ESTABLISHED,UNKNOWN,FT011,FOOD,DIRECT,1834.000000,OBSERVED,6.920000,false,,,,,NOT_APPLICABLE,UNCLAIMED,,,,,NOT_APPLICABLE,RETAINED,1834.000000,,,,,,,,,NOT_APPLICABLE,ELIGIBLE,
180110,Q5,Canned and packaged soups,FOODTOTL,Food,DIRECT_CONCORDANCE_UCC,PUBLISHED_CE_BASIS,LABSTAT_PUBLISHED,NOT_VERIFIED,NOT_ESTABLISHED,UNKNOWN,FT011,FOOD,DIRECT,2676.000000,OBSERVED,6.270000,false,,,,,NOT_APPLICABLE,UNCLAIMED,,,,,NOT_APPLICABLE,RETAINED,2676.000000,,,,,,,,,NOT_APPLICABLE,ELIGIBLE,
180210,ALL_CU,Frozen meals,FOODTOTL,Food,DIRECT_CONCORDANCE_UCC,PUBLISHED_CE_BASIS,LABSTAT_PUBLISHED,NOT_VERIFIED,NOT_ESTABLISHED,UNKNOWN,FT021,FOOD,DIRECT,9085.000000,OBSERVED,6.910000,false,,,,,NOT_APPLICABLE,UNCLAIMED,,,,,NOT_APPLICABLE,RETAINED,9085.000000,,,,,,,,,NOT_APPLICABLE,ELIGIBLE,
180210,Q1,Frozen meals,FOODTOTL,Food,DIRECT_CONCORDANCE_UCC,PUBLISHED_CE_BASIS,LABSTAT_PUBLISHED,NOT_VERIFIED,NOT_ESTABLISHED,UNKNOWN,FT021,FOOD,DIRECT,1129.000000,OBSERVED,10.440000,false,,,,,NOT_APPLICABLE,UNCLAIMED,,,,,NOT_APPLICABLE,RETAINED,1129.000000,,,,,,,,,NOT_APPLICABLE,ELIGIBLE,
180210,Q2,Frozen meals,FOODTOTL,Food,DIRECT_CONCORDANCE_UCC,PUBLISHED_CE_BASIS,LABSTAT_PUBLISHED,NOT_VERIFIED,NOT_ESTABLISHED,UNKNOWN,FT021,FOOD,DIRECT,1294.000000,OBSERVED,10.800000,false,,,,,NOT_APPLICABLE,UNCLAIMED,,,,,NOT_APPLICABLE,RETAINED,1294.000000,,,,,,,,,NOT_APPLICABLE,ELIGIBLE,
180210,Q3,Frozen meals,FOODTOTL,Food,DIRECT_CONCORDANCE_UCC,PUBLISHED_CE_BASIS,LABSTAT_PUBLISHED,NOT_VERIFIED,NOT_ESTABLISHED,UNKNOWN,FT021,FOOD,DIRECT,1705.000000,OBSERVED,13.430000,false,,,,,NOT_APPLICABLE,UNCLAIMED,,,,,NOT_APPLICABLE,RETAINED,1705.000000,,,,,,,,,NOT_APPLICABLE,ELIGIBLE,
180210,Q4,Frozen meals,FOODTOTL,Food,DIRECT_CONCORDANCE_UCC,PUBLISHED_CE_BASIS,LABSTAT_PUBLISHED,NOT_VERIFIED,NOT_ESTABLISHED,UNKNOWN,FT021,FOOD,DIRECT,2196.000000,OBSERVED,16.080000,false,,,,,NOT_APPLICABLE,UNCLAIMED,,,,,NOT_APPLICABLE,RETAINED,2196.000000,,,,,,,,,NOT_APPLICABLE,ELIGIBLE,
180210,Q5,Frozen meals,FOODTOTL,Food,DIRECT_CONCORDANCE_UCC,PUBLISHED_CE_BASIS,LABSTAT_PUBLISHED,NOT_VERIFIED,NOT_ESTABLISHED,UNKNOWN,FT021,FOOD,DIRECT,2760.000000,OBSERVED,13.900000,false,,,,,NOT_APPLICABLE,UNCLAIMED,,,,,NOT_APPLICABLE,RETAINED,2760.000000,,,,,,,,,NOT_APPLICABLE,ELIGIBLE,
180220,ALL_CU,Other frozen prepared foods,FOODTOTL,Food,DIRECT_CONCORDANCE_UCC,PUBLISHED_CE_BASIS,LABSTAT_PUBLISHED,NOT_VERIFIED,NOT_ESTABLISHED,UNKNOWN,FT021,FOOD,DIRECT,22082.000000,OBSERVED,3.470000,false,,,,,NOT_APPLICABLE,UNCLAIMED,,,,,NOT_APPLICABLE,RETAINED,22082.000000,,,,,,,,,NOT_APPLICABLE,ELIGIBLE,
180220,Q1,Other frozen prepared foods,FOODTOTL,Food,DIRECT_CONCORDANCE_UCC,PUBLISHED_CE_BASIS,LABSTAT_PUBLISHED,NOT_VERIFIED,NOT_ESTABLISHED,UNKNOWN,FT021,FOOD,DIRECT,3305.000000,OBSERVED,8.110000,false,,,,,NOT_APPLICABLE,UNCLAIMED,,,,,NOT_APPLICABLE,RETAINED,3305.000000,,,,,,,,,NOT_APPLICABLE,ELIGIBLE,
180220,Q2,Other frozen prepared foods,FOODTOTL,Food,DIRECT_CONCORDANCE_UCC,PUBLISHED_CE_BASIS,LABSTAT_PUBLISHED,NOT_VERIFIED,NOT_ESTABLISHED,UNKNOWN,FT021,FOOD,DIRECT,3690.000000,OBSERVED,8.330000,false,,,,,NOT_APPLICABLE,UNCLAIMED,,,,,NOT_APPLICABLE,RETAINED,3690.000000,,,,,,,,,NOT_APPLICABLE,ELIGIBLE,
180220,Q3,Other frozen prepared foods,FOODTOTL,Food,DIRECT_CONCORDANCE_UCC,PUBLISHED_CE_BASIS,LABSTAT_PUBLISHED,NOT_VERIFIED,NOT_ESTABLISHED,UNKNOWN,FT021,FOOD,DIRECT,3916.000000,OBSERVED,7.560000,false,,,,,NOT_APPLICABLE,UNCLAIMED,,,,,NOT_APPLICABLE,RETAINED,3916.000000,,,,,,,,,NOT_APPLICABLE,ELIGIBLE,
180220,Q4,Other frozen prepared foods,FOODTOTL,Food,DIRECT_CONCORDANCE_UCC,PUBLISHED_CE_BASIS,LABSTAT_PUBLISHED,NOT_VERIFIED,NOT_ESTABLISHED,UNKNOWN,FT021,FOOD,DIRECT,5038.000000,OBSERVED,5.580000,false,,,,,NOT_APPLICABLE,UNCLAIMED,,,,,NOT_APPLICABLE,RETAINED,5038.000000,,,,,,,,,NOT_APPLICABLE,ELIGIBLE,
180220,Q5,Other frozen prepared foods,FOODTOTL,Food,DIRECT_CONCORDANCE_UCC,PUBLISHED_CE_BASIS,LABSTAT_PUBLISHED,NOT_VERIFIED,NOT_ESTABLISHED,UNKNOWN,FT021,FOOD,DIRECT,6132.000000,OBSERVED,6.370000,false,,,,,NOT_APPLICABLE,UNCLAIMED,,,,,NOT_APPLICABLE,RETAINED,6132.000000,,,,,,,,,NOT_APPLICABLE,ELIGIBLE,
180310,ALL_CU,Potato chips and other snacks,FOODTOTL,Food,DIRECT_CONCORDANCE_UCC,PUBLISHED_CE_BASIS,LABSTAT_PUBLISHED,NOT_VERIFIED,NOT_ESTABLISHED,UNKNOWN,FT031,FOOD,DIRECT,28925.000000,OBSERVED,2.520000,false,,,,,NOT_APPLICABLE,UNCLAIMED,,,,,NOT_APPLICABLE,RETAINED,28925.000000,,,,,,,,,NOT_APPLICABLE,ELIGIBLE,
180310,Q1,Potato chips and other snacks,FOODTOTL,Food,DIRECT_CONCORDANCE_UCC,PUBLISHED_CE_BASIS,LABSTAT_PUBLISHED,NOT_VERIFIED,NOT_ESTABLISHED,UNKNOWN,FT031,FOOD,DIRECT,3427.000000,OBSERVED,5.940000,false,,,,,NOT_APPLICABLE,UNCLAIMED,,,,,NOT_APPLICABLE,RETAINED,3427.000000,,,,,,,,,NOT_APPLICABLE,ELIGIBLE,
180310,Q2,Potato chips and other snacks,FOODTOTL,Food,DIRECT_CONCORDANCE_UCC,PUBLISHED_CE_BASIS,LABSTAT_PUBLISHED,NOT_VERIFIED,NOT_ESTABLISHED,UNKNOWN,FT031,FOOD,DIRECT,4286.000000,OBSERVED,5.850000,false,,,,,NOT_APPLICABLE,UNCLAIMED,,,,,NOT_APPLICABLE,RETAINED,4286.000000,,,,,,,,,NOT_APPLICABLE,ELIGIBLE,
180310,Q3,Potato chips and other snacks,FOODTOTL,Food,DIRECT_CONCORDANCE_UCC,PUBLISHED_CE_BASIS,LABSTAT_PUBLISHED,NOT_VERIFIED,NOT_ESTABLISHED,UNKNOWN,FT031,FOOD,DIRECT,5133.000000,OBSERVED,5.840000,false,,,,,NOT_APPLICABLE,UNCLAIMED,,,,,NOT_APPLICABLE,RETAINED,5133.000000,,,,,,,,,NOT_APPLICABLE,ELIGIBLE,
180310,Q4,Potato chips and other snacks,FOODTOTL,Food,DIRECT_CONCORDANCE_UCC,PUBLISHED_CE_BASIS,LABSTAT_PUBLISHED,NOT_VERIFIED,NOT_ESTABLISHED,UNKNOWN,FT031,FOOD,DIRECT,7216.000000,OBSERVED,4.330000,false,,,,,NOT_APPLICABLE,UNCLAIMED,,,,,NOT_APPLICABLE,RETAINED,7216.000000,,,,,,,,,NOT_APPLICABLE,ELIGIBLE,
180310,Q5,Potato chips and other snacks,FOODTOTL,Food,DIRECT_CONCORDANCE_UCC,PUBLISHED_CE_BASIS,LABSTAT_PUBLISHED,NOT_VERIFIED,NOT_ESTABLISHED,UNKNOWN,FT031,FOOD,DIRECT,8863.000000,OBSERVED,4.430000,false,,,,,NOT_APPLICABLE,UNCLAIMED,,,,,NOT_APPLICABLE,RETAINED,8863.000000,,,,,,,,,NOT_APPLICABLE,ELIGIBLE,
180320,ALL_CU,Nuts,FOODTOTL,Food,DIRECT_CONCORDANCE_UCC,PUBLISHED_CE_BASIS,LABSTAT_PUBLISHED,NOT_VERIFIED,NOT_ESTABLISHED,UNKNOWN,FT031,FOOD,DIRECT,9094.000000,OBSERVED,4.670000,false,,,,,NOT_APPLICABLE,UNCLAIMED,,,,,NOT_APPLICABLE,RETAINED,9094.000000,,,,,,,,,NOT_APPLICABLE,ELIGIBLE,
180320,Q1,Nuts,FOODTOTL,Food,DIRECT_CONCORDANCE_UCC,PUBLISHED_CE_BASIS,LABSTAT_PUBLISHED,NOT_VERIFIED,NOT_ESTABLISHED,UNKNOWN,FT031,FOOD,DIRECT,978.000000,OBSERVED,9.910000,false,,,,,NOT_APPLICABLE,UNCLAIMED,,,,,NOT_APPLICABLE,RETAINED,978.000000,,,,,,,,,NOT_APPLICABLE,ELIGIBLE,
180320,Q2,Nuts,FOODTOTL,Food,DIRECT_CONCORDANCE_UCC,PUBLISHED_CE_BASIS,LABSTAT_PUBLISHED,NOT_VERIFIED,NOT_ESTABLISHED,UNKNOWN,FT031,FOOD,DIRECT,1351.000000,OBSERVED,8.480000,false,,,,,NOT_APPLICABLE,UNCLAIMED,,,,,NOT_APPLICABLE,RETAINED,1351.000000,,,,,,,,,NOT_APPLICABLE,ELIGIBLE,
180320,Q3,Nuts,FOODTOTL,Food,DIRECT_CONCORDANCE_UCC,PUBLISHED_CE_BASIS,LABSTAT_PUBLISHED,NOT_VERIFIED,NOT_ESTABLISHED,UNKNOWN,FT031,FOOD,DIRECT,1568.000000,OBSERVED,8.900000,false,,,,,NOT_APPLICABLE,UNCLAIMED,,,,,NOT_APPLICABLE,RETAINED,1568.000000,,,,,,,,,NOT_APPLICABLE,ELIGIBLE,
180320,Q4,Nuts,FOODTOTL,Food,DIRECT_CONCORDANCE_UCC,PUBLISHED_CE_BASIS,LABSTAT_PUBLISHED,NOT_VERIFIED,NOT_ESTABLISHED,UNKNOWN,FT031,FOOD,DIRECT,2091.000000,OBSERVED,9.090000,false,,,,,NOT_APPLICABLE,UNCLAIMED,,,,,NOT_APPLICABLE,RETAINED,2091.000000,,,,,,,,,NOT_APPLICABLE,ELIGIBLE,
180320,Q5,Nuts,FOODTOTL,Food,DIRECT_CONCORDANCE_UCC,PUBLISHED_CE_BASIS,LABSTAT_PUBLISHED,NOT_VERIFIED,NOT_ESTABLISHED,UNKNOWN,FT031,FOOD,DIRECT,3106.000000,OBSERVED,6.560000,false,,,,,NOT_APPLICABLE,UNCLAIMED,,,,,NOT_APPLICABLE,RETAINED,3106.000000,,,,,,,,,NOT_APPLICABLE,ELIGIBLE,
180410,ALL_CU,"Salt, spices, and other seasonings",FOODTOTL,Food,DIRECT_CONCORDANCE_UCC,PUBLISHED_CE_BASIS,LABSTAT_PUBLISHED,NOT_VERIFIED,NOT_ESTABLISHED,UNKNOWN,FT041,FOOD,DIRECT,10089.000000,OBSERVED,2.680000,false,,,,,NOT_APPLICABLE,UNCLAIMED,,,,,NOT_APPLICABLE,RETAINED,10089.000000,,,,,,,,,NOT_APPLICABLE,ELIGIBLE,
180410,Q1,"Salt, spices, and other seasonings",FOODTOTL,Food,DIRECT_CONCORDANCE_UCC,PUBLISHED_CE_BASIS,LABSTAT_PUBLISHED,NOT_VERIFIED,NOT_ESTABLISHED,UNKNOWN,FT041,FOOD,DIRECT,1303.000000,OBSERVED,7.720000,false,,,,,NOT_APPLICABLE,UNCLAIMED,,,,,NOT_APPLICABLE,RETAINED,1303.000000,,,,,,,,,NOT_APPLICABLE,ELIGIBLE,
180410,Q2,"Salt, spices, and other seasonings",FOODTOTL,Food,DIRECT_CONCORDANCE_UCC,PUBLISHED_CE_BASIS,LABSTAT_PUBLISHED,NOT_VERIFIED,NOT_ESTABLISHED,UNKNOWN,FT041,FOOD,DIRECT,1451.000000,OBSERVED,5.410000,false,,,,,NOT_APPLICABLE,UNCLAIMED,,,,,NOT_APPLICABLE,RETAINED,1451.000000,,,,,,,,,NOT_APPLICABLE,ELIGIBLE,
180410,Q3,"Salt, spices, and other seasonings",FOODTOTL,Food,DIRECT_CONCORDANCE_UCC,PUBLISHED_CE_BASIS,LABSTAT_PUBLISHED,NOT_VERIFIED,NOT_ESTABLISHED,UNKNOWN,FT041,FOOD,DIRECT,1942.000000,OBSERVED,6.660000,false,,,,,NOT_APPLICABLE,UNCLAIMED,,,,,NOT_APPLICABLE,RETAINED,1942.000000,,,,,,,,,NOT_APPLICABLE,ELIGIBLE,
180410,Q4,"Salt, spices, and other seasonings",FOODTOTL,Food,DIRECT_CONCORDANCE_UCC,PUBLISHED_CE_BASIS,LABSTAT_PUBLISHED,NOT_VERIFIED,NOT_ESTABLISHED,UNKNOWN,FT041,FOOD,DIRECT,2277.000000,OBSERVED,4.950000,false,,,,,NOT_APPLICABLE,UNCLAIMED,,,,,NOT_APPLICABLE,RETAINED,2277.000000,,,,,,,,,NOT_APPLICABLE,ELIGIBLE,
180410,Q5,"Salt, spices, and other seasonings",FOODTOTL,Food,DIRECT_CONCORDANCE_UCC,PUBLISHED_CE_BASIS,LABSTAT_PUBLISHED,NOT_VERIFIED,NOT_ESTABLISHED,UNKNOWN,FT041,FOOD,DIRECT,3116.000000,OBSERVED,5.460000,false,,,,,NOT_APPLICABLE,UNCLAIMED,,,,,NOT_APPLICABLE,RETAINED,3116.000000,,,,,,,,,NOT_APPLICABLE,ELIGIBLE,
180420,ALL_CU,"Olives, pickles, and relishes",FOODTOTL,Food,DIRECT_CONCORDANCE_UCC,PUBLISHED_CE_BASIS,LABSTAT_PUBLISHED,NOT_VERIFIED,NOT_ESTABLISHED,UNKNOWN,FT042,FOOD,DIRECT,3009.000000,OBSERVED,3.660000,false,,,,,NOT_APPLICABLE,UNCLAIMED,,,,,NOT_APPLICABLE,RETAINED,3009.000000,,,,,,,,,NOT_APPLICABLE,ELIGIBLE,
180420,Q1,"Olives, pickles, and relishes",FOODTOTL,Food,DIRECT_CONCORDANCE_UCC,PUBLISHED_CE_BASIS,LABSTAT_PUBLISHED,NOT_VERIFIED,NOT_ESTABLISHED,UNKNOWN,FT042,FOOD,DIRECT,306.000000,OBSERVED,11.690000,false,,,,,NOT_APPLICABLE,UNCLAIMED,,,,,NOT_APPLICABLE,RETAINED,306.000000,,,,,,,,,NOT_APPLICABLE,ELIGIBLE,
180420,Q2,"Olives, pickles, and relishes",FOODTOTL,Food,DIRECT_CONCORDANCE_UCC,PUBLISHED_CE_BASIS,LABSTAT_PUBLISHED,NOT_VERIFIED,NOT_ESTABLISHED,UNKNOWN,FT042,FOOD,DIRECT,469.000000,OBSERVED,12.400000,false,,,,,NOT_APPLICABLE,UNCLAIMED,,,,,NOT_APPLICABLE,RETAINED,469.000000,,,,,,,,,NOT_APPLICABLE,ELIGIBLE,
180420,Q3,"Olives, pickles, and relishes",FOODTOTL,Food,DIRECT_CONCORDANCE_UCC,PUBLISHED_CE_BASIS,LABSTAT_PUBLISHED,NOT_VERIFIED,NOT_ESTABLISHED,UNKNOWN,FT042,FOOD,DIRECT,574.000000,OBSERVED,8.820000,false,,,,,NOT_APPLICABLE,UNCLAIMED,,,,,NOT_APPLICABLE,RETAINED,574.000000,,,,,,,,,NOT_APPLICABLE,ELIGIBLE,
180420,Q4,"Olives, pickles, and relishes",FOODTOTL,Food,DIRECT_CONCORDANCE_UCC,PUBLISHED_CE_BASIS,LABSTAT_PUBLISHED,NOT_VERIFIED,NOT_ESTABLISHED,UNKNOWN,FT042,FOOD,DIRECT,727.000000,OBSERVED,7.690000,false,,,,,NOT_APPLICABLE,UNCLAIMED,,,,,NOT_APPLICABLE,RETAINED,727.000000,,,,,,,,,NOT_APPLICABLE,ELIGIBLE,
180420,Q5,"Olives, pickles, and relishes",FOODTOTL,Food,DIRECT_CONCORDANCE_UCC,PUBLISHED_CE_BASIS,LABSTAT_PUBLISHED,NOT_VERIFIED,NOT_ESTABLISHED,UNKNOWN,FT042,FOOD,DIRECT,933.000000,OBSERVED,7.790000,false,,,,,NOT_APPLICABLE,UNCLAIMED,,,,,NOT_APPLICABLE,RETAINED,933.000000,,,,,,,,,NOT_APPLICABLE,ELIGIBLE,
180510,ALL_CU,Sauces and gravies,FOODTOTL,Food,DIRECT_CONCORDANCE_UCC,PUBLISHED_CE_BASIS,LABSTAT_PUBLISHED,NOT_VERIFIED,NOT_ESTABLISHED,UNKNOWN,FT043,FOOD,DIRECT,13279.000000,OBSERVED,2.970000,false,,,,,NOT_APPLICABLE,UNCLAIMED,,,,,NOT_APPLICABLE,RETAINED,13279.000000,,,,,,,,,NOT_APPLICABLE,ELIGIBLE,
180510,Q1,Sauces and gravies,FOODTOTL,Food,DIRECT_CONCORDANCE_UCC,PUBLISHED_CE_BASIS,LABSTAT_PUBLISHED,NOT_VERIFIED,NOT_ESTABLISHED,UNKNOWN,FT043,FOOD,DIRECT,1515.000000,OBSERVED,7.500000,false,,,,,NOT_APPLICABLE,UNCLAIMED,,,,,NOT_APPLICABLE,RETAINED,1515.000000,,,,,,,,,NOT_APPLICABLE,ELIGIBLE,
180510,Q2,Sauces and gravies,FOODTOTL,Food,DIRECT_CONCORDANCE_UCC,PUBLISHED_CE_BASIS,LABSTAT_PUBLISHED,NOT_VERIFIED,NOT_ESTABLISHED,UNKNOWN,FT043,FOOD,DIRECT,1962.000000,OBSERVED,5.170000,false,,,,,NOT_APPLICABLE,UNCLAIMED,,,,,NOT_APPLICABLE,RETAINED,1962.000000,,,,,,,,,NOT_APPLICABLE,ELIGIBLE,
180510,Q3,Sauces and gravies,FOODTOTL,Food,DIRECT_CONCORDANCE_UCC,PUBLISHED_CE_BASIS,LABSTAT_PUBLISHED,NOT_VERIFIED,NOT_ESTABLISHED,UNKNOWN,FT043,FOOD,DIRECT,2402.000000,OBSERVED,6.700000,false,,,,,NOT_APPLICABLE,UNCLAIMED,,,,,NOT_APPLICABLE,RETAINED,2402.000000,,,,,,,,,NOT_APPLICABLE,ELIGIBLE,
180510,Q4,Sauces and gravies,FOODTOTL,Food,DIRECT_CONCORDANCE_UCC,PUBLISHED_CE_BASIS,LABSTAT_PUBLISHED,NOT_VERIFIED,NOT_ESTABLISHED,UNKNOWN,FT043,FOOD,DIRECT,3202.000000,OBSERVED,5.140000,false,,,,,NOT_APPLICABLE,UNCLAIMED,,,,,NOT_APPLICABLE,RETAINED,3202.000000,,,,,,,,,NOT_APPLICABLE,ELIGIBLE,
180510,Q5,Sauces and gravies,FOODTOTL,Food,DIRECT_CONCORDANCE_UCC,PUBLISHED_CE_BASIS,LABSTAT_PUBLISHED,NOT_VERIFIED,NOT_ESTABLISHED,UNKNOWN,FT043,FOOD,DIRECT,4198.000000,OBSERVED,5.580000,false,,,,,NOT_APPLICABLE,UNCLAIMED,,,,,NOT_APPLICABLE,RETAINED,4198.000000,,,,,,,,,NOT_APPLICABLE,ELIGIBLE,
180520,ALL_CU,Baking needs and miscellaneous products,FOODTOTL,Food,DIRECT_CONCORDANCE_UCC,PUBLISHED_CE_BASIS,LABSTAT_PUBLISHED,NOT_VERIFIED,NOT_ESTABLISHED,UNKNOWN,FT044,FOOD,DIRECT,6007.000000,OBSERVED,3.450000,false,,,,,NOT_APPLICABLE,UNCLAIMED,,,,,NOT_APPLICABLE,RETAINED,6007.000000,,,,,,,,,NOT_APPLICABLE,ELIGIBLE,
180520,Q1,Baking needs and miscellaneous products,FOODTOTL,Food,DIRECT_CONCORDANCE_UCC,PUBLISHED_CE_BASIS,LABSTAT_PUBLISHED,NOT_VERIFIED,NOT_ESTABLISHED,UNKNOWN,FT044,FOOD,DIRECT,685.000000,OBSERVED,9.150000,false,,,,,NOT_APPLICABLE,UNCLAIMED,,,,,NOT_APPLICABLE,RETAINED,685.000000,,,,,,,,,NOT_APPLICABLE,ELIGIBLE,
180520,Q2,Baking needs and miscellaneous products,FOODTOTL,Food,DIRECT_CONCORDANCE_UCC,PUBLISHED_CE_BASIS,LABSTAT_PUBLISHED,NOT_VERIFIED,NOT_ESTABLISHED,UNKNOWN,FT044,FOOD,DIRECT,761.000000,OBSERVED,8.430000,false,,,,,NOT_APPLICABLE,UNCLAIMED,,,,,NOT_APPLICABLE,RETAINED,761.000000,,,,,,,,,NOT_APPLICABLE,ELIGIBLE,
180520,Q3,Baking needs and miscellaneous products,FOODTOTL,Food,DIRECT_CONCORDANCE_UCC,PUBLISHED_CE_BASIS,LABSTAT_PUBLISHED,NOT_VERIFIED,NOT_ESTABLISHED,UNKNOWN,FT044,FOOD,DIRECT,1120.000000,OBSERVED,8.730000,false,,,,,NOT_APPLICABLE,UNCLAIMED,,,,,NOT_APPLICABLE,RETAINED,1120.000000,,,,,,,,,NOT_APPLICABLE,ELIGIBLE,
180520,Q4,Baking needs and miscellaneous products,FOODTOTL,Food,DIRECT_CONCORDANCE_UCC,PUBLISHED_CE_BASIS,LABSTAT_PUBLISHED,NOT_VERIFIED,NOT_ESTABLISHED,UNKNOWN,FT044,FOOD,DIRECT,1460.000000,OBSERVED,6.200000,false,,,,,NOT_APPLICABLE,UNCLAIMED,,,,,NOT_APPLICABLE,RETAINED,1460.000000,,,,,,,,,NOT_APPLICABLE,ELIGIBLE,
180520,Q5,Baking needs and miscellaneous products,FOODTOTL,Food,DIRECT_CONCORDANCE_UCC,PUBLISHED_CE_BASIS,LABSTAT_PUBLISHED,NOT_VERIFIED,NOT_ESTABLISHED,UNKNOWN,FT044,FOOD,DIRECT,1981.000000,OBSERVED,7.170000,false,,,,,NOT_APPLICABLE,UNCLAIMED,,,,,NOT_APPLICABLE,RETAINED,1981.000000,,,,,,,,,NOT_APPLICABLE,ELIGIBLE,
180611,ALL_CU,Prepared salads,FOODTOTL,Food,DIRECT_CONCORDANCE_UCC,PUBLISHED_CE_BASIS,LABSTAT_PUBLISHED,NOT_VERIFIED,NOT_ESTABLISHED,UNKNOWN,FT061,FOOD,DIRECT,10108.000000,OBSERVED,3.550000,false,,,,,NOT_APPLICABLE,UNCLAIMED,,,,,NOT_APPLICABLE,RETAINED,10108.000000,,,,,,,,,NOT_APPLICABLE,ELIGIBLE,
180611,Q1,Prepared salads,FOODTOTL,Food,DIRECT_CONCORDANCE_UCC,PUBLISHED_CE_BASIS,LABSTAT_PUBLISHED,NOT_VERIFIED,NOT_ESTABLISHED,UNKNOWN,FT061,FOOD,DIRECT,1126.000000,OBSERVED,8.310000,false,,,,,NOT_APPLICABLE,UNCLAIMED,,,,,NOT_APPLICABLE,RETAINED,1126.000000,,,,,,,,,NOT_APPLICABLE,ELIGIBLE,
180611,Q2,Prepared salads,FOODTOTL,Food,DIRECT_CONCORDANCE_UCC,PUBLISHED_CE_BASIS,LABSTAT_PUBLISHED,NOT_VERIFIED,NOT_ESTABLISHED,UNKNOWN,FT061,FOOD,DIRECT,1572.000000,OBSERVED,7.430000,false,,,,,NOT_APPLICABLE,UNCLAIMED,,,,,NOT_APPLICABLE,RETAINED,1572.000000,,,,,,,,,NOT_APPLICABLE,ELIGIBLE,
180611,Q3,Prepared salads,FOODTOTL,Food,DIRECT_CONCORDANCE_UCC,PUBLISHED_CE_BASIS,LABSTAT_PUBLISHED,NOT_VERIFIED,NOT_ESTABLISHED,UNKNOWN,FT061,FOOD,DIRECT,2082.000000,OBSERVED,8.820000,false,,,,,NOT_APPLICABLE,UNCLAIMED,,,,,NOT_APPLICABLE,RETAINED,2082.000000,,,,,,,,,NOT_APPLICABLE,ELIGIBLE,
180611,Q4,Prepared salads,FOODTOTL,Food,DIRECT_CONCORDANCE_UCC,PUBLISHED_CE_BASIS,LABSTAT_PUBLISHED,NOT_VERIFIED,NOT_ESTABLISHED,UNKNOWN,FT061,FOOD,DIRECT,2314.000000,OBSERVED,5.700000,false,,,,,NOT_APPLICABLE,UNCLAIMED,,,,,NOT_APPLICABLE,RETAINED,2314.000000,,,,,,,,,NOT_APPLICABLE,ELIGIBLE,
180611,Q5,Prepared salads,FOODTOTL,Food,DIRECT_CONCORDANCE_UCC,PUBLISHED_CE_BASIS,LABSTAT_PUBLISHED,NOT_VERIFIED,NOT_ESTABLISHED,UNKNOWN,FT061,FOOD,DIRECT,3014.000000,OBSERVED,6.800000,false,,,,,NOT_APPLICABLE,UNCLAIMED,,,,,NOT_APPLICABLE,RETAINED,3014.000000,,,,,,,,,NOT_APPLICABLE,ELIGIBLE,
180612,ALL_CU,Prepared desserts,FOODTOTL,Food,DIRECT_CONCORDANCE_UCC,PUBLISHED_CE_BASIS,LABSTAT_PUBLISHED,NOT_VERIFIED,NOT_ESTABLISHED,UNKNOWN,FT062,FOOD,DIRECT,2272.000000,OBSERVED,9.530000,false,,,,,NOT_APPLICABLE,UNCLAIMED,,,,,NOT_APPLICABLE,RETAINED,2272.000000,,,,,,,,,NOT_APPLICABLE,ELIGIBLE,
180612,Q1,Prepared desserts,FOODTOTL,Food,DIRECT_CONCORDANCE_UCC,PUBLISHED_CE_BASIS,LABSTAT_PUBLISHED,NOT_VERIFIED,NOT_ESTABLISHED,UNKNOWN,FT062,FOOD,DIRECT,252.000000,OBSERVED,15.670000,false,,,,,NOT_APPLICABLE,UNCLAIMED,,,,,NOT_APPLICABLE,RETAINED,252.000000,,,,,,,,,NOT_APPLICABLE,ELIGIBLE,
180612,Q2,Prepared desserts,FOODTOTL,Food,DIRECT_CONCORDANCE_UCC,PUBLISHED_CE_BASIS,LABSTAT_PUBLISHED,NOT_VERIFIED,NOT_ESTABLISHED,UNKNOWN,FT062,FOOD,DIRECT,416.000000,OBSERVED,12.260000,false,,,,,NOT_APPLICABLE,UNCLAIMED,,,,,NOT_APPLICABLE,RETAINED,416.000000,,,,,,,,,NOT_APPLICABLE,ELIGIBLE,
180612,Q3,Prepared desserts,FOODTOTL,Food,DIRECT_CONCORDANCE_UCC,PUBLISHED_CE_BASIS,LABSTAT_PUBLISHED,NOT_VERIFIED,NOT_ESTABLISHED,UNKNOWN,FT062,FOOD,DIRECT,334.000000,OBSERVED,11.760000,false,,,,,NOT_APPLICABLE,UNCLAIMED,,,,,NOT_APPLICABLE,RETAINED,334.000000,,,,,,,,,NOT_APPLICABLE,ELIGIBLE,
180612,Q4,Prepared desserts,FOODTOTL,Food,DIRECT_CONCORDANCE_UCC,PUBLISHED_CE_BASIS,LABSTAT_PUBLISHED,NOT_VERIFIED,NOT_ESTABLISHED,UNKNOWN,FT062,FOOD,DIRECT,458.000000,OBSERVED,11.310000,false,,,,,NOT_APPLICABLE,UNCLAIMED,,,,,NOT_APPLICABLE,RETAINED,458.000000,,,,,,,,,NOT_APPLICABLE,ELIGIBLE,
180612,Q5,Prepared desserts,FOODTOTL,Food,DIRECT_CONCORDANCE_UCC,PUBLISHED_CE_BASIS,LABSTAT_PUBLISHED,NOT_VERIFIED,NOT_ESTABLISHED,UNKNOWN,FT062,FOOD,DIRECT,812.000000,OBSERVED,25.710000,true,,,,,NOT_APPLICABLE,UNCLAIMED,,,,,NOT_APPLICABLE,RETAINED,812.000000,,,,,,,,,NOT_APPLICABLE,ELIGIBLE,
180620,ALL_CU,Baby food,FOODTOTL,Food,DIRECT_CONCORDANCE_UCC,PUBLISHED_CE_BASIS,LABSTAT_PUBLISHED,NOT_VERIFIED,NOT_ESTABLISHED,UNKNOWN,FT051,FOOD,DIRECT,5450.000000,OBSERVED,12.320000,false,,,,,NOT_APPLICABLE,UNCLAIMED,,,,,NOT_APPLICABLE,RETAINED,5450.000000,,,,,,,,,NOT_APPLICABLE,ELIGIBLE,
180620,Q1,Baby food,FOODTOTL,Food,DIRECT_CONCORDANCE_UCC,PUBLISHED_CE_BASIS,LABSTAT_PUBLISHED,NOT_VERIFIED,NOT_ESTABLISHED,UNKNOWN,FT051,FOOD,DIRECT,279.000000,OBSERVED,29.560000,true,,,,,NOT_APPLICABLE,UNCLAIMED,,,,,NOT_APPLICABLE,RETAINED,279.000000,,,,,,,,,NOT_APPLICABLE,ELIGIBLE,
180620,Q2,Baby food,FOODTOTL,Food,DIRECT_CONCORDANCE_UCC,PUBLISHED_CE_BASIS,LABSTAT_PUBLISHED,NOT_VERIFIED,NOT_ESTABLISHED,UNKNOWN,FT051,FOOD,DIRECT,1060.000000,OBSERVED,30.930000,true,,,,,NOT_APPLICABLE,UNCLAIMED,,,,,NOT_APPLICABLE,RETAINED,1060.000000,,,,,,,,,NOT_APPLICABLE,ELIGIBLE,
180620,Q3,Baby food,FOODTOTL,Food,DIRECT_CONCORDANCE_UCC,PUBLISHED_CE_BASIS,LABSTAT_PUBLISHED,NOT_VERIFIED,NOT_ESTABLISHED,UNKNOWN,FT051,FOOD,DIRECT,856.000000,OBSERVED,28.290000,true,,,,,NOT_APPLICABLE,UNCLAIMED,,,,,NOT_APPLICABLE,RETAINED,856.000000,,,,,,,,,NOT_APPLICABLE,ELIGIBLE,
180620,Q4,Baby food,FOODTOTL,Food,DIRECT_CONCORDANCE_UCC,PUBLISHED_CE_BASIS,LABSTAT_PUBLISHED,NOT_VERIFIED,NOT_ESTABLISHED,UNKNOWN,FT051,FOOD,DIRECT,1588.000000,OBSERVED,30.600000,true,,,,,NOT_APPLICABLE,UNCLAIMED,,,,,NOT_APPLICABLE,RETAINED,1588.000000,,,,,,,,,NOT_APPLICABLE,ELIGIBLE,
180620,Q5,Baby food,FOODTOTL,Food,DIRECT_CONCORDANCE_UCC,PUBLISHED_CE_BASIS,LABSTAT_PUBLISHED,NOT_VERIFIED,NOT_ESTABLISHED,UNKNOWN,FT051,FOOD,DIRECT,1668.000000,OBSERVED,15.240000,false,,,,,NOT_APPLICABLE,UNCLAIMED,,,,,NOT_APPLICABLE,RETAINED,1668.000000,,,,,,,,,NOT_APPLICABLE,ELIGIBLE,
180710,ALL_CU,Miscellaneous prepared foods,FOODTOTL,Food,DIRECT_CONCORDANCE_UCC,PUBLISHED_CE_BASIS,LABSTAT_PUBLISHED,NOT_VERIFIED,NOT_ESTABLISHED,UNKNOWN,FT062,FOOD,DIRECT,45533.000000,OBSERVED,2.830000,false,,,,,NOT_APPLICABLE,UNCLAIMED,,,,,NOT_APPLICABLE,RETAINED,45533.000000,,,,,,,,,NOT_APPLICABLE,ELIGIBLE,
180710,Q1,Miscellaneous prepared foods,FOODTOTL,Food,DIRECT_CONCORDANCE_UCC,PUBLISHED_CE_BASIS,LABSTAT_PUBLISHED,NOT_VERIFIED,NOT_ESTABLISHED,UNKNOWN,FT062,FOOD,DIRECT,5106.000000,OBSERVED,6.710000,false,,,,,NOT_APPLICABLE,UNCLAIMED,,,,,NOT_APPLICABLE,RETAINED,5106.000000,,,,,,,,,NOT_APPLICABLE,ELIGIBLE,
180710,Q2,Miscellaneous prepared foods,FOODTOTL,Food,DIRECT_CONCORDANCE_UCC,PUBLISHED_CE_BASIS,LABSTAT_PUBLISHED,NOT_VERIFIED,NOT_ESTABLISHED,UNKNOWN,FT062,FOOD,DIRECT,7032.000000,OBSERVED,6.510000,false,,,,,NOT_APPLICABLE,UNCLAIMED,,,,,NOT_APPLICABLE,RETAINED,7032.000000,,,,,,,,,NOT_APPLICABLE,ELIGIBLE,
180710,Q3,Miscellaneous prepared foods,FOODTOTL,Food,DIRECT_CONCORDANCE_UCC,PUBLISHED_CE_BASIS,LABSTAT_PUBLISHED,NOT_VERIFIED,NOT_ESTABLISHED,UNKNOWN,FT062,FOOD,DIRECT,7923.000000,OBSERVED,4.280000,false,,,,,NOT_APPLICABLE,UNCLAIMED,,,,,NOT_APPLICABLE,RETAINED,7923.000000,,,,,,,,,NOT_APPLICABLE,ELIGIBLE,
180710,Q4,Miscellaneous prepared foods,FOODTOTL,Food,DIRECT_CONCORDANCE_UCC,PUBLISHED_CE_BASIS,LABSTAT_PUBLISHED,NOT_VERIFIED,NOT_ESTABLISHED,UNKNOWN,FT062,FOOD,DIRECT,10718.000000,OBSERVED,5.370000,false,,,,,NOT_APPLICABLE,UNCLAIMED,,,,,NOT_APPLICABLE,RETAINED,10718.000000,,,,,,,,,NOT_APPLICABLE,ELIGIBLE,
180710,Q5,Miscellaneous prepared foods,FOODTOTL,Food,DIRECT_CONCORDANCE_UCC,PUBLISHED_CE_BASIS,LABSTAT_PUBLISHED,NOT_VERIFIED,NOT_ESTABLISHED,UNKNOWN,FT062,FOOD,DIRECT,14754.000000,OBSERVED,5.320000,false,,,,,NOT_APPLICABLE,UNCLAIMED,,,,,NOT_APPLICABLE,RETAINED,14754.000000,,,,,,,,,NOT_APPLICABLE,ELIGIBLE,
190400,ALL_CU,Food and nonalcoholic beverages at fast food,FOODTOTL,Food,DIRECT_CONCORDANCE_UCC,PUBLISHED_CE_BASIS,LABSTAT_PUBLISHED,NOT_VERIFIED,NOT_ESTABLISHED,UNKNOWN,FV021,FOOD,DIRECT,234196.000000,OBSERVED,2.520000,false,,,,,NOT_APPLICABLE,UNCLAIMED,,,,,NOT_APPLICABLE,RETAINED,234196.000000,,,,,,,,,NOT_APPLICABLE,ELIGIBLE,
190400,Q1,Food and nonalcoholic beverages at fast food,FOODTOTL,Food,DIRECT_CONCORDANCE_UCC,PUBLISHED_CE_BASIS,LABSTAT_PUBLISHED,NOT_VERIFIED,NOT_ESTABLISHED,UNKNOWN,FV021,FOOD,DIRECT,22711.000000,OBSERVED,5.720000,false,,,,,NOT_APPLICABLE,UNCLAIMED,,,,,NOT_APPLICABLE,RETAINED,22711.000000,,,,,,,,,NOT_APPLICABLE,ELIGIBLE,
190400,Q2,Food and nonalcoholic beverages at fast food,FOODTOTL,Food,DIRECT_CONCORDANCE_UCC,PUBLISHED_CE_BASIS,LABSTAT_PUBLISHED,NOT_VERIFIED,NOT_ESTABLISHED,UNKNOWN,FV021,FOOD,DIRECT,31603.000000,OBSERVED,5.670000,false,,,,,NOT_APPLICABLE,UNCLAIMED,,,,,NOT_APPLICABLE,RETAINED,31603.000000,,,,,,,,,NOT_APPLICABLE,ELIGIBLE,
190400,Q3,Food and nonalcoholic beverages at fast food,FOODTOTL,Food,DIRECT_CONCORDANCE_UCC,PUBLISHED_CE_BASIS,LABSTAT_PUBLISHED,NOT_VERIFIED,NOT_ESTABLISHED,UNKNOWN,FV021,FOOD,DIRECT,43185.000000,OBSERVED,6.270000,false,,,,,NOT_APPLICABLE,UNCLAIMED,,,,,NOT_APPLICABLE,RETAINED,43185.000000,,,,,,,,,NOT_APPLICABLE,ELIGIBLE,
190400,Q4,Food and nonalcoholic beverages at fast food,FOODTOTL,Food,DIRECT_CONCORDANCE_UCC,PUBLISHED_CE_BASIS,LABSTAT_PUBLISHED,NOT_VERIFIED,NOT_ESTABLISHED,UNKNOWN,FV021,FOOD,DIRECT,56035.000000,OBSERVED,4.850000,false,,,,,NOT_APPLICABLE,UNCLAIMED,,,,,NOT_APPLICABLE,RETAINED,56035.000000,,,,,,,,,NOT_APPLICABLE,ELIGIBLE,
190400,Q5,Food and nonalcoholic beverages at fast food,FOODTOTL,Food,DIRECT_CONCORDANCE_UCC,PUBLISHED_CE_BASIS,LABSTAT_PUBLISHED,NOT_VERIFIED,NOT_ESTABLISHED,UNKNOWN,FV021,FOOD,DIRECT,80663.000000,OBSERVED,4.290000,false,,,,,NOT_APPLICABLE,UNCLAIMED,,,,,NOT_APPLICABLE,RETAINED,80663.000000,,,,,,,,,NOT_APPLICABLE,ELIGIBLE,
190500,ALL_CU,Food and nonalcoholic beverages at full service restaurants,FOODTOTL,Food,DIRECT_CONCORDANCE_UCC,PUBLISHED_CE_BASIS,LABSTAT_PUBLISHED,NOT_VERIFIED,NOT_ESTABLISHED,UNKNOWN,FV011,FOOD,DIRECT,205911.000000,OBSERVED,2.690000,false,,,,,NOT_APPLICABLE,UNCLAIMED,,,,,NOT_APPLICABLE,RETAINED,205911.000000,,,,,,,,,NOT_APPLICABLE,ELIGIBLE,
190500,Q1,Food and nonalcoholic beverages at full service restaurants,FOODTOTL,Food,DIRECT_CONCORDANCE_UCC,PUBLISHED_CE_BASIS,LABSTAT_PUBLISHED,NOT_VERIFIED,NOT_ESTABLISHED,UNKNOWN,FV011,FOOD,DIRECT,16156.000000,OBSERVED,8.820000,false,,,,,NOT_APPLICABLE,UNCLAIMED,,,,,NOT_APPLICABLE,RETAINED,16156.000000,,,,,,,,,NOT_APPLICABLE,ELIGIBLE,
190500,Q2,Food and nonalcoholic beverages at full service restaurants,FOODTOTL,Food,DIRECT_CONCORDANCE_UCC,PUBLISHED_CE_BASIS,LABSTAT_PUBLISHED,NOT_VERIFIED,NOT_ESTABLISHED,UNKNOWN,FV011,FOOD,DIRECT,25926.000000,OBSERVED,6.850000,false,,,,,NOT_APPLICABLE,UNCLAIMED,,,,,NOT_APPLICABLE,RETAINED,25926.000000,,,,,,,,,NOT_APPLICABLE,ELIGIBLE,
190500,Q3,Food and nonalcoholic beverages at full service restaurants,FOODTOTL,Food,DIRECT_CONCORDANCE_UCC,PUBLISHED_CE_BASIS,LABSTAT_PUBLISHED,NOT_VERIFIED,NOT_ESTABLISHED,UNKNOWN,FV011,FOOD,DIRECT,31001.000000,OBSERVED,4.580000,false,,,,,NOT_APPLICABLE,UNCLAIMED,,,,,NOT_APPLICABLE,RETAINED,31001.000000,,,,,,,,,NOT_APPLICABLE,ELIGIBLE,
190500,Q4,Food and nonalcoholic beverages at full service restaurants,FOODTOTL,Food,DIRECT_CONCORDANCE_UCC,PUBLISHED_CE_BASIS,LABSTAT_PUBLISHED,NOT_VERIFIED,NOT_ESTABLISHED,UNKNOWN,FV011,FOOD,DIRECT,49802.000000,OBSERVED,7.000000,false,,,,,NOT_APPLICABLE,UNCLAIMED,,,,,NOT_APPLICABLE,RETAINED,49802.000000,,,,,,,,,NOT_APPLICABLE,ELIGIBLE,
190500,Q5,Food and nonalcoholic beverages at full service restaurants,FOODTOTL,Food,DIRECT_CONCORDANCE_UCC,PUBLISHED_CE_BASIS,LABSTAT_PUBLISHED,NOT_VERIFIED,NOT_ESTABLISHED,UNKNOWN,FV011,FOOD,DIRECT,83026.000000,OBSERVED,4.330000,false,,,,,NOT_APPLICABLE,UNCLAIMED,,,,,NOT_APPLICABLE,RETAINED,83026.000000,,,,,,,,,NOT_APPLICABLE,ELIGIBLE,
190600,ALL_CU,Food and nonalcoholic beverages at vending machines and mobile vendors,FOODTOTL,Food,DIRECT_CONCORDANCE_UCC,PUBLISHED_CE_BASIS,LABSTAT_PUBLISHED,NOT_VERIFIED,NOT_ESTABLISHED,UNKNOWN,FV041,FOOD,DIRECT,4914.000000,OBSERVED,11.860000,false,,,,,NOT_APPLICABLE,UNCLAIMED,,,,,NOT_APPLICABLE,RETAINED,4914.000000,,,,,,,,,NOT_APPLICABLE,ELIGIBLE,
190600,Q1,Food and nonalcoholic beverages at vending machines and mobile vendors,FOODTOTL,Food,DIRECT_CONCORDANCE_UCC,PUBLISHED_CE_BASIS,LABSTAT_PUBLISHED,NOT_VERIFIED,NOT_ESTABLISHED,UNKNOWN,FV041,FOOD,DIRECT,305.000000,OBSERVED,20.900000,false,,,,,NOT_APPLICABLE,UNCLAIMED,,,,,NOT_APPLICABLE,RETAINED,305.000000,,,,,,,,,NOT_APPLICABLE,ELIGIBLE,
190600,Q2,Food and nonalcoholic beverages at vending machines and mobile vendors,FOODTOTL,Food,DIRECT_CONCORDANCE_UCC,PUBLISHED_CE_BASIS,LABSTAT_PUBLISHED,NOT_VERIFIED,NOT_ESTABLISHED,UNKNOWN,FV041,FOOD,DIRECT,880.000000,OBSERVED,19.240000,false,,,,,NOT_APPLICABLE,UNCLAIMED,,,,,NOT_APPLICABLE,RETAINED,880.000000,,,,,,,,,NOT_APPLICABLE,ELIGIBLE,
190600,Q3,Food and nonalcoholic beverages at vending machines and mobile vendors,FOODTOTL,Food,DIRECT_CONCORDANCE_UCC,PUBLISHED_CE_BASIS,LABSTAT_PUBLISHED,NOT_VERIFIED,NOT_ESTABLISHED,UNKNOWN,FV041,FOOD,DIRECT,1267.000000,OBSERVED,26.760000,true,,,,,NOT_APPLICABLE,UNCLAIMED,,,,,NOT_APPLICABLE,RETAINED,1267.000000,,,,,,,,,NOT_APPLICABLE,ELIGIBLE,
190600,Q4,Food and nonalcoholic beverages at vending machines and mobile vendors,FOODTOTL,Food,DIRECT_CONCORDANCE_UCC,PUBLISHED_CE_BASIS,LABSTAT_PUBLISHED,NOT_VERIFIED,NOT_ESTABLISHED,UNKNOWN,FV041,FOOD,DIRECT,902.000000,OBSERVED,17.520000,false,,,,,NOT_APPLICABLE,UNCLAIMED,,,,,NOT_APPLICABLE,RETAINED,902.000000,,,,,,,,,NOT_APPLICABLE,ELIGIBLE,
190600,Q5,Food and nonalcoholic beverages at vending machines and mobile vendors,FOODTOTL,Food,DIRECT_CONCORDANCE_UCC,PUBLISHED_CE_BASIS,LABSTAT_PUBLISHED,NOT_VERIFIED,NOT_ESTABLISHED,UNKNOWN,FV041,FOOD,DIRECT,1560.000000,OBSERVED,17.230000,false,,,,,NOT_APPLICABLE,UNCLAIMED,,,,,NOT_APPLICABLE,RETAINED,1560.000000,,,,,,,,,NOT_APPLICABLE,ELIGIBLE,
190700,ALL_CU,Food and nonalcoholic beverages at employer,FOODTOTL,Food,DIRECT_CONCORDANCE_UCC,PUBLISHED_CE_BASIS,LABSTAT_PUBLISHED,NOT_VERIFIED,NOT_ESTABLISHED,UNKNOWN,FV031,FOOD,DIRECT,5900.000000,OBSERVED,9.300000,false,,,,,NOT_APPLICABLE,UNCLAIMED,,,,,NOT_APPLICABLE,RETAINED,5900.000000,,,,,,,,,NOT_APPLICABLE,ELIGIBLE,
190700,Q1,Food and nonalcoholic beverages at employer,FOODTOTL,Food,DIRECT_CONCORDANCE_UCC,PUBLISHED_CE_BASIS,LABSTAT_PUBLISHED,NOT_VERIFIED,NOT_ESTABLISHED,UNKNOWN,FV031,FOOD,DIRECT,222.000000,OBSERVED,35.940000,true,,,,,NOT_APPLICABLE,UNCLAIMED,,,,,NOT_APPLICABLE,RETAINED,222.000000,,,,,,,,,NOT_APPLICABLE,ELIGIBLE,
190700,Q2,Food and nonalcoholic beverages at employer,FOODTOTL,Food,DIRECT_CONCORDANCE_UCC,PUBLISHED_CE_BASIS,LABSTAT_PUBLISHED,NOT_VERIFIED,NOT_ESTABLISHED,UNKNOWN,FV031,FOOD,DIRECT,488.000000,OBSERVED,24.480000,false,,,,,NOT_APPLICABLE,UNCLAIMED,,,,,NOT_APPLICABLE,RETAINED,488.000000,,,,,,,,,NOT_APPLICABLE,ELIGIBLE,
190700,Q3,Food and nonalcoholic beverages at employer,FOODTOTL,Food,DIRECT_CONCORDANCE_UCC,PUBLISHED_CE_BASIS,LABSTAT_PUBLISHED,NOT_VERIFIED,NOT_ESTABLISHED,UNKNOWN,FV031,FOOD,DIRECT,1037.000000,OBSERVED,24.580000,false,,,,,NOT_APPLICABLE,UNCLAIMED,,,,,NOT_APPLICABLE,RETAINED,1037.000000,,,,,,,,,NOT_APPLICABLE,ELIGIBLE,
190700,Q4,Food and nonalcoholic beverages at employer,FOODTOTL,Food,DIRECT_CONCORDANCE_UCC,PUBLISHED_CE_BASIS,LABSTAT_PUBLISHED,NOT_VERIFIED,NOT_ESTABLISHED,UNKNOWN,FV031,FOOD,DIRECT,1155.000000,OBSERVED,16.830000,false,,,,,NOT_APPLICABLE,UNCLAIMED,,,,,NOT_APPLICABLE,RETAINED,1155.000000,,,,,,,,,NOT_APPLICABLE,ELIGIBLE,
190700,Q5,Food and nonalcoholic beverages at employer,FOODTOTL,Food,DIRECT_CONCORDANCE_UCC,PUBLISHED_CE_BASIS,LABSTAT_PUBLISHED,NOT_VERIFIED,NOT_ESTABLISHED,UNKNOWN,FV031,FOOD,DIRECT,2999.000000,OBSERVED,15.540000,false,,,,,NOT_APPLICABLE,UNCLAIMED,,,,,NOT_APPLICABLE,RETAINED,2999.000000,,,,,,,,,NOT_APPLICABLE,ELIGIBLE,
190902,ALL_CU,Catered affairs,FOODTOTL,Food,DIRECT_CONCORDANCE_UCC,PUBLISHED_CE_BASIS,LABSTAT_PUBLISHED,NOT_VERIFIED,NOT_ESTABLISHED,UNKNOWN,FV051,FOOD,DIRECT,6510.000000,OBSERVED,23.490000,false,,,,,NOT_APPLICABLE,UNCLAIMED,,,,,NOT_APPLICABLE,RETAINED,6510.000000,,,,,,,,,NOT_APPLICABLE,ELIGIBLE,
190902,Q1,Catered affairs,FOODTOTL,Food,DIRECT_CONCORDANCE_UCC,PUBLISHED_CE_BASIS,LABSTAT_PUBLISHED,NOT_VERIFIED,NOT_ESTABLISHED,UNKNOWN,FV051,FOOD,DIRECT,121.000000,OBSERVED,79.730000,true,,,,,NOT_APPLICABLE,UNCLAIMED,,,,,NOT_APPLICABLE,RETAINED,121.000000,,,,,,,,,NOT_APPLICABLE,ELIGIBLE,
190902,Q2,Catered affairs,FOODTOTL,Food,DIRECT_CONCORDANCE_UCC,PUBLISHED_CE_BASIS,LABSTAT_PUBLISHED,NOT_VERIFIED,NOT_ESTABLISHED,UNKNOWN,FV051,FOOD,DIRECT,342.000000,OBSERVED,47.780000,true,,,,,NOT_APPLICABLE,UNCLAIMED,,,,,NOT_APPLICABLE,RETAINED,342.000000,,,,,,,,,NOT_APPLICABLE,ELIGIBLE,
190902,Q3,Catered affairs,FOODTOTL,Food,DIRECT_CONCORDANCE_UCC,PUBLISHED_CE_BASIS,LABSTAT_PUBLISHED,NOT_VERIFIED,NOT_ESTABLISHED,UNKNOWN,FV051,FOOD,DIRECT,1098.000000,OBSERVED,59.060000,true,,,,,NOT_APPLICABLE,UNCLAIMED,,,,,NOT_APPLICABLE,RETAINED,1098.000000,,,,,,,,,NOT_APPLICABLE,ELIGIBLE,
190902,Q4,Catered affairs,FOODTOTL,Food,DIRECT_CONCORDANCE_UCC,PUBLISHED_CE_BASIS,LABSTAT_PUBLISHED,NOT_VERIFIED,NOT_ESTABLISHED,UNKNOWN,FV051,FOOD,DIRECT,1080.000000,OBSERVED,47.050000,true,,,,,NOT_APPLICABLE,UNCLAIMED,,,,,NOT_APPLICABLE,RETAINED,1080.000000,,,,,,,,,NOT_APPLICABLE,ELIGIBLE,
190902,Q5,Catered affairs,FOODTOTL,Food,DIRECT_CONCORDANCE_UCC,PUBLISHED_CE_BASIS,LABSTAT_PUBLISHED,NOT_VERIFIED,NOT_ESTABLISHED,UNKNOWN,FV051,FOOD,DIRECT,3869.000000,OBSERVED,31.720000,true,,,,,NOT_APPLICABLE,UNCLAIMED,,,,,NOT_APPLICABLE,RETAINED,3869.000000,,,,,,,,,NOT_APPLICABLE,ELIGIBLE,
190903,ALL_CU,Food on out of town trips,FOODTOTL,Food,PUBLISHED_CE_UCC,PUBLISHED_CE_BASIS,LABSTAT_PUBLISHED,NOT_VERIFIED,NOT_ESTABLISHED,UNKNOWN,,,UNRESOLVED,65028.000000,OBSERVED,2.850000,false,TR_TRIP_FOOD_ALCOHOL_v0_1,CE_CPI_SCOPE_RULES_V0_3,REASSIGN,ACCEPTED,CURRENT_EFFECTIVE,SOURCE,TRANSFORMED,TRANSFORMED,,,NOT_APPLICABLE,TRANSFORMED,,,,,65028.000000,,,,,NOT_APPLICABLE,ELIGIBLE,
190903,Q1,Food on out of town trips,FOODTOTL,Food,PUBLISHED_CE_UCC,PUBLISHED_CE_BASIS,LABSTAT_PUBLISHED,NOT_VERIFIED,NOT_ESTABLISHED,UNKNOWN,,,UNRESOLVED,3736.000000,OBSERVED,12.880000,false,TR_TRIP_FOOD_ALCOHOL_v0_1,CE_CPI_SCOPE_RULES_V0_3,REASSIGN,ACCEPTED,CURRENT_EFFECTIVE,SOURCE,TRANSFORMED,TRANSFORMED,,,NOT_APPLICABLE,TRANSFORMED,,,,,3736.000000,,,,,NOT_APPLICABLE,ELIGIBLE,
190903,Q2,Food on out of town trips,FOODTOTL,Food,PUBLISHED_CE_UCC,PUBLISHED_CE_BASIS,LABSTAT_PUBLISHED,NOT_VERIFIED,NOT_ESTABLISHED,UNKNOWN,,,UNRESOLVED,5066.000000,OBSERVED,7.090000,false,TR_TRIP_FOOD_ALCOHOL_v0_1,CE_CPI_SCOPE_RULES_V0_3,REASSIGN,ACCEPTED,CURRENT_EFFECTIVE,SOURCE,TRANSFORMED,TRANSFORMED,,,NOT_APPLICABLE,TRANSFORMED,,,,,5066.000000,,,,,NOT_APPLICABLE,ELIGIBLE,
190903,Q3,Food on out of town trips,FOODTOTL,Food,PUBLISHED_CE_UCC,PUBLISHED_CE_BASIS,LABSTAT_PUBLISHED,NOT_VERIFIED,NOT_ESTABLISHED,UNKNOWN,,,UNRESOLVED,9389.000000,OBSERVED,6.760000,false,TR_TRIP_FOOD_ALCOHOL_v0_1,CE_CPI_SCOPE_RULES_V0_3,REASSIGN,ACCEPTED,CURRENT_EFFECTIVE,SOURCE,TRANSFORMED,TRANSFORMED,,,NOT_APPLICABLE,TRANSFORMED,,,,,9389.000000,,,,,NOT_APPLICABLE,ELIGIBLE,
190903,Q4,Food on out of town trips,FOODTOTL,Food,PUBLISHED_CE_UCC,PUBLISHED_CE_BASIS,LABSTAT_PUBLISHED,NOT_VERIFIED,NOT_ESTABLISHED,UNKNOWN,,,UNRESOLVED,15731.000000,OBSERVED,5.430000,false,TR_TRIP_FOOD_ALCOHOL_v0_1,CE_CPI_SCOPE_RULES_V0_3,REASSIGN,ACCEPTED,CURRENT_EFFECTIVE,SOURCE,TRANSFORMED,TRANSFORMED,,,NOT_APPLICABLE,TRANSFORMED,,,,,15731.000000,,,,,NOT_APPLICABLE,ELIGIBLE,
190903,Q5,Food on out of town trips,FOODTOTL,Food,PUBLISHED_CE_UCC,PUBLISHED_CE_BASIS,LABSTAT_PUBLISHED,NOT_VERIFIED,NOT_ESTABLISHED,UNKNOWN,,,UNRESOLVED,31106.000000,OBSERVED,4.360000,false,TR_TRIP_FOOD_ALCOHOL_v0_1,CE_CPI_SCOPE_RULES_V0_3,REASSIGN,ACCEPTED,CURRENT_EFFECTIVE,SOURCE,TRANSFORMED,TRANSFORMED,,,NOT_APPLICABLE,TRANSFORMED,,,,,31106.000000,,,,,NOT_APPLICABLE,ELIGIBLE,
190904,ALL_CU,Food prepared by consumer unit on out of town trips,FOODTOTL,Food,PUBLISHED_CE_UCC,PUBLISHED_CE_BASIS,LABSTAT_PUBLISHED,NOT_VERIFIED,NOT_ESTABLISHED,UNKNOWN,,,UNRESOLVED,12770.000000,OBSERVED,4.880000,false,TR_TRIP_FOOD_ALCOHOL_v0_1,CE_CPI_SCOPE_RULES_V0_3,REASSIGN,ACCEPTED,CURRENT_EFFECTIVE,SOURCE,TRANSFORMED,TRANSFORMED,,,NOT_APPLICABLE,TRANSFORMED,,,,,12770.000000,,,,,NOT_APPLICABLE,ELIGIBLE,
190904,Q1,Food prepared by consumer unit on out of town trips,FOODTOTL,Food,PUBLISHED_CE_UCC,PUBLISHED_CE_BASIS,LABSTAT_PUBLISHED,NOT_VERIFIED,NOT_ESTABLISHED,UNKNOWN,,,UNRESOLVED,774.000000,OBSERVED,13.780000,false,TR_TRIP_FOOD_ALCOHOL_v0_1,CE_CPI_SCOPE_RULES_V0_3,REASSIGN,ACCEPTED,CURRENT_EFFECTIVE,SOURCE,TRANSFORMED,TRANSFORMED,,,NOT_APPLICABLE,TRANSFORMED,,,,,774.000000,,,,,NOT_APPLICABLE,ELIGIBLE,
190904,Q2,Food prepared by consumer unit on out of town trips,FOODTOTL,Food,PUBLISHED_CE_UCC,PUBLISHED_CE_BASIS,LABSTAT_PUBLISHED,NOT_VERIFIED,NOT_ESTABLISHED,UNKNOWN,,,UNRESOLVED,1295.000000,OBSERVED,13.210000,false,TR_TRIP_FOOD_ALCOHOL_v0_1,CE_CPI_SCOPE_RULES_V0_3,REASSIGN,ACCEPTED,CURRENT_EFFECTIVE,SOURCE,TRANSFORMED,TRANSFORMED,,,NOT_APPLICABLE,TRANSFORMED,,,,,1295.000000,,,,,NOT_APPLICABLE,ELIGIBLE,
190904,Q3,Food prepared by consumer unit on out of town trips,FOODTOTL,Food,PUBLISHED_CE_UCC,PUBLISHED_CE_BASIS,LABSTAT_PUBLISHED,NOT_VERIFIED,NOT_ESTABLISHED,UNKNOWN,,,UNRESOLVED,2279.000000,OBSERVED,8.480000,false,TR_TRIP_FOOD_ALCOHOL_v0_1,CE_CPI_SCOPE_RULES_V0_3,REASSIGN,ACCEPTED,CURRENT_EFFECTIVE,SOURCE,TRANSFORMED,TRANSFORMED,,,NOT_APPLICABLE,TRANSFORMED,,,,,2279.000000,,,,,NOT_APPLICABLE,ELIGIBLE,
190904,Q4,Food prepared by consumer unit on out of town trips,FOODTOTL,Food,PUBLISHED_CE_UCC,PUBLISHED_CE_BASIS,LABSTAT_PUBLISHED,NOT_VERIFIED,NOT_ESTABLISHED,UNKNOWN,,,UNRESOLVED,3306.000000,OBSERVED,10.340000,false,TR_TRIP_FOOD_ALCOHOL_v0_1,CE_CPI_SCOPE_RULES_V0_3,REASSIGN,ACCEPTED,CURRENT_EFFECTIVE,SOURCE,TRANSFORMED,TRANSFORMED,,,NOT_APPLICABLE,TRANSFORMED,,,,,3306.000000,,,,,NOT_APPLICABLE,ELIGIBLE,
190904,Q5,Food prepared by consumer unit on out of town trips,FOODTOTL,Food,PUBLISHED_CE_UCC,PUBLISHED_CE_BASIS,LABSTAT_PUBLISHED,NOT_VERIFIED,NOT_ESTABLISHED,UNKNOWN,,,UNRESOLVED,5115.000000,OBSERVED,6.750000,false,TR_TRIP_FOOD_ALCOHOL_v0_1,CE_CPI_SCOPE_RULES_V0_3,REASSIGN,ACCEPTED,CURRENT_EFFECTIVE,SOURCE,TRANSFORMED,TRANSFORMED,,,NOT_APPLICABLE,TRANSFORMED,,,,,5115.000000,,,,,NOT_APPLICABLE,ELIGIBLE,
190905,ALL_CU,School meals and board,FOODTOTL,Food,DIRECT_CONCORDANCE_UCC,PUBLISHED_CE_BASIS,LABSTAT_PUBLISHED,NOT_VERIFIED,NOT_ESTABLISHED,UNKNOWN,FV051,FOOD,DIRECT,5452.000000,OBSERVED,9.540000,false,,,,,NOT_APPLICABLE,UNCLAIMED,,,,,NOT_APPLICABLE,RETAINED,5452.000000,,,,,,,,,NOT_APPLICABLE,ELIGIBLE,
190905,Q1,School meals and board,FOODTOTL,Food,DIRECT_CONCORDANCE_UCC,PUBLISHED_CE_BASIS,LABSTAT_PUBLISHED,NOT_VERIFIED,NOT_ESTABLISHED,UNKNOWN,FV051,FOOD,DIRECT,476.000000,OBSERVED,39.180000,true,,,,,NOT_APPLICABLE,UNCLAIMED,,,,,NOT_APPLICABLE,RETAINED,476.000000,,,,,,,,,NOT_APPLICABLE,ELIGIBLE,
190905,Q2,School meals and board,FOODTOTL,Food,DIRECT_CONCORDANCE_UCC,PUBLISHED_CE_BASIS,LABSTAT_PUBLISHED,NOT_VERIFIED,NOT_ESTABLISHED,UNKNOWN,FV051,FOOD,DIRECT,428.000000,OBSERVED,40.570000,true,,,,,NOT_APPLICABLE,UNCLAIMED,,,,,NOT_APPLICABLE,RETAINED,428.000000,,,,,,,,,NOT_APPLICABLE,ELIGIBLE,
190905,Q3,School meals and board,FOODTOTL,Food,DIRECT_CONCORDANCE_UCC,PUBLISHED_CE_BASIS,LABSTAT_PUBLISHED,NOT_VERIFIED,NOT_ESTABLISHED,UNKNOWN,FV051,FOOD,DIRECT,721.000000,OBSERVED,20.200000,false,,,,,NOT_APPLICABLE,UNCLAIMED,,,,,NOT_APPLICABLE,RETAINED,721.000000,,,,,,,,,NOT_APPLICABLE,ELIGIBLE,
190905,Q4,School meals and board,FOODTOTL,Food,DIRECT_CONCORDANCE_UCC,PUBLISHED_CE_BASIS,LABSTAT_PUBLISHED,NOT_VERIFIED,NOT_ESTABLISHED,UNKNOWN,FV051,FOOD,DIRECT,1134.000000,OBSERVED,18.670000,false,,,,,NOT_APPLICABLE,UNCLAIMED,,,,,NOT_APPLICABLE,RETAINED,1134.000000,,,,,,,,,NOT_APPLICABLE,ELIGIBLE,
190905,Q5,School meals and board,FOODTOTL,Food,DIRECT_CONCORDANCE_UCC,PUBLISHED_CE_BASIS,LABSTAT_PUBLISHED,NOT_VERIFIED,NOT_ESTABLISHED,UNKNOWN,FV051,FOOD,DIRECT,2694.000000,OBSERVED,13.820000,false,,,,,NOT_APPLICABLE,UNCLAIMED,,,,,NOT_APPLICABLE,RETAINED,2694.000000,,,,,,,,,NOT_APPLICABLE,ELIGIBLE,
200119,ALL_CU,"Beer, ale, and other malt beverage",ALCBEVG,Alcoholic beverages,DIRECT_CONCORDANCE_UCC,PUBLISHED_CE_BASIS,LABSTAT_PUBLISHED,NOT_VERIFIED,NOT_ESTABLISHED,UNKNOWN,FW011,ALCOHOLIC_BEVERAGES,DIRECT,12193.000000,OBSERVED,5.360000,false,,,,,NOT_APPLICABLE,UNCLAIMED,,,,,NOT_APPLICABLE,RETAINED,12193.000000,,,,,,,,,NOT_APPLICABLE,ELIGIBLE,
200119,Q1,"Beer, ale, and other malt beverage",ALCBEVG,Alcoholic beverages,DIRECT_CONCORDANCE_UCC,PUBLISHED_CE_BASIS,LABSTAT_PUBLISHED,NOT_VERIFIED,NOT_ESTABLISHED,UNKNOWN,FW011,ALCOHOLIC_BEVERAGES,DIRECT,1525.000000,OBSERVED,13.380000,false,,,,,NOT_APPLICABLE,UNCLAIMED,,,,,NOT_APPLICABLE,RETAINED,1525.000000,,,,,,,,,NOT_APPLICABLE,ELIGIBLE,
200119,Q2,"Beer, ale, and other malt beverage",ALCBEVG,Alcoholic beverages,DIRECT_CONCORDANCE_UCC,PUBLISHED_CE_BASIS,LABSTAT_PUBLISHED,NOT_VERIFIED,NOT_ESTABLISHED,UNKNOWN,FW011,ALCOHOLIC_BEVERAGES,DIRECT,1741.000000,OBSERVED,14.800000,false,,,,,NOT_APPLICABLE,UNCLAIMED,,,,,NOT_APPLICABLE,RETAINED,1741.000000,,,,,,,,,NOT_APPLICABLE,ELIGIBLE,
200119,Q3,"Beer, ale, and other malt beverage",ALCBEVG,Alcoholic beverages,DIRECT_CONCORDANCE_UCC,PUBLISHED_CE_BASIS,LABSTAT_PUBLISHED,NOT_VERIFIED,NOT_ESTABLISHED,UNKNOWN,FW011,ALCOHOLIC_BEVERAGES,DIRECT,2538.000000,OBSERVED,11.110000,false,,,,,NOT_APPLICABLE,UNCLAIMED,,,,,NOT_APPLICABLE,RETAINED,2538.000000,,,,,,,,,NOT_APPLICABLE,ELIGIBLE,
200119,Q4,"Beer, ale, and other malt beverage",ALCBEVG,Alcoholic beverages,DIRECT_CONCORDANCE_UCC,PUBLISHED_CE_BASIS,LABSTAT_PUBLISHED,NOT_VERIFIED,NOT_ESTABLISHED,UNKNOWN,FW011,ALCOHOLIC_BEVERAGES,DIRECT,2753.000000,OBSERVED,12.580000,false,,,,,NOT_APPLICABLE,UNCLAIMED,,,,,NOT_APPLICABLE,RETAINED,2753.000000,,,,,,,,,NOT_APPLICABLE,ELIGIBLE,
200119,Q5,"Beer, ale, and other malt beverage",ALCBEVG,Alcoholic beverages,DIRECT_CONCORDANCE_UCC,PUBLISHED_CE_BASIS,LABSTAT_PUBLISHED,NOT_VERIFIED,NOT_ESTABLISHED,UNKNOWN,FW011,ALCOHOLIC_BEVERAGES,DIRECT,3635.000000,OBSERVED,10.530000,false,,,,,NOT_APPLICABLE,UNCLAIMED,,,,,NOT_APPLICABLE,RETAINED,3635.000000,,,,,,,,,NOT_APPLICABLE,ELIGIBLE,
200219,ALL_CU,Distilled spirits,ALCBEVG,Alcoholic beverages,DIRECT_CONCORDANCE_UCC,PUBLISHED_CE_BASIS,LABSTAT_PUBLISHED,NOT_VERIFIED,NOT_ESTABLISHED,UNKNOWN,FW021,ALCOHOLIC_BEVERAGES,DIRECT,8281.000000,OBSERVED,8.460000,false,,,,,NOT_APPLICABLE,UNCLAIMED,,,,,NOT_APPLICABLE,RETAINED,8281.000000,,,,,,,,,NOT_APPLICABLE,ELIGIBLE,
200219,Q1,Distilled spirits,ALCBEVG,Alcoholic beverages,DIRECT_CONCORDANCE_UCC,PUBLISHED_CE_BASIS,LABSTAT_PUBLISHED,NOT_VERIFIED,NOT_ESTABLISHED,UNKNOWN,FW021,ALCOHOLIC_BEVERAGES,DIRECT,576.000000,OBSERVED,26.030000,true,,,,,NOT_APPLICABLE,UNCLAIMED,,,,,NOT_APPLICABLE,RETAINED,576.000000,,,,,,,,,NOT_APPLICABLE,ELIGIBLE,
200219,Q2,Distilled spirits,ALCBEVG,Alcoholic beverages,DIRECT_CONCORDANCE_UCC,PUBLISHED_CE_BASIS,LABSTAT_PUBLISHED,NOT_VERIFIED,NOT_ESTABLISHED,UNKNOWN,FW021,ALCOHOLIC_BEVERAGES,DIRECT,1067.000000,OBSERVED,24.380000,false,,,,,NOT_APPLICABLE,UNCLAIMED,,,,,NOT_APPLICABLE,RETAINED,1067.000000,,,,,,,,,NOT_APPLICABLE,ELIGIBLE,
200219,Q3,Distilled spirits,ALCBEVG,Alcoholic beverages,DIRECT_CONCORDANCE_UCC,PUBLISHED_CE_BASIS,LABSTAT_PUBLISHED,NOT_VERIFIED,NOT_ESTABLISHED,UNKNOWN,FW021,ALCOHOLIC_BEVERAGES,DIRECT,1079.000000,OBSERVED,22.050000,false,,,,,NOT_APPLICABLE,UNCLAIMED,,,,,NOT_APPLICABLE,RETAINED,1079.000000,,,,,,,,,NOT_APPLICABLE,ELIGIBLE,
200219,Q4,Distilled spirits,ALCBEVG,Alcoholic beverages,DIRECT_CONCORDANCE_UCC,PUBLISHED_CE_BASIS,LABSTAT_PUBLISHED,NOT_VERIFIED,NOT_ESTABLISHED,UNKNOWN,FW021,ALCOHOLIC_BEVERAGES,DIRECT,1937.000000,OBSERVED,17.380000,false,,,,,NOT_APPLICABLE,UNCLAIMED,,,,,NOT_APPLICABLE,RETAINED,1937.000000,,,,,,,,,NOT_APPLICABLE,ELIGIBLE,
200219,Q5,Distilled spirits,ALCBEVG,Alcoholic beverages,DIRECT_CONCORDANCE_UCC,PUBLISHED_CE_BASIS,LABSTAT_PUBLISHED,NOT_VERIFIED,NOT_ESTABLISHED,UNKNOWN,FW021,ALCOHOLIC_BEVERAGES,DIRECT,3623.000000,OBSERVED,12.550000,false,,,,,NOT_APPLICABLE,UNCLAIMED,,,,,NOT_APPLICABLE,RETAINED,3623.000000,,,,,,,,,NOT_APPLICABLE,ELIGIBLE,
200310,ALL_CU,Wine,ALCBEVG,Alcoholic beverages,DIRECT_CONCORDANCE_UCC,PUBLISHED_CE_BASIS,LABSTAT_PUBLISHED,NOT_VERIFIED,NOT_ESTABLISHED,UNKNOWN,FW031,ALCOHOLIC_BEVERAGES,DIRECT,15888.000000,OBSERVED,8.150000,false,,,,,NOT_APPLICABLE,UNCLAIMED,,,,,NOT_APPLICABLE,RETAINED,15888.000000,,,,,,,,,NOT_APPLICABLE,ELIGIBLE,
200310,Q1,Wine,ALCBEVG,Alcoholic beverages,DIRECT_CONCORDANCE_UCC,PUBLISHED_CE_BASIS,LABSTAT_PUBLISHED,NOT_VERIFIED,NOT_ESTABLISHED,UNKNOWN,FW031,ALCOHOLIC_BEVERAGES,DIRECT,1166.000000,OBSERVED,18.160000,false,,,,,NOT_APPLICABLE,UNCLAIMED,,,,,NOT_APPLICABLE,RETAINED,1166.000000,,,,,,,,,NOT_APPLICABLE,ELIGIBLE,
200310,Q2,Wine,ALCBEVG,Alcoholic beverages,DIRECT_CONCORDANCE_UCC,PUBLISHED_CE_BASIS,LABSTAT_PUBLISHED,NOT_VERIFIED,NOT_ESTABLISHED,UNKNOWN,FW031,ALCOHOLIC_BEVERAGES,DIRECT,1595.000000,OBSERVED,16.850000,false,,,,,NOT_APPLICABLE,UNCLAIMED,,,,,NOT_APPLICABLE,RETAINED,1595.000000,,,,,,,,,NOT_APPLICABLE,ELIGIBLE,
200310,Q3,Wine,ALCBEVG,Alcoholic beverages,DIRECT_CONCORDANCE_UCC,PUBLISHED_CE_BASIS,LABSTAT_PUBLISHED,NOT_VERIFIED,NOT_ESTABLISHED,UNKNOWN,FW031,ALCOHOLIC_BEVERAGES,DIRECT,2526.000000,OBSERVED,12.990000,false,,,,,NOT_APPLICABLE,UNCLAIMED,,,,,NOT_APPLICABLE,RETAINED,2526.000000,,,,,,,,,NOT_APPLICABLE,ELIGIBLE,
200310,Q4,Wine,ALCBEVG,Alcoholic beverages,DIRECT_CONCORDANCE_UCC,PUBLISHED_CE_BASIS,LABSTAT_PUBLISHED,NOT_VERIFIED,NOT_ESTABLISHED,UNKNOWN,FW031,ALCOHOLIC_BEVERAGES,DIRECT,3491.000000,OBSERVED,14.610000,false,,,,,NOT_APPLICABLE,UNCLAIMED,,,,,NOT_APPLICABLE,RETAINED,3491.000000,,,,,,,,,NOT_APPLICABLE,ELIGIBLE,
200310,Q5,Wine,ALCBEVG,Alcoholic beverages,DIRECT_CONCORDANCE_UCC,PUBLISHED_CE_BASIS,LABSTAT_PUBLISHED,NOT_VERIFIED,NOT_ESTABLISHED,UNKNOWN,FW031,ALCOHOLIC_BEVERAGES,DIRECT,7109.000000,OBSERVED,16.730000,false,,,,,NOT_APPLICABLE,UNCLAIMED,,,,,NOT_APPLICABLE,RETAINED,7109.000000,,,,,,,,,NOT_APPLICABLE,ELIGIBLE,
200900,ALL_CU,Alcoholic beverages purchased on trips,ALCBEVG,Alcoholic beverages,PUBLISHED_CE_UCC,PUBLISHED_CE_BASIS,LABSTAT_PUBLISHED,NOT_VERIFIED,NOT_ESTABLISHED,UNKNOWN,,,UNRESOLVED,12919.000000,OBSERVED,5.160000,false,TR_TRIP_FOOD_ALCOHOL_v0_1,CE_CPI_SCOPE_RULES_V0_3,REASSIGN,ACCEPTED,CURRENT_EFFECTIVE,SOURCE,TRANSFORMED,TRANSFORMED,,,NOT_APPLICABLE,TRANSFORMED,,,,,12919.000000,,,,,NOT_APPLICABLE,ELIGIBLE,
200900,Q1,Alcoholic beverages purchased on trips,ALCBEVG,Alcoholic beverages,PUBLISHED_CE_UCC,PUBLISHED_CE_BASIS,LABSTAT_PUBLISHED,NOT_VERIFIED,NOT_ESTABLISHED,UNKNOWN,,,UNRESOLVED,611.000000,OBSERVED,16.240000,false,TR_TRIP_FOOD_ALCOHOL_v0_1,CE_CPI_SCOPE_RULES_V0_3,REASSIGN,ACCEPTED,CURRENT_EFFECTIVE,SOURCE,TRANSFORMED,TRANSFORMED,,,NOT_APPLICABLE,TRANSFORMED,,,,,611.000000,,,,,NOT_APPLICABLE,ELIGIBLE,
200900,Q2,Alcoholic beverages purchased on trips,ALCBEVG,Alcoholic beverages,PUBLISHED_CE_UCC,PUBLISHED_CE_BASIS,LABSTAT_PUBLISHED,NOT_VERIFIED,NOT_ESTABLISHED,UNKNOWN,,,UNRESOLVED,860.000000,OBSERVED,10.720000,false,TR_TRIP_FOOD_ALCOHOL_v0_1,CE_CPI_SCOPE_RULES_V0_3,REASSIGN,ACCEPTED,CURRENT_EFFECTIVE,SOURCE,TRANSFORMED,TRANSFORMED,,,NOT_APPLICABLE,TRANSFORMED,,,,,860.000000,,,,,NOT_APPLICABLE,ELIGIBLE,
200900,Q3,Alcoholic beverages purchased on trips,ALCBEVG,Alcoholic beverages,PUBLISHED_CE_UCC,PUBLISHED_CE_BASIS,LABSTAT_PUBLISHED,NOT_VERIFIED,NOT_ESTABLISHED,UNKNOWN,,,UNRESOLVED,1810.000000,OBSERVED,8.400000,false,TR_TRIP_FOOD_ALCOHOL_v0_1,CE_CPI_SCOPE_RULES_V0_3,REASSIGN,ACCEPTED,CURRENT_EFFECTIVE,SOURCE,TRANSFORMED,TRANSFORMED,,,NOT_APPLICABLE,TRANSFORMED,,,,,1810.000000,,,,,NOT_APPLICABLE,ELIGIBLE,
200900,Q4,Alcoholic beverages purchased on trips,ALCBEVG,Alcoholic beverages,PUBLISHED_CE_UCC,PUBLISHED_CE_BASIS,LABSTAT_PUBLISHED,NOT_VERIFIED,NOT_ESTABLISHED,UNKNOWN,,,UNRESOLVED,3393.000000,OBSERVED,8.320000,false,TR_TRIP_FOOD_ALCOHOL_v0_1,CE_CPI_SCOPE_RULES_V0_3,REASSIGN,ACCEPTED,CURRENT_EFFECTIVE,SOURCE,TRANSFORMED,TRANSFORMED,,,NOT_APPLICABLE,TRANSFORMED,,,,,3393.000000,,,,,NOT_APPLICABLE,ELIGIBLE,
200900,Q5,Alcoholic beverages purchased on trips,ALCBEVG,Alcoholic beverages,PUBLISHED_CE_UCC,PUBLISHED_CE_BASIS,LABSTAT_PUBLISHED,NOT_VERIFIED,NOT_ESTABLISHED,UNKNOWN,,,UNRESOLVED,6244.000000,OBSERVED,6.590000,false,TR_TRIP_FOOD_ALCOHOL_v0_1,CE_CPI_SCOPE_RULES_V0_3,REASSIGN,ACCEPTED,CURRENT_EFFECTIVE,SOURCE,TRANSFORMED,TRANSFORMED,,,NOT_APPLICABLE,TRANSFORMED,,,,,6244.000000,,,,,NOT_APPLICABLE,ELIGIBLE,
210110,ALL_CU,Rent,HOUSING,Housing,DIRECT_CONCORDANCE_UCC,PUBLISHED_CE_BASIS,LABSTAT_PUBLISHED,NOT_VERIFIED,NOT_ESTABLISHED,UNKNOWN,HA011,SHELTER,DIRECT,739923.000000,OBSERVED,1.450000,false,,,,,NOT_APPLICABLE,UNCLAIMED,,,,,NOT_APPLICABLE,RETAINED,739923.000000,,,,,,,,,NOT_APPLICABLE,ELIGIBLE,
210110,Q1,Rent,HOUSING,Housing,DIRECT_CONCORDANCE_UCC,PUBLISHED_CE_BASIS,LABSTAT_PUBLISHED,NOT_VERIFIED,NOT_ESTABLISHED,UNKNOWN,HA011,SHELTER,DIRECT,150642.000000,OBSERVED,4.380000,false,,,,,NOT_APPLICABLE,UNCLAIMED,,,,,NOT_APPLICABLE,RETAINED,150642.000000,,,,,,,,,NOT_APPLICABLE,ELIGIBLE,
210110,Q2,Rent,HOUSING,Housing,DIRECT_CONCORDANCE_UCC,PUBLISHED_CE_BASIS,LABSTAT_PUBLISHED,NOT_VERIFIED,NOT_ESTABLISHED,UNKNOWN,HA011,SHELTER,DIRECT,164905.000000,OBSERVED,3.300000,false,,,,,NOT_APPLICABLE,UNCLAIMED,,,,,NOT_APPLICABLE,RETAINED,164905.000000,,,,,,,,,NOT_APPLICABLE,ELIGIBLE,
210110,Q3,Rent,HOUSING,Housing,DIRECT_CONCORDANCE_UCC,PUBLISHED_CE_BASIS,LABSTAT_PUBLISHED,NOT_VERIFIED,NOT_ESTABLISHED,UNKNOWN,HA011,SHELTER,DIRECT,175254.000000,OBSERVED,3.750000,false,,,,,NOT_APPLICABLE,UNCLAIMED,,,,,NOT_APPLICABLE,RETAINED,175254.000000,,,,,,,,,NOT_APPLICABLE,ELIGIBLE,
210110,Q4,Rent,HOUSING,Housing,DIRECT_CONCORDANCE_UCC,PUBLISHED_CE_BASIS,LABSTAT_PUBLISHED,NOT_VERIFIED,NOT_ESTABLISHED,UNKNOWN,HA011,SHELTER,DIRECT,149725.000000,OBSERVED,3.580000,false,,,,,NOT_APPLICABLE,UNCLAIMED,,,,,NOT_APPLICABLE,RETAINED,149725.000000,,,,,,,,,NOT_APPLICABLE,ELIGIBLE,
210110,Q5,Rent,HOUSING,Housing,DIRECT_CONCORDANCE_UCC,PUBLISHED_CE_BASIS,LABSTAT_PUBLISHED,NOT_VERIFIED,NOT_ESTABLISHED,UNKNOWN,HA011,SHELTER,DIRECT,99397.000000,OBSERVED,5.590000,false,,,,,NOT_APPLICABLE,UNCLAIMED,,,,,NOT_APPLICABLE,RETAINED,99397.000000,,,,,,,,,NOT_APPLICABLE,ELIGIBLE,
210210,ALL_CU,Lodging on out of town trips,HOUSING,Housing,DIRECT_CONCORDANCE_UCC,PUBLISHED_CE_BASIS,LABSTAT_PUBLISHED,NOT_VERIFIED,NOT_ESTABLISHED,UNKNOWN,HB021,SHELTER,DIRECT,122961.000000,OBSERVED,3.780000,false,,,,,NOT_APPLICABLE,UNCLAIMED,,,,,NOT_APPLICABLE,RETAINED,122961.000000,,,,,,,,,NOT_APPLICABLE,ELIGIBLE,
210210,Q1,Lodging on out of town trips,HOUSING,Housing,DIRECT_CONCORDANCE_UCC,PUBLISHED_CE_BASIS,LABSTAT_PUBLISHED,NOT_VERIFIED,NOT_ESTABLISHED,UNKNOWN,HB021,SHELTER,DIRECT,6526.000000,OBSERVED,14.810000,false,,,,,NOT_APPLICABLE,UNCLAIMED,,,,,NOT_APPLICABLE,RETAINED,6526.000000,,,,,,,,,NOT_APPLICABLE,ELIGIBLE,
210210,Q2,Lodging on out of town trips,HOUSING,Housing,DIRECT_CONCORDANCE_UCC,PUBLISHED_CE_BASIS,LABSTAT_PUBLISHED,NOT_VERIFIED,NOT_ESTABLISHED,UNKNOWN,HB021,SHELTER,DIRECT,9758.000000,OBSERVED,10.790000,false,,,,,NOT_APPLICABLE,UNCLAIMED,,,,,NOT_APPLICABLE,RETAINED,9758.000000,,,,,,,,,NOT_APPLICABLE,ELIGIBLE,
210210,Q3,Lodging on out of town trips,HOUSING,Housing,DIRECT_CONCORDANCE_UCC,PUBLISHED_CE_BASIS,LABSTAT_PUBLISHED,NOT_VERIFIED,NOT_ESTABLISHED,UNKNOWN,HB021,SHELTER,DIRECT,18018.000000,OBSERVED,9.710000,false,,,,,NOT_APPLICABLE,UNCLAIMED,,,,,NOT_APPLICABLE,RETAINED,18018.000000,,,,,,,,,NOT_APPLICABLE,ELIGIBLE,
210210,Q4,Lodging on out of town trips,HOUSING,Housing,DIRECT_CONCORDANCE_UCC,PUBLISHED_CE_BASIS,LABSTAT_PUBLISHED,NOT_VERIFIED,NOT_ESTABLISHED,UNKNOWN,HB021,SHELTER,DIRECT,30387.000000,OBSERVED,7.220000,false,,,,,NOT_APPLICABLE,UNCLAIMED,,,,,NOT_APPLICABLE,RETAINED,30387.000000,,,,,,,,,NOT_APPLICABLE,ELIGIBLE,
210210,Q5,Lodging on out of town trips,HOUSING,Housing,DIRECT_CONCORDANCE_UCC,PUBLISHED_CE_BASIS,LABSTAT_PUBLISHED,NOT_VERIFIED,NOT_ESTABLISHED,UNKNOWN,HB021,SHELTER,DIRECT,58271.000000,OBSERVED,6.230000,false,,,,,NOT_APPLICABLE,UNCLAIMED,,,,,NOT_APPLICABLE,RETAINED,58271.000000,,,,,,,,,NOT_APPLICABLE,ELIGIBLE,
210310,ALL_CU,Housing while attending school,HOUSING,Housing,DIRECT_CONCORDANCE_UCC,PUBLISHED_CE_BASIS,LABSTAT_PUBLISHED,NOT_VERIFIED,NOT_ESTABLISHED,UNKNOWN,HB011,SHELTER,DIRECT,21689.000000,OBSERVED,13.550000,false,,,,,NOT_APPLICABLE,UNCLAIMED,,,,,NOT_APPLICABLE,RETAINED,21689.000000,,,,,,,,,NOT_APPLICABLE,ELIGIBLE,
210310,Q1,Housing while attending school,HOUSING,Housing,DIRECT_CONCORDANCE_UCC,PUBLISHED_CE_BASIS,LABSTAT_PUBLISHED,NOT_VERIFIED,NOT_ESTABLISHED,UNKNOWN,HB011,SHELTER,DIRECT,2995.000000,OBSERVED,34.560000,true,,,,,NOT_APPLICABLE,UNCLAIMED,,,,,NOT_APPLICABLE,RETAINED,2995.000000,,,,,,,,,NOT_APPLICABLE,ELIGIBLE,
210310,Q2,Housing while attending school,HOUSING,Housing,DIRECT_CONCORDANCE_UCC,PUBLISHED_CE_BASIS,LABSTAT_PUBLISHED,NOT_VERIFIED,NOT_ESTABLISHED,UNKNOWN,HB011,SHELTER,DIRECT,926.000000,OBSERVED,53.700000,true,,,,,NOT_APPLICABLE,UNCLAIMED,,,,,NOT_APPLICABLE,RETAINED,926.000000,,,,,,,,,NOT_APPLICABLE,ELIGIBLE,
210310,Q3,Housing while attending school,HOUSING,Housing,DIRECT_CONCORDANCE_UCC,PUBLISHED_CE_BASIS,LABSTAT_PUBLISHED,NOT_VERIFIED,NOT_ESTABLISHED,UNKNOWN,HB011,SHELTER,DIRECT,1795.000000,OBSERVED,36.280000,true,,,,,NOT_APPLICABLE,UNCLAIMED,,,,,NOT_APPLICABLE,RETAINED,1795.000000,,,,,,,,,NOT_APPLICABLE,ELIGIBLE,
210310,Q4,Housing while attending school,HOUSING,Housing,DIRECT_CONCORDANCE_UCC,PUBLISHED_CE_BASIS,LABSTAT_PUBLISHED,NOT_VERIFIED,NOT_ESTABLISHED,UNKNOWN,HB011,SHELTER,DIRECT,2783.000000,OBSERVED,21.970000,false,,,,,NOT_APPLICABLE,UNCLAIMED,,,,,NOT_APPLICABLE,RETAINED,2783.000000,,,,,,,,,NOT_APPLICABLE,ELIGIBLE,
210310,Q5,Housing while attending school,HOUSING,Housing,DIRECT_CONCORDANCE_UCC,PUBLISHED_CE_BASIS,LABSTAT_PUBLISHED,NOT_VERIFIED,NOT_ESTABLISHED,UNKNOWN,HB011,SHELTER,DIRECT,13191.000000,OBSERVED,17.250000,false,,,,,NOT_APPLICABLE,UNCLAIMED,,,,,NOT_APPLICABLE,RETAINED,13191.000000,,,,,,,,,NOT_APPLICABLE,ELIGIBLE,
210901,ALL_CU,Ground rent,HOUSING,Housing,PUBLISHED_CE_UCC,PUBLISHED_CE_BASIS,LABSTAT_PUBLISHED,NOT_VERIFIED,NOT_ESTABLISHED,UNKNOWN,,,UNRESOLVED,10318.000000,OBSERVED,9.570000,false,OS_CPI_OWNER_SITE_PAYMENTS_v0_2,CE_CPI_SCOPE_RULES_V0_3,EXCLUDE,PROPOSED,CURRENT_PENDING,SOURCE,OUT_OF_SCOPE,UNRESOLVED,BLOCKED_BY_UNESTABLISHED_CONCEPT,OS_CPI_OWNER_STRUCTURE_INVESTMENT_v0_1,AMOUNT_HELD_IN_PENDING_BUCKET,PENDING,,,,,,10318.000000,,,,NOT_APPLICABLE,BLOCKED_PENDING_ADJUDICATION,
210901,Q1,Ground rent,HOUSING,Housing,PUBLISHED_CE_UCC,PUBLISHED_CE_BASIS,LABSTAT_PUBLISHED,NOT_VERIFIED,NOT_ESTABLISHED,UNKNOWN,,,UNRESOLVED,2602.000000,OBSERVED,23.680000,false,OS_CPI_OWNER_SITE_PAYMENTS_v0_2,CE_CPI_SCOPE_RULES_V0_3,EXCLUDE,PROPOSED,CURRENT_PENDING,SOURCE,OUT_OF_SCOPE,UNRESOLVED,BLOCKED_BY_UNESTABLISHED_CONCEPT,OS_CPI_OWNER_STRUCTURE_INVESTMENT_v0_1,AMOUNT_HELD_IN_PENDING_BUCKET,PENDING,,,,,,2602.000000,,,,NOT_APPLICABLE,BLOCKED_PENDING_ADJUDICATION,
210901,Q2,Ground rent,HOUSING,Housing,PUBLISHED_CE_UCC,PUBLISHED_CE_BASIS,LABSTAT_PUBLISHED,NOT_VERIFIED,NOT_ESTABLISHED,UNKNOWN,,,UNRESOLVED,2942.000000,OBSERVED,23.190000,false,OS_CPI_OWNER_SITE_PAYMENTS_v0_2,CE_CPI_SCOPE_RULES_V0_3,EXCLUDE,PROPOSED,CURRENT_PENDING,SOURCE,OUT_OF_SCOPE,UNRESOLVED,BLOCKED_BY_UNESTABLISHED_CONCEPT,OS_CPI_OWNER_STRUCTURE_INVESTMENT_v0_1,AMOUNT_HELD_IN_PENDING_BUCKET,PENDING,,,,,,2942.000000,,,,NOT_APPLICABLE,BLOCKED_PENDING_ADJUDICATION,
210901,Q3,Ground rent,HOUSING,Housing,PUBLISHED_CE_UCC,PUBLISHED_CE_BASIS,LABSTAT_PUBLISHED,NOT_VERIFIED,NOT_ESTABLISHED,UNKNOWN,,,UNRESOLVED,1751.000000,OBSERVED,18.170000,false,OS_CPI_OWNER_SITE_PAYMENTS_v0_2,CE_CPI_SCOPE_RULES_V0_3,EXCLUDE,PROPOSED,CURRENT_PENDING,SOURCE,OUT_OF_SCOPE,UNRESOLVED,BLOCKED_BY_UNESTABLISHED_CONCEPT,OS_CPI_OWNER_STRUCTURE_INVESTMENT_v0_1,AMOUNT_HELD_IN_PENDING_BUCKET,PENDING,,,,,,1751.000000,,,,NOT_APPLICABLE,BLOCKED_PENDING_ADJUDICATION,
210901,Q4,Ground rent,HOUSING,Housing,PUBLISHED_CE_UCC,PUBLISHED_CE_BASIS,LABSTAT_PUBLISHED,NOT_VERIFIED,NOT_ESTABLISHED,UNKNOWN,,,UNRESOLVED,1963.000000,OBSERVED,29.500000,true,OS_CPI_OWNER_SITE_PAYMENTS_v0_2,CE_CPI_SCOPE_RULES_V0_3,EXCLUDE,PROPOSED,CURRENT_PENDING,SOURCE,OUT_OF_SCOPE,UNRESOLVED,BLOCKED_BY_UNESTABLISHED_CONCEPT,OS_CPI_OWNER_STRUCTURE_INVESTMENT_v0_1,AMOUNT_HELD_IN_PENDING_BUCKET,PENDING,,,,,,1963.000000,,,,NOT_APPLICABLE,BLOCKED_PENDING_ADJUDICATION,
210901,Q5,Ground rent,HOUSING,Housing,PUBLISHED_CE_UCC,PUBLISHED_CE_BASIS,LABSTAT_PUBLISHED,NOT_VERIFIED,NOT_ESTABLISHED,UNKNOWN,,,UNRESOLVED,1059.000000,OBSERVED,38.670000,true,OS_CPI_OWNER_SITE_PAYMENTS_v0_2,CE_CPI_SCOPE_RULES_V0_3,EXCLUDE,PROPOSED,CURRENT_PENDING,SOURCE,OUT_OF_SCOPE,UNRESOLVED,BLOCKED_BY_UNESTABLISHED_CONCEPT,OS_CPI_OWNER_STRUCTURE_INVESTMENT_v0_1,AMOUNT_HELD_IN_PENDING_BUCKET,PENDING,,,,,,1059.000000,,,,NOT_APPLICABLE,BLOCKED_PENDING_ADJUDICATION,
210902,ALL_CU,Ground rent,HOUSING,Housing,PUBLISHED_CE_UCC,PUBLISHED_CE_BASIS,LABSTAT_PUBLISHED,NOT_VERIFIED,NOT_ESTABLISHED,UNKNOWN,,,UNRESOLVED,702.000000,OBSERVED,69.720000,true,RP_SECONDARY_RESIDENCE_OWNER_COST_v0_1,CE_CPI_SCOPE_RULES_V0_3,REPLACE,PROPOSED,CURRENT_PENDING,SOURCE,TRANSFORMED,UNRESOLVED,,,AMOUNT_HELD_IN_PENDING_BUCKET,PENDING,,,,,,702.000000,,,RG_SECONDARY_RESIDENCE_RENTAL_EQUIVALENCE,REMOVAL,BLOCKED_PENDING_ADJUDICATION,
210902,Q1,Ground rent,HOUSING,Housing,PUBLISHED_CE_UCC,PUBLISHED_CE_BASIS,LABSTAT_PUBLISHED,NOT_VERIFIED,NOT_ESTABLISHED,UNKNOWN,,,UNRESOLVED,,SUPPRESSED,,,RP_SECONDARY_RESIDENCE_OWNER_COST_v0_1,CE_CPI_SCOPE_RULES_V0_3,REPLACE,PROPOSED,CURRENT_PENDING,SOURCE,TRANSFORMED,UNRESOLVED,,,AMOUNT_HELD_IN_PENDING_BUCKET,PENDING,,,,,,,,,RG_SECONDARY_RESIDENCE_RENTAL_EQUIVALENCE,REMOVAL,BLOCKED_PENDING_ADJUDICATION,BLS publishes this series and did not publish this cell. The amount is unknown and is not zero.
210902,Q2,Ground rent,HOUSING,Housing,PUBLISHED_CE_UCC,PUBLISHED_CE_BASIS,LABSTAT_PUBLISHED,NOT_VERIFIED,NOT_ESTABLISHED,UNKNOWN,,,UNRESOLVED,15.000000,OBSERVED,100.900000,true,RP_SECONDARY_RESIDENCE_OWNER_COST_v0_1,CE_CPI_SCOPE_RULES_V0_3,REPLACE,PROPOSED,CURRENT_PENDING,SOURCE,TRANSFORMED,UNRESOLVED,,,AMOUNT_HELD_IN_PENDING_BUCKET,PENDING,,,,,,15.000000,,,RG_SECONDARY_RESIDENCE_RENTAL_EQUIVALENCE,REMOVAL,BLOCKED_PENDING_ADJUDICATION,
210902,Q3,Ground rent,HOUSING,Housing,PUBLISHED_CE_UCC,PUBLISHED_CE_BASIS,LABSTAT_PUBLISHED,NOT_VERIFIED,NOT_ESTABLISHED,UNKNOWN,,,UNRESOLVED,58.000000,OBSERVED,65.760000,true,RP_SECONDARY_RESIDENCE_OWNER_COST_v0_1,CE_CPI_SCOPE_RULES_V0_3,REPLACE,PROPOSED,CURRENT_PENDING,SOURCE,TRANSFORMED,UNRESOLVED,,,AMOUNT_HELD_IN_PENDING_BUCKET,PENDING,,,,,,58.000000,,,RG_SECONDARY_RESIDENCE_RENTAL_EQUIVALENCE,REMOVAL,BLOCKED_PENDING_ADJUDICATION,
210902,Q4,Ground rent,HOUSING,Housing,PUBLISHED_CE_UCC,PUBLISHED_CE_BASIS,LABSTAT_PUBLISHED,NOT_VERIFIED,NOT_ESTABLISHED,UNKNOWN,,,UNRESOLVED,419.000000,OBSERVED,100.990000,true,RP_SECONDARY_RESIDENCE_OWNER_COST_v0_1,CE_CPI_SCOPE_RULES_V0_3,REPLACE,PROPOSED,CURRENT_PENDING,SOURCE,TRANSFORMED,UNRESOLVED,,,AMOUNT_HELD_IN_PENDING_BUCKET,PENDING,,,,,,419.000000,,,RG_SECONDARY_RESIDENCE_RENTAL_EQUIVALENCE,REMOVAL,BLOCKED_PENDING_ADJUDICATION,
210902,Q5,Ground rent,HOUSING,Housing,PUBLISHED_CE_UCC,PUBLISHED_CE_BASIS,LABSTAT_PUBLISHED,NOT_VERIFIED,NOT_ESTABLISHED,UNKNOWN,,,UNRESOLVED,210.000000,OBSERVED,93.070000,true,RP_SECONDARY_RESIDENCE_OWNER_COST_v0_1,CE_CPI_SCOPE_RULES_V0_3,REPLACE,PROPOSED,CURRENT_PENDING,SOURCE,TRANSFORMED,UNRESOLVED,,,AMOUNT_HELD_IN_PENDING_BUCKET,PENDING,,,,,,210.000000,,,RG_SECONDARY_RESIDENCE_RENTAL_EQUIVALENCE,REMOVAL,BLOCKED_PENDING_ADJUDICATION,
220121,ALL_CU,Homeowners insurance,HOUSING,Housing,DIRECT_CONCORDANCE_UCC,PUBLISHED_CE_BASIS,LABSTAT_PUBLISHED,NOT_VERIFIED,NOT_ESTABLISHED,UNKNOWN,HD011,SHELTER,DIRECT,100026.000000,OBSERVED,3.070000,false,TR_CPI_HOMEOWNERS_INSURANCE_CONTENTS_PORTION_v0_1,CE_CPI_SCOPE_RULES_V0_3,TRANSFORM,PROPOSED,CURRENT_PENDING,SOURCE,TRANSFORMED,UNRESOLVED,BLOCKED_BY_UNPUBLISHED_PARAMETER,,AMOUNT_REVERTS_TO_MAPPED_BASELINE,RETAINED,100026.000000,,,,,,,,,NOT_APPLICABLE,ELIGIBLE,"The governing rule is not in force. The UCC is mapped to a CPI entry-level item, so absent the rule the amount is simply retained; the retained figure is therefore an upper bound of what the rule would leave."
220121,Q1,Homeowners insurance,HOUSING,Housing,DIRECT_CONCORDANCE_UCC,PUBLISHED_CE_BASIS,LABSTAT_PUBLISHED,NOT_VERIFIED,NOT_ESTABLISHED,UNKNOWN,HD011,SHELTER,DIRECT,9643.000000,OBSERVED,6.240000,false,TR_CPI_HOMEOWNERS_INSURANCE_CONTENTS_PORTION_v0_1,CE_CPI_SCOPE_RULES_V0_3,TRANSFORM,PROPOSED,CURRENT_PENDING,SOURCE,TRANSFORMED,UNRESOLVED,BLOCKED_BY_UNPUBLISHED_PARAMETER,,AMOUNT_REVERTS_TO_MAPPED_BASELINE,RETAINED,9643.000000,,,,,,,,,NOT_APPLICABLE,ELIGIBLE,"The governing rule is not in force. The UCC is mapped to a CPI entry-level item, so absent the rule the amount is simply retained; the retained figure is therefore an upper bound of what the rule would leave."
220121,Q2,Homeowners insurance,HOUSING,Housing,DIRECT_CONCORDANCE_UCC,PUBLISHED_CE_BASIS,LABSTAT_PUBLISHED,NOT_VERIFIED,NOT_ESTABLISHED,UNKNOWN,HD011,SHELTER,DIRECT,16515.000000,OBSERVED,4.670000,false,TR_CPI_HOMEOWNERS_INSURANCE_CONTENTS_PORTION_v0_1,CE_CPI_SCOPE_RULES_V0_3,TRANSFORM,PROPOSED,CURRENT_PENDING,SOURCE,TRANSFORMED,UNRESOLVED,BLOCKED_BY_UNPUBLISHED_PARAMETER,,AMOUNT_REVERTS_TO_MAPPED_BASELINE,RETAINED,16515.000000,,,,,,,,,NOT_APPLICABLE,ELIGIBLE,"The governing rule is not in force. The UCC is mapped to a CPI entry-level item, so absent the rule the amount is simply retained; the retained figure is therefore an upper bound of what the rule would leave."
220121,Q3,Homeowners insurance,HOUSING,Housing,DIRECT_CONCORDANCE_UCC,PUBLISHED_CE_BASIS,LABSTAT_PUBLISHED,NOT_VERIFIED,NOT_ESTABLISHED,UNKNOWN,HD011,SHELTER,DIRECT,18095.000000,OBSERVED,5.680000,false,TR_CPI_HOMEOWNERS_INSURANCE_CONTENTS_PORTION_v0_1,CE_CPI_SCOPE_RULES_V0_3,TRANSFORM,PROPOSED,CURRENT_PENDING,SOURCE,TRANSFORMED,UNRESOLVED,BLOCKED_BY_UNPUBLISHED_PARAMETER,,AMOUNT_REVERTS_TO_MAPPED_BASELINE,RETAINED,18095.000000,,,,,,,,,NOT_APPLICABLE,ELIGIBLE,"The governing rule is not in force. The UCC is mapped to a CPI entry-level item, so absent the rule the amount is simply retained; the retained figure is therefore an upper bound of what the rule would leave."
220121,Q4,Homeowners insurance,HOUSING,Housing,DIRECT_CONCORDANCE_UCC,PUBLISHED_CE_BASIS,LABSTAT_PUBLISHED,NOT_VERIFIED,NOT_ESTABLISHED,UNKNOWN,HD011,SHELTER,DIRECT,22408.000000,OBSERVED,4.780000,false,TR_CPI_HOMEOWNERS_INSURANCE_CONTENTS_PORTION_v0_1,CE_CPI_SCOPE_RULES_V0_3,TRANSFORM,PROPOSED,CURRENT_PENDING,SOURCE,TRANSFORMED,UNRESOLVED,BLOCKED_BY_UNPUBLISHED_PARAMETER,,AMOUNT_REVERTS_TO_MAPPED_BASELINE,RETAINED,22408.000000,,,,,,,,,NOT_APPLICABLE,ELIGIBLE,"The governing rule is not in force. The UCC is mapped to a CPI entry-level item, so absent the rule the amount is simply retained; the retained figure is therefore an upper bound of what the rule would leave."
220121,Q5,Homeowners insurance,HOUSING,Housing,DIRECT_CONCORDANCE_UCC,PUBLISHED_CE_BASIS,LABSTAT_PUBLISHED,NOT_VERIFIED,NOT_ESTABLISHED,UNKNOWN,HD011,SHELTER,DIRECT,33364.000000,OBSERVED,3.840000,false,TR_CPI_HOMEOWNERS_INSURANCE_CONTENTS_PORTION_v0_1,CE_CPI_SCOPE_RULES_V0_3,TRANSFORM,PROPOSED,CURRENT_PENDING,SOURCE,TRANSFORMED,UNRESOLVED,BLOCKED_BY_UNPUBLISHED_PARAMETER,,AMOUNT_REVERTS_TO_MAPPED_BASELINE,RETAINED,33364.000000,,,,,,,,,NOT_APPLICABLE,ELIGIBLE,"The governing rule is not in force. The UCC is mapped to a CPI entry-level item, so absent the rule the amount is simply retained; the retained figure is therefore an upper bound of what the rule would leave."
220122,ALL_CU,Homeowners insurance,HOUSING,Housing,PUBLISHED_CE_UCC,PUBLISHED_CE_BASIS,LABSTAT_PUBLISHED,NOT_VERIFIED,NOT_ESTABLISHED,UNKNOWN,,,UNRESOLVED,1935.000000,OBSERVED,15.760000,false,RP_SECONDARY_RESIDENCE_OWNER_COST_v0_1,CE_CPI_SCOPE_RULES_V0_3,REPLACE,PROPOSED,CURRENT_PENDING,SOURCE,TRANSFORMED,UNRESOLVED,,,AMOUNT_HELD_IN_PENDING_BUCKET,PENDING,,,,,,1935.000000,,,RG_SECONDARY_RESIDENCE_RENTAL_EQUIVALENCE,REMOVAL,BLOCKED_PENDING_ADJUDICATION,
220122,Q1,Homeowners insurance,HOUSING,Housing,PUBLISHED_CE_UCC,PUBLISHED_CE_BASIS,LABSTAT_PUBLISHED,NOT_VERIFIED,NOT_ESTABLISHED,UNKNOWN,,,UNRESOLVED,36.000000,OBSERVED,51.100000,true,RP_SECONDARY_RESIDENCE_OWNER_COST_v0_1,CE_CPI_SCOPE_RULES_V0_3,REPLACE,PROPOSED,CURRENT_PENDING,SOURCE,TRANSFORMED,UNRESOLVED,,,AMOUNT_HELD_IN_PENDING_BUCKET,PENDING,,,,,,36.000000,,,RG_SECONDARY_RESIDENCE_RENTAL_EQUIVALENCE,REMOVAL,BLOCKED_PENDING_ADJUDICATION,
220122,Q2,Homeowners insurance,HOUSING,Housing,PUBLISHED_CE_UCC,PUBLISHED_CE_BASIS,LABSTAT_PUBLISHED,NOT_VERIFIED,NOT_ESTABLISHED,UNKNOWN,,,UNRESOLVED,250.000000,OBSERVED,36.700000,true,RP_SECONDARY_RESIDENCE_OWNER_COST_v0_1,CE_CPI_SCOPE_RULES_V0_3,REPLACE,PROPOSED,CURRENT_PENDING,SOURCE,TRANSFORMED,UNRESOLVED,,,AMOUNT_HELD_IN_PENDING_BUCKET,PENDING,,,,,,250.000000,,,RG_SECONDARY_RESIDENCE_RENTAL_EQUIVALENCE,REMOVAL,BLOCKED_PENDING_ADJUDICATION,
220122,Q3,Homeowners insurance,HOUSING,Housing,PUBLISHED_CE_UCC,PUBLISHED_CE_BASIS,LABSTAT_PUBLISHED,NOT_VERIFIED,NOT_ESTABLISHED,UNKNOWN,,,UNRESOLVED,172.000000,OBSERVED,29.980000,true,RP_SECONDARY_RESIDENCE_OWNER_COST_v0_1,CE_CPI_SCOPE_RULES_V0_3,REPLACE,PROPOSED,CURRENT_PENDING,SOURCE,TRANSFORMED,UNRESOLVED,,,AMOUNT_HELD_IN_PENDING_BUCKET,PENDING,,,,,,172.000000,,,RG_SECONDARY_RESIDENCE_RENTAL_EQUIVALENCE,REMOVAL,BLOCKED_PENDING_ADJUDICATION,
220122,Q4,Homeowners insurance,HOUSING,Housing,PUBLISHED_CE_UCC,PUBLISHED_CE_BASIS,LABSTAT_PUBLISHED,NOT_VERIFIED,NOT_ESTABLISHED,UNKNOWN,,,UNRESOLVED,501.000000,OBSERVED,32.230000,true,RP_SECONDARY_RESIDENCE_OWNER_COST_v0_1,CE_CPI_SCOPE_RULES_V0_3,REPLACE,PROPOSED,CURRENT_PENDING,SOURCE,TRANSFORMED,UNRESOLVED,,,AMOUNT_HELD_IN_PENDING_BUCKET,PENDING,,,,,,501.000000,,,RG_SECONDARY_RESIDENCE_RENTAL_EQUIVALENCE,REMOVAL,BLOCKED_PENDING_ADJUDICATION,
220122,Q5,Homeowners insurance,HOUSING,Housing,PUBLISHED_CE_UCC,PUBLISHED_CE_BASIS,LABSTAT_PUBLISHED,NOT_VERIFIED,NOT_ESTABLISHED,UNKNOWN,,,UNRESOLVED,976.000000,OBSERVED,20.110000,false,RP_SECONDARY_RESIDENCE_OWNER_COST_v0_1,CE_CPI_SCOPE_RULES_V0_3,REPLACE,PROPOSED,CURRENT_PENDING,SOURCE,TRANSFORMED,UNRESOLVED,,,AMOUNT_HELD_IN_PENDING_BUCKET,PENDING,,,,,,976.000000,,,RG_SECONDARY_RESIDENCE_RENTAL_EQUIVALENCE,REMOVAL,BLOCKED_PENDING_ADJUDICATION,
220211,ALL_CU,Property taxes,HOUSING,Housing,PUBLISHED_CE_UCC,PUBLISHED_CE_BASIS,LABSTAT_PUBLISHED,NOT_VERIFIED,NOT_ESTABLISHED,UNKNOWN,,,UNRESOLVED,371669.000000,OBSERVED,2.170000,false,OS_CPI_RESIDENTIAL_PROPERTY_TAX_v0_1,CE_CPI_SCOPE_RULES_V0_3,EXCLUDE,ACCEPTED,CURRENT_EFFECTIVE,SOURCE,OUT_OF_SCOPE,OUT_OF_SCOPE,,,NOT_APPLICABLE,EXCLUDED,,371669.000000,,,,,,,,NOT_APPLICABLE,EXCLUDED_FROM_BASIS,
220211,Q1,Property taxes,HOUSING,Housing,PUBLISHED_CE_UCC,PUBLISHED_CE_BASIS,LABSTAT_PUBLISHED,NOT_VERIFIED,NOT_ESTABLISHED,UNKNOWN,,,UNRESOLVED,28596.000000,OBSERVED,5.910000,false,OS_CPI_RESIDENTIAL_PROPERTY_TAX_v0_1,CE_CPI_SCOPE_RULES_V0_3,EXCLUDE,ACCEPTED,CURRENT_EFFECTIVE,SOURCE,OUT_OF_SCOPE,OUT_OF_SCOPE,,,NOT_APPLICABLE,EXCLUDED,,28596.000000,,,,,,,,NOT_APPLICABLE,EXCLUDED_FROM_BASIS,
220211,Q2,Property taxes,HOUSING,Housing,PUBLISHED_CE_UCC,PUBLISHED_CE_BASIS,LABSTAT_PUBLISHED,NOT_VERIFIED,NOT_ESTABLISHED,UNKNOWN,,,UNRESOLVED,44674.000000,OBSERVED,4.040000,false,OS_CPI_RESIDENTIAL_PROPERTY_TAX_v0_1,CE_CPI_SCOPE_RULES_V0_3,EXCLUDE,ACCEPTED,CURRENT_EFFECTIVE,SOURCE,OUT_OF_SCOPE,OUT_OF_SCOPE,,,NOT_APPLICABLE,EXCLUDED,,44674.000000,,,,,,,,NOT_APPLICABLE,EXCLUDED_FROM_BASIS,
220211,Q3,Property taxes,HOUSING,Housing,PUBLISHED_CE_UCC,PUBLISHED_CE_BASIS,LABSTAT_PUBLISHED,NOT_VERIFIED,NOT_ESTABLISHED,UNKNOWN,,,UNRESOLVED,58094.000000,OBSERVED,3.990000,false,OS_CPI_RESIDENTIAL_PROPERTY_TAX_v0_1,CE_CPI_SCOPE_RULES_V0_3,EXCLUDE,ACCEPTED,CURRENT_EFFECTIVE,SOURCE,OUT_OF_SCOPE,OUT_OF_SCOPE,,,NOT_APPLICABLE,EXCLUDED,,58094.000000,,,,,,,,NOT_APPLICABLE,EXCLUDED_FROM_BASIS,
220211,Q4,Property taxes,HOUSING,Housing,PUBLISHED_CE_UCC,PUBLISHED_CE_BASIS,LABSTAT_PUBLISHED,NOT_VERIFIED,NOT_ESTABLISHED,UNKNOWN,,,UNRESOLVED,81684.000000,OBSERVED,3.010000,false,OS_CPI_RESIDENTIAL_PROPERTY_TAX_v0_1,CE_CPI_SCOPE_RULES_V0_3,EXCLUDE,ACCEPTED,CURRENT_EFFECTIVE,SOURCE,OUT_OF_SCOPE,OUT_OF_SCOPE,,,NOT_APPLICABLE,EXCLUDED,,81684.000000,,,,,,,,NOT_APPLICABLE,EXCLUDED_FROM_BASIS,
220211,Q5,Property taxes,HOUSING,Housing,PUBLISHED_CE_UCC,PUBLISHED_CE_BASIS,LABSTAT_PUBLISHED,NOT_VERIFIED,NOT_ESTABLISHED,UNKNOWN,,,UNRESOLVED,158620.000000,OBSERVED,2.780000,false,OS_CPI_RESIDENTIAL_PROPERTY_TAX_v0_1,CE_CPI_SCOPE_RULES_V0_3,EXCLUDE,ACCEPTED,CURRENT_EFFECTIVE,SOURCE,OUT_OF_SCOPE,OUT_OF_SCOPE,,,NOT_APPLICABLE,EXCLUDED,,158620.000000,,,,,,,,NOT_APPLICABLE,EXCLUDED_FROM_BASIS,
220212,ALL_CU,Property taxes,HOUSING,Housing,PUBLISHED_CE_UCC,PUBLISHED_CE_BASIS,LABSTAT_PUBLISHED,NOT_VERIFIED,NOT_ESTABLISHED,UNKNOWN,,,UNRESOLVED,15769.000000,OBSERVED,9.050000,false,OS_CPI_RESIDENTIAL_PROPERTY_TAX_v0_1,CE_CPI_SCOPE_RULES_V0_3,EXCLUDE,ACCEPTED,CURRENT_EFFECTIVE,SOURCE,OUT_OF_SCOPE,OUT_OF_SCOPE,,,NOT_APPLICABLE,EXCLUDED,,15769.000000,,,,,,,,NOT_APPLICABLE,EXCLUDED_FROM_BASIS,
220212,Q1,Property taxes,HOUSING,Housing,PUBLISHED_CE_UCC,PUBLISHED_CE_BASIS,LABSTAT_PUBLISHED,NOT_VERIFIED,NOT_ESTABLISHED,UNKNOWN,,,UNRESOLVED,814.000000,OBSERVED,24.660000,false,OS_CPI_RESIDENTIAL_PROPERTY_TAX_v0_1,CE_CPI_SCOPE_RULES_V0_3,EXCLUDE,ACCEPTED,CURRENT_EFFECTIVE,SOURCE,OUT_OF_SCOPE,OUT_OF_SCOPE,,,NOT_APPLICABLE,EXCLUDED,,814.000000,,,,,,,,NOT_APPLICABLE,EXCLUDED_FROM_BASIS,
220212,Q2,Property taxes,HOUSING,Housing,PUBLISHED_CE_UCC,PUBLISHED_CE_BASIS,LABSTAT_PUBLISHED,NOT_VERIFIED,NOT_ESTABLISHED,UNKNOWN,,,UNRESOLVED,1551.000000,OBSERVED,21.150000,false,OS_CPI_RESIDENTIAL_PROPERTY_TAX_v0_1,CE_CPI_SCOPE_RULES_V0_3,EXCLUDE,ACCEPTED,CURRENT_EFFECTIVE,SOURCE,OUT_OF_SCOPE,OUT_OF_SCOPE,,,NOT_APPLICABLE,EXCLUDED,,1551.000000,,,,,,,,NOT_APPLICABLE,EXCLUDED_FROM_BASIS,
220212,Q3,Property taxes,HOUSING,Housing,PUBLISHED_CE_UCC,PUBLISHED_CE_BASIS,LABSTAT_PUBLISHED,NOT_VERIFIED,NOT_ESTABLISHED,UNKNOWN,,,UNRESOLVED,1491.000000,OBSERVED,26.770000,true,OS_CPI_RESIDENTIAL_PROPERTY_TAX_v0_1,CE_CPI_SCOPE_RULES_V0_3,EXCLUDE,ACCEPTED,CURRENT_EFFECTIVE,SOURCE,OUT_OF_SCOPE,OUT_OF_SCOPE,,,NOT_APPLICABLE,EXCLUDED,,1491.000000,,,,,,,,NOT_APPLICABLE,EXCLUDED_FROM_BASIS,
220212,Q4,Property taxes,HOUSING,Housing,PUBLISHED_CE_UCC,PUBLISHED_CE_BASIS,LABSTAT_PUBLISHED,NOT_VERIFIED,NOT_ESTABLISHED,UNKNOWN,,,UNRESOLVED,3088.000000,OBSERVED,17.790000,false,OS_CPI_RESIDENTIAL_PROPERTY_TAX_v0_1,CE_CPI_SCOPE_RULES_V0_3,EXCLUDE,ACCEPTED,CURRENT_EFFECTIVE,SOURCE,OUT_OF_SCOPE,OUT_OF_SCOPE,,,NOT_APPLICABLE,EXCLUDED,,3088.000000,,,,,,,,NOT_APPLICABLE,EXCLUDED_FROM_BASIS,
220212,Q5,Property taxes,HOUSING,Housing,PUBLISHED_CE_UCC,PUBLISHED_CE_BASIS,LABSTAT_PUBLISHED,NOT_VERIFIED,NOT_ESTABLISHED,UNKNOWN,,,UNRESOLVED,8825.000000,OBSERVED,11.490000,false,OS_CPI_RESIDENTIAL_PROPERTY_TAX_v0_1,CE_CPI_SCOPE_RULES_V0_3,EXCLUDE,ACCEPTED,CURRENT_EFFECTIVE,SOURCE,OUT_OF_SCOPE,OUT_OF_SCOPE,,,NOT_APPLICABLE,EXCLUDED,,8825.000000,,,,,,,,NOT_APPLICABLE,EXCLUDED_FROM_BASIS,
220311,ALL_CU,Mortgage interest,HOUSING,Housing,PUBLISHED_CE_UCC,PUBLISHED_CE_BASIS,LABSTAT_PUBLISHED,NOT_VERIFIED,NOT_ESTABLISHED,UNKNOWN,,,UNRESOLVED,471125.000000,OBSERVED,2.250000,false,OS_CPI_MORTGAGE_INTEREST_AND_CHARGES_v0_1,CE_CPI_SCOPE_RULES_V0_3,EXCLUDE,ACCEPTED,CURRENT_EFFECTIVE,SOURCE,OUT_OF_SCOPE,OUT_OF_SCOPE,,,NOT_APPLICABLE,EXCLUDED,,471125.000000,,,,,,,,NOT_APPLICABLE,EXCLUDED_FROM_BASIS,
220311,Q1,Mortgage interest,HOUSING,Housing,PUBLISHED_CE_UCC,PUBLISHED_CE_BASIS,LABSTAT_PUBLISHED,NOT_VERIFIED,NOT_ESTABLISHED,UNKNOWN,,,UNRESOLVED,18597.000000,OBSERVED,10.280000,false,OS_CPI_MORTGAGE_INTEREST_AND_CHARGES_v0_1,CE_CPI_SCOPE_RULES_V0_3,EXCLUDE,ACCEPTED,CURRENT_EFFECTIVE,SOURCE,OUT_OF_SCOPE,OUT_OF_SCOPE,,,NOT_APPLICABLE,EXCLUDED,,18597.000000,,,,,,,,NOT_APPLICABLE,EXCLUDED_FROM_BASIS,
220311,Q2,Mortgage interest,HOUSING,Housing,PUBLISHED_CE_UCC,PUBLISHED_CE_BASIS,LABSTAT_PUBLISHED,NOT_VERIFIED,NOT_ESTABLISHED,UNKNOWN,,,UNRESOLVED,35140.000000,OBSERVED,5.600000,false,OS_CPI_MORTGAGE_INTEREST_AND_CHARGES_v0_1,CE_CPI_SCOPE_RULES_V0_3,EXCLUDE,ACCEPTED,CURRENT_EFFECTIVE,SOURCE,OUT_OF_SCOPE,OUT_OF_SCOPE,,,NOT_APPLICABLE,EXCLUDED,,35140.000000,,,,,,,,NOT_APPLICABLE,EXCLUDED_FROM_BASIS,
220311,Q3,Mortgage interest,HOUSING,Housing,PUBLISHED_CE_UCC,PUBLISHED_CE_BASIS,LABSTAT_PUBLISHED,NOT_VERIFIED,NOT_ESTABLISHED,UNKNOWN,,,UNRESOLVED,67871.000000,OBSERVED,6.090000,false,OS_CPI_MORTGAGE_INTEREST_AND_CHARGES_v0_1,CE_CPI_SCOPE_RULES_V0_3,EXCLUDE,ACCEPTED,CURRENT_EFFECTIVE,SOURCE,OUT_OF_SCOPE,OUT_OF_SCOPE,,,NOT_APPLICABLE,EXCLUDED,,67871.000000,,,,,,,,NOT_APPLICABLE,EXCLUDED_FROM_BASIS,
220311,Q4,Mortgage interest,HOUSING,Housing,PUBLISHED_CE_UCC,PUBLISHED_CE_BASIS,LABSTAT_PUBLISHED,NOT_VERIFIED,NOT_ESTABLISHED,UNKNOWN,,,UNRESOLVED,119882.000000,OBSERVED,3.360000,false,OS_CPI_MORTGAGE_INTEREST_AND_CHARGES_v0_1,CE_CPI_SCOPE_RULES_V0_3,EXCLUDE,ACCEPTED,CURRENT_EFFECTIVE,SOURCE,OUT_OF_SCOPE,OUT_OF_SCOPE,,,NOT_APPLICABLE,EXCLUDED,,119882.000000,,,,,,,,NOT_APPLICABLE,EXCLUDED_FROM_BASIS,
220311,Q5,Mortgage interest,HOUSING,Housing,PUBLISHED_CE_UCC,PUBLISHED_CE_BASIS,LABSTAT_PUBLISHED,NOT_VERIFIED,NOT_ESTABLISHED,UNKNOWN,,,UNRESOLVED,229635.000000,OBSERVED,3.130000,false,OS_CPI_MORTGAGE_INTEREST_AND_CHARGES_v0_1,CE_CPI_SCOPE_RULES_V0_3,EXCLUDE,ACCEPTED,CURRENT_EFFECTIVE,SOURCE,OUT_OF_SCOPE,OUT_OF_SCOPE,,,NOT_APPLICABLE,EXCLUDED,,229635.000000,,,,,,,,NOT_APPLICABLE,EXCLUDED_FROM_BASIS,
220312,ALL_CU,Mortgage interest,HOUSING,Housing,PUBLISHED_CE_UCC,PUBLISHED_CE_BASIS,LABSTAT_PUBLISHED,NOT_VERIFIED,NOT_ESTABLISHED,UNKNOWN,,,UNRESOLVED,9623.000000,OBSERVED,15.450000,false,OS_CPI_MORTGAGE_INTEREST_AND_CHARGES_v0_1,CE_CPI_SCOPE_RULES_V0_3,EXCLUDE,ACCEPTED,CURRENT_EFFECTIVE,SOURCE,OUT_OF_SCOPE,OUT_OF_SCOPE,,,NOT_APPLICABLE,EXCLUDED,,9623.000000,,,,,,,,NOT_APPLICABLE,EXCLUDED_FROM_BASIS,
220312,Q1,Mortgage interest,HOUSING,Housing,PUBLISHED_CE_UCC,PUBLISHED_CE_BASIS,LABSTAT_PUBLISHED,NOT_VERIFIED,NOT_ESTABLISHED,UNKNOWN,,,UNRESOLVED,308.000000,OBSERVED,36.070000,true,OS_CPI_MORTGAGE_INTEREST_AND_CHARGES_v0_1,CE_CPI_SCOPE_RULES_V0_3,EXCLUDE,ACCEPTED,CURRENT_EFFECTIVE,SOURCE,OUT_OF_SCOPE,OUT_OF_SCOPE,,,NOT_APPLICABLE,EXCLUDED,,308.000000,,,,,,,,NOT_APPLICABLE,EXCLUDED_FROM_BASIS,
220312,Q2,Mortgage interest,HOUSING,Housing,PUBLISHED_CE_UCC,PUBLISHED_CE_BASIS,LABSTAT_PUBLISHED,NOT_VERIFIED,NOT_ESTABLISHED,UNKNOWN,,,UNRESOLVED,774.000000,OBSERVED,48.480000,true,OS_CPI_MORTGAGE_INTEREST_AND_CHARGES_v0_1,CE_CPI_SCOPE_RULES_V0_3,EXCLUDE,ACCEPTED,CURRENT_EFFECTIVE,SOURCE,OUT_OF_SCOPE,OUT_OF_SCOPE,,,NOT_APPLICABLE,EXCLUDED,,774.000000,,,,,,,,NOT_APPLICABLE,EXCLUDED_FROM_BASIS,
220312,Q3,Mortgage interest,HOUSING,Housing,PUBLISHED_CE_UCC,PUBLISHED_CE_BASIS,LABSTAT_PUBLISHED,NOT_VERIFIED,NOT_ESTABLISHED,UNKNOWN,,,UNRESOLVED,1108.000000,OBSERVED,44.560000,true,OS_CPI_MORTGAGE_INTEREST_AND_CHARGES_v0_1,CE_CPI_SCOPE_RULES_V0_3,EXCLUDE,ACCEPTED,CURRENT_EFFECTIVE,SOURCE,OUT_OF_SCOPE,OUT_OF_SCOPE,,,NOT_APPLICABLE,EXCLUDED,,1108.000000,,,,,,,,NOT_APPLICABLE,EXCLUDED_FROM_BASIS,
220312,Q4,Mortgage interest,HOUSING,Housing,PUBLISHED_CE_UCC,PUBLISHED_CE_BASIS,LABSTAT_PUBLISHED,NOT_VERIFIED,NOT_ESTABLISHED,UNKNOWN,,,UNRESOLVED,1846.000000,OBSERVED,29.180000,true,OS_CPI_MORTGAGE_INTEREST_AND_CHARGES_v0_1,CE_CPI_SCOPE_RULES_V0_3,EXCLUDE,ACCEPTED,CURRENT_EFFECTIVE,SOURCE,OUT_OF_SCOPE,OUT_OF_SCOPE,,,NOT_APPLICABLE,EXCLUDED,,1846.000000,,,,,,,,NOT_APPLICABLE,EXCLUDED_FROM_BASIS,
220312,Q5,Mortgage interest,HOUSING,Housing,PUBLISHED_CE_UCC,PUBLISHED_CE_BASIS,LABSTAT_PUBLISHED,NOT_VERIFIED,NOT_ESTABLISHED,UNKNOWN,,,UNRESOLVED,5587.000000,OBSERVED,20.990000,false,OS_CPI_MORTGAGE_INTEREST_AND_CHARGES_v0_1,CE_CPI_SCOPE_RULES_V0_3,EXCLUDE,ACCEPTED,CURRENT_EFFECTIVE,SOURCE,OUT_OF_SCOPE,OUT_OF_SCOPE,,,NOT_APPLICABLE,EXCLUDED,,5587.000000,,,,,,,,NOT_APPLICABLE,EXCLUDED_FROM_BASIS,
220313,ALL_CU,"Interest paid, home equity loan",HOUSING,Housing,PUBLISHED_CE_UCC,PUBLISHED_CE_BASIS,LABSTAT_PUBLISHED,NOT_VERIFIED,NOT_ESTABLISHED,UNKNOWN,,,UNRESOLVED,6130.000000,OBSERVED,15.590000,false,OS_CPI_MORTGAGE_INTEREST_AND_CHARGES_v0_1,CE_CPI_SCOPE_RULES_V0_3,EXCLUDE,ACCEPTED,CURRENT_EFFECTIVE,SOURCE,OUT_OF_SCOPE,OUT_OF_SCOPE,,,NOT_APPLICABLE,EXCLUDED,,6130.000000,,,,,,,,NOT_APPLICABLE,EXCLUDED_FROM_BASIS,
220313,Q1,"Interest paid, home equity loan",HOUSING,Housing,PUBLISHED_CE_UCC,PUBLISHED_CE_BASIS,LABSTAT_PUBLISHED,NOT_VERIFIED,NOT_ESTABLISHED,UNKNOWN,,,UNRESOLVED,228.000000,OBSERVED,32.590000,true,OS_CPI_MORTGAGE_INTEREST_AND_CHARGES_v0_1,CE_CPI_SCOPE_RULES_V0_3,EXCLUDE,ACCEPTED,CURRENT_EFFECTIVE,SOURCE,OUT_OF_SCOPE,OUT_OF_SCOPE,,,NOT_APPLICABLE,EXCLUDED,,228.000000,,,,,,,,NOT_APPLICABLE,EXCLUDED_FROM_BASIS,
220313,Q2,"Interest paid, home equity loan",HOUSING,Housing,PUBLISHED_CE_UCC,PUBLISHED_CE_BASIS,LABSTAT_PUBLISHED,NOT_VERIFIED,NOT_ESTABLISHED,UNKNOWN,,,UNRESOLVED,862.000000,OBSERVED,38.250000,true,OS_CPI_MORTGAGE_INTEREST_AND_CHARGES_v0_1,CE_CPI_SCOPE_RULES_V0_3,EXCLUDE,ACCEPTED,CURRENT_EFFECTIVE,SOURCE,OUT_OF_SCOPE,OUT_OF_SCOPE,,,NOT_APPLICABLE,EXCLUDED,,862.000000,,,,,,,,NOT_APPLICABLE,EXCLUDED_FROM_BASIS,
220313,Q3,"Interest paid, home equity loan",HOUSING,Housing,PUBLISHED_CE_UCC,PUBLISHED_CE_BASIS,LABSTAT_PUBLISHED,NOT_VERIFIED,NOT_ESTABLISHED,UNKNOWN,,,UNRESOLVED,842.000000,OBSERVED,37.050000,true,OS_CPI_MORTGAGE_INTEREST_AND_CHARGES_v0_1,CE_CPI_SCOPE_RULES_V0_3,EXCLUDE,ACCEPTED,CURRENT_EFFECTIVE,SOURCE,OUT_OF_SCOPE,OUT_OF_SCOPE,,,NOT_APPLICABLE,EXCLUDED,,842.000000,,,,,,,,NOT_APPLICABLE,EXCLUDED_FROM_BASIS,
220313,Q4,"Interest paid, home equity loan",HOUSING,Housing,PUBLISHED_CE_UCC,PUBLISHED_CE_BASIS,LABSTAT_PUBLISHED,NOT_VERIFIED,NOT_ESTABLISHED,UNKNOWN,,,UNRESOLVED,1219.000000,OBSERVED,27.880000,true,OS_CPI_MORTGAGE_INTEREST_AND_CHARGES_v0_1,CE_CPI_SCOPE_RULES_V0_3,EXCLUDE,ACCEPTED,CURRENT_EFFECTIVE,SOURCE,OUT_OF_SCOPE,OUT_OF_SCOPE,,,NOT_APPLICABLE,EXCLUDED,,1219.000000,,,,,,,,NOT_APPLICABLE,EXCLUDED_FROM_BASIS,
220313,Q5,"Interest paid, home equity loan",HOUSING,Housing,PUBLISHED_CE_UCC,PUBLISHED_CE_BASIS,LABSTAT_PUBLISHED,NOT_VERIFIED,NOT_ESTABLISHED,UNKNOWN,,,UNRESOLVED,2979.000000,OBSERVED,24.900000,false,OS_CPI_MORTGAGE_INTEREST_AND_CHARGES_v0_1,CE_CPI_SCOPE_RULES_V0_3,EXCLUDE,ACCEPTED,CURRENT_EFFECTIVE,SOURCE,OUT_OF_SCOPE,OUT_OF_SCOPE,,,NOT_APPLICABLE,EXCLUDED,,2979.000000,,,,,,,,NOT_APPLICABLE,EXCLUDED_FROM_BASIS,
220314,ALL_CU,"Interest paid, home equity loan",HOUSING,Housing,PUBLISHED_CE_UCC,PUBLISHED_CE_BASIS,LABSTAT_PUBLISHED,NOT_VERIFIED,NOT_ESTABLISHED,UNKNOWN,,,UNRESOLVED,4.000000,OBSERVED,98.910000,true,OS_CPI_MORTGAGE_INTEREST_AND_CHARGES_v0_1,CE_CPI_SCOPE_RULES_V0_3,EXCLUDE,ACCEPTED,CURRENT_EFFECTIVE,SOURCE,OUT_OF_SCOPE,OUT_OF_SCOPE,,,NOT_APPLICABLE,EXCLUDED,,4.000000,,,,,,,,NOT_APPLICABLE,EXCLUDED_FROM_BASIS,
220314,Q1,"Interest paid, home equity loan",HOUSING,Housing,PUBLISHED_CE_UCC,PUBLISHED_CE_BASIS,LABSTAT_PUBLISHED,NOT_VERIFIED,NOT_ESTABLISHED,UNKNOWN,,,UNRESOLVED,,SUPPRESSED,,,OS_CPI_MORTGAGE_INTEREST_AND_CHARGES_v0_1,CE_CPI_SCOPE_RULES_V0_3,EXCLUDE,ACCEPTED,CURRENT_EFFECTIVE,SOURCE,OUT_OF_SCOPE,OUT_OF_SCOPE,,,NOT_APPLICABLE,EXCLUDED,,,,,,,,,,NOT_APPLICABLE,EXCLUDED_FROM_BASIS,BLS publishes this series and did not publish this cell. The amount is unknown and is not zero.
220314,Q2,"Interest paid, home equity loan",HOUSING,Housing,PUBLISHED_CE_UCC,PUBLISHED_CE_BASIS,LABSTAT_PUBLISHED,NOT_VERIFIED,NOT_ESTABLISHED,UNKNOWN,,,UNRESOLVED,,SUPPRESSED,,,OS_CPI_MORTGAGE_INTEREST_AND_CHARGES_v0_1,CE_CPI_SCOPE_RULES_V0_3,EXCLUDE,ACCEPTED,CURRENT_EFFECTIVE,SOURCE,OUT_OF_SCOPE,OUT_OF_SCOPE,,,NOT_APPLICABLE,EXCLUDED,,,,,,,,,,NOT_APPLICABLE,EXCLUDED_FROM_BASIS,BLS publishes this series and did not publish this cell. The amount is unknown and is not zero.
220314,Q3,"Interest paid, home equity loan",HOUSING,Housing,PUBLISHED_CE_UCC,PUBLISHED_CE_BASIS,LABSTAT_PUBLISHED,NOT_VERIFIED,NOT_ESTABLISHED,UNKNOWN,,,UNRESOLVED,,SUPPRESSED,,,OS_CPI_MORTGAGE_INTEREST_AND_CHARGES_v0_1,CE_CPI_SCOPE_RULES_V0_3,EXCLUDE,ACCEPTED,CURRENT_EFFECTIVE,SOURCE,OUT_OF_SCOPE,OUT_OF_SCOPE,,,NOT_APPLICABLE,EXCLUDED,,,,,,,,,,NOT_APPLICABLE,EXCLUDED_FROM_BASIS,BLS publishes this series and did not publish this cell. The amount is unknown and is not zero.
220314,Q4,"Interest paid, home equity loan",HOUSING,Housing,PUBLISHED_CE_UCC,PUBLISHED_CE_BASIS,LABSTAT_PUBLISHED,NOT_VERIFIED,NOT_ESTABLISHED,UNKNOWN,,,UNRESOLVED,4.000000,OBSERVED,98.820000,true,OS_CPI_MORTGAGE_INTEREST_AND_CHARGES_v0_1,CE_CPI_SCOPE_RULES_V0_3,EXCLUDE,ACCEPTED,CURRENT_EFFECTIVE,SOURCE,OUT_OF_SCOPE,OUT_OF_SCOPE,,,NOT_APPLICABLE,EXCLUDED,,4.000000,,,,,,,,NOT_APPLICABLE,EXCLUDED_FROM_BASIS,
220314,Q5,"Interest paid, home equity loan",HOUSING,Housing,PUBLISHED_CE_UCC,PUBLISHED_CE_BASIS,LABSTAT_PUBLISHED,NOT_VERIFIED,NOT_ESTABLISHED,UNKNOWN,,,UNRESOLVED,,SUPPRESSED,,,OS_CPI_MORTGAGE_INTEREST_AND_CHARGES_v0_1,CE_CPI_SCOPE_RULES_V0_3,EXCLUDE,ACCEPTED,CURRENT_EFFECTIVE,SOURCE,OUT_OF_SCOPE,OUT_OF_SCOPE,,,NOT_APPLICABLE,EXCLUDED,,,,,,,,,,NOT_APPLICABLE,EXCLUDED_FROM_BASIS,BLS publishes this series and did not publish this cell. The amount is unknown and is not zero.
220901,ALL_CU,Parking,HOUSING,Housing,PUBLISHED_CE_UCC,PUBLISHED_CE_BASIS,LABSTAT_PUBLISHED,NOT_VERIFIED,NOT_ESTABLISHED,UNKNOWN,,,UNRESOLVED,2256.000000,OBSERVED,9.870000,false,OS_CPI_OWNER_SITE_PAYMENTS_v0_2,CE_CPI_SCOPE_RULES_V0_3,EXCLUDE,PROPOSED,CURRENT_PENDING,SOURCE,OUT_OF_SCOPE,UNRESOLVED,BLOCKED_BY_UNESTABLISHED_CONCEPT,OS_CPI_OWNER_STRUCTURE_INVESTMENT_v0_1,AMOUNT_HELD_IN_PENDING_BUCKET,PENDING,,,,,,2256.000000,,,,NOT_APPLICABLE,BLOCKED_PENDING_ADJUDICATION,
220901,Q1,Parking,HOUSING,Housing,PUBLISHED_CE_UCC,PUBLISHED_CE_BASIS,LABSTAT_PUBLISHED,NOT_VERIFIED,NOT_ESTABLISHED,UNKNOWN,,,UNRESOLVED,304.000000,OBSERVED,24.980000,false,OS_CPI_OWNER_SITE_PAYMENTS_v0_2,CE_CPI_SCOPE_RULES_V0_3,EXCLUDE,PROPOSED,CURRENT_PENDING,SOURCE,OUT_OF_SCOPE,UNRESOLVED,BLOCKED_BY_UNESTABLISHED_CONCEPT,OS_CPI_OWNER_STRUCTURE_INVESTMENT_v0_1,AMOUNT_HELD_IN_PENDING_BUCKET,PENDING,,,,,,304.000000,,,,NOT_APPLICABLE,BLOCKED_PENDING_ADJUDICATION,
220901,Q2,Parking,HOUSING,Housing,PUBLISHED_CE_UCC,PUBLISHED_CE_BASIS,LABSTAT_PUBLISHED,NOT_VERIFIED,NOT_ESTABLISHED,UNKNOWN,,,UNRESOLVED,308.000000,OBSERVED,25.120000,true,OS_CPI_OWNER_SITE_PAYMENTS_v0_2,CE_CPI_SCOPE_RULES_V0_3,EXCLUDE,PROPOSED,CURRENT_PENDING,SOURCE,OUT_OF_SCOPE,UNRESOLVED,BLOCKED_BY_UNESTABLISHED_CONCEPT,OS_CPI_OWNER_STRUCTURE_INVESTMENT_v0_1,AMOUNT_HELD_IN_PENDING_BUCKET,PENDING,,,,,,308.000000,,,,NOT_APPLICABLE,BLOCKED_PENDING_ADJUDICATION,
220901,Q3,Parking,HOUSING,Housing,PUBLISHED_CE_UCC,PUBLISHED_CE_BASIS,LABSTAT_PUBLISHED,NOT_VERIFIED,NOT_ESTABLISHED,UNKNOWN,,,UNRESOLVED,633.000000,OBSERVED,18.510000,false,OS_CPI_OWNER_SITE_PAYMENTS_v0_2,CE_CPI_SCOPE_RULES_V0_3,EXCLUDE,PROPOSED,CURRENT_PENDING,SOURCE,OUT_OF_SCOPE,UNRESOLVED,BLOCKED_BY_UNESTABLISHED_CONCEPT,OS_CPI_OWNER_STRUCTURE_INVESTMENT_v0_1,AMOUNT_HELD_IN_PENDING_BUCKET,PENDING,,,,,,633.000000,,,,NOT_APPLICABLE,BLOCKED_PENDING_ADJUDICATION,
220901,Q4,Parking,HOUSING,Housing,PUBLISHED_CE_UCC,PUBLISHED_CE_BASIS,LABSTAT_PUBLISHED,NOT_VERIFIED,NOT_ESTABLISHED,UNKNOWN,,,UNRESOLVED,434.000000,OBSERVED,13.330000,false,OS_CPI_OWNER_SITE_PAYMENTS_v0_2,CE_CPI_SCOPE_RULES_V0_3,EXCLUDE,PROPOSED,CURRENT_PENDING,SOURCE,OUT_OF_SCOPE,UNRESOLVED,BLOCKED_BY_UNESTABLISHED_CONCEPT,OS_CPI_OWNER_STRUCTURE_INVESTMENT_v0_1,AMOUNT_HELD_IN_PENDING_BUCKET,PENDING,,,,,,434.000000,,,,NOT_APPLICABLE,BLOCKED_PENDING_ADJUDICATION,
220901,Q5,Parking,HOUSING,Housing,PUBLISHED_CE_UCC,PUBLISHED_CE_BASIS,LABSTAT_PUBLISHED,NOT_VERIFIED,NOT_ESTABLISHED,UNKNOWN,,,UNRESOLVED,577.000000,OBSERVED,12.420000,false,OS_CPI_OWNER_SITE_PAYMENTS_v0_2,CE_CPI_SCOPE_RULES_V0_3,EXCLUDE,PROPOSED,CURRENT_PENDING,SOURCE,OUT_OF_SCOPE,UNRESOLVED,BLOCKED_BY_UNESTABLISHED_CONCEPT,OS_CPI_OWNER_STRUCTURE_INVESTMENT_v0_1,AMOUNT_HELD_IN_PENDING_BUCKET,PENDING,,,,,,577.000000,,,,NOT_APPLICABLE,BLOCKED_PENDING_ADJUDICATION,
220902,ALL_CU,Parking,HOUSING,Housing,PUBLISHED_CE_UCC,PUBLISHED_CE_BASIS,LABSTAT_PUBLISHED,NOT_VERIFIED,NOT_ESTABLISHED,UNKNOWN,,,UNRESOLVED,410.000000,OBSERVED,28.210000,true,RP_SECONDARY_RESIDENCE_OWNER_COST_v0_1,CE_CPI_SCOPE_RULES_V0_3,REPLACE,PROPOSED,CURRENT_PENDING,SOURCE,TRANSFORMED,UNRESOLVED,,,AMOUNT_HELD_IN_PENDING_BUCKET,PENDING,,,,,,410.000000,,,RG_SECONDARY_RESIDENCE_RENTAL_EQUIVALENCE,REMOVAL,BLOCKED_PENDING_ADJUDICATION,
220902,Q1,Parking,HOUSING,Housing,PUBLISHED_CE_UCC,PUBLISHED_CE_BASIS,LABSTAT_PUBLISHED,NOT_VERIFIED,NOT_ESTABLISHED,UNKNOWN,,,UNRESOLVED,24.000000,OBSERVED,84.040000,true,RP_SECONDARY_RESIDENCE_OWNER_COST_v0_1,CE_CPI_SCOPE_RULES_V0_3,REPLACE,PROPOSED,CURRENT_PENDING,SOURCE,TRANSFORMED,UNRESOLVED,,,AMOUNT_HELD_IN_PENDING_BUCKET,PENDING,,,,,,24.000000,,,RG_SECONDARY_RESIDENCE_RENTAL_EQUIVALENCE,REMOVAL,BLOCKED_PENDING_ADJUDICATION,
220902,Q2,Parking,HOUSING,Housing,PUBLISHED_CE_UCC,PUBLISHED_CE_BASIS,LABSTAT_PUBLISHED,NOT_VERIFIED,NOT_ESTABLISHED,UNKNOWN,,,UNRESOLVED,8.000000,OBSERVED,49.990000,true,RP_SECONDARY_RESIDENCE_OWNER_COST_v0_1,CE_CPI_SCOPE_RULES_V0_3,REPLACE,PROPOSED,CURRENT_PENDING,SOURCE,TRANSFORMED,UNRESOLVED,,,AMOUNT_HELD_IN_PENDING_BUCKET,PENDING,,,,,,8.000000,,,RG_SECONDARY_RESIDENCE_RENTAL_EQUIVALENCE,REMOVAL,BLOCKED_PENDING_ADJUDICATION,
220902,Q3,Parking,HOUSING,Housing,PUBLISHED_CE_UCC,PUBLISHED_CE_BASIS,LABSTAT_PUBLISHED,NOT_VERIFIED,NOT_ESTABLISHED,UNKNOWN,,,UNRESOLVED,77.000000,OBSERVED,52.800000,true,RP_SECONDARY_RESIDENCE_OWNER_COST_v0_1,CE_CPI_SCOPE_RULES_V0_3,REPLACE,PROPOSED,CURRENT_PENDING,SOURCE,TRANSFORMED,UNRESOLVED,,,AMOUNT_HELD_IN_PENDING_BUCKET,PENDING,,,,,,77.000000,,,RG_SECONDARY_RESIDENCE_RENTAL_EQUIVALENCE,REMOVAL,BLOCKED_PENDING_ADJUDICATION,
220902,Q4,Parking,HOUSING,Housing,PUBLISHED_CE_UCC,PUBLISHED_CE_BASIS,LABSTAT_PUBLISHED,NOT_VERIFIED,NOT_ESTABLISHED,UNKNOWN,,,UNRESOLVED,78.000000,OBSERVED,59.210000,true,RP_SECONDARY_RESIDENCE_OWNER_COST_v0_1,CE_CPI_SCOPE_RULES_V0_3,REPLACE,PROPOSED,CURRENT_PENDING,SOURCE,TRANSFORMED,UNRESOLVED,,,AMOUNT_HELD_IN_PENDING_BUCKET,PENDING,,,,,,78.000000,,,RG_SECONDARY_RESIDENCE_RENTAL_EQUIVALENCE,REMOVAL,BLOCKED_PENDING_ADJUDICATION,
220902,Q5,Parking,HOUSING,Housing,PUBLISHED_CE_UCC,PUBLISHED_CE_BASIS,LABSTAT_PUBLISHED,NOT_VERIFIED,NOT_ESTABLISHED,UNKNOWN,,,UNRESOLVED,223.000000,OBSERVED,37.650000,true,RP_SECONDARY_RESIDENCE_OWNER_COST_v0_1,CE_CPI_SCOPE_RULES_V0_3,REPLACE,PROPOSED,CURRENT_PENDING,SOURCE,TRANSFORMED,UNRESOLVED,,,AMOUNT_HELD_IN_PENDING_BUCKET,PENDING,,,,,,223.000000,,,RG_SECONDARY_RESIDENCE_RENTAL_EQUIVALENCE,REMOVAL,BLOCKED_PENDING_ADJUDICATION,
230112,ALL_CU,Painting and papering,HOUSING,Housing,DIRECT_CONCORDANCE_UCC,PUBLISHED_CE_BASIS,LABSTAT_PUBLISHED,NOT_VERIFIED,NOT_ESTABLISHED,UNKNOWN,HP043,HOUSEHOLD_FURNISHINGS_OPERATIONS,DIRECT,17098.000000,OBSERVED,18.910000,false,,,,,NOT_APPLICABLE,UNCLAIMED,,,,,NOT_APPLICABLE,RETAINED,17098.000000,,,,,,,,,NOT_APPLICABLE,ELIGIBLE,
230112,Q1,Painting and papering,HOUSING,Housing,DIRECT_CONCORDANCE_UCC,PUBLISHED_CE_BASIS,LABSTAT_PUBLISHED,NOT_VERIFIED,NOT_ESTABLISHED,UNKNOWN,HP043,HOUSEHOLD_FURNISHINGS_OPERATIONS,DIRECT,1028.000000,OBSERVED,32.980000,true,,,,,NOT_APPLICABLE,UNCLAIMED,,,,,NOT_APPLICABLE,RETAINED,1028.000000,,,,,,,,,NOT_APPLICABLE,ELIGIBLE,
230112,Q2,Painting and papering,HOUSING,Housing,DIRECT_CONCORDANCE_UCC,PUBLISHED_CE_BASIS,LABSTAT_PUBLISHED,NOT_VERIFIED,NOT_ESTABLISHED,UNKNOWN,HP043,HOUSEHOLD_FURNISHINGS_OPERATIONS,DIRECT,3067.000000,OBSERVED,48.250000,true,,,,,NOT_APPLICABLE,UNCLAIMED,,,,,NOT_APPLICABLE,RETAINED,3067.000000,,,,,,,,,NOT_APPLICABLE,ELIGIBLE,
230112,Q3,Painting and papering,HOUSING,Housing,DIRECT_CONCORDANCE_UCC,PUBLISHED_CE_BASIS,LABSTAT_PUBLISHED,NOT_VERIFIED,NOT_ESTABLISHED,UNKNOWN,HP043,HOUSEHOLD_FURNISHINGS_OPERATIONS,DIRECT,1773.000000,OBSERVED,22.550000,false,,,,,NOT_APPLICABLE,UNCLAIMED,,,,,NOT_APPLICABLE,RETAINED,1773.000000,,,,,,,,,NOT_APPLICABLE,ELIGIBLE,
230112,Q4,Painting and papering,HOUSING,Housing,DIRECT_CONCORDANCE_UCC,PUBLISHED_CE_BASIS,LABSTAT_PUBLISHED,NOT_VERIFIED,NOT_ESTABLISHED,UNKNOWN,HP043,HOUSEHOLD_FURNISHINGS_OPERATIONS,DIRECT,3779.000000,OBSERVED,27.640000,true,,,,,NOT_APPLICABLE,UNCLAIMED,,,,,NOT_APPLICABLE,RETAINED,3779.000000,,,,,,,,,NOT_APPLICABLE,ELIGIBLE,
230112,Q5,Painting and papering,HOUSING,Housing,DIRECT_CONCORDANCE_UCC,PUBLISHED_CE_BASIS,LABSTAT_PUBLISHED,NOT_VERIFIED,NOT_ESTABLISHED,UNKNOWN,HP043,HOUSEHOLD_FURNISHINGS_OPERATIONS,DIRECT,7450.000000,OBSERVED,24.790000,false,,,,,NOT_APPLICABLE,UNCLAIMED,,,,,NOT_APPLICABLE,RETAINED,7450.000000,,,,,,,,,NOT_APPLICABLE,ELIGIBLE,
230113,ALL_CU,Plumbing and water heating,HOUSING,Housing,PUBLISHED_CE_UCC,PUBLISHED_CE_BASIS,LABSTAT_PUBLISHED,NOT_VERIFIED,NOT_ESTABLISHED,UNKNOWN,,,UNRESOLVED,24576.000000,OBSERVED,10.570000,false,OS_CPI_OWNER_MAINTENANCE_SERVICES_v0_2,CE_CPI_SCOPE_RULES_V0_3,EXCLUDE,ACCEPTED,CURRENT_EFFECTIVE,SOURCE,OUT_OF_SCOPE,OUT_OF_SCOPE,,OS_CPI_OWNER_STRUCTURE_INVESTMENT_v0_1,NOT_APPLICABLE,EXCLUDED,,24576.000000,,,,,,,,NOT_APPLICABLE,EXCLUDED_FROM_BASIS,
230113,Q1,Plumbing and water heating,HOUSING,Housing,PUBLISHED_CE_UCC,PUBLISHED_CE_BASIS,LABSTAT_PUBLISHED,NOT_VERIFIED,NOT_ESTABLISHED,UNKNOWN,,,UNRESOLVED,2195.000000,OBSERVED,19.070000,false,OS_CPI_OWNER_MAINTENANCE_SERVICES_v0_2,CE_CPI_SCOPE_RULES_V0_3,EXCLUDE,ACCEPTED,CURRENT_EFFECTIVE,SOURCE,OUT_OF_SCOPE,OUT_OF_SCOPE,,OS_CPI_OWNER_STRUCTURE_INVESTMENT_v0_1,NOT_APPLICABLE,EXCLUDED,,2195.000000,,,,,,,,NOT_APPLICABLE,EXCLUDED_FROM_BASIS,
230113,Q2,Plumbing and water heating,HOUSING,Housing,PUBLISHED_CE_UCC,PUBLISHED_CE_BASIS,LABSTAT_PUBLISHED,NOT_VERIFIED,NOT_ESTABLISHED,UNKNOWN,,,UNRESOLVED,4127.000000,OBSERVED,26.130000,true,OS_CPI_OWNER_MAINTENANCE_SERVICES_v0_2,CE_CPI_SCOPE_RULES_V0_3,EXCLUDE,ACCEPTED,CURRENT_EFFECTIVE,SOURCE,OUT_OF_SCOPE,OUT_OF_SCOPE,,OS_CPI_OWNER_STRUCTURE_INVESTMENT_v0_1,NOT_APPLICABLE,EXCLUDED,,4127.000000,,,,,,,,NOT_APPLICABLE,EXCLUDED_FROM_BASIS,
230113,Q3,Plumbing and water heating,HOUSING,Housing,PUBLISHED_CE_UCC,PUBLISHED_CE_BASIS,LABSTAT_PUBLISHED,NOT_VERIFIED,NOT_ESTABLISHED,UNKNOWN,,,UNRESOLVED,5042.000000,OBSERVED,24.700000,false,OS_CPI_OWNER_MAINTENANCE_SERVICES_v0_2,CE_CPI_SCOPE_RULES_V0_3,EXCLUDE,ACCEPTED,CURRENT_EFFECTIVE,SOURCE,OUT_OF_SCOPE,OUT_OF_SCOPE,,OS_CPI_OWNER_STRUCTURE_INVESTMENT_v0_1,NOT_APPLICABLE,EXCLUDED,,5042.000000,,,,,,,,NOT_APPLICABLE,EXCLUDED_FROM_BASIS,
230113,Q4,Plumbing and water heating,HOUSING,Housing,PUBLISHED_CE_UCC,PUBLISHED_CE_BASIS,LABSTAT_PUBLISHED,NOT_VERIFIED,NOT_ESTABLISHED,UNKNOWN,,,UNRESOLVED,3644.000000,OBSERVED,22.700000,false,OS_CPI_OWNER_MAINTENANCE_SERVICES_v0_2,CE_CPI_SCOPE_RULES_V0_3,EXCLUDE,ACCEPTED,CURRENT_EFFECTIVE,SOURCE,OUT_OF_SCOPE,OUT_OF_SCOPE,,OS_CPI_OWNER_STRUCTURE_INVESTMENT_v0_1,NOT_APPLICABLE,EXCLUDED,,3644.000000,,,,,,,,NOT_APPLICABLE,EXCLUDED_FROM_BASIS,
230113,Q5,Plumbing and water heating,HOUSING,Housing,PUBLISHED_CE_UCC,PUBLISHED_CE_BASIS,LABSTAT_PUBLISHED,NOT_VERIFIED,NOT_ESTABLISHED,UNKNOWN,,,UNRESOLVED,9569.000000,OBSERVED,17.520000,false,OS_CPI_OWNER_MAINTENANCE_SERVICES_v0_2,CE_CPI_SCOPE_RULES_V0_3,EXCLUDE,ACCEPTED,CURRENT_EFFECTIVE,SOURCE,OUT_OF_SCOPE,OUT_OF_SCOPE,,OS_CPI_OWNER_STRUCTURE_INVESTMENT_v0_1,NOT_APPLICABLE,EXCLUDED,,9569.000000,,,,,,,,NOT_APPLICABLE,EXCLUDED_FROM_BASIS,
230114,ALL_CU,"Heat, a/c, and electrical work",HOUSING,Housing,PUBLISHED_CE_UCC,PUBLISHED_CE_BASIS,LABSTAT_PUBLISHED,NOT_VERIFIED,NOT_ESTABLISHED,UNKNOWN,,,UNRESOLVED,60914.000000,OBSERVED,10.860000,false,OS_CPI_OWNER_MAINTENANCE_SERVICES_v0_2,CE_CPI_SCOPE_RULES_V0_3,EXCLUDE,ACCEPTED,CURRENT_EFFECTIVE,SOURCE,OUT_OF_SCOPE,OUT_OF_SCOPE,,OS_CPI_OWNER_STRUCTURE_INVESTMENT_v0_1,NOT_APPLICABLE,EXCLUDED,,60914.000000,,,,,,,,NOT_APPLICABLE,EXCLUDED_FROM_BASIS,
230114,Q1,"Heat, a/c, and electrical work",HOUSING,Housing,PUBLISHED_CE_UCC,PUBLISHED_CE_BASIS,LABSTAT_PUBLISHED,NOT_VERIFIED,NOT_ESTABLISHED,UNKNOWN,,,UNRESOLVED,3726.000000,OBSERVED,27.510000,true,OS_CPI_OWNER_MAINTENANCE_SERVICES_v0_2,CE_CPI_SCOPE_RULES_V0_3,EXCLUDE,ACCEPTED,CURRENT_EFFECTIVE,SOURCE,OUT_OF_SCOPE,OUT_OF_SCOPE,,OS_CPI_OWNER_STRUCTURE_INVESTMENT_v0_1,NOT_APPLICABLE,EXCLUDED,,3726.000000,,,,,,,,NOT_APPLICABLE,EXCLUDED_FROM_BASIS,
230114,Q2,"Heat, a/c, and electrical work",HOUSING,Housing,PUBLISHED_CE_UCC,PUBLISHED_CE_BASIS,LABSTAT_PUBLISHED,NOT_VERIFIED,NOT_ESTABLISHED,UNKNOWN,,,UNRESOLVED,6947.000000,OBSERVED,15.040000,false,OS_CPI_OWNER_MAINTENANCE_SERVICES_v0_2,CE_CPI_SCOPE_RULES_V0_3,EXCLUDE,ACCEPTED,CURRENT_EFFECTIVE,SOURCE,OUT_OF_SCOPE,OUT_OF_SCOPE,,OS_CPI_OWNER_STRUCTURE_INVESTMENT_v0_1,NOT_APPLICABLE,EXCLUDED,,6947.000000,,,,,,,,NOT_APPLICABLE,EXCLUDED_FROM_BASIS,
230114,Q3,"Heat, a/c, and electrical work",HOUSING,Housing,PUBLISHED_CE_UCC,PUBLISHED_CE_BASIS,LABSTAT_PUBLISHED,NOT_VERIFIED,NOT_ESTABLISHED,UNKNOWN,,,UNRESOLVED,12379.000000,OBSERVED,27.980000,true,OS_CPI_OWNER_MAINTENANCE_SERVICES_v0_2,CE_CPI_SCOPE_RULES_V0_3,EXCLUDE,ACCEPTED,CURRENT_EFFECTIVE,SOURCE,OUT_OF_SCOPE,OUT_OF_SCOPE,,OS_CPI_OWNER_STRUCTURE_INVESTMENT_v0_1,NOT_APPLICABLE,EXCLUDED,,12379.000000,,,,,,,,NOT_APPLICABLE,EXCLUDED_FROM_BASIS,
230114,Q4,"Heat, a/c, and electrical work",HOUSING,Housing,PUBLISHED_CE_UCC,PUBLISHED_CE_BASIS,LABSTAT_PUBLISHED,NOT_VERIFIED,NOT_ESTABLISHED,UNKNOWN,,,UNRESOLVED,11871.000000,OBSERVED,19.630000,false,OS_CPI_OWNER_MAINTENANCE_SERVICES_v0_2,CE_CPI_SCOPE_RULES_V0_3,EXCLUDE,ACCEPTED,CURRENT_EFFECTIVE,SOURCE,OUT_OF_SCOPE,OUT_OF_SCOPE,,OS_CPI_OWNER_STRUCTURE_INVESTMENT_v0_1,NOT_APPLICABLE,EXCLUDED,,11871.000000,,,,,,,,NOT_APPLICABLE,EXCLUDED_FROM_BASIS,
230114,Q5,"Heat, a/c, and electrical work",HOUSING,Housing,PUBLISHED_CE_UCC,PUBLISHED_CE_BASIS,LABSTAT_PUBLISHED,NOT_VERIFIED,NOT_ESTABLISHED,UNKNOWN,,,UNRESOLVED,25991.000000,OBSERVED,18.020000,false,OS_CPI_OWNER_MAINTENANCE_SERVICES_v0_2,CE_CPI_SCOPE_RULES_V0_3,EXCLUDE,ACCEPTED,CURRENT_EFFECTIVE,SOURCE,OUT_OF_SCOPE,OUT_OF_SCOPE,,OS_CPI_OWNER_STRUCTURE_INVESTMENT_v0_1,NOT_APPLICABLE,EXCLUDED,,25991.000000,,,,,,,,NOT_APPLICABLE,EXCLUDED_FROM_BASIS,
230115,ALL_CU,Roofing and gutters,HOUSING,Housing,PUBLISHED_CE_UCC,PUBLISHED_CE_BASIS,LABSTAT_PUBLISHED,NOT_VERIFIED,NOT_ESTABLISHED,UNKNOWN,,,UNRESOLVED,50846.000000,OBSERVED,12.270000,false,OS_CPI_OWNER_MAINTENANCE_SERVICES_v0_2,CE_CPI_SCOPE_RULES_V0_3,EXCLUDE,ACCEPTED,CURRENT_EFFECTIVE,SOURCE,OUT_OF_SCOPE,OUT_OF_SCOPE,,OS_CPI_OWNER_STRUCTURE_INVESTMENT_v0_1,NOT_APPLICABLE,EXCLUDED,,50846.000000,,,,,,,,NOT_APPLICABLE,EXCLUDED_FROM_BASIS,
230115,Q1,Roofing and gutters,HOUSING,Housing,PUBLISHED_CE_UCC,PUBLISHED_CE_BASIS,LABSTAT_PUBLISHED,NOT_VERIFIED,NOT_ESTABLISHED,UNKNOWN,,,UNRESOLVED,2952.000000,OBSERVED,22.580000,false,OS_CPI_OWNER_MAINTENANCE_SERVICES_v0_2,CE_CPI_SCOPE_RULES_V0_3,EXCLUDE,ACCEPTED,CURRENT_EFFECTIVE,SOURCE,OUT_OF_SCOPE,OUT_OF_SCOPE,,OS_CPI_OWNER_STRUCTURE_INVESTMENT_v0_1,NOT_APPLICABLE,EXCLUDED,,2952.000000,,,,,,,,NOT_APPLICABLE,EXCLUDED_FROM_BASIS,
230115,Q2,Roofing and gutters,HOUSING,Housing,PUBLISHED_CE_UCC,PUBLISHED_CE_BASIS,LABSTAT_PUBLISHED,NOT_VERIFIED,NOT_ESTABLISHED,UNKNOWN,,,UNRESOLVED,9036.000000,OBSERVED,26.440000,true,OS_CPI_OWNER_MAINTENANCE_SERVICES_v0_2,CE_CPI_SCOPE_RULES_V0_3,EXCLUDE,ACCEPTED,CURRENT_EFFECTIVE,SOURCE,OUT_OF_SCOPE,OUT_OF_SCOPE,,OS_CPI_OWNER_STRUCTURE_INVESTMENT_v0_1,NOT_APPLICABLE,EXCLUDED,,9036.000000,,,,,,,,NOT_APPLICABLE,EXCLUDED_FROM_BASIS,
230115,Q3,Roofing and gutters,HOUSING,Housing,PUBLISHED_CE_UCC,PUBLISHED_CE_BASIS,LABSTAT_PUBLISHED,NOT_VERIFIED,NOT_ESTABLISHED,UNKNOWN,,,UNRESOLVED,12212.000000,OBSERVED,31.020000,true,OS_CPI_OWNER_MAINTENANCE_SERVICES_v0_2,CE_CPI_SCOPE_RULES_V0_3,EXCLUDE,ACCEPTED,CURRENT_EFFECTIVE,SOURCE,OUT_OF_SCOPE,OUT_OF_SCOPE,,OS_CPI_OWNER_STRUCTURE_INVESTMENT_v0_1,NOT_APPLICABLE,EXCLUDED,,12212.000000,,,,,,,,NOT_APPLICABLE,EXCLUDED_FROM_BASIS,
230115,Q4,Roofing and gutters,HOUSING,Housing,PUBLISHED_CE_UCC,PUBLISHED_CE_BASIS,LABSTAT_PUBLISHED,NOT_VERIFIED,NOT_ESTABLISHED,UNKNOWN,,,UNRESOLVED,11125.000000,OBSERVED,25.460000,true,OS_CPI_OWNER_MAINTENANCE_SERVICES_v0_2,CE_CPI_SCOPE_RULES_V0_3,EXCLUDE,ACCEPTED,CURRENT_EFFECTIVE,SOURCE,OUT_OF_SCOPE,OUT_OF_SCOPE,,OS_CPI_OWNER_STRUCTURE_INVESTMENT_v0_1,NOT_APPLICABLE,EXCLUDED,,11125.000000,,,,,,,,NOT_APPLICABLE,EXCLUDED_FROM_BASIS,
230115,Q5,Roofing and gutters,HOUSING,Housing,PUBLISHED_CE_UCC,PUBLISHED_CE_BASIS,LABSTAT_PUBLISHED,NOT_VERIFIED,NOT_ESTABLISHED,UNKNOWN,,,UNRESOLVED,15521.000000,OBSERVED,22.600000,false,OS_CPI_OWNER_MAINTENANCE_SERVICES_v0_2,CE_CPI_SCOPE_RULES_V0_3,EXCLUDE,ACCEPTED,CURRENT_EFFECTIVE,SOURCE,OUT_OF_SCOPE,OUT_OF_SCOPE,,OS_CPI_OWNER_STRUCTURE_INVESTMENT_v0_1,NOT_APPLICABLE,EXCLUDED,,15521.000000,,,,,,,,NOT_APPLICABLE,EXCLUDED_FROM_BASIS,
230117,ALL_CU,"Dishwashers (built-in), garbage disposals, and range hoods (renter)",HOUSING,Housing,DIRECT_CONCORDANCE_UCC,PUBLISHED_CE_BASIS,LABSTAT_PUBLISHED,NOT_VERIFIED,NOT_ESTABLISHED,UNKNOWN,HP043,HOUSEHOLD_FURNISHINGS_OPERATIONS,DIRECT,153.000000,OBSERVED,53.400000,true,,,,,NOT_APPLICABLE,UNCLAIMED,,,,,NOT_APPLICABLE,RETAINED,153.000000,,,,,,,,,NOT_APPLICABLE,ELIGIBLE,
230117,Q1,"Dishwashers (built-in), garbage disposals, and range hoods (renter)",HOUSING,Housing,DIRECT_CONCORDANCE_UCC,PUBLISHED_CE_BASIS,LABSTAT_PUBLISHED,NOT_VERIFIED,NOT_ESTABLISHED,UNKNOWN,HP043,HOUSEHOLD_FURNISHINGS_OPERATIONS,DIRECT,64.000000,OBSERVED,104.930000,true,,,,,NOT_APPLICABLE,UNCLAIMED,,,,,NOT_APPLICABLE,RETAINED,64.000000,,,,,,,,,NOT_APPLICABLE,ELIGIBLE,
230117,Q2,"Dishwashers (built-in), garbage disposals, and range hoods (renter)",HOUSING,Housing,DIRECT_CONCORDANCE_UCC,PUBLISHED_CE_BASIS,LABSTAT_PUBLISHED,NOT_VERIFIED,NOT_ESTABLISHED,UNKNOWN,HP043,HOUSEHOLD_FURNISHINGS_OPERATIONS,DIRECT,22.000000,OBSERVED,92.370000,true,,,,,NOT_APPLICABLE,UNCLAIMED,,,,,NOT_APPLICABLE,RETAINED,22.000000,,,,,,,,,NOT_APPLICABLE,ELIGIBLE,
230117,Q3,"Dishwashers (built-in), garbage disposals, and range hoods (renter)",HOUSING,Housing,DIRECT_CONCORDANCE_UCC,PUBLISHED_CE_BASIS,LABSTAT_PUBLISHED,NOT_VERIFIED,NOT_ESTABLISHED,UNKNOWN,HP043,HOUSEHOLD_FURNISHINGS_OPERATIONS,DIRECT,33.000000,OBSERVED,71.630000,true,,,,,NOT_APPLICABLE,UNCLAIMED,,,,,NOT_APPLICABLE,RETAINED,33.000000,,,,,,,,,NOT_APPLICABLE,ELIGIBLE,
230117,Q4,"Dishwashers (built-in), garbage disposals, and range hoods (renter)",HOUSING,Housing,DIRECT_CONCORDANCE_UCC,PUBLISHED_CE_BASIS,LABSTAT_PUBLISHED,NOT_VERIFIED,NOT_ESTABLISHED,UNKNOWN,HP043,HOUSEHOLD_FURNISHINGS_OPERATIONS,DIRECT,28.000000,OBSERVED,94.420000,true,,,,,NOT_APPLICABLE,UNCLAIMED,,,,,NOT_APPLICABLE,RETAINED,28.000000,,,,,,,,,NOT_APPLICABLE,ELIGIBLE,
230117,Q5,"Dishwashers (built-in), garbage disposals, and range hoods (renter)",HOUSING,Housing,DIRECT_CONCORDANCE_UCC,PUBLISHED_CE_BASIS,LABSTAT_PUBLISHED,NOT_VERIFIED,NOT_ESTABLISHED,UNKNOWN,HP043,HOUSEHOLD_FURNISHINGS_OPERATIONS,DIRECT,7.000000,OBSERVED,71.970000,true,,,,,NOT_APPLICABLE,UNCLAIMED,,,,,NOT_APPLICABLE,RETAINED,7.000000,,,,,,,,,NOT_APPLICABLE,ELIGIBLE,
230118,ALL_CU,"Dishwashers (built-in), garbage disposals, and range hoods (owned home)",HOUSING,Housing,DIRECT_CONCORDANCE_UCC,PUBLISHED_CE_BASIS,LABSTAT_PUBLISHED,NOT_VERIFIED,NOT_ESTABLISHED,UNKNOWN,HP043,HOUSEHOLD_FURNISHINGS_OPERATIONS,DIRECT,4462.000000,OBSERVED,11.750000,false,,,,,NOT_APPLICABLE,UNCLAIMED,,,,,NOT_APPLICABLE,RETAINED,4462.000000,,,,,,,,,NOT_APPLICABLE,ELIGIBLE,
230118,Q1,"Dishwashers (built-in), garbage disposals, and range hoods (owned home)",HOUSING,Housing,DIRECT_CONCORDANCE_UCC,PUBLISHED_CE_BASIS,LABSTAT_PUBLISHED,NOT_VERIFIED,NOT_ESTABLISHED,UNKNOWN,HP043,HOUSEHOLD_FURNISHINGS_OPERATIONS,DIRECT,219.000000,OBSERVED,37.290000,true,,,,,NOT_APPLICABLE,UNCLAIMED,,,,,NOT_APPLICABLE,RETAINED,219.000000,,,,,,,,,NOT_APPLICABLE,ELIGIBLE,
230118,Q2,"Dishwashers (built-in), garbage disposals, and range hoods (owned home)",HOUSING,Housing,DIRECT_CONCORDANCE_UCC,PUBLISHED_CE_BASIS,LABSTAT_PUBLISHED,NOT_VERIFIED,NOT_ESTABLISHED,UNKNOWN,HP043,HOUSEHOLD_FURNISHINGS_OPERATIONS,DIRECT,442.000000,OBSERVED,26.730000,true,,,,,NOT_APPLICABLE,UNCLAIMED,,,,,NOT_APPLICABLE,RETAINED,442.000000,,,,,,,,,NOT_APPLICABLE,ELIGIBLE,
230118,Q3,"Dishwashers (built-in), garbage disposals, and range hoods (owned home)",HOUSING,Housing,DIRECT_CONCORDANCE_UCC,PUBLISHED_CE_BASIS,LABSTAT_PUBLISHED,NOT_VERIFIED,NOT_ESTABLISHED,UNKNOWN,HP043,HOUSEHOLD_FURNISHINGS_OPERATIONS,DIRECT,591.000000,OBSERVED,22.820000,false,,,,,NOT_APPLICABLE,UNCLAIMED,,,,,NOT_APPLICABLE,RETAINED,591.000000,,,,,,,,,NOT_APPLICABLE,ELIGIBLE,
230118,Q4,"Dishwashers (built-in), garbage disposals, and range hoods (owned home)",HOUSING,Housing,DIRECT_CONCORDANCE_UCC,PUBLISHED_CE_BASIS,LABSTAT_PUBLISHED,NOT_VERIFIED,NOT_ESTABLISHED,UNKNOWN,HP043,HOUSEHOLD_FURNISHINGS_OPERATIONS,DIRECT,1345.000000,OBSERVED,17.420000,false,,,,,NOT_APPLICABLE,UNCLAIMED,,,,,NOT_APPLICABLE,RETAINED,1345.000000,,,,,,,,,NOT_APPLICABLE,ELIGIBLE,
230118,Q5,"Dishwashers (built-in), garbage disposals, and range hoods (owned home)",HOUSING,Housing,DIRECT_CONCORDANCE_UCC,PUBLISHED_CE_BASIS,LABSTAT_PUBLISHED,NOT_VERIFIED,NOT_ESTABLISHED,UNKNOWN,HP043,HOUSEHOLD_FURNISHINGS_OPERATIONS,DIRECT,1866.000000,OBSERVED,17.580000,false,,,,,NOT_APPLICABLE,UNCLAIMED,,,,,NOT_APPLICABLE,RETAINED,1866.000000,,,,,,,,,NOT_APPLICABLE,ELIGIBLE,
230141,ALL_CU,Repair of built-in appliances,HOUSING,Housing,DIRECT_CONCORDANCE_UCC,PUBLISHED_CE_BASIS,LABSTAT_PUBLISHED,NOT_VERIFIED,NOT_ESTABLISHED,UNKNOWN,HP041,HOUSEHOLD_FURNISHINGS_OPERATIONS,DIRECT,0.000000,OBSERVED,105.140000,true,,,,,NOT_APPLICABLE,UNCLAIMED,,,,,NOT_APPLICABLE,RETAINED,0.000000,,,,,,,,,NOT_APPLICABLE,ELIGIBLE,
230141,Q1,Repair of built-in appliances,HOUSING,Housing,DIRECT_CONCORDANCE_UCC,PUBLISHED_CE_BASIS,LABSTAT_PUBLISHED,NOT_VERIFIED,NOT_ESTABLISHED,UNKNOWN,HP041,HOUSEHOLD_FURNISHINGS_OPERATIONS,DIRECT,0.000000,OBSERVED,105.140000,true,,,,,NOT_APPLICABLE,UNCLAIMED,,,,,NOT_APPLICABLE,RETAINED,0.000000,,,,,,,,,NOT_APPLICABLE,ELIGIBLE,
230141,Q2,Repair of built-in appliances,HOUSING,Housing,DIRECT_CONCORDANCE_UCC,PUBLISHED_CE_BASIS,LABSTAT_PUBLISHED,NOT_VERIFIED,NOT_ESTABLISHED,UNKNOWN,HP041,HOUSEHOLD_FURNISHINGS_OPERATIONS,DIRECT,,SUPPRESSED,,,,,,,NOT_APPLICABLE,UNCLAIMED,,,,,NOT_APPLICABLE,RETAINED,,,,,,,,,,NOT_APPLICABLE,BLOCKED_AMOUNT_UNAVAILABLE,BLS publishes this series and did not publish this cell. The amount is unknown and is not zero.
230141,Q3,Repair of built-in appliances,HOUSING,Housing,DIRECT_CONCORDANCE_UCC,PUBLISHED_CE_BASIS,LABSTAT_PUBLISHED,NOT_VERIFIED,NOT_ESTABLISHED,UNKNOWN,HP041,HOUSEHOLD_FURNISHINGS_OPERATIONS,DIRECT,,SUPPRESSED,,,,,,,NOT_APPLICABLE,UNCLAIMED,,,,,NOT_APPLICABLE,RETAINED,,,,,,,,,,NOT_APPLICABLE,BLOCKED_AMOUNT_UNAVAILABLE,BLS publishes this series and did not publish this cell. The amount is unknown and is not zero.
230141,Q4,Repair of built-in appliances,HOUSING,Housing,DIRECT_CONCORDANCE_UCC,PUBLISHED_CE_BASIS,LABSTAT_PUBLISHED,NOT_VERIFIED,NOT_ESTABLISHED,UNKNOWN,HP041,HOUSEHOLD_FURNISHINGS_OPERATIONS,DIRECT,,SUPPRESSED,,,,,,,NOT_APPLICABLE,UNCLAIMED,,,,,NOT_APPLICABLE,RETAINED,,,,,,,,,,NOT_APPLICABLE,BLOCKED_AMOUNT_UNAVAILABLE,BLS publishes this series and did not publish this cell. The amount is unknown and is not zero.
230141,Q5,Repair of built-in appliances,HOUSING,Housing,DIRECT_CONCORDANCE_UCC,PUBLISHED_CE_BASIS,LABSTAT_PUBLISHED,NOT_VERIFIED,NOT_ESTABLISHED,UNKNOWN,HP041,HOUSEHOLD_FURNISHINGS_OPERATIONS,DIRECT,,SUPPRESSED,,,,,,,NOT_APPLICABLE,UNCLAIMED,,,,,NOT_APPLICABLE,RETAINED,,,,,,,,,,NOT_APPLICABLE,BLOCKED_AMOUNT_UNAVAILABLE,BLS publishes this series and did not publish this cell. The amount is unknown and is not zero.
230142,ALL_CU,Repair of built-in appliances,HOUSING,Housing,DIRECT_CONCORDANCE_UCC,PUBLISHED_CE_BASIS,LABSTAT_PUBLISHED,NOT_VERIFIED,NOT_ESTABLISHED,UNKNOWN,HP041,HOUSEHOLD_FURNISHINGS_OPERATIONS,DIRECT,40.000000,OBSERVED,27.520000,true,,,,,NOT_APPLICABLE,UNCLAIMED,,,,,NOT_APPLICABLE,RETAINED,40.000000,,,,,,,,,NOT_APPLICABLE,ELIGIBLE,
230142,Q1,Repair of built-in appliances,HOUSING,Housing,DIRECT_CONCORDANCE_UCC,PUBLISHED_CE_BASIS,LABSTAT_PUBLISHED,NOT_VERIFIED,NOT_ESTABLISHED,UNKNOWN,HP041,HOUSEHOLD_FURNISHINGS_OPERATIONS,DIRECT,2.000000,OBSERVED,75.890000,true,,,,,NOT_APPLICABLE,UNCLAIMED,,,,,NOT_APPLICABLE,RETAINED,2.000000,,,,,,,,,NOT_APPLICABLE,ELIGIBLE,
230142,Q2,Repair of built-in appliances,HOUSING,Housing,DIRECT_CONCORDANCE_UCC,PUBLISHED_CE_BASIS,LABSTAT_PUBLISHED,NOT_VERIFIED,NOT_ESTABLISHED,UNKNOWN,HP041,HOUSEHOLD_FURNISHINGS_OPERATIONS,DIRECT,30.000000,OBSERVED,34.380000,true,,,,,NOT_APPLICABLE,UNCLAIMED,,,,,NOT_APPLICABLE,RETAINED,30.000000,,,,,,,,,NOT_APPLICABLE,ELIGIBLE,
230142,Q3,Repair of built-in appliances,HOUSING,Housing,DIRECT_CONCORDANCE_UCC,PUBLISHED_CE_BASIS,LABSTAT_PUBLISHED,NOT_VERIFIED,NOT_ESTABLISHED,UNKNOWN,HP041,HOUSEHOLD_FURNISHINGS_OPERATIONS,DIRECT,3.000000,OBSERVED,31.370000,true,,,,,NOT_APPLICABLE,UNCLAIMED,,,,,NOT_APPLICABLE,RETAINED,3.000000,,,,,,,,,NOT_APPLICABLE,ELIGIBLE,
230142,Q4,Repair of built-in appliances,HOUSING,Housing,DIRECT_CONCORDANCE_UCC,PUBLISHED_CE_BASIS,LABSTAT_PUBLISHED,NOT_VERIFIED,NOT_ESTABLISHED,UNKNOWN,HP041,HOUSEHOLD_FURNISHINGS_OPERATIONS,DIRECT,4.000000,OBSERVED,38.320000,true,,,,,NOT_APPLICABLE,UNCLAIMED,,,,,NOT_APPLICABLE,RETAINED,4.000000,,,,,,,,,NOT_APPLICABLE,ELIGIBLE,
230142,Q5,Repair of built-in appliances,HOUSING,Housing,DIRECT_CONCORDANCE_UCC,PUBLISHED_CE_BASIS,LABSTAT_PUBLISHED,NOT_VERIFIED,NOT_ESTABLISHED,UNKNOWN,HP041,HOUSEHOLD_FURNISHINGS_OPERATIONS,DIRECT,,SUPPRESSED,,,,,,,NOT_APPLICABLE,UNCLAIMED,,,,,NOT_APPLICABLE,RETAINED,,,,,,,,,,NOT_APPLICABLE,BLOCKED_AMOUNT_UNAVAILABLE,BLS publishes this series and did not publish this cell. The amount is unknown and is not zero.
230143,ALL_CU,"Home warranties, maintenance, repairs, or services contracts on household appliances (owner)",HOUSING,Housing,PUBLISHED_CE_UCC,PUBLISHED_CE_BASIS,LABSTAT_PUBLISHED,NOT_VERIFIED,NOT_ESTABLISHED,UNKNOWN,,,UNRESOLVED,2827.000000,OBSERVED,8.890000,false,UNRESOLVED_v0_2,CE_CPI_SCOPE_RULES_V0_3,UNRESOLVED,OPEN,CURRENT_OPEN,SOURCE,UNRESOLVED,UNRESOLVED,,,NOT_APPLICABLE,OPEN,,,,,,,2827.000000,,,NOT_APPLICABLE,BLOCKED_UNRESOLVED_METHODOLOGY,
230143,Q1,"Home warranties, maintenance, repairs, or services contracts on household appliances (owner)",HOUSING,Housing,PUBLISHED_CE_UCC,PUBLISHED_CE_BASIS,LABSTAT_PUBLISHED,NOT_VERIFIED,NOT_ESTABLISHED,UNKNOWN,,,UNRESOLVED,204.000000,OBSERVED,21.990000,false,UNRESOLVED_v0_2,CE_CPI_SCOPE_RULES_V0_3,UNRESOLVED,OPEN,CURRENT_OPEN,SOURCE,UNRESOLVED,UNRESOLVED,,,NOT_APPLICABLE,OPEN,,,,,,,204.000000,,,NOT_APPLICABLE,BLOCKED_UNRESOLVED_METHODOLOGY,
230143,Q2,"Home warranties, maintenance, repairs, or services contracts on household appliances (owner)",HOUSING,Housing,PUBLISHED_CE_UCC,PUBLISHED_CE_BASIS,LABSTAT_PUBLISHED,NOT_VERIFIED,NOT_ESTABLISHED,UNKNOWN,,,UNRESOLVED,433.000000,OBSERVED,20.500000,false,UNRESOLVED_v0_2,CE_CPI_SCOPE_RULES_V0_3,UNRESOLVED,OPEN,CURRENT_OPEN,SOURCE,UNRESOLVED,UNRESOLVED,,,NOT_APPLICABLE,OPEN,,,,,,,433.000000,,,NOT_APPLICABLE,BLOCKED_UNRESOLVED_METHODOLOGY,
230143,Q3,"Home warranties, maintenance, repairs, or services contracts on household appliances (owner)",HOUSING,Housing,PUBLISHED_CE_UCC,PUBLISHED_CE_BASIS,LABSTAT_PUBLISHED,NOT_VERIFIED,NOT_ESTABLISHED,UNKNOWN,,,UNRESOLVED,658.000000,OBSERVED,18.390000,false,UNRESOLVED_v0_2,CE_CPI_SCOPE_RULES_V0_3,UNRESOLVED,OPEN,CURRENT_OPEN,SOURCE,UNRESOLVED,UNRESOLVED,,,NOT_APPLICABLE,OPEN,,,,,,,658.000000,,,NOT_APPLICABLE,BLOCKED_UNRESOLVED_METHODOLOGY,
230143,Q4,"Home warranties, maintenance, repairs, or services contracts on household appliances (owner)",HOUSING,Housing,PUBLISHED_CE_UCC,PUBLISHED_CE_BASIS,LABSTAT_PUBLISHED,NOT_VERIFIED,NOT_ESTABLISHED,UNKNOWN,,,UNRESOLVED,538.000000,OBSERVED,14.660000,false,UNRESOLVED_v0_2,CE_CPI_SCOPE_RULES_V0_3,UNRESOLVED,OPEN,CURRENT_OPEN,SOURCE,UNRESOLVED,UNRESOLVED,,,NOT_APPLICABLE,OPEN,,,,,,,538.000000,,,NOT_APPLICABLE,BLOCKED_UNRESOLVED_METHODOLOGY,
230143,Q5,"Home warranties, maintenance, repairs, or services contracts on household appliances (owner)",HOUSING,Housing,PUBLISHED_CE_UCC,PUBLISHED_CE_BASIS,LABSTAT_PUBLISHED,NOT_VERIFIED,NOT_ESTABLISHED,UNKNOWN,,,UNRESOLVED,993.000000,OBSERVED,17.670000,false,UNRESOLVED_v0_2,CE_CPI_SCOPE_RULES_V0_3,UNRESOLVED,OPEN,CURRENT_OPEN,SOURCE,UNRESOLVED,UNRESOLVED,,,NOT_APPLICABLE,OPEN,,,,,,,993.000000,,,NOT_APPLICABLE,BLOCKED_UNRESOLVED_METHODOLOGY,
230144,ALL_CU,"Home warranties, maintenance, repairs, or services contracts on household appliances (owner)",HOUSING,Housing,PUBLISHED_CE_UCC,PUBLISHED_CE_BASIS,LABSTAT_PUBLISHED,NOT_VERIFIED,NOT_ESTABLISHED,UNKNOWN,,,UNRESOLVED,146.000000,OBSERVED,37.390000,true,UNRESOLVED_v0_2,CE_CPI_SCOPE_RULES_V0_3,UNRESOLVED,OPEN,CURRENT_OPEN,SOURCE,UNRESOLVED,UNRESOLVED,,,NOT_APPLICABLE,OPEN,,,,,,,146.000000,,,NOT_APPLICABLE,BLOCKED_UNRESOLVED_METHODOLOGY,
230144,Q1,"Home warranties, maintenance, repairs, or services contracts on household appliances (owner)",HOUSING,Housing,PUBLISHED_CE_UCC,PUBLISHED_CE_BASIS,LABSTAT_PUBLISHED,NOT_VERIFIED,NOT_ESTABLISHED,UNKNOWN,,,UNRESOLVED,29.000000,OBSERVED,52.500000,true,UNRESOLVED_v0_2,CE_CPI_SCOPE_RULES_V0_3,UNRESOLVED,OPEN,CURRENT_OPEN,SOURCE,UNRESOLVED,UNRESOLVED,,,NOT_APPLICABLE,OPEN,,,,,,,29.000000,,,NOT_APPLICABLE,BLOCKED_UNRESOLVED_METHODOLOGY,
230144,Q2,"Home warranties, maintenance, repairs, or services contracts on household appliances (owner)",HOUSING,Housing,PUBLISHED_CE_UCC,PUBLISHED_CE_BASIS,LABSTAT_PUBLISHED,NOT_VERIFIED,NOT_ESTABLISHED,UNKNOWN,,,UNRESOLVED,78.000000,OBSERVED,61.720000,true,UNRESOLVED_v0_2,CE_CPI_SCOPE_RULES_V0_3,UNRESOLVED,OPEN,CURRENT_OPEN,SOURCE,UNRESOLVED,UNRESOLVED,,,NOT_APPLICABLE,OPEN,,,,,,,78.000000,,,NOT_APPLICABLE,BLOCKED_UNRESOLVED_METHODOLOGY,
230144,Q3,"Home warranties, maintenance, repairs, or services contracts on household appliances (owner)",HOUSING,Housing,PUBLISHED_CE_UCC,PUBLISHED_CE_BASIS,LABSTAT_PUBLISHED,NOT_VERIFIED,NOT_ESTABLISHED,UNKNOWN,,,UNRESOLVED,16.000000,OBSERVED,49.040000,true,UNRESOLVED_v0_2,CE_CPI_SCOPE_RULES_V0_3,UNRESOLVED,OPEN,CURRENT_OPEN,SOURCE,UNRESOLVED,UNRESOLVED,,,NOT_APPLICABLE,OPEN,,,,,,,16.000000,,,NOT_APPLICABLE,BLOCKED_UNRESOLVED_METHODOLOGY,
230144,Q4,"Home warranties, maintenance, repairs, or services contracts on household appliances (owner)",HOUSING,Housing,PUBLISHED_CE_UCC,PUBLISHED_CE_BASIS,LABSTAT_PUBLISHED,NOT_VERIFIED,NOT_ESTABLISHED,UNKNOWN,,,UNRESOLVED,15.000000,OBSERVED,64.630000,true,UNRESOLVED_v0_2,CE_CPI_SCOPE_RULES_V0_3,UNRESOLVED,OPEN,CURRENT_OPEN,SOURCE,UNRESOLVED,UNRESOLVED,,,NOT_APPLICABLE,OPEN,,,,,,,15.000000,,,NOT_APPLICABLE,BLOCKED_UNRESOLVED_METHODOLOGY,
230144,Q5,"Home warranties, maintenance, repairs, or services contracts on household appliances (owner)",HOUSING,Housing,PUBLISHED_CE_UCC,PUBLISHED_CE_BASIS,LABSTAT_PUBLISHED,NOT_VERIFIED,NOT_ESTABLISHED,UNKNOWN,,,UNRESOLVED,9.000000,OBSERVED,61.970000,true,UNRESOLVED_v0_2,CE_CPI_SCOPE_RULES_V0_3,UNRESOLVED,OPEN,CURRENT_OPEN,SOURCE,UNRESOLVED,UNRESOLVED,,,NOT_APPLICABLE,OPEN,,,,,,,9.000000,,,NOT_APPLICABLE,BLOCKED_UNRESOLVED_METHODOLOGY,
230150,ALL_CU,Repair or maintenance services,HOUSING,Housing,DIRECT_CONCORDANCE_UCC,PUBLISHED_CE_BASIS,LABSTAT_PUBLISHED,NOT_VERIFIED,NOT_ESTABLISHED,UNKNOWN,HP043,HOUSEHOLD_FURNISHINGS_OPERATIONS,DIRECT,7603.000000,OBSERVED,32.750000,true,,,,,NOT_APPLICABLE,UNCLAIMED,,,,,NOT_APPLICABLE,RETAINED,7603.000000,,,,,,,,,NOT_APPLICABLE,ELIGIBLE,
230150,Q1,Repair or maintenance services,HOUSING,Housing,DIRECT_CONCORDANCE_UCC,PUBLISHED_CE_BASIS,LABSTAT_PUBLISHED,NOT_VERIFIED,NOT_ESTABLISHED,UNKNOWN,HP043,HOUSEHOLD_FURNISHINGS_OPERATIONS,DIRECT,438.000000,OBSERVED,40.000000,true,,,,,NOT_APPLICABLE,UNCLAIMED,,,,,NOT_APPLICABLE,RETAINED,438.000000,,,,,,,,,NOT_APPLICABLE,ELIGIBLE,
230150,Q2,Repair or maintenance services,HOUSING,Housing,DIRECT_CONCORDANCE_UCC,PUBLISHED_CE_BASIS,LABSTAT_PUBLISHED,NOT_VERIFIED,NOT_ESTABLISHED,UNKNOWN,HP043,HOUSEHOLD_FURNISHINGS_OPERATIONS,DIRECT,520.000000,OBSERVED,33.190000,true,,,,,NOT_APPLICABLE,UNCLAIMED,,,,,NOT_APPLICABLE,RETAINED,520.000000,,,,,,,,,NOT_APPLICABLE,ELIGIBLE,
230150,Q3,Repair or maintenance services,HOUSING,Housing,DIRECT_CONCORDANCE_UCC,PUBLISHED_CE_BASIS,LABSTAT_PUBLISHED,NOT_VERIFIED,NOT_ESTABLISHED,UNKNOWN,HP043,HOUSEHOLD_FURNISHINGS_OPERATIONS,DIRECT,1263.000000,OBSERVED,47.410000,true,,,,,NOT_APPLICABLE,UNCLAIMED,,,,,NOT_APPLICABLE,RETAINED,1263.000000,,,,,,,,,NOT_APPLICABLE,ELIGIBLE,
230150,Q4,Repair or maintenance services,HOUSING,Housing,DIRECT_CONCORDANCE_UCC,PUBLISHED_CE_BASIS,LABSTAT_PUBLISHED,NOT_VERIFIED,NOT_ESTABLISHED,UNKNOWN,HP043,HOUSEHOLD_FURNISHINGS_OPERATIONS,DIRECT,879.000000,OBSERVED,46.310000,true,,,,,NOT_APPLICABLE,UNCLAIMED,,,,,NOT_APPLICABLE,RETAINED,879.000000,,,,,,,,,NOT_APPLICABLE,ELIGIBLE,
230150,Q5,Repair or maintenance services,HOUSING,Housing,DIRECT_CONCORDANCE_UCC,PUBLISHED_CE_BASIS,LABSTAT_PUBLISHED,NOT_VERIFIED,NOT_ESTABLISHED,UNKNOWN,HP043,HOUSEHOLD_FURNISHINGS_OPERATIONS,DIRECT,4503.000000,OBSERVED,51.740000,true,,,,,NOT_APPLICABLE,UNCLAIMED,,,,,NOT_APPLICABLE,RETAINED,4503.000000,,,,,,,,,NOT_APPLICABLE,ELIGIBLE,
230151,ALL_CU,Other repair and maintenance services,HOUSING,Housing,PUBLISHED_CE_UCC,PUBLISHED_CE_BASIS,LABSTAT_PUBLISHED,NOT_VERIFIED,NOT_ESTABLISHED,UNKNOWN,,,UNRESOLVED,62743.000000,OBSERVED,12.950000,false,OS_CPI_OWNER_MAINTENANCE_SERVICES_v0_2,CE_CPI_SCOPE_RULES_V0_3,EXCLUDE,ACCEPTED,CURRENT_EFFECTIVE,SOURCE,OUT_OF_SCOPE,OUT_OF_SCOPE,,OS_CPI_OWNER_STRUCTURE_INVESTMENT_v0_1,NOT_APPLICABLE,EXCLUDED,,62743.000000,,,,,,,,NOT_APPLICABLE,EXCLUDED_FROM_BASIS,
230151,Q1,Other repair and maintenance services,HOUSING,Housing,PUBLISHED_CE_UCC,PUBLISHED_CE_BASIS,LABSTAT_PUBLISHED,NOT_VERIFIED,NOT_ESTABLISHED,UNKNOWN,,,UNRESOLVED,4611.000000,OBSERVED,25.070000,true,OS_CPI_OWNER_MAINTENANCE_SERVICES_v0_2,CE_CPI_SCOPE_RULES_V0_3,EXCLUDE,ACCEPTED,CURRENT_EFFECTIVE,SOURCE,OUT_OF_SCOPE,OUT_OF_SCOPE,,OS_CPI_OWNER_STRUCTURE_INVESTMENT_v0_1,NOT_APPLICABLE,EXCLUDED,,4611.000000,,,,,,,,NOT_APPLICABLE,EXCLUDED_FROM_BASIS,
230151,Q2,Other repair and maintenance services,HOUSING,Housing,PUBLISHED_CE_UCC,PUBLISHED_CE_BASIS,LABSTAT_PUBLISHED,NOT_VERIFIED,NOT_ESTABLISHED,UNKNOWN,,,UNRESOLVED,5595.000000,OBSERVED,16.680000,false,OS_CPI_OWNER_MAINTENANCE_SERVICES_v0_2,CE_CPI_SCOPE_RULES_V0_3,EXCLUDE,ACCEPTED,CURRENT_EFFECTIVE,SOURCE,OUT_OF_SCOPE,OUT_OF_SCOPE,,OS_CPI_OWNER_STRUCTURE_INVESTMENT_v0_1,NOT_APPLICABLE,EXCLUDED,,5595.000000,,,,,,,,NOT_APPLICABLE,EXCLUDED_FROM_BASIS,
230151,Q3,Other repair and maintenance services,HOUSING,Housing,PUBLISHED_CE_UCC,PUBLISHED_CE_BASIS,LABSTAT_PUBLISHED,NOT_VERIFIED,NOT_ESTABLISHED,UNKNOWN,,,UNRESOLVED,12476.000000,OBSERVED,39.850000,true,OS_CPI_OWNER_MAINTENANCE_SERVICES_v0_2,CE_CPI_SCOPE_RULES_V0_3,EXCLUDE,ACCEPTED,CURRENT_EFFECTIVE,SOURCE,OUT_OF_SCOPE,OUT_OF_SCOPE,,OS_CPI_OWNER_STRUCTURE_INVESTMENT_v0_1,NOT_APPLICABLE,EXCLUDED,,12476.000000,,,,,,,,NOT_APPLICABLE,EXCLUDED_FROM_BASIS,
230151,Q4,Other repair and maintenance services,HOUSING,Housing,PUBLISHED_CE_UCC,PUBLISHED_CE_BASIS,LABSTAT_PUBLISHED,NOT_VERIFIED,NOT_ESTABLISHED,UNKNOWN,,,UNRESOLVED,10419.000000,OBSERVED,13.910000,false,OS_CPI_OWNER_MAINTENANCE_SERVICES_v0_2,CE_CPI_SCOPE_RULES_V0_3,EXCLUDE,ACCEPTED,CURRENT_EFFECTIVE,SOURCE,OUT_OF_SCOPE,OUT_OF_SCOPE,,OS_CPI_OWNER_STRUCTURE_INVESTMENT_v0_1,NOT_APPLICABLE,EXCLUDED,,10419.000000,,,,,,,,NOT_APPLICABLE,EXCLUDED_FROM_BASIS,
230151,Q5,Other repair and maintenance services,HOUSING,Housing,PUBLISHED_CE_UCC,PUBLISHED_CE_BASIS,LABSTAT_PUBLISHED,NOT_VERIFIED,NOT_ESTABLISHED,UNKNOWN,,,UNRESOLVED,29642.000000,OBSERVED,17.560000,false,OS_CPI_OWNER_MAINTENANCE_SERVICES_v0_2,CE_CPI_SCOPE_RULES_V0_3,EXCLUDE,ACCEPTED,CURRENT_EFFECTIVE,SOURCE,OUT_OF_SCOPE,OUT_OF_SCOPE,,OS_CPI_OWNER_STRUCTURE_INVESTMENT_v0_1,NOT_APPLICABLE,EXCLUDED,,29642.000000,,,,,,,,NOT_APPLICABLE,EXCLUDED_FROM_BASIS,
230152,ALL_CU,Repair and remodeling services,HOUSING,Housing,PUBLISHED_CE_UCC,PUBLISHED_CE_BASIS,LABSTAT_PUBLISHED,NOT_VERIFIED,NOT_ESTABLISHED,UNKNOWN,,,UNRESOLVED,7151.000000,OBSERVED,47.040000,true,RP_SECONDARY_RESIDENCE_OWNER_COST_v0_1,CE_CPI_SCOPE_RULES_V0_3,REPLACE,PROPOSED,CURRENT_PENDING,SOURCE,TRANSFORMED,UNRESOLVED,,,AMOUNT_HELD_IN_PENDING_BUCKET,PENDING,,,,,,7151.000000,,,RG_SECONDARY_RESIDENCE_RENTAL_EQUIVALENCE,REMOVAL,BLOCKED_PENDING_ADJUDICATION,
230152,Q1,Repair and remodeling services,HOUSING,Housing,PUBLISHED_CE_UCC,PUBLISHED_CE_BASIS,LABSTAT_PUBLISHED,NOT_VERIFIED,NOT_ESTABLISHED,UNKNOWN,,,UNRESOLVED,286.000000,OBSERVED,74.570000,true,RP_SECONDARY_RESIDENCE_OWNER_COST_v0_1,CE_CPI_SCOPE_RULES_V0_3,REPLACE,PROPOSED,CURRENT_PENDING,SOURCE,TRANSFORMED,UNRESOLVED,,,AMOUNT_HELD_IN_PENDING_BUCKET,PENDING,,,,,,286.000000,,,RG_SECONDARY_RESIDENCE_RENTAL_EQUIVALENCE,REMOVAL,BLOCKED_PENDING_ADJUDICATION,
230152,Q2,Repair and remodeling services,HOUSING,Housing,PUBLISHED_CE_UCC,PUBLISHED_CE_BASIS,LABSTAT_PUBLISHED,NOT_VERIFIED,NOT_ESTABLISHED,UNKNOWN,,,UNRESOLVED,640.000000,OBSERVED,59.080000,true,RP_SECONDARY_RESIDENCE_OWNER_COST_v0_1,CE_CPI_SCOPE_RULES_V0_3,REPLACE,PROPOSED,CURRENT_PENDING,SOURCE,TRANSFORMED,UNRESOLVED,,,AMOUNT_HELD_IN_PENDING_BUCKET,PENDING,,,,,,640.000000,,,RG_SECONDARY_RESIDENCE_RENTAL_EQUIVALENCE,REMOVAL,BLOCKED_PENDING_ADJUDICATION,
230152,Q3,Repair and remodeling services,HOUSING,Housing,PUBLISHED_CE_UCC,PUBLISHED_CE_BASIS,LABSTAT_PUBLISHED,NOT_VERIFIED,NOT_ESTABLISHED,UNKNOWN,,,UNRESOLVED,631.000000,OBSERVED,44.900000,true,RP_SECONDARY_RESIDENCE_OWNER_COST_v0_1,CE_CPI_SCOPE_RULES_V0_3,REPLACE,PROPOSED,CURRENT_PENDING,SOURCE,TRANSFORMED,UNRESOLVED,,,AMOUNT_HELD_IN_PENDING_BUCKET,PENDING,,,,,,631.000000,,,RG_SECONDARY_RESIDENCE_RENTAL_EQUIVALENCE,REMOVAL,BLOCKED_PENDING_ADJUDICATION,
230152,Q4,Repair and remodeling services,HOUSING,Housing,PUBLISHED_CE_UCC,PUBLISHED_CE_BASIS,LABSTAT_PUBLISHED,NOT_VERIFIED,NOT_ESTABLISHED,UNKNOWN,,,UNRESOLVED,3940.000000,OBSERVED,83.910000,true,RP_SECONDARY_RESIDENCE_OWNER_COST_v0_1,CE_CPI_SCOPE_RULES_V0_3,REPLACE,PROPOSED,CURRENT_PENDING,SOURCE,TRANSFORMED,UNRESOLVED,,,AMOUNT_HELD_IN_PENDING_BUCKET,PENDING,,,,,,3940.000000,,,RG_SECONDARY_RESIDENCE_RENTAL_EQUIVALENCE,REMOVAL,BLOCKED_PENDING_ADJUDICATION,
230152,Q5,Repair and remodeling services,HOUSING,Housing,PUBLISHED_CE_UCC,PUBLISHED_CE_BASIS,LABSTAT_PUBLISHED,NOT_VERIFIED,NOT_ESTABLISHED,UNKNOWN,,,UNRESOLVED,1654.000000,OBSERVED,36.440000,true,RP_SECONDARY_RESIDENCE_OWNER_COST_v0_1,CE_CPI_SCOPE_RULES_V0_3,REPLACE,PROPOSED,CURRENT_PENDING,SOURCE,TRANSFORMED,UNRESOLVED,,,AMOUNT_HELD_IN_PENDING_BUCKET,PENDING,,,,,,1654.000000,,,RG_SECONDARY_RESIDENCE_RENTAL_EQUIVALENCE,REMOVAL,BLOCKED_PENDING_ADJUDICATION,
230901,ALL_CU,Property management,HOUSING,Housing,PUBLISHED_CE_UCC,PUBLISHED_CE_BASIS,LABSTAT_PUBLISHED,NOT_VERIFIED,NOT_ESTABLISHED,UNKNOWN,,,UNRESOLVED,17688.000000,OBSERVED,8.860000,false,OS_CPI_OWNER_PROPERTY_MANAGEMENT_v0_2,CE_CPI_SCOPE_RULES_V0_3,EXCLUDE,PROPOSED,CURRENT_PENDING,SOURCE,OUT_OF_SCOPE,UNRESOLVED,BLOCKED_BY_UNESTABLISHED_CONCEPT,OS_CPI_OWNER_STRUCTURE_INVESTMENT_v0_1,AMOUNT_HELD_IN_PENDING_BUCKET,PENDING,,,,,,17688.000000,,,,NOT_APPLICABLE,BLOCKED_PENDING_ADJUDICATION,
230901,Q1,Property management,HOUSING,Housing,PUBLISHED_CE_UCC,PUBLISHED_CE_BASIS,LABSTAT_PUBLISHED,NOT_VERIFIED,NOT_ESTABLISHED,UNKNOWN,,,UNRESOLVED,2839.000000,OBSERVED,22.480000,false,OS_CPI_OWNER_PROPERTY_MANAGEMENT_v0_2,CE_CPI_SCOPE_RULES_V0_3,EXCLUDE,PROPOSED,CURRENT_PENDING,SOURCE,OUT_OF_SCOPE,UNRESOLVED,BLOCKED_BY_UNESTABLISHED_CONCEPT,OS_CPI_OWNER_STRUCTURE_INVESTMENT_v0_1,AMOUNT_HELD_IN_PENDING_BUCKET,PENDING,,,,,,2839.000000,,,,NOT_APPLICABLE,BLOCKED_PENDING_ADJUDICATION,
230901,Q2,Property management,HOUSING,Housing,PUBLISHED_CE_UCC,PUBLISHED_CE_BASIS,LABSTAT_PUBLISHED,NOT_VERIFIED,NOT_ESTABLISHED,UNKNOWN,,,UNRESOLVED,2966.000000,OBSERVED,19.040000,false,OS_CPI_OWNER_PROPERTY_MANAGEMENT_v0_2,CE_CPI_SCOPE_RULES_V0_3,EXCLUDE,PROPOSED,CURRENT_PENDING,SOURCE,OUT_OF_SCOPE,UNRESOLVED,BLOCKED_BY_UNESTABLISHED_CONCEPT,OS_CPI_OWNER_STRUCTURE_INVESTMENT_v0_1,AMOUNT_HELD_IN_PENDING_BUCKET,PENDING,,,,,,2966.000000,,,,NOT_APPLICABLE,BLOCKED_PENDING_ADJUDICATION,
230901,Q3,Property management,HOUSING,Housing,PUBLISHED_CE_UCC,PUBLISHED_CE_BASIS,LABSTAT_PUBLISHED,NOT_VERIFIED,NOT_ESTABLISHED,UNKNOWN,,,UNRESOLVED,3057.000000,OBSERVED,12.060000,false,OS_CPI_OWNER_PROPERTY_MANAGEMENT_v0_2,CE_CPI_SCOPE_RULES_V0_3,EXCLUDE,PROPOSED,CURRENT_PENDING,SOURCE,OUT_OF_SCOPE,UNRESOLVED,BLOCKED_BY_UNESTABLISHED_CONCEPT,OS_CPI_OWNER_STRUCTURE_INVESTMENT_v0_1,AMOUNT_HELD_IN_PENDING_BUCKET,PENDING,,,,,,3057.000000,,,,NOT_APPLICABLE,BLOCKED_PENDING_ADJUDICATION,
230901,Q4,Property management,HOUSING,Housing,PUBLISHED_CE_UCC,PUBLISHED_CE_BASIS,LABSTAT_PUBLISHED,NOT_VERIFIED,NOT_ESTABLISHED,UNKNOWN,,,UNRESOLVED,3837.000000,OBSERVED,14.180000,false,OS_CPI_OWNER_PROPERTY_MANAGEMENT_v0_2,CE_CPI_SCOPE_RULES_V0_3,EXCLUDE,PROPOSED,CURRENT_PENDING,SOURCE,OUT_OF_SCOPE,UNRESOLVED,BLOCKED_BY_UNESTABLISHED_CONCEPT,OS_CPI_OWNER_STRUCTURE_INVESTMENT_v0_1,AMOUNT_HELD_IN_PENDING_BUCKET,PENDING,,,,,,3837.000000,,,,NOT_APPLICABLE,BLOCKED_PENDING_ADJUDICATION,
230901,Q5,Property management,HOUSING,Housing,PUBLISHED_CE_UCC,PUBLISHED_CE_BASIS,LABSTAT_PUBLISHED,NOT_VERIFIED,NOT_ESTABLISHED,UNKNOWN,,,UNRESOLVED,4988.000000,OBSERVED,14.280000,false,OS_CPI_OWNER_PROPERTY_MANAGEMENT_v0_2,CE_CPI_SCOPE_RULES_V0_3,EXCLUDE,PROPOSED,CURRENT_PENDING,SOURCE,OUT_OF_SCOPE,UNRESOLVED,BLOCKED_BY_UNESTABLISHED_CONCEPT,OS_CPI_OWNER_STRUCTURE_INVESTMENT_v0_1,AMOUNT_HELD_IN_PENDING_BUCKET,PENDING,,,,,,4988.000000,,,,NOT_APPLICABLE,BLOCKED_PENDING_ADJUDICATION,
230902,ALL_CU,Property management,HOUSING,Housing,PUBLISHED_CE_UCC,PUBLISHED_CE_BASIS,LABSTAT_PUBLISHED,NOT_VERIFIED,NOT_ESTABLISHED,UNKNOWN,,,UNRESOLVED,1665.000000,OBSERVED,14.530000,false,RP_SECONDARY_RESIDENCE_OWNER_COST_v0_1,CE_CPI_SCOPE_RULES_V0_3,REPLACE,PROPOSED,CURRENT_PENDING,SOURCE,TRANSFORMED,UNRESOLVED,,,AMOUNT_HELD_IN_PENDING_BUCKET,PENDING,,,,,,1665.000000,,,RG_SECONDARY_RESIDENCE_RENTAL_EQUIVALENCE,REMOVAL,BLOCKED_PENDING_ADJUDICATION,
230902,Q1,Property management,HOUSING,Housing,PUBLISHED_CE_UCC,PUBLISHED_CE_BASIS,LABSTAT_PUBLISHED,NOT_VERIFIED,NOT_ESTABLISHED,UNKNOWN,,,UNRESOLVED,67.000000,OBSERVED,45.050000,true,RP_SECONDARY_RESIDENCE_OWNER_COST_v0_1,CE_CPI_SCOPE_RULES_V0_3,REPLACE,PROPOSED,CURRENT_PENDING,SOURCE,TRANSFORMED,UNRESOLVED,,,AMOUNT_HELD_IN_PENDING_BUCKET,PENDING,,,,,,67.000000,,,RG_SECONDARY_RESIDENCE_RENTAL_EQUIVALENCE,REMOVAL,BLOCKED_PENDING_ADJUDICATION,
230902,Q2,Property management,HOUSING,Housing,PUBLISHED_CE_UCC,PUBLISHED_CE_BASIS,LABSTAT_PUBLISHED,NOT_VERIFIED,NOT_ESTABLISHED,UNKNOWN,,,UNRESOLVED,227.000000,OBSERVED,37.640000,true,RP_SECONDARY_RESIDENCE_OWNER_COST_v0_1,CE_CPI_SCOPE_RULES_V0_3,REPLACE,PROPOSED,CURRENT_PENDING,SOURCE,TRANSFORMED,UNRESOLVED,,,AMOUNT_HELD_IN_PENDING_BUCKET,PENDING,,,,,,227.000000,,,RG_SECONDARY_RESIDENCE_RENTAL_EQUIVALENCE,REMOVAL,BLOCKED_PENDING_ADJUDICATION,
230902,Q3,Property management,HOUSING,Housing,PUBLISHED_CE_UCC,PUBLISHED_CE_BASIS,LABSTAT_PUBLISHED,NOT_VERIFIED,NOT_ESTABLISHED,UNKNOWN,,,UNRESOLVED,180.000000,OBSERVED,34.900000,true,RP_SECONDARY_RESIDENCE_OWNER_COST_v0_1,CE_CPI_SCOPE_RULES_V0_3,REPLACE,PROPOSED,CURRENT_PENDING,SOURCE,TRANSFORMED,UNRESOLVED,,,AMOUNT_HELD_IN_PENDING_BUCKET,PENDING,,,,,,180.000000,,,RG_SECONDARY_RESIDENCE_RENTAL_EQUIVALENCE,REMOVAL,BLOCKED_PENDING_ADJUDICATION,
230902,Q4,Property management,HOUSING,Housing,PUBLISHED_CE_UCC,PUBLISHED_CE_BASIS,LABSTAT_PUBLISHED,NOT_VERIFIED,NOT_ESTABLISHED,UNKNOWN,,,UNRESOLVED,232.000000,OBSERVED,28.060000,true,RP_SECONDARY_RESIDENCE_OWNER_COST_v0_1,CE_CPI_SCOPE_RULES_V0_3,REPLACE,PROPOSED,CURRENT_PENDING,SOURCE,TRANSFORMED,UNRESOLVED,,,AMOUNT_HELD_IN_PENDING_BUCKET,PENDING,,,,,,232.000000,,,RG_SECONDARY_RESIDENCE_RENTAL_EQUIVALENCE,REMOVAL,BLOCKED_PENDING_ADJUDICATION,
230902,Q5,Property management,HOUSING,Housing,PUBLISHED_CE_UCC,PUBLISHED_CE_BASIS,LABSTAT_PUBLISHED,NOT_VERIFIED,NOT_ESTABLISHED,UNKNOWN,,,UNRESOLVED,959.000000,OBSERVED,20.390000,false,RP_SECONDARY_RESIDENCE_OWNER_COST_v0_1,CE_CPI_SCOPE_RULES_V0_3,REPLACE,PROPOSED,CURRENT_PENDING,SOURCE,TRANSFORMED,UNRESOLVED,,,AMOUNT_HELD_IN_PENDING_BUCKET,PENDING,,,,,,959.000000,,,RG_SECONDARY_RESIDENCE_RENTAL_EQUIVALENCE,REMOVAL,BLOCKED_PENDING_ADJUDICATION,
240111,ALL_CU,"Paint, wallpaper, and supplies",HOUSING,Housing,DIRECT_CONCORDANCE_UCC,PUBLISHED_CE_BASIS,LABSTAT_PUBLISHED,NOT_VERIFIED,NOT_ESTABLISHED,UNKNOWN,HM011,HOUSEHOLD_FURNISHINGS_OPERATIONS,DIRECT,641.000000,OBSERVED,38.290000,true,,,,,NOT_APPLICABLE,UNCLAIMED,,,,,NOT_APPLICABLE,RETAINED,641.000000,,,,,,,,,NOT_APPLICABLE,ELIGIBLE,
240111,Q1,"Paint, wallpaper, and supplies",HOUSING,Housing,DIRECT_CONCORDANCE_UCC,PUBLISHED_CE_BASIS,LABSTAT_PUBLISHED,NOT_VERIFIED,NOT_ESTABLISHED,UNKNOWN,HM011,HOUSEHOLD_FURNISHINGS_OPERATIONS,DIRECT,170.000000,OBSERVED,90.520000,true,,,,,NOT_APPLICABLE,UNCLAIMED,,,,,NOT_APPLICABLE,RETAINED,170.000000,,,,,,,,,NOT_APPLICABLE,ELIGIBLE,
240111,Q2,"Paint, wallpaper, and supplies",HOUSING,Housing,DIRECT_CONCORDANCE_UCC,PUBLISHED_CE_BASIS,LABSTAT_PUBLISHED,NOT_VERIFIED,NOT_ESTABLISHED,UNKNOWN,HM011,HOUSEHOLD_FURNISHINGS_OPERATIONS,DIRECT,307.000000,OBSERVED,57.610000,true,,,,,NOT_APPLICABLE,UNCLAIMED,,,,,NOT_APPLICABLE,RETAINED,307.000000,,,,,,,,,NOT_APPLICABLE,ELIGIBLE,
240111,Q3,"Paint, wallpaper, and supplies",HOUSING,Housing,DIRECT_CONCORDANCE_UCC,PUBLISHED_CE_BASIS,LABSTAT_PUBLISHED,NOT_VERIFIED,NOT_ESTABLISHED,UNKNOWN,HM011,HOUSEHOLD_FURNISHINGS_OPERATIONS,DIRECT,84.000000,OBSERVED,46.000000,true,,,,,NOT_APPLICABLE,UNCLAIMED,,,,,NOT_APPLICABLE,RETAINED,84.000000,,,,,,,,,NOT_APPLICABLE,ELIGIBLE,
240111,Q4,"Paint, wallpaper, and supplies",HOUSING,Housing,DIRECT_CONCORDANCE_UCC,PUBLISHED_CE_BASIS,LABSTAT_PUBLISHED,NOT_VERIFIED,NOT_ESTABLISHED,UNKNOWN,HM011,HOUSEHOLD_FURNISHINGS_OPERATIONS,DIRECT,34.000000,OBSERVED,40.790000,true,,,,,NOT_APPLICABLE,UNCLAIMED,,,,,NOT_APPLICABLE,RETAINED,34.000000,,,,,,,,,NOT_APPLICABLE,ELIGIBLE,
240111,Q5,"Paint, wallpaper, and supplies",HOUSING,Housing,DIRECT_CONCORDANCE_UCC,PUBLISHED_CE_BASIS,LABSTAT_PUBLISHED,NOT_VERIFIED,NOT_ESTABLISHED,UNKNOWN,HM011,HOUSEHOLD_FURNISHINGS_OPERATIONS,DIRECT,46.000000,OBSERVED,82.320000,true,,,,,NOT_APPLICABLE,UNCLAIMED,,,,,NOT_APPLICABLE,RETAINED,46.000000,,,,,,,,,NOT_APPLICABLE,ELIGIBLE,
240112,ALL_CU,"Paints, wallpaper, and supplies",HOUSING,Housing,DIRECT_CONCORDANCE_UCC,PUBLISHED_CE_BASIS,LABSTAT_PUBLISHED,NOT_VERIFIED,NOT_ESTABLISHED,UNKNOWN,HM011,HOUSEHOLD_FURNISHINGS_OPERATIONS,DIRECT,5248.000000,OBSERVED,13.610000,false,,,,,NOT_APPLICABLE,UNCLAIMED,,,,,NOT_APPLICABLE,RETAINED,5248.000000,,,,,,,,,NOT_APPLICABLE,ELIGIBLE,
240112,Q1,"Paints, wallpaper, and supplies",HOUSING,Housing,DIRECT_CONCORDANCE_UCC,PUBLISHED_CE_BASIS,LABSTAT_PUBLISHED,NOT_VERIFIED,NOT_ESTABLISHED,UNKNOWN,HM011,HOUSEHOLD_FURNISHINGS_OPERATIONS,DIRECT,209.000000,OBSERVED,20.820000,false,,,,,NOT_APPLICABLE,UNCLAIMED,,,,,NOT_APPLICABLE,RETAINED,209.000000,,,,,,,,,NOT_APPLICABLE,ELIGIBLE,
240112,Q2,"Paints, wallpaper, and supplies",HOUSING,Housing,DIRECT_CONCORDANCE_UCC,PUBLISHED_CE_BASIS,LABSTAT_PUBLISHED,NOT_VERIFIED,NOT_ESTABLISHED,UNKNOWN,HM011,HOUSEHOLD_FURNISHINGS_OPERATIONS,DIRECT,429.000000,OBSERVED,22.380000,false,,,,,NOT_APPLICABLE,UNCLAIMED,,,,,NOT_APPLICABLE,RETAINED,429.000000,,,,,,,,,NOT_APPLICABLE,ELIGIBLE,
240112,Q3,"Paints, wallpaper, and supplies",HOUSING,Housing,DIRECT_CONCORDANCE_UCC,PUBLISHED_CE_BASIS,LABSTAT_PUBLISHED,NOT_VERIFIED,NOT_ESTABLISHED,UNKNOWN,HM011,HOUSEHOLD_FURNISHINGS_OPERATIONS,DIRECT,990.000000,OBSERVED,20.290000,false,,,,,NOT_APPLICABLE,UNCLAIMED,,,,,NOT_APPLICABLE,RETAINED,990.000000,,,,,,,,,NOT_APPLICABLE,ELIGIBLE,
240112,Q4,"Paints, wallpaper, and supplies",HOUSING,Housing,DIRECT_CONCORDANCE_UCC,PUBLISHED_CE_BASIS,LABSTAT_PUBLISHED,NOT_VERIFIED,NOT_ESTABLISHED,UNKNOWN,HM011,HOUSEHOLD_FURNISHINGS_OPERATIONS,DIRECT,1446.000000,OBSERVED,16.480000,false,,,,,NOT_APPLICABLE,UNCLAIMED,,,,,NOT_APPLICABLE,RETAINED,1446.000000,,,,,,,,,NOT_APPLICABLE,ELIGIBLE,
240112,Q5,"Paints, wallpaper, and supplies",HOUSING,Housing,DIRECT_CONCORDANCE_UCC,PUBLISHED_CE_BASIS,LABSTAT_PUBLISHED,NOT_VERIFIED,NOT_ESTABLISHED,UNKNOWN,HM011,HOUSEHOLD_FURNISHINGS_OPERATIONS,DIRECT,2173.000000,OBSERVED,30.820000,true,,,,,NOT_APPLICABLE,UNCLAIMED,,,,,NOT_APPLICABLE,RETAINED,2173.000000,,,,,,,,,NOT_APPLICABLE,ELIGIBLE,
240113,ALL_CU,"Paints, wallpaper, and supplies",HOUSING,Housing,PUBLISHED_CE_UCC,PUBLISHED_CE_BASIS,LABSTAT_PUBLISHED,NOT_VERIFIED,NOT_ESTABLISHED,UNKNOWN,,,UNRESOLVED,87.000000,OBSERVED,63.690000,true,RP_SECONDARY_RESIDENCE_OWNER_COST_v0_1,CE_CPI_SCOPE_RULES_V0_3,REPLACE,PROPOSED,CURRENT_PENDING,SOURCE,TRANSFORMED,UNRESOLVED,,,AMOUNT_HELD_IN_PENDING_BUCKET,PENDING,,,,,,87.000000,,,RG_SECONDARY_RESIDENCE_RENTAL_EQUIVALENCE,REMOVAL,BLOCKED_PENDING_ADJUDICATION,
240113,Q1,"Paints, wallpaper, and supplies",HOUSING,Housing,PUBLISHED_CE_UCC,PUBLISHED_CE_BASIS,LABSTAT_PUBLISHED,NOT_VERIFIED,NOT_ESTABLISHED,UNKNOWN,,,UNRESOLVED,33.000000,OBSERVED,118.250000,true,RP_SECONDARY_RESIDENCE_OWNER_COST_v0_1,CE_CPI_SCOPE_RULES_V0_3,REPLACE,PROPOSED,CURRENT_PENDING,SOURCE,TRANSFORMED,UNRESOLVED,,,AMOUNT_HELD_IN_PENDING_BUCKET,PENDING,,,,,,33.000000,,,RG_SECONDARY_RESIDENCE_RENTAL_EQUIVALENCE,REMOVAL,BLOCKED_PENDING_ADJUDICATION,
240113,Q2,"Paints, wallpaper, and supplies",HOUSING,Housing,PUBLISHED_CE_UCC,PUBLISHED_CE_BASIS,LABSTAT_PUBLISHED,NOT_VERIFIED,NOT_ESTABLISHED,UNKNOWN,,,UNRESOLVED,41.000000,OBSERVED,92.800000,true,RP_SECONDARY_RESIDENCE_OWNER_COST_v0_1,CE_CPI_SCOPE_RULES_V0_3,REPLACE,PROPOSED,CURRENT_PENDING,SOURCE,TRANSFORMED,UNRESOLVED,,,AMOUNT_HELD_IN_PENDING_BUCKET,PENDING,,,,,,41.000000,,,RG_SECONDARY_RESIDENCE_RENTAL_EQUIVALENCE,REMOVAL,BLOCKED_PENDING_ADJUDICATION,
240113,Q3,"Paints, wallpaper, and supplies",HOUSING,Housing,PUBLISHED_CE_UCC,PUBLISHED_CE_BASIS,LABSTAT_PUBLISHED,NOT_VERIFIED,NOT_ESTABLISHED,UNKNOWN,,,UNRESOLVED,,SUPPRESSED,,,RP_SECONDARY_RESIDENCE_OWNER_COST_v0_1,CE_CPI_SCOPE_RULES_V0_3,REPLACE,PROPOSED,CURRENT_PENDING,SOURCE,TRANSFORMED,UNRESOLVED,,,AMOUNT_HELD_IN_PENDING_BUCKET,PENDING,,,,,,,,,RG_SECONDARY_RESIDENCE_RENTAL_EQUIVALENCE,REMOVAL,BLOCKED_PENDING_ADJUDICATION,BLS publishes this series and did not publish this cell. The amount is unknown and is not zero.
240113,Q4,"Paints, wallpaper, and supplies",HOUSING,Housing,PUBLISHED_CE_UCC,PUBLISHED_CE_BASIS,LABSTAT_PUBLISHED,NOT_VERIFIED,NOT_ESTABLISHED,UNKNOWN,,,UNRESOLVED,7.000000,OBSERVED,81.180000,true,RP_SECONDARY_RESIDENCE_OWNER_COST_v0_1,CE_CPI_SCOPE_RULES_V0_3,REPLACE,PROPOSED,CURRENT_PENDING,SOURCE,TRANSFORMED,UNRESOLVED,,,AMOUNT_HELD_IN_PENDING_BUCKET,PENDING,,,,,,7.000000,,,RG_SECONDARY_RESIDENCE_RENTAL_EQUIVALENCE,REMOVAL,BLOCKED_PENDING_ADJUDICATION,
240113,Q5,"Paints, wallpaper, and supplies",HOUSING,Housing,PUBLISHED_CE_UCC,PUBLISHED_CE_BASIS,LABSTAT_PUBLISHED,NOT_VERIFIED,NOT_ESTABLISHED,UNKNOWN,,,UNRESOLVED,7.000000,OBSERVED,82.900000,true,RP_SECONDARY_RESIDENCE_OWNER_COST_v0_1,CE_CPI_SCOPE_RULES_V0_3,REPLACE,PROPOSED,CURRENT_PENDING,SOURCE,TRANSFORMED,UNRESOLVED,,,AMOUNT_HELD_IN_PENDING_BUCKET,PENDING,,,,,,7.000000,,,RG_SECONDARY_RESIDENCE_RENTAL_EQUIVALENCE,REMOVAL,BLOCKED_PENDING_ADJUDICATION,
240121,ALL_CU,Tools and equipment for painting and wallpapering,HOUSING,Housing,DIRECT_CONCORDANCE_UCC,PUBLISHED_CE_BASIS,LABSTAT_PUBLISHED,NOT_VERIFIED,NOT_ESTABLISHED,UNKNOWN,HM011,HOUSEHOLD_FURNISHINGS_OPERATIONS,DIRECT,69.000000,OBSERVED,38.270000,true,,,,,NOT_APPLICABLE,UNCLAIMED,,,,,NOT_APPLICABLE,RETAINED,69.000000,,,,,,,,,NOT_APPLICABLE,ELIGIBLE,
240121,Q1,Tools and equipment for painting and wallpapering,HOUSING,Housing,DIRECT_CONCORDANCE_UCC,PUBLISHED_CE_BASIS,LABSTAT_PUBLISHED,NOT_VERIFIED,NOT_ESTABLISHED,UNKNOWN,HM011,HOUSEHOLD_FURNISHINGS_OPERATIONS,DIRECT,18.000000,OBSERVED,90.500000,true,,,,,NOT_APPLICABLE,UNCLAIMED,,,,,NOT_APPLICABLE,RETAINED,18.000000,,,,,,,,,NOT_APPLICABLE,ELIGIBLE,
240121,Q2,Tools and equipment for painting and wallpapering,HOUSING,Housing,DIRECT_CONCORDANCE_UCC,PUBLISHED_CE_BASIS,LABSTAT_PUBLISHED,NOT_VERIFIED,NOT_ESTABLISHED,UNKNOWN,HM011,HOUSEHOLD_FURNISHINGS_OPERATIONS,DIRECT,33.000000,OBSERVED,57.600000,true,,,,,NOT_APPLICABLE,UNCLAIMED,,,,,NOT_APPLICABLE,RETAINED,33.000000,,,,,,,,,NOT_APPLICABLE,ELIGIBLE,
240121,Q3,Tools and equipment for painting and wallpapering,HOUSING,Housing,DIRECT_CONCORDANCE_UCC,PUBLISHED_CE_BASIS,LABSTAT_PUBLISHED,NOT_VERIFIED,NOT_ESTABLISHED,UNKNOWN,HM011,HOUSEHOLD_FURNISHINGS_OPERATIONS,DIRECT,9.000000,OBSERVED,45.980000,true,,,,,NOT_APPLICABLE,UNCLAIMED,,,,,NOT_APPLICABLE,RETAINED,9.000000,,,,,,,,,NOT_APPLICABLE,ELIGIBLE,
240121,Q4,Tools and equipment for painting and wallpapering,HOUSING,Housing,DIRECT_CONCORDANCE_UCC,PUBLISHED_CE_BASIS,LABSTAT_PUBLISHED,NOT_VERIFIED,NOT_ESTABLISHED,UNKNOWN,HM011,HOUSEHOLD_FURNISHINGS_OPERATIONS,DIRECT,4.000000,OBSERVED,40.760000,true,,,,,NOT_APPLICABLE,UNCLAIMED,,,,,NOT_APPLICABLE,RETAINED,4.000000,,,,,,,,,NOT_APPLICABLE,ELIGIBLE,
240121,Q5,Tools and equipment for painting and wallpapering,HOUSING,Housing,DIRECT_CONCORDANCE_UCC,PUBLISHED_CE_BASIS,LABSTAT_PUBLISHED,NOT_VERIFIED,NOT_ESTABLISHED,UNKNOWN,HM011,HOUSEHOLD_FURNISHINGS_OPERATIONS,DIRECT,5.000000,OBSERVED,82.320000,true,,,,,NOT_APPLICABLE,UNCLAIMED,,,,,NOT_APPLICABLE,RETAINED,5.000000,,,,,,,,,NOT_APPLICABLE,ELIGIBLE,
240122,ALL_CU,Tools and equipment for painting and wallpapering,HOUSING,Housing,DIRECT_CONCORDANCE_UCC,PUBLISHED_CE_BASIS,LABSTAT_PUBLISHED,NOT_VERIFIED,NOT_ESTABLISHED,UNKNOWN,HM011,HOUSEHOLD_FURNISHINGS_OPERATIONS,DIRECT,564.000000,OBSERVED,13.600000,false,,,,,NOT_APPLICABLE,UNCLAIMED,,,,,NOT_APPLICABLE,RETAINED,564.000000,,,,,,,,,NOT_APPLICABLE,ELIGIBLE,
240122,Q1,Tools and equipment for painting and wallpapering,HOUSING,Housing,DIRECT_CONCORDANCE_UCC,PUBLISHED_CE_BASIS,LABSTAT_PUBLISHED,NOT_VERIFIED,NOT_ESTABLISHED,UNKNOWN,HM011,HOUSEHOLD_FURNISHINGS_OPERATIONS,DIRECT,22.000000,OBSERVED,20.820000,false,,,,,NOT_APPLICABLE,UNCLAIMED,,,,,NOT_APPLICABLE,RETAINED,22.000000,,,,,,,,,NOT_APPLICABLE,ELIGIBLE,
240122,Q2,Tools and equipment for painting and wallpapering,HOUSING,Housing,DIRECT_CONCORDANCE_UCC,PUBLISHED_CE_BASIS,LABSTAT_PUBLISHED,NOT_VERIFIED,NOT_ESTABLISHED,UNKNOWN,HM011,HOUSEHOLD_FURNISHINGS_OPERATIONS,DIRECT,46.000000,OBSERVED,22.380000,false,,,,,NOT_APPLICABLE,UNCLAIMED,,,,,NOT_APPLICABLE,RETAINED,46.000000,,,,,,,,,NOT_APPLICABLE,ELIGIBLE,
240122,Q3,Tools and equipment for painting and wallpapering,HOUSING,Housing,DIRECT_CONCORDANCE_UCC,PUBLISHED_CE_BASIS,LABSTAT_PUBLISHED,NOT_VERIFIED,NOT_ESTABLISHED,UNKNOWN,HM011,HOUSEHOLD_FURNISHINGS_OPERATIONS,DIRECT,106.000000,OBSERVED,20.290000,false,,,,,NOT_APPLICABLE,UNCLAIMED,,,,,NOT_APPLICABLE,RETAINED,106.000000,,,,,,,,,NOT_APPLICABLE,ELIGIBLE,
240122,Q4,Tools and equipment for painting and wallpapering,HOUSING,Housing,DIRECT_CONCORDANCE_UCC,PUBLISHED_CE_BASIS,LABSTAT_PUBLISHED,NOT_VERIFIED,NOT_ESTABLISHED,UNKNOWN,HM011,HOUSEHOLD_FURNISHINGS_OPERATIONS,DIRECT,155.000000,OBSERVED,16.480000,false,,,,,NOT_APPLICABLE,UNCLAIMED,,,,,NOT_APPLICABLE,RETAINED,155.000000,,,,,,,,,NOT_APPLICABLE,ELIGIBLE,
240122,Q5,Tools and equipment for painting and wallpapering,HOUSING,Housing,DIRECT_CONCORDANCE_UCC,PUBLISHED_CE_BASIS,LABSTAT_PUBLISHED,NOT_VERIFIED,NOT_ESTABLISHED,UNKNOWN,HM011,HOUSEHOLD_FURNISHINGS_OPERATIONS,DIRECT,233.000000,OBSERVED,30.820000,true,,,,,NOT_APPLICABLE,UNCLAIMED,,,,,NOT_APPLICABLE,RETAINED,233.000000,,,,,,,,,NOT_APPLICABLE,ELIGIBLE,
240123,ALL_CU,Tools and equipment for painting and wallpapering,HOUSING,Housing,PUBLISHED_CE_UCC,PUBLISHED_CE_BASIS,LABSTAT_PUBLISHED,NOT_VERIFIED,NOT_ESTABLISHED,UNKNOWN,,,UNRESOLVED,9.000000,OBSERVED,63.690000,true,RP_SECONDARY_RESIDENCE_OWNER_COST_v0_1,CE_CPI_SCOPE_RULES_V0_3,REPLACE,PROPOSED,CURRENT_PENDING,SOURCE,TRANSFORMED,UNRESOLVED,,,AMOUNT_HELD_IN_PENDING_BUCKET,PENDING,,,,,,9.000000,,,RG_SECONDARY_RESIDENCE_RENTAL_EQUIVALENCE,REMOVAL,BLOCKED_PENDING_ADJUDICATION,
240123,Q1,Tools and equipment for painting and wallpapering,HOUSING,Housing,PUBLISHED_CE_UCC,PUBLISHED_CE_BASIS,LABSTAT_PUBLISHED,NOT_VERIFIED,NOT_ESTABLISHED,UNKNOWN,,,UNRESOLVED,4.000000,OBSERVED,118.250000,true,RP_SECONDARY_RESIDENCE_OWNER_COST_v0_1,CE_CPI_SCOPE_RULES_V0_3,REPLACE,PROPOSED,CURRENT_PENDING,SOURCE,TRANSFORMED,UNRESOLVED,,,AMOUNT_HELD_IN_PENDING_BUCKET,PENDING,,,,,,4.000000,,,RG_SECONDARY_RESIDENCE_RENTAL_EQUIVALENCE,REMOVAL,BLOCKED_PENDING_ADJUDICATION,
240123,Q2,Tools and equipment for painting and wallpapering,HOUSING,Housing,PUBLISHED_CE_UCC,PUBLISHED_CE_BASIS,LABSTAT_PUBLISHED,NOT_VERIFIED,NOT_ESTABLISHED,UNKNOWN,,,UNRESOLVED,4.000000,OBSERVED,92.800000,true,RP_SECONDARY_RESIDENCE_OWNER_COST_v0_1,CE_CPI_SCOPE_RULES_V0_3,REPLACE,PROPOSED,CURRENT_PENDING,SOURCE,TRANSFORMED,UNRESOLVED,,,AMOUNT_HELD_IN_PENDING_BUCKET,PENDING,,,,,,4.000000,,,RG_SECONDARY_RESIDENCE_RENTAL_EQUIVALENCE,REMOVAL,BLOCKED_PENDING_ADJUDICATION,
240123,Q3,Tools and equipment for painting and wallpapering,HOUSING,Housing,PUBLISHED_CE_UCC,PUBLISHED_CE_BASIS,LABSTAT_PUBLISHED,NOT_VERIFIED,NOT_ESTABLISHED,UNKNOWN,,,UNRESOLVED,,SUPPRESSED,,,RP_SECONDARY_RESIDENCE_OWNER_COST_v0_1,CE_CPI_SCOPE_RULES_V0_3,REPLACE,PROPOSED,CURRENT_PENDING,SOURCE,TRANSFORMED,UNRESOLVED,,,AMOUNT_HELD_IN_PENDING_BUCKET,PENDING,,,,,,,,,RG_SECONDARY_RESIDENCE_RENTAL_EQUIVALENCE,REMOVAL,BLOCKED_PENDING_ADJUDICATION,BLS publishes this series and did not publish this cell. The amount is unknown and is not zero.
240123,Q4,Tools and equipment for painting and wallpapering,HOUSING,Housing,PUBLISHED_CE_UCC,PUBLISHED_CE_BASIS,LABSTAT_PUBLISHED,NOT_VERIFIED,NOT_ESTABLISHED,UNKNOWN,,,UNRESOLVED,1.000000,OBSERVED,81.180000,true,RP_SECONDARY_RESIDENCE_OWNER_COST_v0_1,CE_CPI_SCOPE_RULES_V0_3,REPLACE,PROPOSED,CURRENT_PENDING,SOURCE,TRANSFORMED,UNRESOLVED,,,AMOUNT_HELD_IN_PENDING_BUCKET,PENDING,,,,,,1.000000,,,RG_SECONDARY_RESIDENCE_RENTAL_EQUIVALENCE,REMOVAL,BLOCKED_PENDING_ADJUDICATION,
240123,Q5,Tools and equipment for painting and wallpapering,HOUSING,Housing,PUBLISHED_CE_UCC,PUBLISHED_CE_BASIS,LABSTAT_PUBLISHED,NOT_VERIFIED,NOT_ESTABLISHED,UNKNOWN,,,UNRESOLVED,1.000000,OBSERVED,82.900000,true,RP_SECONDARY_RESIDENCE_OWNER_COST_v0_1,CE_CPI_SCOPE_RULES_V0_3,REPLACE,PROPOSED,CURRENT_PENDING,SOURCE,TRANSFORMED,UNRESOLVED,,,AMOUNT_HELD_IN_PENDING_BUCKET,PENDING,,,,,,1.000000,,,RG_SECONDARY_RESIDENCE_RENTAL_EQUIVALENCE,REMOVAL,BLOCKED_PENDING_ADJUDICATION,
240211,ALL_CU,"Materials for plastering, panels, roofing, and gutters, etc.",HOUSING,Housing,DIRECT_CONCORDANCE_UCC,PUBLISHED_CE_BASIS,LABSTAT_PUBLISHED,NOT_VERIFIED,NOT_ESTABLISHED,UNKNOWN,HM090,HOUSEHOLD_FURNISHINGS_OPERATIONS,DIRECT,164.000000,OBSERVED,33.290000,true,,,,,NOT_APPLICABLE,UNCLAIMED,,,,,NOT_APPLICABLE,RETAINED,164.000000,,,,,,,,,NOT_APPLICABLE,ELIGIBLE,
240211,Q1,"Materials for plastering, panels, roofing, and gutters, etc.",HOUSING,Housing,DIRECT_CONCORDANCE_UCC,PUBLISHED_CE_BASIS,LABSTAT_PUBLISHED,NOT_VERIFIED,NOT_ESTABLISHED,UNKNOWN,HM090,HOUSEHOLD_FURNISHINGS_OPERATIONS,DIRECT,13.000000,OBSERVED,33.640000,true,,,,,NOT_APPLICABLE,UNCLAIMED,,,,,NOT_APPLICABLE,RETAINED,13.000000,,,,,,,,,NOT_APPLICABLE,ELIGIBLE,
240211,Q2,"Materials for plastering, panels, roofing, and gutters, etc.",HOUSING,Housing,DIRECT_CONCORDANCE_UCC,PUBLISHED_CE_BASIS,LABSTAT_PUBLISHED,NOT_VERIFIED,NOT_ESTABLISHED,UNKNOWN,HM090,HOUSEHOLD_FURNISHINGS_OPERATIONS,DIRECT,31.000000,OBSERVED,59.470000,true,,,,,NOT_APPLICABLE,UNCLAIMED,,,,,NOT_APPLICABLE,RETAINED,31.000000,,,,,,,,,NOT_APPLICABLE,ELIGIBLE,
240211,Q3,"Materials for plastering, panels, roofing, and gutters, etc.",HOUSING,Housing,DIRECT_CONCORDANCE_UCC,PUBLISHED_CE_BASIS,LABSTAT_PUBLISHED,NOT_VERIFIED,NOT_ESTABLISHED,UNKNOWN,HM090,HOUSEHOLD_FURNISHINGS_OPERATIONS,DIRECT,22.000000,OBSERVED,33.440000,true,,,,,NOT_APPLICABLE,UNCLAIMED,,,,,NOT_APPLICABLE,RETAINED,22.000000,,,,,,,,,NOT_APPLICABLE,ELIGIBLE,
240211,Q4,"Materials for plastering, panels, roofing, and gutters, etc.",HOUSING,Housing,DIRECT_CONCORDANCE_UCC,PUBLISHED_CE_BASIS,LABSTAT_PUBLISHED,NOT_VERIFIED,NOT_ESTABLISHED,UNKNOWN,HM090,HOUSEHOLD_FURNISHINGS_OPERATIONS,DIRECT,39.000000,OBSERVED,44.090000,true,,,,,NOT_APPLICABLE,UNCLAIMED,,,,,NOT_APPLICABLE,RETAINED,39.000000,,,,,,,,,NOT_APPLICABLE,ELIGIBLE,
240211,Q5,"Materials for plastering, panels, roofing, and gutters, etc.",HOUSING,Housing,DIRECT_CONCORDANCE_UCC,PUBLISHED_CE_BASIS,LABSTAT_PUBLISHED,NOT_VERIFIED,NOT_ESTABLISHED,UNKNOWN,HM090,HOUSEHOLD_FURNISHINGS_OPERATIONS,DIRECT,58.000000,OBSERVED,80.740000,true,,,,,NOT_APPLICABLE,UNCLAIMED,,,,,NOT_APPLICABLE,RETAINED,58.000000,,,,,,,,,NOT_APPLICABLE,ELIGIBLE,
240212,ALL_CU,"Materials for plaster, panel, siding, windows, doors, screens, and awnings",HOUSING,Housing,DIRECT_CONCORDANCE_UCC,PUBLISHED_CE_BASIS,LABSTAT_PUBLISHED,NOT_VERIFIED,NOT_ESTABLISHED,UNKNOWN,HM090,HOUSEHOLD_FURNISHINGS_OPERATIONS,DIRECT,6634.000000,OBSERVED,27.690000,true,,,,,NOT_APPLICABLE,UNCLAIMED,,,,,NOT_APPLICABLE,RETAINED,6634.000000,,,,,,,,,NOT_APPLICABLE,ELIGIBLE,
240212,Q1,"Materials for plaster, panel, siding, windows, doors, screens, and awnings",HOUSING,Housing,DIRECT_CONCORDANCE_UCC,PUBLISHED_CE_BASIS,LABSTAT_PUBLISHED,NOT_VERIFIED,NOT_ESTABLISHED,UNKNOWN,HM090,HOUSEHOLD_FURNISHINGS_OPERATIONS,DIRECT,499.000000,OBSERVED,33.470000,true,,,,,NOT_APPLICABLE,UNCLAIMED,,,,,NOT_APPLICABLE,RETAINED,499.000000,,,,,,,,,NOT_APPLICABLE,ELIGIBLE,
240212,Q2,"Materials for plaster, panel, siding, windows, doors, screens, and awnings",HOUSING,Housing,DIRECT_CONCORDANCE_UCC,PUBLISHED_CE_BASIS,LABSTAT_PUBLISHED,NOT_VERIFIED,NOT_ESTABLISHED,UNKNOWN,HM090,HOUSEHOLD_FURNISHINGS_OPERATIONS,DIRECT,861.000000,OBSERVED,34.740000,true,,,,,NOT_APPLICABLE,UNCLAIMED,,,,,NOT_APPLICABLE,RETAINED,861.000000,,,,,,,,,NOT_APPLICABLE,ELIGIBLE,
240212,Q3,"Materials for plaster, panel, siding, windows, doors, screens, and awnings",HOUSING,Housing,DIRECT_CONCORDANCE_UCC,PUBLISHED_CE_BASIS,LABSTAT_PUBLISHED,NOT_VERIFIED,NOT_ESTABLISHED,UNKNOWN,HM090,HOUSEHOLD_FURNISHINGS_OPERATIONS,DIRECT,701.000000,OBSERVED,29.460000,true,,,,,NOT_APPLICABLE,UNCLAIMED,,,,,NOT_APPLICABLE,RETAINED,701.000000,,,,,,,,,NOT_APPLICABLE,ELIGIBLE,
240212,Q4,"Materials for plaster, panel, siding, windows, doors, screens, and awnings",HOUSING,Housing,DIRECT_CONCORDANCE_UCC,PUBLISHED_CE_BASIS,LABSTAT_PUBLISHED,NOT_VERIFIED,NOT_ESTABLISHED,UNKNOWN,HM090,HOUSEHOLD_FURNISHINGS_OPERATIONS,DIRECT,2173.000000,OBSERVED,39.920000,true,,,,,NOT_APPLICABLE,UNCLAIMED,,,,,NOT_APPLICABLE,RETAINED,2173.000000,,,,,,,,,NOT_APPLICABLE,ELIGIBLE,
240212,Q5,"Materials for plaster, panel, siding, windows, doors, screens, and awnings",HOUSING,Housing,DIRECT_CONCORDANCE_UCC,PUBLISHED_CE_BASIS,LABSTAT_PUBLISHED,NOT_VERIFIED,NOT_ESTABLISHED,UNKNOWN,HM090,HOUSEHOLD_FURNISHINGS_OPERATIONS,DIRECT,2400.000000,OBSERVED,46.420000,true,,,,,NOT_APPLICABLE,UNCLAIMED,,,,,NOT_APPLICABLE,RETAINED,2400.000000,,,,,,,,,NOT_APPLICABLE,ELIGIBLE,
240213,ALL_CU,Materials and equipment for roofs and gutters,HOUSING,Housing,PUBLISHED_CE_UCC,PUBLISHED_CE_BASIS,LABSTAT_PUBLISHED,NOT_VERIFIED,NOT_ESTABLISHED,UNKNOWN,,,UNRESOLVED,3440.000000,OBSERVED,22.270000,false,OS_CPI_OWNER_ROOF_MATERIALS_ANOMALY_v0_2,CE_CPI_SCOPE_RULES_V0_3,EXCLUDE,PROPOSED,CURRENT_PENDING,SOURCE,OUT_OF_SCOPE,UNRESOLVED,BLOCKED_BY_CONTRADICTORY_MEMBERSHIP,OS_CPI_OWNER_STRUCTURE_INVESTMENT_v0_1,AMOUNT_HELD_IN_PENDING_BUCKET,PENDING,,,,,,3440.000000,,,,NOT_APPLICABLE,BLOCKED_PENDING_ADJUDICATION,
240213,Q1,Materials and equipment for roofs and gutters,HOUSING,Housing,PUBLISHED_CE_UCC,PUBLISHED_CE_BASIS,LABSTAT_PUBLISHED,NOT_VERIFIED,NOT_ESTABLISHED,UNKNOWN,,,UNRESOLVED,126.000000,OBSERVED,50.680000,true,OS_CPI_OWNER_ROOF_MATERIALS_ANOMALY_v0_2,CE_CPI_SCOPE_RULES_V0_3,EXCLUDE,PROPOSED,CURRENT_PENDING,SOURCE,OUT_OF_SCOPE,UNRESOLVED,BLOCKED_BY_CONTRADICTORY_MEMBERSHIP,OS_CPI_OWNER_STRUCTURE_INVESTMENT_v0_1,AMOUNT_HELD_IN_PENDING_BUCKET,PENDING,,,,,,126.000000,,,,NOT_APPLICABLE,BLOCKED_PENDING_ADJUDICATION,
240213,Q2,Materials and equipment for roofs and gutters,HOUSING,Housing,PUBLISHED_CE_UCC,PUBLISHED_CE_BASIS,LABSTAT_PUBLISHED,NOT_VERIFIED,NOT_ESTABLISHED,UNKNOWN,,,UNRESOLVED,645.000000,OBSERVED,58.460000,true,OS_CPI_OWNER_ROOF_MATERIALS_ANOMALY_v0_2,CE_CPI_SCOPE_RULES_V0_3,EXCLUDE,PROPOSED,CURRENT_PENDING,SOURCE,OUT_OF_SCOPE,UNRESOLVED,BLOCKED_BY_CONTRADICTORY_MEMBERSHIP,OS_CPI_OWNER_STRUCTURE_INVESTMENT_v0_1,AMOUNT_HELD_IN_PENDING_BUCKET,PENDING,,,,,,645.000000,,,,NOT_APPLICABLE,BLOCKED_PENDING_ADJUDICATION,
240213,Q3,Materials and equipment for roofs and gutters,HOUSING,Housing,PUBLISHED_CE_UCC,PUBLISHED_CE_BASIS,LABSTAT_PUBLISHED,NOT_VERIFIED,NOT_ESTABLISHED,UNKNOWN,,,UNRESOLVED,1153.000000,OBSERVED,39.780000,true,OS_CPI_OWNER_ROOF_MATERIALS_ANOMALY_v0_2,CE_CPI_SCOPE_RULES_V0_3,EXCLUDE,PROPOSED,CURRENT_PENDING,SOURCE,OUT_OF_SCOPE,UNRESOLVED,BLOCKED_BY_CONTRADICTORY_MEMBERSHIP,OS_CPI_OWNER_STRUCTURE_INVESTMENT_v0_1,AMOUNT_HELD_IN_PENDING_BUCKET,PENDING,,,,,,1153.000000,,,,NOT_APPLICABLE,BLOCKED_PENDING_ADJUDICATION,
240213,Q4,Materials and equipment for roofs and gutters,HOUSING,Housing,PUBLISHED_CE_UCC,PUBLISHED_CE_BASIS,LABSTAT_PUBLISHED,NOT_VERIFIED,NOT_ESTABLISHED,UNKNOWN,,,UNRESOLVED,655.000000,OBSERVED,48.180000,true,OS_CPI_OWNER_ROOF_MATERIALS_ANOMALY_v0_2,CE_CPI_SCOPE_RULES_V0_3,EXCLUDE,PROPOSED,CURRENT_PENDING,SOURCE,OUT_OF_SCOPE,UNRESOLVED,BLOCKED_BY_CONTRADICTORY_MEMBERSHIP,OS_CPI_OWNER_STRUCTURE_INVESTMENT_v0_1,AMOUNT_HELD_IN_PENDING_BUCKET,PENDING,,,,,,655.000000,,,,NOT_APPLICABLE,BLOCKED_PENDING_ADJUDICATION,
240213,Q5,Materials and equipment for roofs and gutters,HOUSING,Housing,PUBLISHED_CE_UCC,PUBLISHED_CE_BASIS,LABSTAT_PUBLISHED,NOT_VERIFIED,NOT_ESTABLISHED,UNKNOWN,,,UNRESOLVED,861.000000,OBSERVED,32.130000,true,OS_CPI_OWNER_ROOF_MATERIALS_ANOMALY_v0_2,CE_CPI_SCOPE_RULES_V0_3,EXCLUDE,PROPOSED,CURRENT_PENDING,SOURCE,OUT_OF_SCOPE,UNRESOLVED,BLOCKED_BY_CONTRADICTORY_MEMBERSHIP,OS_CPI_OWNER_STRUCTURE_INVESTMENT_v0_1,AMOUNT_HELD_IN_PENDING_BUCKET,PENDING,,,,,,861.000000,,,,NOT_APPLICABLE,BLOCKED_PENDING_ADJUDICATION,
240214,ALL_CU,"Materials for plastering, paneling, roofing, gutters, downspouts, siding, windows, doors, screens, and awnings",HOUSING,Housing,PUBLISHED_CE_UCC,PUBLISHED_CE_BASIS,LABSTAT_PUBLISHED,NOT_VERIFIED,NOT_ESTABLISHED,UNKNOWN,,,UNRESOLVED,129.000000,OBSERVED,45.120000,true,RP_SECONDARY_RESIDENCE_OWNER_COST_v0_1,CE_CPI_SCOPE_RULES_V0_3,REPLACE,PROPOSED,CURRENT_PENDING,SOURCE,TRANSFORMED,UNRESOLVED,,,AMOUNT_HELD_IN_PENDING_BUCKET,PENDING,,,,,,129.000000,,,RG_SECONDARY_RESIDENCE_RENTAL_EQUIVALENCE,REMOVAL,BLOCKED_PENDING_ADJUDICATION,
240214,Q1,"Materials for plastering, paneling, roofing, gutters, downspouts, siding, windows, doors, screens, and awnings",HOUSING,Housing,PUBLISHED_CE_UCC,PUBLISHED_CE_BASIS,LABSTAT_PUBLISHED,NOT_VERIFIED,NOT_ESTABLISHED,UNKNOWN,,,UNRESOLVED,,SUPPRESSED,,,RP_SECONDARY_RESIDENCE_OWNER_COST_v0_1,CE_CPI_SCOPE_RULES_V0_3,REPLACE,PROPOSED,CURRENT_PENDING,SOURCE,TRANSFORMED,UNRESOLVED,,,AMOUNT_HELD_IN_PENDING_BUCKET,PENDING,,,,,,,,,RG_SECONDARY_RESIDENCE_RENTAL_EQUIVALENCE,REMOVAL,BLOCKED_PENDING_ADJUDICATION,BLS publishes this series and did not publish this cell. The amount is unknown and is not zero.
240214,Q2,"Materials for plastering, paneling, roofing, gutters, downspouts, siding, windows, doors, screens, and awnings",HOUSING,Housing,PUBLISHED_CE_UCC,PUBLISHED_CE_BASIS,LABSTAT_PUBLISHED,NOT_VERIFIED,NOT_ESTABLISHED,UNKNOWN,,,UNRESOLVED,,SUPPRESSED,,,RP_SECONDARY_RESIDENCE_OWNER_COST_v0_1,CE_CPI_SCOPE_RULES_V0_3,REPLACE,PROPOSED,CURRENT_PENDING,SOURCE,TRANSFORMED,UNRESOLVED,,,AMOUNT_HELD_IN_PENDING_BUCKET,PENDING,,,,,,,,,RG_SECONDARY_RESIDENCE_RENTAL_EQUIVALENCE,REMOVAL,BLOCKED_PENDING_ADJUDICATION,BLS publishes this series and did not publish this cell. The amount is unknown and is not zero.
240214,Q3,"Materials for plastering, paneling, roofing, gutters, downspouts, siding, windows, doors, screens, and awnings",HOUSING,Housing,PUBLISHED_CE_UCC,PUBLISHED_CE_BASIS,LABSTAT_PUBLISHED,NOT_VERIFIED,NOT_ESTABLISHED,UNKNOWN,,,UNRESOLVED,34.000000,OBSERVED,97.970000,true,RP_SECONDARY_RESIDENCE_OWNER_COST_v0_1,CE_CPI_SCOPE_RULES_V0_3,REPLACE,PROPOSED,CURRENT_PENDING,SOURCE,TRANSFORMED,UNRESOLVED,,,AMOUNT_HELD_IN_PENDING_BUCKET,PENDING,,,,,,34.000000,,,RG_SECONDARY_RESIDENCE_RENTAL_EQUIVALENCE,REMOVAL,BLOCKED_PENDING_ADJUDICATION,
240214,Q4,"Materials for plastering, paneling, roofing, gutters, downspouts, siding, windows, doors, screens, and awnings",HOUSING,Housing,PUBLISHED_CE_UCC,PUBLISHED_CE_BASIS,LABSTAT_PUBLISHED,NOT_VERIFIED,NOT_ESTABLISHED,UNKNOWN,,,UNRESOLVED,43.000000,OBSERVED,79.900000,true,RP_SECONDARY_RESIDENCE_OWNER_COST_v0_1,CE_CPI_SCOPE_RULES_V0_3,REPLACE,PROPOSED,CURRENT_PENDING,SOURCE,TRANSFORMED,UNRESOLVED,,,AMOUNT_HELD_IN_PENDING_BUCKET,PENDING,,,,,,43.000000,,,RG_SECONDARY_RESIDENCE_RENTAL_EQUIVALENCE,REMOVAL,BLOCKED_PENDING_ADJUDICATION,
240214,Q5,"Materials for plastering, paneling, roofing, gutters, downspouts, siding, windows, doors, screens, and awnings",HOUSING,Housing,PUBLISHED_CE_UCC,PUBLISHED_CE_BASIS,LABSTAT_PUBLISHED,NOT_VERIFIED,NOT_ESTABLISHED,UNKNOWN,,,UNRESOLVED,52.000000,OBSERVED,62.140000,true,RP_SECONDARY_RESIDENCE_OWNER_COST_v0_1,CE_CPI_SCOPE_RULES_V0_3,REPLACE,PROPOSED,CURRENT_PENDING,SOURCE,TRANSFORMED,UNRESOLVED,,,AMOUNT_HELD_IN_PENDING_BUCKET,PENDING,,,,,,52.000000,,,RG_SECONDARY_RESIDENCE_RENTAL_EQUIVALENCE,REMOVAL,BLOCKED_PENDING_ADJUDICATION,
240221,ALL_CU,"Materials for patio, walk, fence, driveway, masonry, brick and stucco work",HOUSING,Housing,DIRECT_CONCORDANCE_UCC,PUBLISHED_CE_BASIS,LABSTAT_PUBLISHED,NOT_VERIFIED,NOT_ESTABLISHED,UNKNOWN,HM090,HOUSEHOLD_FURNISHINGS_OPERATIONS,DIRECT,14.000000,OBSERVED,36.430000,true,,,,,NOT_APPLICABLE,UNCLAIMED,,,,,NOT_APPLICABLE,RETAINED,14.000000,,,,,,,,,NOT_APPLICABLE,ELIGIBLE,
240221,Q1,"Materials for patio, walk, fence, driveway, masonry, brick and stucco work",HOUSING,Housing,DIRECT_CONCORDANCE_UCC,PUBLISHED_CE_BASIS,LABSTAT_PUBLISHED,NOT_VERIFIED,NOT_ESTABLISHED,UNKNOWN,HM090,HOUSEHOLD_FURNISHINGS_OPERATIONS,DIRECT,1.000000,OBSERVED,44.110000,true,,,,,NOT_APPLICABLE,UNCLAIMED,,,,,NOT_APPLICABLE,RETAINED,1.000000,,,,,,,,,NOT_APPLICABLE,ELIGIBLE,
240221,Q2,"Materials for patio, walk, fence, driveway, masonry, brick and stucco work",HOUSING,Housing,DIRECT_CONCORDANCE_UCC,PUBLISHED_CE_BASIS,LABSTAT_PUBLISHED,NOT_VERIFIED,NOT_ESTABLISHED,UNKNOWN,HM090,HOUSEHOLD_FURNISHINGS_OPERATIONS,DIRECT,1.000000,OBSERVED,32.910000,true,,,,,NOT_APPLICABLE,UNCLAIMED,,,,,NOT_APPLICABLE,RETAINED,1.000000,,,,,,,,,NOT_APPLICABLE,ELIGIBLE,
240221,Q3,"Materials for patio, walk, fence, driveway, masonry, brick and stucco work",HOUSING,Housing,DIRECT_CONCORDANCE_UCC,PUBLISHED_CE_BASIS,LABSTAT_PUBLISHED,NOT_VERIFIED,NOT_ESTABLISHED,UNKNOWN,HM090,HOUSEHOLD_FURNISHINGS_OPERATIONS,DIRECT,2.000000,OBSERVED,35.160000,true,,,,,NOT_APPLICABLE,UNCLAIMED,,,,,NOT_APPLICABLE,RETAINED,2.000000,,,,,,,,,NOT_APPLICABLE,ELIGIBLE,
240221,Q4,"Materials for patio, walk, fence, driveway, masonry, brick and stucco work",HOUSING,Housing,DIRECT_CONCORDANCE_UCC,PUBLISHED_CE_BASIS,LABSTAT_PUBLISHED,NOT_VERIFIED,NOT_ESTABLISHED,UNKNOWN,HM090,HOUSEHOLD_FURNISHINGS_OPERATIONS,DIRECT,4.000000,OBSERVED,64.630000,true,,,,,NOT_APPLICABLE,UNCLAIMED,,,,,NOT_APPLICABLE,RETAINED,4.000000,,,,,,,,,NOT_APPLICABLE,ELIGIBLE,
240221,Q5,"Materials for patio, walk, fence, driveway, masonry, brick and stucco work",HOUSING,Housing,DIRECT_CONCORDANCE_UCC,PUBLISHED_CE_BASIS,LABSTAT_PUBLISHED,NOT_VERIFIED,NOT_ESTABLISHED,UNKNOWN,HM090,HOUSEHOLD_FURNISHINGS_OPERATIONS,DIRECT,5.000000,OBSERVED,82.320000,true,,,,,NOT_APPLICABLE,UNCLAIMED,,,,,NOT_APPLICABLE,RETAINED,5.000000,,,,,,,,,NOT_APPLICABLE,ELIGIBLE,
240222,ALL_CU,"Materials for patio, walk, fence, driveway, masonry, brick, and stucco work",HOUSING,Housing,DIRECT_CONCORDANCE_UCC,PUBLISHED_CE_BASIS,LABSTAT_PUBLISHED,NOT_VERIFIED,NOT_ESTABLISHED,UNKNOWN,HM090,HOUSEHOLD_FURNISHINGS_OPERATIONS,DIRECT,540.000000,OBSERVED,17.060000,false,,,,,NOT_APPLICABLE,UNCLAIMED,,,,,NOT_APPLICABLE,RETAINED,540.000000,,,,,,,,,NOT_APPLICABLE,ELIGIBLE,
240222,Q1,"Materials for patio, walk, fence, driveway, masonry, brick, and stucco work",HOUSING,Housing,DIRECT_CONCORDANCE_UCC,PUBLISHED_CE_BASIS,LABSTAT_PUBLISHED,NOT_VERIFIED,NOT_ESTABLISHED,UNKNOWN,HM090,HOUSEHOLD_FURNISHINGS_OPERATIONS,DIRECT,73.000000,OBSERVED,37.190000,true,,,,,NOT_APPLICABLE,UNCLAIMED,,,,,NOT_APPLICABLE,RETAINED,73.000000,,,,,,,,,NOT_APPLICABLE,ELIGIBLE,
240222,Q2,"Materials for patio, walk, fence, driveway, masonry, brick, and stucco work",HOUSING,Housing,DIRECT_CONCORDANCE_UCC,PUBLISHED_CE_BASIS,LABSTAT_PUBLISHED,NOT_VERIFIED,NOT_ESTABLISHED,UNKNOWN,HM090,HOUSEHOLD_FURNISHINGS_OPERATIONS,DIRECT,51.000000,OBSERVED,28.390000,true,,,,,NOT_APPLICABLE,UNCLAIMED,,,,,NOT_APPLICABLE,RETAINED,51.000000,,,,,,,,,NOT_APPLICABLE,ELIGIBLE,
240222,Q3,"Materials for patio, walk, fence, driveway, masonry, brick, and stucco work",HOUSING,Housing,DIRECT_CONCORDANCE_UCC,PUBLISHED_CE_BASIS,LABSTAT_PUBLISHED,NOT_VERIFIED,NOT_ESTABLISHED,UNKNOWN,HM090,HOUSEHOLD_FURNISHINGS_OPERATIONS,DIRECT,63.000000,OBSERVED,29.100000,true,,,,,NOT_APPLICABLE,UNCLAIMED,,,,,NOT_APPLICABLE,RETAINED,63.000000,,,,,,,,,NOT_APPLICABLE,ELIGIBLE,
240222,Q4,"Materials for patio, walk, fence, driveway, masonry, brick, and stucco work",HOUSING,Housing,DIRECT_CONCORDANCE_UCC,PUBLISHED_CE_BASIS,LABSTAT_PUBLISHED,NOT_VERIFIED,NOT_ESTABLISHED,UNKNOWN,HM090,HOUSEHOLD_FURNISHINGS_OPERATIONS,DIRECT,225.000000,OBSERVED,35.850000,true,,,,,NOT_APPLICABLE,UNCLAIMED,,,,,NOT_APPLICABLE,RETAINED,225.000000,,,,,,,,,NOT_APPLICABLE,ELIGIBLE,
240222,Q5,"Materials for patio, walk, fence, driveway, masonry, brick, and stucco work",HOUSING,Housing,DIRECT_CONCORDANCE_UCC,PUBLISHED_CE_BASIS,LABSTAT_PUBLISHED,NOT_VERIFIED,NOT_ESTABLISHED,UNKNOWN,HM090,HOUSEHOLD_FURNISHINGS_OPERATIONS,DIRECT,128.000000,OBSERVED,26.300000,true,,,,,NOT_APPLICABLE,UNCLAIMED,,,,,NOT_APPLICABLE,RETAINED,128.000000,,,,,,,,,NOT_APPLICABLE,ELIGIBLE,
240223,ALL_CU,"Material for patio, walk, fence, drive, masonry, brick, and stucco",HOUSING,Housing,PUBLISHED_CE_UCC,PUBLISHED_CE_BASIS,LABSTAT_PUBLISHED,NOT_VERIFIED,NOT_ESTABLISHED,UNKNOWN,,,UNRESOLVED,9.000000,OBSERVED,64.060000,true,RP_SECONDARY_RESIDENCE_OWNER_COST_v0_1,CE_CPI_SCOPE_RULES_V0_3,REPLACE,PROPOSED,CURRENT_PENDING,SOURCE,TRANSFORMED,UNRESOLVED,,,AMOUNT_HELD_IN_PENDING_BUCKET,PENDING,,,,,,9.000000,,,RG_SECONDARY_RESIDENCE_RENTAL_EQUIVALENCE,REMOVAL,BLOCKED_PENDING_ADJUDICATION,
240223,Q1,"Material for patio, walk, fence, drive, masonry, brick, and stucco",HOUSING,Housing,PUBLISHED_CE_UCC,PUBLISHED_CE_BASIS,LABSTAT_PUBLISHED,NOT_VERIFIED,NOT_ESTABLISHED,UNKNOWN,,,UNRESOLVED,,SUPPRESSED,,,RP_SECONDARY_RESIDENCE_OWNER_COST_v0_1,CE_CPI_SCOPE_RULES_V0_3,REPLACE,PROPOSED,CURRENT_PENDING,SOURCE,TRANSFORMED,UNRESOLVED,,,AMOUNT_HELD_IN_PENDING_BUCKET,PENDING,,,,,,,,,RG_SECONDARY_RESIDENCE_RENTAL_EQUIVALENCE,REMOVAL,BLOCKED_PENDING_ADJUDICATION,BLS publishes this series and did not publish this cell. The amount is unknown and is not zero.
240223,Q2,"Material for patio, walk, fence, drive, masonry, brick, and stucco",HOUSING,Housing,PUBLISHED_CE_UCC,PUBLISHED_CE_BASIS,LABSTAT_PUBLISHED,NOT_VERIFIED,NOT_ESTABLISHED,UNKNOWN,,,UNRESOLVED,,SUPPRESSED,,,RP_SECONDARY_RESIDENCE_OWNER_COST_v0_1,CE_CPI_SCOPE_RULES_V0_3,REPLACE,PROPOSED,CURRENT_PENDING,SOURCE,TRANSFORMED,UNRESOLVED,,,AMOUNT_HELD_IN_PENDING_BUCKET,PENDING,,,,,,,,,RG_SECONDARY_RESIDENCE_RENTAL_EQUIVALENCE,REMOVAL,BLOCKED_PENDING_ADJUDICATION,BLS publishes this series and did not publish this cell. The amount is unknown and is not zero.
240223,Q3,"Material for patio, walk, fence, drive, masonry, brick, and stucco",HOUSING,Housing,PUBLISHED_CE_UCC,PUBLISHED_CE_BASIS,LABSTAT_PUBLISHED,NOT_VERIFIED,NOT_ESTABLISHED,UNKNOWN,,,UNRESOLVED,,SUPPRESSED,,,RP_SECONDARY_RESIDENCE_OWNER_COST_v0_1,CE_CPI_SCOPE_RULES_V0_3,REPLACE,PROPOSED,CURRENT_PENDING,SOURCE,TRANSFORMED,UNRESOLVED,,,AMOUNT_HELD_IN_PENDING_BUCKET,PENDING,,,,,,,,,RG_SECONDARY_RESIDENCE_RENTAL_EQUIVALENCE,REMOVAL,BLOCKED_PENDING_ADJUDICATION,BLS publishes this series and did not publish this cell. The amount is unknown and is not zero.
240223,Q4,"Material for patio, walk, fence, drive, masonry, brick, and stucco",HOUSING,Housing,PUBLISHED_CE_UCC,PUBLISHED_CE_BASIS,LABSTAT_PUBLISHED,NOT_VERIFIED,NOT_ESTABLISHED,UNKNOWN,,,UNRESOLVED,4.000000,OBSERVED,97.120000,true,RP_SECONDARY_RESIDENCE_OWNER_COST_v0_1,CE_CPI_SCOPE_RULES_V0_3,REPLACE,PROPOSED,CURRENT_PENDING,SOURCE,TRANSFORMED,UNRESOLVED,,,AMOUNT_HELD_IN_PENDING_BUCKET,PENDING,,,,,,4.000000,,,RG_SECONDARY_RESIDENCE_RENTAL_EQUIVALENCE,REMOVAL,BLOCKED_PENDING_ADJUDICATION,
240223,Q5,"Material for patio, walk, fence, drive, masonry, brick, and stucco",HOUSING,Housing,PUBLISHED_CE_UCC,PUBLISHED_CE_BASIS,LABSTAT_PUBLISHED,NOT_VERIFIED,NOT_ESTABLISHED,UNKNOWN,,,UNRESOLVED,5.000000,OBSERVED,85.890000,true,RP_SECONDARY_RESIDENCE_OWNER_COST_v0_1,CE_CPI_SCOPE_RULES_V0_3,REPLACE,PROPOSED,CURRENT_PENDING,SOURCE,TRANSFORMED,UNRESOLVED,,,AMOUNT_HELD_IN_PENDING_BUCKET,PENDING,,,,,,5.000000,,,RG_SECONDARY_RESIDENCE_RENTAL_EQUIVALENCE,REMOVAL,BLOCKED_PENDING_ADJUDICATION,
240311,ALL_CU,Plumbing supplies and equipment,HOUSING,Housing,DIRECT_CONCORDANCE_UCC,PUBLISHED_CE_BASIS,LABSTAT_PUBLISHED,NOT_VERIFIED,NOT_ESTABLISHED,UNKNOWN,HM090,HOUSEHOLD_FURNISHINGS_OPERATIONS,DIRECT,297.000000,OBSERVED,53.310000,true,,,,,NOT_APPLICABLE,UNCLAIMED,,,,,NOT_APPLICABLE,RETAINED,297.000000,,,,,,,,,NOT_APPLICABLE,ELIGIBLE,
240311,Q1,Plumbing supplies and equipment,HOUSING,Housing,DIRECT_CONCORDANCE_UCC,PUBLISHED_CE_BASIS,LABSTAT_PUBLISHED,NOT_VERIFIED,NOT_ESTABLISHED,UNKNOWN,HM090,HOUSEHOLD_FURNISHINGS_OPERATIONS,DIRECT,15.000000,OBSERVED,42.790000,true,,,,,NOT_APPLICABLE,UNCLAIMED,,,,,NOT_APPLICABLE,RETAINED,15.000000,,,,,,,,,NOT_APPLICABLE,ELIGIBLE,
240311,Q2,Plumbing supplies and equipment,HOUSING,Housing,DIRECT_CONCORDANCE_UCC,PUBLISHED_CE_BASIS,LABSTAT_PUBLISHED,NOT_VERIFIED,NOT_ESTABLISHED,UNKNOWN,HM090,HOUSEHOLD_FURNISHINGS_OPERATIONS,DIRECT,16.000000,OBSERVED,63.130000,true,,,,,NOT_APPLICABLE,UNCLAIMED,,,,,NOT_APPLICABLE,RETAINED,16.000000,,,,,,,,,NOT_APPLICABLE,ELIGIBLE,
240311,Q3,Plumbing supplies and equipment,HOUSING,Housing,DIRECT_CONCORDANCE_UCC,PUBLISHED_CE_BASIS,LABSTAT_PUBLISHED,NOT_VERIFIED,NOT_ESTABLISHED,UNKNOWN,HM090,HOUSEHOLD_FURNISHINGS_OPERATIONS,DIRECT,219.000000,OBSERVED,70.410000,true,,,,,NOT_APPLICABLE,UNCLAIMED,,,,,NOT_APPLICABLE,RETAINED,219.000000,,,,,,,,,NOT_APPLICABLE,ELIGIBLE,
240311,Q4,Plumbing supplies and equipment,HOUSING,Housing,DIRECT_CONCORDANCE_UCC,PUBLISHED_CE_BASIS,LABSTAT_PUBLISHED,NOT_VERIFIED,NOT_ESTABLISHED,UNKNOWN,HM090,HOUSEHOLD_FURNISHINGS_OPERATIONS,DIRECT,32.000000,OBSERVED,90.740000,true,,,,,NOT_APPLICABLE,UNCLAIMED,,,,,NOT_APPLICABLE,RETAINED,32.000000,,,,,,,,,NOT_APPLICABLE,ELIGIBLE,
240311,Q5,Plumbing supplies and equipment,HOUSING,Housing,DIRECT_CONCORDANCE_UCC,PUBLISHED_CE_BASIS,LABSTAT_PUBLISHED,NOT_VERIFIED,NOT_ESTABLISHED,UNKNOWN,HM090,HOUSEHOLD_FURNISHINGS_OPERATIONS,DIRECT,15.000000,OBSERVED,46.350000,true,,,,,NOT_APPLICABLE,UNCLAIMED,,,,,NOT_APPLICABLE,RETAINED,15.000000,,,,,,,,,NOT_APPLICABLE,ELIGIBLE,
240312,ALL_CU,Plumbing supplies and equipment,HOUSING,Housing,DIRECT_CONCORDANCE_UCC,PUBLISHED_CE_BASIS,LABSTAT_PUBLISHED,NOT_VERIFIED,NOT_ESTABLISHED,UNKNOWN,HM090,HOUSEHOLD_FURNISHINGS_OPERATIONS,DIRECT,3224.000000,OBSERVED,12.520000,false,,,,,NOT_APPLICABLE,UNCLAIMED,,,,,NOT_APPLICABLE,RETAINED,3224.000000,,,,,,,,,NOT_APPLICABLE,ELIGIBLE,
240312,Q1,Plumbing supplies and equipment,HOUSING,Housing,DIRECT_CONCORDANCE_UCC,PUBLISHED_CE_BASIS,LABSTAT_PUBLISHED,NOT_VERIFIED,NOT_ESTABLISHED,UNKNOWN,HM090,HOUSEHOLD_FURNISHINGS_OPERATIONS,DIRECT,371.000000,OBSERVED,51.150000,true,,,,,NOT_APPLICABLE,UNCLAIMED,,,,,NOT_APPLICABLE,RETAINED,371.000000,,,,,,,,,NOT_APPLICABLE,ELIGIBLE,
240312,Q2,Plumbing supplies and equipment,HOUSING,Housing,DIRECT_CONCORDANCE_UCC,PUBLISHED_CE_BASIS,LABSTAT_PUBLISHED,NOT_VERIFIED,NOT_ESTABLISHED,UNKNOWN,HM090,HOUSEHOLD_FURNISHINGS_OPERATIONS,DIRECT,418.000000,OBSERVED,26.310000,true,,,,,NOT_APPLICABLE,UNCLAIMED,,,,,NOT_APPLICABLE,RETAINED,418.000000,,,,,,,,,NOT_APPLICABLE,ELIGIBLE,
240312,Q3,Plumbing supplies and equipment,HOUSING,Housing,DIRECT_CONCORDANCE_UCC,PUBLISHED_CE_BASIS,LABSTAT_PUBLISHED,NOT_VERIFIED,NOT_ESTABLISHED,UNKNOWN,HM090,HOUSEHOLD_FURNISHINGS_OPERATIONS,DIRECT,537.000000,OBSERVED,18.240000,false,,,,,NOT_APPLICABLE,UNCLAIMED,,,,,NOT_APPLICABLE,RETAINED,537.000000,,,,,,,,,NOT_APPLICABLE,ELIGIBLE,
240312,Q4,Plumbing supplies and equipment,HOUSING,Housing,DIRECT_CONCORDANCE_UCC,PUBLISHED_CE_BASIS,LABSTAT_PUBLISHED,NOT_VERIFIED,NOT_ESTABLISHED,UNKNOWN,HM090,HOUSEHOLD_FURNISHINGS_OPERATIONS,DIRECT,905.000000,OBSERVED,16.780000,false,,,,,NOT_APPLICABLE,UNCLAIMED,,,,,NOT_APPLICABLE,RETAINED,905.000000,,,,,,,,,NOT_APPLICABLE,ELIGIBLE,
240312,Q5,Plumbing supplies and equipment,HOUSING,Housing,DIRECT_CONCORDANCE_UCC,PUBLISHED_CE_BASIS,LABSTAT_PUBLISHED,NOT_VERIFIED,NOT_ESTABLISHED,UNKNOWN,HM090,HOUSEHOLD_FURNISHINGS_OPERATIONS,DIRECT,994.000000,OBSERVED,22.130000,false,,,,,NOT_APPLICABLE,UNCLAIMED,,,,,NOT_APPLICABLE,RETAINED,994.000000,,,,,,,,,NOT_APPLICABLE,ELIGIBLE,
240313,ALL_CU,Plumbing supplies and equipment,HOUSING,Housing,PUBLISHED_CE_UCC,PUBLISHED_CE_BASIS,LABSTAT_PUBLISHED,NOT_VERIFIED,NOT_ESTABLISHED,UNKNOWN,,,UNRESOLVED,34.000000,OBSERVED,60.620000,true,RP_SECONDARY_RESIDENCE_OWNER_COST_v0_1,CE_CPI_SCOPE_RULES_V0_3,REPLACE,PROPOSED,CURRENT_PENDING,SOURCE,TRANSFORMED,UNRESOLVED,,,AMOUNT_HELD_IN_PENDING_BUCKET,PENDING,,,,,,34.000000,,,RG_SECONDARY_RESIDENCE_RENTAL_EQUIVALENCE,REMOVAL,BLOCKED_PENDING_ADJUDICATION,
240313,Q1,Plumbing supplies and equipment,HOUSING,Housing,PUBLISHED_CE_UCC,PUBLISHED_CE_BASIS,LABSTAT_PUBLISHED,NOT_VERIFIED,NOT_ESTABLISHED,UNKNOWN,,,UNRESOLVED,,SUPPRESSED,,,RP_SECONDARY_RESIDENCE_OWNER_COST_v0_1,CE_CPI_SCOPE_RULES_V0_3,REPLACE,PROPOSED,CURRENT_PENDING,SOURCE,TRANSFORMED,UNRESOLVED,,,AMOUNT_HELD_IN_PENDING_BUCKET,PENDING,,,,,,,,,RG_SECONDARY_RESIDENCE_RENTAL_EQUIVALENCE,REMOVAL,BLOCKED_PENDING_ADJUDICATION,BLS publishes this series and did not publish this cell. The amount is unknown and is not zero.
240313,Q2,Plumbing supplies and equipment,HOUSING,Housing,PUBLISHED_CE_UCC,PUBLISHED_CE_BASIS,LABSTAT_PUBLISHED,NOT_VERIFIED,NOT_ESTABLISHED,UNKNOWN,,,UNRESOLVED,5.000000,OBSERVED,95.620000,true,RP_SECONDARY_RESIDENCE_OWNER_COST_v0_1,CE_CPI_SCOPE_RULES_V0_3,REPLACE,PROPOSED,CURRENT_PENDING,SOURCE,TRANSFORMED,UNRESOLVED,,,AMOUNT_HELD_IN_PENDING_BUCKET,PENDING,,,,,,5.000000,,,RG_SECONDARY_RESIDENCE_RENTAL_EQUIVALENCE,REMOVAL,BLOCKED_PENDING_ADJUDICATION,
240313,Q3,Plumbing supplies and equipment,HOUSING,Housing,PUBLISHED_CE_UCC,PUBLISHED_CE_BASIS,LABSTAT_PUBLISHED,NOT_VERIFIED,NOT_ESTABLISHED,UNKNOWN,,,UNRESOLVED,,SUPPRESSED,,,RP_SECONDARY_RESIDENCE_OWNER_COST_v0_1,CE_CPI_SCOPE_RULES_V0_3,REPLACE,PROPOSED,CURRENT_PENDING,SOURCE,TRANSFORMED,UNRESOLVED,,,AMOUNT_HELD_IN_PENDING_BUCKET,PENDING,,,,,,,,,RG_SECONDARY_RESIDENCE_RENTAL_EQUIVALENCE,REMOVAL,BLOCKED_PENDING_ADJUDICATION,BLS publishes this series and did not publish this cell. The amount is unknown and is not zero.
240313,Q4,Plumbing supplies and equipment,HOUSING,Housing,PUBLISHED_CE_UCC,PUBLISHED_CE_BASIS,LABSTAT_PUBLISHED,NOT_VERIFIED,NOT_ESTABLISHED,UNKNOWN,,,UNRESOLVED,,SUPPRESSED,,,RP_SECONDARY_RESIDENCE_OWNER_COST_v0_1,CE_CPI_SCOPE_RULES_V0_3,REPLACE,PROPOSED,CURRENT_PENDING,SOURCE,TRANSFORMED,UNRESOLVED,,,AMOUNT_HELD_IN_PENDING_BUCKET,PENDING,,,,,,,,,RG_SECONDARY_RESIDENCE_RENTAL_EQUIVALENCE,REMOVAL,BLOCKED_PENDING_ADJUDICATION,BLS publishes this series and did not publish this cell. The amount is unknown and is not zero.
240313,Q5,Plumbing supplies and equipment,HOUSING,Housing,PUBLISHED_CE_UCC,PUBLISHED_CE_BASIS,LABSTAT_PUBLISHED,NOT_VERIFIED,NOT_ESTABLISHED,UNKNOWN,,,UNRESOLVED,29.000000,OBSERVED,68.440000,true,RP_SECONDARY_RESIDENCE_OWNER_COST_v0_1,CE_CPI_SCOPE_RULES_V0_3,REPLACE,PROPOSED,CURRENT_PENDING,SOURCE,TRANSFORMED,UNRESOLVED,,,AMOUNT_HELD_IN_PENDING_BUCKET,PENDING,,,,,,29.000000,,,RG_SECONDARY_RESIDENCE_RENTAL_EQUIVALENCE,REMOVAL,BLOCKED_PENDING_ADJUDICATION,
240321,ALL_CU,"Electrical supplies, heating, and cooling equipment",HOUSING,Housing,DIRECT_CONCORDANCE_UCC,PUBLISHED_CE_BASIS,LABSTAT_PUBLISHED,NOT_VERIFIED,NOT_ESTABLISHED,UNKNOWN,HM090,HOUSEHOLD_FURNISHINGS_OPERATIONS,DIRECT,55.000000,OBSERVED,39.710000,true,,,,,NOT_APPLICABLE,UNCLAIMED,,,,,NOT_APPLICABLE,RETAINED,55.000000,,,,,,,,,NOT_APPLICABLE,ELIGIBLE,
240321,Q1,"Electrical supplies, heating, and cooling equipment",HOUSING,Housing,DIRECT_CONCORDANCE_UCC,PUBLISHED_CE_BASIS,LABSTAT_PUBLISHED,NOT_VERIFIED,NOT_ESTABLISHED,UNKNOWN,HM090,HOUSEHOLD_FURNISHINGS_OPERATIONS,DIRECT,13.000000,OBSERVED,85.250000,true,,,,,NOT_APPLICABLE,UNCLAIMED,,,,,NOT_APPLICABLE,RETAINED,13.000000,,,,,,,,,NOT_APPLICABLE,ELIGIBLE,
240321,Q2,"Electrical supplies, heating, and cooling equipment",HOUSING,Housing,DIRECT_CONCORDANCE_UCC,PUBLISHED_CE_BASIS,LABSTAT_PUBLISHED,NOT_VERIFIED,NOT_ESTABLISHED,UNKNOWN,HM090,HOUSEHOLD_FURNISHINGS_OPERATIONS,DIRECT,1.000000,OBSERVED,32.910000,true,,,,,NOT_APPLICABLE,UNCLAIMED,,,,,NOT_APPLICABLE,RETAINED,1.000000,,,,,,,,,NOT_APPLICABLE,ELIGIBLE,
240321,Q3,"Electrical supplies, heating, and cooling equipment",HOUSING,Housing,DIRECT_CONCORDANCE_UCC,PUBLISHED_CE_BASIS,LABSTAT_PUBLISHED,NOT_VERIFIED,NOT_ESTABLISHED,UNKNOWN,HM090,HOUSEHOLD_FURNISHINGS_OPERATIONS,DIRECT,17.000000,OBSERVED,88.790000,true,,,,,NOT_APPLICABLE,UNCLAIMED,,,,,NOT_APPLICABLE,RETAINED,17.000000,,,,,,,,,NOT_APPLICABLE,ELIGIBLE,
240321,Q4,"Electrical supplies, heating, and cooling equipment",HOUSING,Housing,DIRECT_CONCORDANCE_UCC,PUBLISHED_CE_BASIS,LABSTAT_PUBLISHED,NOT_VERIFIED,NOT_ESTABLISHED,UNKNOWN,HM090,HOUSEHOLD_FURNISHINGS_OPERATIONS,DIRECT,10.000000,OBSERVED,72.100000,true,,,,,NOT_APPLICABLE,UNCLAIMED,,,,,NOT_APPLICABLE,RETAINED,10.000000,,,,,,,,,NOT_APPLICABLE,ELIGIBLE,
240321,Q5,"Electrical supplies, heating, and cooling equipment",HOUSING,Housing,DIRECT_CONCORDANCE_UCC,PUBLISHED_CE_BASIS,LABSTAT_PUBLISHED,NOT_VERIFIED,NOT_ESTABLISHED,UNKNOWN,HM090,HOUSEHOLD_FURNISHINGS_OPERATIONS,DIRECT,15.000000,OBSERVED,58.860000,true,,,,,NOT_APPLICABLE,UNCLAIMED,,,,,NOT_APPLICABLE,RETAINED,15.000000,,,,,,,,,NOT_APPLICABLE,ELIGIBLE,
240322,ALL_CU,"Electrical supplies, heating, and cooling equipment",HOUSING,Housing,DIRECT_CONCORDANCE_UCC,PUBLISHED_CE_BASIS,LABSTAT_PUBLISHED,NOT_VERIFIED,NOT_ESTABLISHED,UNKNOWN,HM090,HOUSEHOLD_FURNISHINGS_OPERATIONS,DIRECT,1394.000000,OBSERVED,13.830000,false,,,,,NOT_APPLICABLE,UNCLAIMED,,,,,NOT_APPLICABLE,RETAINED,1394.000000,,,,,,,,,NOT_APPLICABLE,ELIGIBLE,
240322,Q1,"Electrical supplies, heating, and cooling equipment",HOUSING,Housing,DIRECT_CONCORDANCE_UCC,PUBLISHED_CE_BASIS,LABSTAT_PUBLISHED,NOT_VERIFIED,NOT_ESTABLISHED,UNKNOWN,HM090,HOUSEHOLD_FURNISHINGS_OPERATIONS,DIRECT,97.000000,OBSERVED,27.400000,true,,,,,NOT_APPLICABLE,UNCLAIMED,,,,,NOT_APPLICABLE,RETAINED,97.000000,,,,,,,,,NOT_APPLICABLE,ELIGIBLE,
240322,Q2,"Electrical supplies, heating, and cooling equipment",HOUSING,Housing,DIRECT_CONCORDANCE_UCC,PUBLISHED_CE_BASIS,LABSTAT_PUBLISHED,NOT_VERIFIED,NOT_ESTABLISHED,UNKNOWN,HM090,HOUSEHOLD_FURNISHINGS_OPERATIONS,DIRECT,259.000000,OBSERVED,29.820000,true,,,,,NOT_APPLICABLE,UNCLAIMED,,,,,NOT_APPLICABLE,RETAINED,259.000000,,,,,,,,,NOT_APPLICABLE,ELIGIBLE,
240322,Q3,"Electrical supplies, heating, and cooling equipment",HOUSING,Housing,DIRECT_CONCORDANCE_UCC,PUBLISHED_CE_BASIS,LABSTAT_PUBLISHED,NOT_VERIFIED,NOT_ESTABLISHED,UNKNOWN,HM090,HOUSEHOLD_FURNISHINGS_OPERATIONS,DIRECT,239.000000,OBSERVED,28.680000,true,,,,,NOT_APPLICABLE,UNCLAIMED,,,,,NOT_APPLICABLE,RETAINED,239.000000,,,,,,,,,NOT_APPLICABLE,ELIGIBLE,
240322,Q4,"Electrical supplies, heating, and cooling equipment",HOUSING,Housing,DIRECT_CONCORDANCE_UCC,PUBLISHED_CE_BASIS,LABSTAT_PUBLISHED,NOT_VERIFIED,NOT_ESTABLISHED,UNKNOWN,HM090,HOUSEHOLD_FURNISHINGS_OPERATIONS,DIRECT,388.000000,OBSERVED,32.120000,true,,,,,NOT_APPLICABLE,UNCLAIMED,,,,,NOT_APPLICABLE,RETAINED,388.000000,,,,,,,,,NOT_APPLICABLE,ELIGIBLE,
240322,Q5,"Electrical supplies, heating, and cooling equipment",HOUSING,Housing,DIRECT_CONCORDANCE_UCC,PUBLISHED_CE_BASIS,LABSTAT_PUBLISHED,NOT_VERIFIED,NOT_ESTABLISHED,UNKNOWN,HM090,HOUSEHOLD_FURNISHINGS_OPERATIONS,DIRECT,411.000000,OBSERVED,20.410000,false,,,,,NOT_APPLICABLE,UNCLAIMED,,,,,NOT_APPLICABLE,RETAINED,411.000000,,,,,,,,,NOT_APPLICABLE,ELIGIBLE,
240323,ALL_CU,"Electrical supplies, heating, and cooling equipment",HOUSING,Housing,PUBLISHED_CE_UCC,PUBLISHED_CE_BASIS,LABSTAT_PUBLISHED,NOT_VERIFIED,NOT_ESTABLISHED,UNKNOWN,,,UNRESOLVED,6.000000,OBSERVED,71.310000,true,RP_SECONDARY_RESIDENCE_OWNER_COST_v0_1,CE_CPI_SCOPE_RULES_V0_3,REPLACE,PROPOSED,CURRENT_PENDING,SOURCE,TRANSFORMED,UNRESOLVED,,,AMOUNT_HELD_IN_PENDING_BUCKET,PENDING,,,,,,6.000000,,,RG_SECONDARY_RESIDENCE_RENTAL_EQUIVALENCE,REMOVAL,BLOCKED_PENDING_ADJUDICATION,
240323,Q1,"Electrical supplies, heating, and cooling equipment",HOUSING,Housing,PUBLISHED_CE_UCC,PUBLISHED_CE_BASIS,LABSTAT_PUBLISHED,NOT_VERIFIED,NOT_ESTABLISHED,UNKNOWN,,,UNRESOLVED,,SUPPRESSED,,,RP_SECONDARY_RESIDENCE_OWNER_COST_v0_1,CE_CPI_SCOPE_RULES_V0_3,REPLACE,PROPOSED,CURRENT_PENDING,SOURCE,TRANSFORMED,UNRESOLVED,,,AMOUNT_HELD_IN_PENDING_BUCKET,PENDING,,,,,,,,,RG_SECONDARY_RESIDENCE_RENTAL_EQUIVALENCE,REMOVAL,BLOCKED_PENDING_ADJUDICATION,BLS publishes this series and did not publish this cell. The amount is unknown and is not zero.
240323,Q2,"Electrical supplies, heating, and cooling equipment",HOUSING,Housing,PUBLISHED_CE_UCC,PUBLISHED_CE_BASIS,LABSTAT_PUBLISHED,NOT_VERIFIED,NOT_ESTABLISHED,UNKNOWN,,,UNRESOLVED,,SUPPRESSED,,,RP_SECONDARY_RESIDENCE_OWNER_COST_v0_1,CE_CPI_SCOPE_RULES_V0_3,REPLACE,PROPOSED,CURRENT_PENDING,SOURCE,TRANSFORMED,UNRESOLVED,,,AMOUNT_HELD_IN_PENDING_BUCKET,PENDING,,,,,,,,,RG_SECONDARY_RESIDENCE_RENTAL_EQUIVALENCE,REMOVAL,BLOCKED_PENDING_ADJUDICATION,BLS publishes this series and did not publish this cell. The amount is unknown and is not zero.
240323,Q3,"Electrical supplies, heating, and cooling equipment",HOUSING,Housing,PUBLISHED_CE_UCC,PUBLISHED_CE_BASIS,LABSTAT_PUBLISHED,NOT_VERIFIED,NOT_ESTABLISHED,UNKNOWN,,,UNRESOLVED,,SUPPRESSED,,,RP_SECONDARY_RESIDENCE_OWNER_COST_v0_1,CE_CPI_SCOPE_RULES_V0_3,REPLACE,PROPOSED,CURRENT_PENDING,SOURCE,TRANSFORMED,UNRESOLVED,,,AMOUNT_HELD_IN_PENDING_BUCKET,PENDING,,,,,,,,,RG_SECONDARY_RESIDENCE_RENTAL_EQUIVALENCE,REMOVAL,BLOCKED_PENDING_ADJUDICATION,BLS publishes this series and did not publish this cell. The amount is unknown and is not zero.
240323,Q4,"Electrical supplies, heating, and cooling equipment",HOUSING,Housing,PUBLISHED_CE_UCC,PUBLISHED_CE_BASIS,LABSTAT_PUBLISHED,NOT_VERIFIED,NOT_ESTABLISHED,UNKNOWN,,,UNRESOLVED,3.000000,OBSERVED,90.720000,true,RP_SECONDARY_RESIDENCE_OWNER_COST_v0_1,CE_CPI_SCOPE_RULES_V0_3,REPLACE,PROPOSED,CURRENT_PENDING,SOURCE,TRANSFORMED,UNRESOLVED,,,AMOUNT_HELD_IN_PENDING_BUCKET,PENDING,,,,,,3.000000,,,RG_SECONDARY_RESIDENCE_RENTAL_EQUIVALENCE,REMOVAL,BLOCKED_PENDING_ADJUDICATION,
240323,Q5,"Electrical supplies, heating, and cooling equipment",HOUSING,Housing,PUBLISHED_CE_UCC,PUBLISHED_CE_BASIS,LABSTAT_PUBLISHED,NOT_VERIFIED,NOT_ESTABLISHED,UNKNOWN,,,UNRESOLVED,4.000000,OBSERVED,102.480000,true,RP_SECONDARY_RESIDENCE_OWNER_COST_v0_1,CE_CPI_SCOPE_RULES_V0_3,REPLACE,PROPOSED,CURRENT_PENDING,SOURCE,TRANSFORMED,UNRESOLVED,,,AMOUNT_HELD_IN_PENDING_BUCKET,PENDING,,,,,,4.000000,,,RG_SECONDARY_RESIDENCE_RENTAL_EQUIVALENCE,REMOVAL,BLOCKED_PENDING_ADJUDICATION,
250111,ALL_CU,Fuel oil (renter),HOUSING,Housing,DIRECT_CONCORDANCE_UCC,PUBLISHED_CE_BASIS,LABSTAT_PUBLISHED,NOT_VERIFIED,NOT_ESTABLISHED,UNKNOWN,HE011,HOUSEHOLD_ENERGY,DIRECT,516.000000,OBSERVED,46.930000,true,,,,,NOT_APPLICABLE,UNCLAIMED,,,,,NOT_APPLICABLE,RETAINED,516.000000,,,,,,,,,NOT_APPLICABLE,ELIGIBLE,
250111,Q1,Fuel oil (renter),HOUSING,Housing,DIRECT_CONCORDANCE_UCC,PUBLISHED_CE_BASIS,LABSTAT_PUBLISHED,NOT_VERIFIED,NOT_ESTABLISHED,UNKNOWN,HE011,HOUSEHOLD_ENERGY,DIRECT,116.000000,OBSERVED,50.680000,true,,,,,NOT_APPLICABLE,UNCLAIMED,,,,,NOT_APPLICABLE,RETAINED,116.000000,,,,,,,,,NOT_APPLICABLE,ELIGIBLE,
250111,Q2,Fuel oil (renter),HOUSING,Housing,DIRECT_CONCORDANCE_UCC,PUBLISHED_CE_BASIS,LABSTAT_PUBLISHED,NOT_VERIFIED,NOT_ESTABLISHED,UNKNOWN,HE011,HOUSEHOLD_ENERGY,DIRECT,259.000000,OBSERVED,71.360000,true,,,,,NOT_APPLICABLE,UNCLAIMED,,,,,NOT_APPLICABLE,RETAINED,259.000000,,,,,,,,,NOT_APPLICABLE,ELIGIBLE,
250111,Q3,Fuel oil (renter),HOUSING,Housing,DIRECT_CONCORDANCE_UCC,PUBLISHED_CE_BASIS,LABSTAT_PUBLISHED,NOT_VERIFIED,NOT_ESTABLISHED,UNKNOWN,HE011,HOUSEHOLD_ENERGY,DIRECT,92.000000,OBSERVED,41.900000,true,,,,,NOT_APPLICABLE,UNCLAIMED,,,,,NOT_APPLICABLE,RETAINED,92.000000,,,,,,,,,NOT_APPLICABLE,ELIGIBLE,
250111,Q4,Fuel oil (renter),HOUSING,Housing,DIRECT_CONCORDANCE_UCC,PUBLISHED_CE_BASIS,LABSTAT_PUBLISHED,NOT_VERIFIED,NOT_ESTABLISHED,UNKNOWN,HE011,HOUSEHOLD_ENERGY,DIRECT,45.000000,OBSERVED,73.240000,true,,,,,NOT_APPLICABLE,UNCLAIMED,,,,,NOT_APPLICABLE,RETAINED,45.000000,,,,,,,,,NOT_APPLICABLE,ELIGIBLE,
250111,Q5,Fuel oil (renter),HOUSING,Housing,DIRECT_CONCORDANCE_UCC,PUBLISHED_CE_BASIS,LABSTAT_PUBLISHED,NOT_VERIFIED,NOT_ESTABLISHED,UNKNOWN,HE011,HOUSEHOLD_ENERGY,DIRECT,4.000000,OBSERVED,120.830000,true,,,,,NOT_APPLICABLE,UNCLAIMED,,,,,NOT_APPLICABLE,RETAINED,4.000000,,,,,,,,,NOT_APPLICABLE,ELIGIBLE,
250112,ALL_CU,Fuel oil (owned home),HOUSING,Housing,DIRECT_CONCORDANCE_UCC,PUBLISHED_CE_BASIS,LABSTAT_PUBLISHED,NOT_VERIFIED,NOT_ESTABLISHED,UNKNOWN,HE011,HOUSEHOLD_ENERGY,DIRECT,7904.000000,OBSERVED,7.200000,false,,,,,NOT_APPLICABLE,UNCLAIMED,,,,,NOT_APPLICABLE,RETAINED,7904.000000,,,,,,,,,NOT_APPLICABLE,ELIGIBLE,
250112,Q1,Fuel oil (owned home),HOUSING,Housing,DIRECT_CONCORDANCE_UCC,PUBLISHED_CE_BASIS,LABSTAT_PUBLISHED,NOT_VERIFIED,NOT_ESTABLISHED,UNKNOWN,HE011,HOUSEHOLD_ENERGY,DIRECT,663.000000,OBSERVED,24.660000,false,,,,,NOT_APPLICABLE,UNCLAIMED,,,,,NOT_APPLICABLE,RETAINED,663.000000,,,,,,,,,NOT_APPLICABLE,ELIGIBLE,
250112,Q2,Fuel oil (owned home),HOUSING,Housing,DIRECT_CONCORDANCE_UCC,PUBLISHED_CE_BASIS,LABSTAT_PUBLISHED,NOT_VERIFIED,NOT_ESTABLISHED,UNKNOWN,HE011,HOUSEHOLD_ENERGY,DIRECT,1089.000000,OBSERVED,10.760000,false,,,,,NOT_APPLICABLE,UNCLAIMED,,,,,NOT_APPLICABLE,RETAINED,1089.000000,,,,,,,,,NOT_APPLICABLE,ELIGIBLE,
250112,Q3,Fuel oil (owned home),HOUSING,Housing,DIRECT_CONCORDANCE_UCC,PUBLISHED_CE_BASIS,LABSTAT_PUBLISHED,NOT_VERIFIED,NOT_ESTABLISHED,UNKNOWN,HE011,HOUSEHOLD_ENERGY,DIRECT,966.000000,OBSERVED,32.470000,true,,,,,NOT_APPLICABLE,UNCLAIMED,,,,,NOT_APPLICABLE,RETAINED,966.000000,,,,,,,,,NOT_APPLICABLE,ELIGIBLE,
250112,Q4,Fuel oil (owned home),HOUSING,Housing,DIRECT_CONCORDANCE_UCC,PUBLISHED_CE_BASIS,LABSTAT_PUBLISHED,NOT_VERIFIED,NOT_ESTABLISHED,UNKNOWN,HE011,HOUSEHOLD_ENERGY,DIRECT,2181.000000,OBSERVED,10.240000,false,,,,,NOT_APPLICABLE,UNCLAIMED,,,,,NOT_APPLICABLE,RETAINED,2181.000000,,,,,,,,,NOT_APPLICABLE,ELIGIBLE,
250112,Q5,Fuel oil (owned home),HOUSING,Housing,DIRECT_CONCORDANCE_UCC,PUBLISHED_CE_BASIS,LABSTAT_PUBLISHED,NOT_VERIFIED,NOT_ESTABLISHED,UNKNOWN,HE011,HOUSEHOLD_ENERGY,DIRECT,3005.000000,OBSERVED,11.130000,false,,,,,NOT_APPLICABLE,UNCLAIMED,,,,,NOT_APPLICABLE,RETAINED,3005.000000,,,,,,,,,NOT_APPLICABLE,ELIGIBLE,
250113,ALL_CU,Fuel oil (owned vacation),HOUSING,Housing,DIRECT_CONCORDANCE_UCC,PUBLISHED_CE_BASIS,LABSTAT_PUBLISHED,NOT_VERIFIED,NOT_ESTABLISHED,UNKNOWN,HE011,HOUSEHOLD_ENERGY,DIRECT,50.000000,OBSERVED,70.470000,true,,,,,NOT_APPLICABLE,UNCLAIMED,,,,,NOT_APPLICABLE,RETAINED,50.000000,,,,,,,,,NOT_APPLICABLE,ELIGIBLE,
250113,Q1,Fuel oil (owned vacation),HOUSING,Housing,DIRECT_CONCORDANCE_UCC,PUBLISHED_CE_BASIS,LABSTAT_PUBLISHED,NOT_VERIFIED,NOT_ESTABLISHED,UNKNOWN,HE011,HOUSEHOLD_ENERGY,DIRECT,,SUPPRESSED,,,,,,,NOT_APPLICABLE,UNCLAIMED,,,,,NOT_APPLICABLE,RETAINED,,,,,,,,,,NOT_APPLICABLE,BLOCKED_AMOUNT_UNAVAILABLE,BLS publishes this series and did not publish this cell. The amount is unknown and is not zero.
250113,Q2,Fuel oil (owned vacation),HOUSING,Housing,DIRECT_CONCORDANCE_UCC,PUBLISHED_CE_BASIS,LABSTAT_PUBLISHED,NOT_VERIFIED,NOT_ESTABLISHED,UNKNOWN,HE011,HOUSEHOLD_ENERGY,DIRECT,,SUPPRESSED,,,,,,,NOT_APPLICABLE,UNCLAIMED,,,,,NOT_APPLICABLE,RETAINED,,,,,,,,,,NOT_APPLICABLE,BLOCKED_AMOUNT_UNAVAILABLE,BLS publishes this series and did not publish this cell. The amount is unknown and is not zero.
250113,Q3,Fuel oil (owned vacation),HOUSING,Housing,DIRECT_CONCORDANCE_UCC,PUBLISHED_CE_BASIS,LABSTAT_PUBLISHED,NOT_VERIFIED,NOT_ESTABLISHED,UNKNOWN,HE011,HOUSEHOLD_ENERGY,DIRECT,,SUPPRESSED,,,,,,,NOT_APPLICABLE,UNCLAIMED,,,,,NOT_APPLICABLE,RETAINED,,,,,,,,,,NOT_APPLICABLE,BLOCKED_AMOUNT_UNAVAILABLE,BLS publishes this series and did not publish this cell. The amount is unknown and is not zero.
250113,Q4,Fuel oil (owned vacation),HOUSING,Housing,DIRECT_CONCORDANCE_UCC,PUBLISHED_CE_BASIS,LABSTAT_PUBLISHED,NOT_VERIFIED,NOT_ESTABLISHED,UNKNOWN,HE011,HOUSEHOLD_ENERGY,DIRECT,,SUPPRESSED,,,,,,,NOT_APPLICABLE,UNCLAIMED,,,,,NOT_APPLICABLE,RETAINED,,,,,,,,,,NOT_APPLICABLE,BLOCKED_AMOUNT_UNAVAILABLE,BLS publishes this series and did not publish this cell. The amount is unknown and is not zero.
250113,Q5,Fuel oil (owned vacation),HOUSING,Housing,DIRECT_CONCORDANCE_UCC,PUBLISHED_CE_BASIS,LABSTAT_PUBLISHED,NOT_VERIFIED,NOT_ESTABLISHED,UNKNOWN,HE011,HOUSEHOLD_ENERGY,DIRECT,50.000000,OBSERVED,70.000000,true,,,,,NOT_APPLICABLE,UNCLAIMED,,,,,NOT_APPLICABLE,RETAINED,50.000000,,,,,,,,,NOT_APPLICABLE,ELIGIBLE,
250114,ALL_CU,Fuel oil (rented vacation),HOUSING,Housing,DIRECT_CONCORDANCE_UCC,PUBLISHED_CE_BASIS,LABSTAT_PUBLISHED,NOT_VERIFIED,NOT_ESTABLISHED,UNKNOWN,HE011,HOUSEHOLD_ENERGY,DIRECT,,SUPPRESSED,,,,,,,NOT_APPLICABLE,UNCLAIMED,,,,,NOT_APPLICABLE,RETAINED,,,,,,,,,,NOT_APPLICABLE,BLOCKED_AMOUNT_UNAVAILABLE,BLS publishes this series and did not publish this cell. The amount is unknown and is not zero.
250114,Q1,Fuel oil (rented vacation),HOUSING,Housing,DIRECT_CONCORDANCE_UCC,PUBLISHED_CE_BASIS,LABSTAT_PUBLISHED,NOT_VERIFIED,NOT_ESTABLISHED,UNKNOWN,HE011,HOUSEHOLD_ENERGY,DIRECT,,SUPPRESSED,,,,,,,NOT_APPLICABLE,UNCLAIMED,,,,,NOT_APPLICABLE,RETAINED,,,,,,,,,,NOT_APPLICABLE,BLOCKED_AMOUNT_UNAVAILABLE,BLS publishes this series and did not publish this cell. The amount is unknown and is not zero.
250114,Q2,Fuel oil (rented vacation),HOUSING,Housing,DIRECT_CONCORDANCE_UCC,PUBLISHED_CE_BASIS,LABSTAT_PUBLISHED,NOT_VERIFIED,NOT_ESTABLISHED,UNKNOWN,HE011,HOUSEHOLD_ENERGY,DIRECT,,SUPPRESSED,,,,,,,NOT_APPLICABLE,UNCLAIMED,,,,,NOT_APPLICABLE,RETAINED,,,,,,,,,,NOT_APPLICABLE,BLOCKED_AMOUNT_UNAVAILABLE,BLS publishes this series and did not publish this cell. The amount is unknown and is not zero.
250114,Q3,Fuel oil (rented vacation),HOUSING,Housing,DIRECT_CONCORDANCE_UCC,PUBLISHED_CE_BASIS,LABSTAT_PUBLISHED,NOT_VERIFIED,NOT_ESTABLISHED,UNKNOWN,HE011,HOUSEHOLD_ENERGY,DIRECT,,SUPPRESSED,,,,,,,NOT_APPLICABLE,UNCLAIMED,,,,,NOT_APPLICABLE,RETAINED,,,,,,,,,,NOT_APPLICABLE,BLOCKED_AMOUNT_UNAVAILABLE,BLS publishes this series and did not publish this cell. The amount is unknown and is not zero.
250114,Q4,Fuel oil (rented vacation),HOUSING,Housing,DIRECT_CONCORDANCE_UCC,PUBLISHED_CE_BASIS,LABSTAT_PUBLISHED,NOT_VERIFIED,NOT_ESTABLISHED,UNKNOWN,HE011,HOUSEHOLD_ENERGY,DIRECT,,SUPPRESSED,,,,,,,NOT_APPLICABLE,UNCLAIMED,,,,,NOT_APPLICABLE,RETAINED,,,,,,,,,,NOT_APPLICABLE,BLOCKED_AMOUNT_UNAVAILABLE,BLS publishes this series and did not publish this cell. The amount is unknown and is not zero.
250114,Q5,Fuel oil (rented vacation),HOUSING,Housing,DIRECT_CONCORDANCE_UCC,PUBLISHED_CE_BASIS,LABSTAT_PUBLISHED,NOT_VERIFIED,NOT_ESTABLISHED,UNKNOWN,HE011,HOUSEHOLD_ENERGY,DIRECT,,SUPPRESSED,,,,,,,NOT_APPLICABLE,UNCLAIMED,,,,,NOT_APPLICABLE,RETAINED,,,,,,,,,,NOT_APPLICABLE,BLOCKED_AMOUNT_UNAVAILABLE,BLS publishes this series and did not publish this cell. The amount is unknown and is not zero.
250211,ALL_CU,"Gas, bottled/tank (renter)",HOUSING,Housing,DIRECT_CONCORDANCE_UCC,PUBLISHED_CE_BASIS,LABSTAT_PUBLISHED,NOT_VERIFIED,NOT_ESTABLISHED,UNKNOWN,HE021,HOUSEHOLD_ENERGY,DIRECT,412.000000,OBSERVED,21.450000,false,,,,,NOT_APPLICABLE,UNCLAIMED,,,,,NOT_APPLICABLE,RETAINED,412.000000,,,,,,,,,NOT_APPLICABLE,ELIGIBLE,
250211,Q1,"Gas, bottled/tank (renter)",HOUSING,Housing,DIRECT_CONCORDANCE_UCC,PUBLISHED_CE_BASIS,LABSTAT_PUBLISHED,NOT_VERIFIED,NOT_ESTABLISHED,UNKNOWN,HE021,HOUSEHOLD_ENERGY,DIRECT,67.000000,OBSERVED,65.750000,true,,,,,NOT_APPLICABLE,UNCLAIMED,,,,,NOT_APPLICABLE,RETAINED,67.000000,,,,,,,,,NOT_APPLICABLE,ELIGIBLE,
250211,Q2,"Gas, bottled/tank (renter)",HOUSING,Housing,DIRECT_CONCORDANCE_UCC,PUBLISHED_CE_BASIS,LABSTAT_PUBLISHED,NOT_VERIFIED,NOT_ESTABLISHED,UNKNOWN,HE021,HOUSEHOLD_ENERGY,DIRECT,149.000000,OBSERVED,29.840000,true,,,,,NOT_APPLICABLE,UNCLAIMED,,,,,NOT_APPLICABLE,RETAINED,149.000000,,,,,,,,,NOT_APPLICABLE,ELIGIBLE,
250211,Q3,"Gas, bottled/tank (renter)",HOUSING,Housing,DIRECT_CONCORDANCE_UCC,PUBLISHED_CE_BASIS,LABSTAT_PUBLISHED,NOT_VERIFIED,NOT_ESTABLISHED,UNKNOWN,HE021,HOUSEHOLD_ENERGY,DIRECT,65.000000,OBSERVED,53.040000,true,,,,,NOT_APPLICABLE,UNCLAIMED,,,,,NOT_APPLICABLE,RETAINED,65.000000,,,,,,,,,NOT_APPLICABLE,ELIGIBLE,
250211,Q4,"Gas, bottled/tank (renter)",HOUSING,Housing,DIRECT_CONCORDANCE_UCC,PUBLISHED_CE_BASIS,LABSTAT_PUBLISHED,NOT_VERIFIED,NOT_ESTABLISHED,UNKNOWN,HE021,HOUSEHOLD_ENERGY,DIRECT,89.000000,OBSERVED,46.500000,true,,,,,NOT_APPLICABLE,UNCLAIMED,,,,,NOT_APPLICABLE,RETAINED,89.000000,,,,,,,,,NOT_APPLICABLE,ELIGIBLE,
250211,Q5,"Gas, bottled/tank (renter)",HOUSING,Housing,DIRECT_CONCORDANCE_UCC,PUBLISHED_CE_BASIS,LABSTAT_PUBLISHED,NOT_VERIFIED,NOT_ESTABLISHED,UNKNOWN,HE021,HOUSEHOLD_ENERGY,DIRECT,43.000000,OBSERVED,50.580000,true,,,,,NOT_APPLICABLE,UNCLAIMED,,,,,NOT_APPLICABLE,RETAINED,43.000000,,,,,,,,,NOT_APPLICABLE,ELIGIBLE,
250212,ALL_CU,"Gas, bottled/tank (owned home)",HOUSING,Housing,DIRECT_CONCORDANCE_UCC,PUBLISHED_CE_BASIS,LABSTAT_PUBLISHED,NOT_VERIFIED,NOT_ESTABLISHED,UNKNOWN,HE021,HOUSEHOLD_ENERGY,DIRECT,6177.000000,OBSERVED,12.250000,false,,,,,NOT_APPLICABLE,UNCLAIMED,,,,,NOT_APPLICABLE,RETAINED,6177.000000,,,,,,,,,NOT_APPLICABLE,ELIGIBLE,
250212,Q1,"Gas, bottled/tank (owned home)",HOUSING,Housing,DIRECT_CONCORDANCE_UCC,PUBLISHED_CE_BASIS,LABSTAT_PUBLISHED,NOT_VERIFIED,NOT_ESTABLISHED,UNKNOWN,HE021,HOUSEHOLD_ENERGY,DIRECT,760.000000,OBSERVED,24.200000,false,,,,,NOT_APPLICABLE,UNCLAIMED,,,,,NOT_APPLICABLE,RETAINED,760.000000,,,,,,,,,NOT_APPLICABLE,ELIGIBLE,
250212,Q2,"Gas, bottled/tank (owned home)",HOUSING,Housing,DIRECT_CONCORDANCE_UCC,PUBLISHED_CE_BASIS,LABSTAT_PUBLISHED,NOT_VERIFIED,NOT_ESTABLISHED,UNKNOWN,HE021,HOUSEHOLD_ENERGY,DIRECT,1025.000000,OBSERVED,21.230000,false,,,,,NOT_APPLICABLE,UNCLAIMED,,,,,NOT_APPLICABLE,RETAINED,1025.000000,,,,,,,,,NOT_APPLICABLE,ELIGIBLE,
250212,Q3,"Gas, bottled/tank (owned home)",HOUSING,Housing,DIRECT_CONCORDANCE_UCC,PUBLISHED_CE_BASIS,LABSTAT_PUBLISHED,NOT_VERIFIED,NOT_ESTABLISHED,UNKNOWN,HE021,HOUSEHOLD_ENERGY,DIRECT,1134.000000,OBSERVED,26.370000,true,,,,,NOT_APPLICABLE,UNCLAIMED,,,,,NOT_APPLICABLE,RETAINED,1134.000000,,,,,,,,,NOT_APPLICABLE,ELIGIBLE,
250212,Q4,"Gas, bottled/tank (owned home)",HOUSING,Housing,DIRECT_CONCORDANCE_UCC,PUBLISHED_CE_BASIS,LABSTAT_PUBLISHED,NOT_VERIFIED,NOT_ESTABLISHED,UNKNOWN,HE021,HOUSEHOLD_ENERGY,DIRECT,1097.000000,OBSERVED,15.890000,false,,,,,NOT_APPLICABLE,UNCLAIMED,,,,,NOT_APPLICABLE,RETAINED,1097.000000,,,,,,,,,NOT_APPLICABLE,ELIGIBLE,
250212,Q5,"Gas, bottled/tank (owned home)",HOUSING,Housing,DIRECT_CONCORDANCE_UCC,PUBLISHED_CE_BASIS,LABSTAT_PUBLISHED,NOT_VERIFIED,NOT_ESTABLISHED,UNKNOWN,HE021,HOUSEHOLD_ENERGY,DIRECT,2161.000000,OBSERVED,20.290000,false,,,,,NOT_APPLICABLE,UNCLAIMED,,,,,NOT_APPLICABLE,RETAINED,2161.000000,,,,,,,,,NOT_APPLICABLE,ELIGIBLE,
250213,ALL_CU,"Gas, bottled/tank (owned vacation)",HOUSING,Housing,DIRECT_CONCORDANCE_UCC,PUBLISHED_CE_BASIS,LABSTAT_PUBLISHED,NOT_VERIFIED,NOT_ESTABLISHED,UNKNOWN,HE021,HOUSEHOLD_ENERGY,DIRECT,622.000000,OBSERVED,11.980000,false,,,,,NOT_APPLICABLE,UNCLAIMED,,,,,NOT_APPLICABLE,RETAINED,622.000000,,,,,,,,,NOT_APPLICABLE,ELIGIBLE,
250213,Q1,"Gas, bottled/tank (owned vacation)",HOUSING,Housing,DIRECT_CONCORDANCE_UCC,PUBLISHED_CE_BASIS,LABSTAT_PUBLISHED,NOT_VERIFIED,NOT_ESTABLISHED,UNKNOWN,HE021,HOUSEHOLD_ENERGY,DIRECT,23.000000,OBSERVED,43.890000,true,,,,,NOT_APPLICABLE,UNCLAIMED,,,,,NOT_APPLICABLE,RETAINED,23.000000,,,,,,,,,NOT_APPLICABLE,ELIGIBLE,
250213,Q2,"Gas, bottled/tank (owned vacation)",HOUSING,Housing,DIRECT_CONCORDANCE_UCC,PUBLISHED_CE_BASIS,LABSTAT_PUBLISHED,NOT_VERIFIED,NOT_ESTABLISHED,UNKNOWN,HE021,HOUSEHOLD_ENERGY,DIRECT,54.000000,OBSERVED,34.760000,true,,,,,NOT_APPLICABLE,UNCLAIMED,,,,,NOT_APPLICABLE,RETAINED,54.000000,,,,,,,,,NOT_APPLICABLE,ELIGIBLE,
250213,Q3,"Gas, bottled/tank (owned vacation)",HOUSING,Housing,DIRECT_CONCORDANCE_UCC,PUBLISHED_CE_BASIS,LABSTAT_PUBLISHED,NOT_VERIFIED,NOT_ESTABLISHED,UNKNOWN,HE021,HOUSEHOLD_ENERGY,DIRECT,79.000000,OBSERVED,26.100000,true,,,,,NOT_APPLICABLE,UNCLAIMED,,,,,NOT_APPLICABLE,RETAINED,79.000000,,,,,,,,,NOT_APPLICABLE,ELIGIBLE,
250213,Q4,"Gas, bottled/tank (owned vacation)",HOUSING,Housing,DIRECT_CONCORDANCE_UCC,PUBLISHED_CE_BASIS,LABSTAT_PUBLISHED,NOT_VERIFIED,NOT_ESTABLISHED,UNKNOWN,HE021,HOUSEHOLD_ENERGY,DIRECT,108.000000,OBSERVED,24.780000,false,,,,,NOT_APPLICABLE,UNCLAIMED,,,,,NOT_APPLICABLE,RETAINED,108.000000,,,,,,,,,NOT_APPLICABLE,ELIGIBLE,
250213,Q5,"Gas, bottled/tank (owned vacation)",HOUSING,Housing,DIRECT_CONCORDANCE_UCC,PUBLISHED_CE_BASIS,LABSTAT_PUBLISHED,NOT_VERIFIED,NOT_ESTABLISHED,UNKNOWN,HE021,HOUSEHOLD_ENERGY,DIRECT,358.000000,OBSERVED,21.040000,false,,,,,NOT_APPLICABLE,UNCLAIMED,,,,,NOT_APPLICABLE,RETAINED,358.000000,,,,,,,,,NOT_APPLICABLE,ELIGIBLE,
250214,ALL_CU,"Gas, bottled/tank (rented vacation)",HOUSING,Housing,DIRECT_CONCORDANCE_UCC,PUBLISHED_CE_BASIS,LABSTAT_PUBLISHED,NOT_VERIFIED,NOT_ESTABLISHED,UNKNOWN,HE021,HOUSEHOLD_ENERGY,DIRECT,,SUPPRESSED,,,,,,,NOT_APPLICABLE,UNCLAIMED,,,,,NOT_APPLICABLE,RETAINED,,,,,,,,,,NOT_APPLICABLE,BLOCKED_AMOUNT_UNAVAILABLE,BLS publishes this series and did not publish this cell. The amount is unknown and is not zero.
250214,Q1,"Gas, bottled/tank (rented vacation)",HOUSING,Housing,DIRECT_CONCORDANCE_UCC,PUBLISHED_CE_BASIS,LABSTAT_PUBLISHED,NOT_VERIFIED,NOT_ESTABLISHED,UNKNOWN,HE021,HOUSEHOLD_ENERGY,DIRECT,,SUPPRESSED,,,,,,,NOT_APPLICABLE,UNCLAIMED,,,,,NOT_APPLICABLE,RETAINED,,,,,,,,,,NOT_APPLICABLE,BLOCKED_AMOUNT_UNAVAILABLE,BLS publishes this series and did not publish this cell. The amount is unknown and is not zero.
250214,Q2,"Gas, bottled/tank (rented vacation)",HOUSING,Housing,DIRECT_CONCORDANCE_UCC,PUBLISHED_CE_BASIS,LABSTAT_PUBLISHED,NOT_VERIFIED,NOT_ESTABLISHED,UNKNOWN,HE021,HOUSEHOLD_ENERGY,DIRECT,,SUPPRESSED,,,,,,,NOT_APPLICABLE,UNCLAIMED,,,,,NOT_APPLICABLE,RETAINED,,,,,,,,,,NOT_APPLICABLE,BLOCKED_AMOUNT_UNAVAILABLE,BLS publishes this series and did not publish this cell. The amount is unknown and is not zero.
250214,Q3,"Gas, bottled/tank (rented vacation)",HOUSING,Housing,DIRECT_CONCORDANCE_UCC,PUBLISHED_CE_BASIS,LABSTAT_PUBLISHED,NOT_VERIFIED,NOT_ESTABLISHED,UNKNOWN,HE021,HOUSEHOLD_ENERGY,DIRECT,,SUPPRESSED,,,,,,,NOT_APPLICABLE,UNCLAIMED,,,,,NOT_APPLICABLE,RETAINED,,,,,,,,,,NOT_APPLICABLE,BLOCKED_AMOUNT_UNAVAILABLE,BLS publishes this series and did not publish this cell. The amount is unknown and is not zero.
250214,Q4,"Gas, bottled/tank (rented vacation)",HOUSING,Housing,DIRECT_CONCORDANCE_UCC,PUBLISHED_CE_BASIS,LABSTAT_PUBLISHED,NOT_VERIFIED,NOT_ESTABLISHED,UNKNOWN,HE021,HOUSEHOLD_ENERGY,DIRECT,,SUPPRESSED,,,,,,,NOT_APPLICABLE,UNCLAIMED,,,,,NOT_APPLICABLE,RETAINED,,,,,,,,,,NOT_APPLICABLE,BLOCKED_AMOUNT_UNAVAILABLE,BLS publishes this series and did not publish this cell. The amount is unknown and is not zero.
250214,Q5,"Gas, bottled/tank (rented vacation)",HOUSING,Housing,DIRECT_CONCORDANCE_UCC,PUBLISHED_CE_BASIS,LABSTAT_PUBLISHED,NOT_VERIFIED,NOT_ESTABLISHED,UNKNOWN,HE021,HOUSEHOLD_ENERGY,DIRECT,,SUPPRESSED,,,,,,,NOT_APPLICABLE,UNCLAIMED,,,,,NOT_APPLICABLE,RETAINED,,,,,,,,,,NOT_APPLICABLE,BLOCKED_AMOUNT_UNAVAILABLE,BLS publishes this series and did not publish this cell. The amount is unknown and is not zero.
250911,ALL_CU,"Coal, wood, and other fuels (renter)",HOUSING,Housing,DIRECT_CONCORDANCE_UCC,PUBLISHED_CE_BASIS,LABSTAT_PUBLISHED,NOT_VERIFIED,NOT_ESTABLISHED,UNKNOWN,HE021,HOUSEHOLD_ENERGY,DIRECT,38.000000,OBSERVED,35.340000,true,,,,,NOT_APPLICABLE,UNCLAIMED,,,,,NOT_APPLICABLE,RETAINED,38.000000,,,,,,,,,NOT_APPLICABLE,ELIGIBLE,
250911,Q1,"Coal, wood, and other fuels (renter)",HOUSING,Housing,DIRECT_CONCORDANCE_UCC,PUBLISHED_CE_BASIS,LABSTAT_PUBLISHED,NOT_VERIFIED,NOT_ESTABLISHED,UNKNOWN,HE021,HOUSEHOLD_ENERGY,DIRECT,16.000000,OBSERVED,59.240000,true,,,,,NOT_APPLICABLE,UNCLAIMED,,,,,NOT_APPLICABLE,RETAINED,16.000000,,,,,,,,,NOT_APPLICABLE,ELIGIBLE,
250911,Q2,"Coal, wood, and other fuels (renter)",HOUSING,Housing,DIRECT_CONCORDANCE_UCC,PUBLISHED_CE_BASIS,LABSTAT_PUBLISHED,NOT_VERIFIED,NOT_ESTABLISHED,UNKNOWN,HE021,HOUSEHOLD_ENERGY,DIRECT,12.000000,OBSERVED,59.220000,true,,,,,NOT_APPLICABLE,UNCLAIMED,,,,,NOT_APPLICABLE,RETAINED,12.000000,,,,,,,,,NOT_APPLICABLE,ELIGIBLE,
250911,Q3,"Coal, wood, and other fuels (renter)",HOUSING,Housing,DIRECT_CONCORDANCE_UCC,PUBLISHED_CE_BASIS,LABSTAT_PUBLISHED,NOT_VERIFIED,NOT_ESTABLISHED,UNKNOWN,HE021,HOUSEHOLD_ENERGY,DIRECT,9.000000,OBSERVED,65.720000,true,,,,,NOT_APPLICABLE,UNCLAIMED,,,,,NOT_APPLICABLE,RETAINED,9.000000,,,,,,,,,NOT_APPLICABLE,ELIGIBLE,
250911,Q4,"Coal, wood, and other fuels (renter)",HOUSING,Housing,DIRECT_CONCORDANCE_UCC,PUBLISHED_CE_BASIS,LABSTAT_PUBLISHED,NOT_VERIFIED,NOT_ESTABLISHED,UNKNOWN,HE021,HOUSEHOLD_ENERGY,DIRECT,0.000000,OBSERVED,98.700000,true,,,,,NOT_APPLICABLE,UNCLAIMED,,,,,NOT_APPLICABLE,RETAINED,0.000000,,,,,,,,,NOT_APPLICABLE,ELIGIBLE,
250911,Q5,"Coal, wood, and other fuels (renter)",HOUSING,Housing,DIRECT_CONCORDANCE_UCC,PUBLISHED_CE_BASIS,LABSTAT_PUBLISHED,NOT_VERIFIED,NOT_ESTABLISHED,UNKNOWN,HE021,HOUSEHOLD_ENERGY,DIRECT,0.000000,OBSERVED,111.950000,true,,,,,NOT_APPLICABLE,UNCLAIMED,,,,,NOT_APPLICABLE,RETAINED,0.000000,,,,,,,,,NOT_APPLICABLE,ELIGIBLE,
250912,ALL_CU,"Coal, wood, and other fuels (owned home)",HOUSING,Housing,DIRECT_CONCORDANCE_UCC,PUBLISHED_CE_BASIS,LABSTAT_PUBLISHED,NOT_VERIFIED,NOT_ESTABLISHED,UNKNOWN,HE021,HOUSEHOLD_ENERGY,DIRECT,1295.000000,OBSERVED,18.730000,false,,,,,NOT_APPLICABLE,UNCLAIMED,,,,,NOT_APPLICABLE,RETAINED,1295.000000,,,,,,,,,NOT_APPLICABLE,ELIGIBLE,
250912,Q1,"Coal, wood, and other fuels (owned home)",HOUSING,Housing,DIRECT_CONCORDANCE_UCC,PUBLISHED_CE_BASIS,LABSTAT_PUBLISHED,NOT_VERIFIED,NOT_ESTABLISHED,UNKNOWN,HE021,HOUSEHOLD_ENERGY,DIRECT,74.000000,OBSERVED,27.030000,true,,,,,NOT_APPLICABLE,UNCLAIMED,,,,,NOT_APPLICABLE,RETAINED,74.000000,,,,,,,,,NOT_APPLICABLE,ELIGIBLE,
250912,Q2,"Coal, wood, and other fuels (owned home)",HOUSING,Housing,DIRECT_CONCORDANCE_UCC,PUBLISHED_CE_BASIS,LABSTAT_PUBLISHED,NOT_VERIFIED,NOT_ESTABLISHED,UNKNOWN,HE021,HOUSEHOLD_ENERGY,DIRECT,329.000000,OBSERVED,54.620000,true,,,,,NOT_APPLICABLE,UNCLAIMED,,,,,NOT_APPLICABLE,RETAINED,329.000000,,,,,,,,,NOT_APPLICABLE,ELIGIBLE,
250912,Q3,"Coal, wood, and other fuels (owned home)",HOUSING,Housing,DIRECT_CONCORDANCE_UCC,PUBLISHED_CE_BASIS,LABSTAT_PUBLISHED,NOT_VERIFIED,NOT_ESTABLISHED,UNKNOWN,HE021,HOUSEHOLD_ENERGY,DIRECT,255.000000,OBSERVED,28.700000,true,,,,,NOT_APPLICABLE,UNCLAIMED,,,,,NOT_APPLICABLE,RETAINED,255.000000,,,,,,,,,NOT_APPLICABLE,ELIGIBLE,
250912,Q4,"Coal, wood, and other fuels (owned home)",HOUSING,Housing,DIRECT_CONCORDANCE_UCC,PUBLISHED_CE_BASIS,LABSTAT_PUBLISHED,NOT_VERIFIED,NOT_ESTABLISHED,UNKNOWN,HE021,HOUSEHOLD_ENERGY,DIRECT,269.000000,OBSERVED,17.690000,false,,,,,NOT_APPLICABLE,UNCLAIMED,,,,,NOT_APPLICABLE,RETAINED,269.000000,,,,,,,,,NOT_APPLICABLE,ELIGIBLE,
250912,Q5,"Coal, wood, and other fuels (owned home)",HOUSING,Housing,DIRECT_CONCORDANCE_UCC,PUBLISHED_CE_BASIS,LABSTAT_PUBLISHED,NOT_VERIFIED,NOT_ESTABLISHED,UNKNOWN,HE021,HOUSEHOLD_ENERGY,DIRECT,367.000000,OBSERVED,35.030000,true,,,,,NOT_APPLICABLE,UNCLAIMED,,,,,NOT_APPLICABLE,RETAINED,367.000000,,,,,,,,,NOT_APPLICABLE,ELIGIBLE,
250913,ALL_CU,"Coal, wood, and other fuels (owned vacation)",HOUSING,Housing,DIRECT_CONCORDANCE_UCC,PUBLISHED_CE_BASIS,LABSTAT_PUBLISHED,NOT_VERIFIED,NOT_ESTABLISHED,UNKNOWN,HE021,HOUSEHOLD_ENERGY,DIRECT,,SUPPRESSED,,,,,,,NOT_APPLICABLE,UNCLAIMED,,,,,NOT_APPLICABLE,RETAINED,,,,,,,,,,NOT_APPLICABLE,BLOCKED_AMOUNT_UNAVAILABLE,BLS publishes this series and did not publish this cell. The amount is unknown and is not zero.
250913,Q1,"Coal, wood, and other fuels (owned vacation)",HOUSING,Housing,DIRECT_CONCORDANCE_UCC,PUBLISHED_CE_BASIS,LABSTAT_PUBLISHED,NOT_VERIFIED,NOT_ESTABLISHED,UNKNOWN,HE021,HOUSEHOLD_ENERGY,DIRECT,,SUPPRESSED,,,,,,,NOT_APPLICABLE,UNCLAIMED,,,,,NOT_APPLICABLE,RETAINED,,,,,,,,,,NOT_APPLICABLE,BLOCKED_AMOUNT_UNAVAILABLE,BLS publishes this series and did not publish this cell. The amount is unknown and is not zero.
250913,Q2,"Coal, wood, and other fuels (owned vacation)",HOUSING,Housing,DIRECT_CONCORDANCE_UCC,PUBLISHED_CE_BASIS,LABSTAT_PUBLISHED,NOT_VERIFIED,NOT_ESTABLISHED,UNKNOWN,HE021,HOUSEHOLD_ENERGY,DIRECT,,SUPPRESSED,,,,,,,NOT_APPLICABLE,UNCLAIMED,,,,,NOT_APPLICABLE,RETAINED,,,,,,,,,,NOT_APPLICABLE,BLOCKED_AMOUNT_UNAVAILABLE,BLS publishes this series and did not publish this cell. The amount is unknown and is not zero.
250913,Q3,"Coal, wood, and other fuels (owned vacation)",HOUSING,Housing,DIRECT_CONCORDANCE_UCC,PUBLISHED_CE_BASIS,LABSTAT_PUBLISHED,NOT_VERIFIED,NOT_ESTABLISHED,UNKNOWN,HE021,HOUSEHOLD_ENERGY,DIRECT,,SUPPRESSED,,,,,,,NOT_APPLICABLE,UNCLAIMED,,,,,NOT_APPLICABLE,RETAINED,,,,,,,,,,NOT_APPLICABLE,BLOCKED_AMOUNT_UNAVAILABLE,BLS publishes this series and did not publish this cell. The amount is unknown and is not zero.
250913,Q4,"Coal, wood, and other fuels (owned vacation)",HOUSING,Housing,DIRECT_CONCORDANCE_UCC,PUBLISHED_CE_BASIS,LABSTAT_PUBLISHED,NOT_VERIFIED,NOT_ESTABLISHED,UNKNOWN,HE021,HOUSEHOLD_ENERGY,DIRECT,,SUPPRESSED,,,,,,,NOT_APPLICABLE,UNCLAIMED,,,,,NOT_APPLICABLE,RETAINED,,,,,,,,,,NOT_APPLICABLE,BLOCKED_AMOUNT_UNAVAILABLE,BLS publishes this series and did not publish this cell. The amount is unknown and is not zero.
250913,Q5,"Coal, wood, and other fuels (owned vacation)",HOUSING,Housing,DIRECT_CONCORDANCE_UCC,PUBLISHED_CE_BASIS,LABSTAT_PUBLISHED,NOT_VERIFIED,NOT_ESTABLISHED,UNKNOWN,HE021,HOUSEHOLD_ENERGY,DIRECT,,SUPPRESSED,,,,,,,NOT_APPLICABLE,UNCLAIMED,,,,,NOT_APPLICABLE,RETAINED,,,,,,,,,,NOT_APPLICABLE,BLOCKED_AMOUNT_UNAVAILABLE,BLS publishes this series and did not publish this cell. The amount is unknown and is not zero.
250914,ALL_CU,"Coal, wood, and other fuels (rented vacation)",HOUSING,Housing,DIRECT_CONCORDANCE_UCC,PUBLISHED_CE_BASIS,LABSTAT_PUBLISHED,NOT_VERIFIED,NOT_ESTABLISHED,UNKNOWN,HE021,HOUSEHOLD_ENERGY,DIRECT,,SUPPRESSED,,,,,,,NOT_APPLICABLE,UNCLAIMED,,,,,NOT_APPLICABLE,RETAINED,,,,,,,,,,NOT_APPLICABLE,BLOCKED_AMOUNT_UNAVAILABLE,BLS publishes this series and did not publish this cell. The amount is unknown and is not zero.
250914,Q1,"Coal, wood, and other fuels (rented vacation)",HOUSING,Housing,DIRECT_CONCORDANCE_UCC,PUBLISHED_CE_BASIS,LABSTAT_PUBLISHED,NOT_VERIFIED,NOT_ESTABLISHED,UNKNOWN,HE021,HOUSEHOLD_ENERGY,DIRECT,,SUPPRESSED,,,,,,,NOT_APPLICABLE,UNCLAIMED,,,,,NOT_APPLICABLE,RETAINED,,,,,,,,,,NOT_APPLICABLE,BLOCKED_AMOUNT_UNAVAILABLE,BLS publishes this series and did not publish this cell. The amount is unknown and is not zero.
250914,Q2,"Coal, wood, and other fuels (rented vacation)",HOUSING,Housing,DIRECT_CONCORDANCE_UCC,PUBLISHED_CE_BASIS,LABSTAT_PUBLISHED,NOT_VERIFIED,NOT_ESTABLISHED,UNKNOWN,HE021,HOUSEHOLD_ENERGY,DIRECT,,SUPPRESSED,,,,,,,NOT_APPLICABLE,UNCLAIMED,,,,,NOT_APPLICABLE,RETAINED,,,,,,,,,,NOT_APPLICABLE,BLOCKED_AMOUNT_UNAVAILABLE,BLS publishes this series and did not publish this cell. The amount is unknown and is not zero.
250914,Q3,"Coal, wood, and other fuels (rented vacation)",HOUSING,Housing,DIRECT_CONCORDANCE_UCC,PUBLISHED_CE_BASIS,LABSTAT_PUBLISHED,NOT_VERIFIED,NOT_ESTABLISHED,UNKNOWN,HE021,HOUSEHOLD_ENERGY,DIRECT,,SUPPRESSED,,,,,,,NOT_APPLICABLE,UNCLAIMED,,,,,NOT_APPLICABLE,RETAINED,,,,,,,,,,NOT_APPLICABLE,BLOCKED_AMOUNT_UNAVAILABLE,BLS publishes this series and did not publish this cell. The amount is unknown and is not zero.
250914,Q4,"Coal, wood, and other fuels (rented vacation)",HOUSING,Housing,DIRECT_CONCORDANCE_UCC,PUBLISHED_CE_BASIS,LABSTAT_PUBLISHED,NOT_VERIFIED,NOT_ESTABLISHED,UNKNOWN,HE021,HOUSEHOLD_ENERGY,DIRECT,,SUPPRESSED,,,,,,,NOT_APPLICABLE,UNCLAIMED,,,,,NOT_APPLICABLE,RETAINED,,,,,,,,,,NOT_APPLICABLE,BLOCKED_AMOUNT_UNAVAILABLE,BLS publishes this series and did not publish this cell. The amount is unknown and is not zero.
250914,Q5,"Coal, wood, and other fuels (rented vacation)",HOUSING,Housing,DIRECT_CONCORDANCE_UCC,PUBLISHED_CE_BASIS,LABSTAT_PUBLISHED,NOT_VERIFIED,NOT_ESTABLISHED,UNKNOWN,HE021,HOUSEHOLD_ENERGY,DIRECT,,SUPPRESSED,,,,,,,NOT_APPLICABLE,UNCLAIMED,,,,,NOT_APPLICABLE,RETAINED,,,,,,,,,,NOT_APPLICABLE,BLOCKED_AMOUNT_UNAVAILABLE,BLS publishes this series and did not publish this cell. The amount is unknown and is not zero.
260111,ALL_CU,Electricity (renter),HOUSING,Housing,DIRECT_CONCORDANCE_UCC,PUBLISHED_CE_BASIS,LABSTAT_PUBLISHED,NOT_VERIFIED,NOT_ESTABLISHED,UNKNOWN,HF011,HOUSEHOLD_ENERGY,DIRECT,62285.000000,OBSERVED,2.960000,false,,,,,NOT_APPLICABLE,UNCLAIMED,,,,,NOT_APPLICABLE,RETAINED,62285.000000,,,,,,,,,NOT_APPLICABLE,ELIGIBLE,
260111,Q1,Electricity (renter),HOUSING,Housing,DIRECT_CONCORDANCE_UCC,PUBLISHED_CE_BASIS,LABSTAT_PUBLISHED,NOT_VERIFIED,NOT_ESTABLISHED,UNKNOWN,HF011,HOUSEHOLD_ENERGY,DIRECT,14211.000000,OBSERVED,4.180000,false,,,,,NOT_APPLICABLE,UNCLAIMED,,,,,NOT_APPLICABLE,RETAINED,14211.000000,,,,,,,,,NOT_APPLICABLE,ELIGIBLE,
260111,Q2,Electricity (renter),HOUSING,Housing,DIRECT_CONCORDANCE_UCC,PUBLISHED_CE_BASIS,LABSTAT_PUBLISHED,NOT_VERIFIED,NOT_ESTABLISHED,UNKNOWN,HF011,HOUSEHOLD_ENERGY,DIRECT,15705.000000,OBSERVED,4.750000,false,,,,,NOT_APPLICABLE,UNCLAIMED,,,,,NOT_APPLICABLE,RETAINED,15705.000000,,,,,,,,,NOT_APPLICABLE,ELIGIBLE,
260111,Q3,Electricity (renter),HOUSING,Housing,DIRECT_CONCORDANCE_UCC,PUBLISHED_CE_BASIS,LABSTAT_PUBLISHED,NOT_VERIFIED,NOT_ESTABLISHED,UNKNOWN,HF011,HOUSEHOLD_ENERGY,DIRECT,14982.000000,OBSERVED,4.900000,false,,,,,NOT_APPLICABLE,UNCLAIMED,,,,,NOT_APPLICABLE,RETAINED,14982.000000,,,,,,,,,NOT_APPLICABLE,ELIGIBLE,
260111,Q4,Electricity (renter),HOUSING,Housing,DIRECT_CONCORDANCE_UCC,PUBLISHED_CE_BASIS,LABSTAT_PUBLISHED,NOT_VERIFIED,NOT_ESTABLISHED,UNKNOWN,HF011,HOUSEHOLD_ENERGY,DIRECT,11594.000000,OBSERVED,6.560000,false,,,,,NOT_APPLICABLE,UNCLAIMED,,,,,NOT_APPLICABLE,RETAINED,11594.000000,,,,,,,,,NOT_APPLICABLE,ELIGIBLE,
260111,Q5,Electricity (renter),HOUSING,Housing,DIRECT_CONCORDANCE_UCC,PUBLISHED_CE_BASIS,LABSTAT_PUBLISHED,NOT_VERIFIED,NOT_ESTABLISHED,UNKNOWN,HF011,HOUSEHOLD_ENERGY,DIRECT,5793.000000,OBSERVED,8.320000,false,,,,,NOT_APPLICABLE,UNCLAIMED,,,,,NOT_APPLICABLE,RETAINED,5793.000000,,,,,,,,,NOT_APPLICABLE,ELIGIBLE,
260112,ALL_CU,Electricity (owned home),HOUSING,Housing,DIRECT_CONCORDANCE_UCC,PUBLISHED_CE_BASIS,LABSTAT_PUBLISHED,NOT_VERIFIED,NOT_ESTABLISHED,UNKNOWN,HF011,HOUSEHOLD_ENERGY,DIRECT,184485.000000,OBSERVED,1.610000,false,,,,,NOT_APPLICABLE,UNCLAIMED,,,,,NOT_APPLICABLE,RETAINED,184485.000000,,,,,,,,,NOT_APPLICABLE,ELIGIBLE,
260112,Q1,Electricity (owned home),HOUSING,Housing,DIRECT_CONCORDANCE_UCC,PUBLISHED_CE_BASIS,LABSTAT_PUBLISHED,NOT_VERIFIED,NOT_ESTABLISHED,UNKNOWN,HF011,HOUSEHOLD_ENERGY,DIRECT,20225.000000,OBSERVED,3.770000,false,,,,,NOT_APPLICABLE,UNCLAIMED,,,,,NOT_APPLICABLE,RETAINED,20225.000000,,,,,,,,,NOT_APPLICABLE,ELIGIBLE,
260112,Q2,Electricity (owned home),HOUSING,Housing,DIRECT_CONCORDANCE_UCC,PUBLISHED_CE_BASIS,LABSTAT_PUBLISHED,NOT_VERIFIED,NOT_ESTABLISHED,UNKNOWN,HF011,HOUSEHOLD_ENERGY,DIRECT,29565.000000,OBSERVED,3.210000,false,,,,,NOT_APPLICABLE,UNCLAIMED,,,,,NOT_APPLICABLE,RETAINED,29565.000000,,,,,,,,,NOT_APPLICABLE,ELIGIBLE,
260112,Q3,Electricity (owned home),HOUSING,Housing,DIRECT_CONCORDANCE_UCC,PUBLISHED_CE_BASIS,LABSTAT_PUBLISHED,NOT_VERIFIED,NOT_ESTABLISHED,UNKNOWN,HF011,HOUSEHOLD_ENERGY,DIRECT,33549.000000,OBSERVED,3.100000,false,,,,,NOT_APPLICABLE,UNCLAIMED,,,,,NOT_APPLICABLE,RETAINED,33549.000000,,,,,,,,,NOT_APPLICABLE,ELIGIBLE,
260112,Q4,Electricity (owned home),HOUSING,Housing,DIRECT_CONCORDANCE_UCC,PUBLISHED_CE_BASIS,LABSTAT_PUBLISHED,NOT_VERIFIED,NOT_ESTABLISHED,UNKNOWN,HF011,HOUSEHOLD_ENERGY,DIRECT,42945.000000,OBSERVED,1.950000,false,,,,,NOT_APPLICABLE,UNCLAIMED,,,,,NOT_APPLICABLE,RETAINED,42945.000000,,,,,,,,,NOT_APPLICABLE,ELIGIBLE,
260112,Q5,Electricity (owned home),HOUSING,Housing,DIRECT_CONCORDANCE_UCC,PUBLISHED_CE_BASIS,LABSTAT_PUBLISHED,NOT_VERIFIED,NOT_ESTABLISHED,UNKNOWN,HF011,HOUSEHOLD_ENERGY,DIRECT,58201.000000,OBSERVED,2.540000,false,,,,,NOT_APPLICABLE,UNCLAIMED,,,,,NOT_APPLICABLE,RETAINED,58201.000000,,,,,,,,,NOT_APPLICABLE,ELIGIBLE,
260113,ALL_CU,Electricity (owned vacation),HOUSING,Housing,DIRECT_CONCORDANCE_UCC,PUBLISHED_CE_BASIS,LABSTAT_PUBLISHED,NOT_VERIFIED,NOT_ESTABLISHED,UNKNOWN,HF011,HOUSEHOLD_ENERGY,DIRECT,1572.000000,OBSERVED,20.200000,false,,,,,NOT_APPLICABLE,UNCLAIMED,,,,,NOT_APPLICABLE,RETAINED,1572.000000,,,,,,,,,NOT_APPLICABLE,ELIGIBLE,
260113,Q1,Electricity (owned vacation),HOUSING,Housing,DIRECT_CONCORDANCE_UCC,PUBLISHED_CE_BASIS,LABSTAT_PUBLISHED,NOT_VERIFIED,NOT_ESTABLISHED,UNKNOWN,HF011,HOUSEHOLD_ENERGY,DIRECT,109.000000,OBSERVED,43.930000,true,,,,,NOT_APPLICABLE,UNCLAIMED,,,,,NOT_APPLICABLE,RETAINED,109.000000,,,,,,,,,NOT_APPLICABLE,ELIGIBLE,
260113,Q2,Electricity (owned vacation),HOUSING,Housing,DIRECT_CONCORDANCE_UCC,PUBLISHED_CE_BASIS,LABSTAT_PUBLISHED,NOT_VERIFIED,NOT_ESTABLISHED,UNKNOWN,HF011,HOUSEHOLD_ENERGY,DIRECT,119.000000,OBSERVED,22.250000,false,,,,,NOT_APPLICABLE,UNCLAIMED,,,,,NOT_APPLICABLE,RETAINED,119.000000,,,,,,,,,NOT_APPLICABLE,ELIGIBLE,
260113,Q3,Electricity (owned vacation),HOUSING,Housing,DIRECT_CONCORDANCE_UCC,PUBLISHED_CE_BASIS,LABSTAT_PUBLISHED,NOT_VERIFIED,NOT_ESTABLISHED,UNKNOWN,HF011,HOUSEHOLD_ENERGY,DIRECT,173.000000,OBSERVED,38.280000,true,,,,,NOT_APPLICABLE,UNCLAIMED,,,,,NOT_APPLICABLE,RETAINED,173.000000,,,,,,,,,NOT_APPLICABLE,ELIGIBLE,
260113,Q4,Electricity (owned vacation),HOUSING,Housing,DIRECT_CONCORDANCE_UCC,PUBLISHED_CE_BASIS,LABSTAT_PUBLISHED,NOT_VERIFIED,NOT_ESTABLISHED,UNKNOWN,HF011,HOUSEHOLD_ENERGY,DIRECT,468.000000,OBSERVED,42.670000,true,,,,,NOT_APPLICABLE,UNCLAIMED,,,,,NOT_APPLICABLE,RETAINED,468.000000,,,,,,,,,NOT_APPLICABLE,ELIGIBLE,
260113,Q5,Electricity (owned vacation),HOUSING,Housing,DIRECT_CONCORDANCE_UCC,PUBLISHED_CE_BASIS,LABSTAT_PUBLISHED,NOT_VERIFIED,NOT_ESTABLISHED,UNKNOWN,HF011,HOUSEHOLD_ENERGY,DIRECT,703.000000,OBSERVED,21.080000,false,,,,,NOT_APPLICABLE,UNCLAIMED,,,,,NOT_APPLICABLE,RETAINED,703.000000,,,,,,,,,NOT_APPLICABLE,ELIGIBLE,
260114,ALL_CU,Electricity (rented vacation),HOUSING,Housing,DIRECT_CONCORDANCE_UCC,PUBLISHED_CE_BASIS,LABSTAT_PUBLISHED,NOT_VERIFIED,NOT_ESTABLISHED,UNKNOWN,HF011,HOUSEHOLD_ENERGY,DIRECT,491.000000,OBSERVED,16.940000,false,,,,,NOT_APPLICABLE,UNCLAIMED,,,,,NOT_APPLICABLE,RETAINED,491.000000,,,,,,,,,NOT_APPLICABLE,ELIGIBLE,
260114,Q1,Electricity (rented vacation),HOUSING,Housing,DIRECT_CONCORDANCE_UCC,PUBLISHED_CE_BASIS,LABSTAT_PUBLISHED,NOT_VERIFIED,NOT_ESTABLISHED,UNKNOWN,HF011,HOUSEHOLD_ENERGY,DIRECT,92.000000,OBSERVED,43.370000,true,,,,,NOT_APPLICABLE,UNCLAIMED,,,,,NOT_APPLICABLE,RETAINED,92.000000,,,,,,,,,NOT_APPLICABLE,ELIGIBLE,
260114,Q2,Electricity (rented vacation),HOUSING,Housing,DIRECT_CONCORDANCE_UCC,PUBLISHED_CE_BASIS,LABSTAT_PUBLISHED,NOT_VERIFIED,NOT_ESTABLISHED,UNKNOWN,HF011,HOUSEHOLD_ENERGY,DIRECT,110.000000,OBSERVED,32.280000,true,,,,,NOT_APPLICABLE,UNCLAIMED,,,,,NOT_APPLICABLE,RETAINED,110.000000,,,,,,,,,NOT_APPLICABLE,ELIGIBLE,
260114,Q3,Electricity (rented vacation),HOUSING,Housing,DIRECT_CONCORDANCE_UCC,PUBLISHED_CE_BASIS,LABSTAT_PUBLISHED,NOT_VERIFIED,NOT_ESTABLISHED,UNKNOWN,HF011,HOUSEHOLD_ENERGY,DIRECT,160.000000,OBSERVED,39.100000,true,,,,,NOT_APPLICABLE,UNCLAIMED,,,,,NOT_APPLICABLE,RETAINED,160.000000,,,,,,,,,NOT_APPLICABLE,ELIGIBLE,
260114,Q4,Electricity (rented vacation),HOUSING,Housing,DIRECT_CONCORDANCE_UCC,PUBLISHED_CE_BASIS,LABSTAT_PUBLISHED,NOT_VERIFIED,NOT_ESTABLISHED,UNKNOWN,HF011,HOUSEHOLD_ENERGY,DIRECT,17.000000,OBSERVED,115.830000,true,,,,,NOT_APPLICABLE,UNCLAIMED,,,,,NOT_APPLICABLE,RETAINED,17.000000,,,,,,,,,NOT_APPLICABLE,ELIGIBLE,
260114,Q5,Electricity (rented vacation),HOUSING,Housing,DIRECT_CONCORDANCE_UCC,PUBLISHED_CE_BASIS,LABSTAT_PUBLISHED,NOT_VERIFIED,NOT_ESTABLISHED,UNKNOWN,HF011,HOUSEHOLD_ENERGY,DIRECT,112.000000,OBSERVED,36.030000,true,,,,,NOT_APPLICABLE,UNCLAIMED,,,,,NOT_APPLICABLE,RETAINED,112.000000,,,,,,,,,NOT_APPLICABLE,ELIGIBLE,
260211,ALL_CU,Natural gas (renter),HOUSING,Housing,DIRECT_CONCORDANCE_UCC,PUBLISHED_CE_BASIS,LABSTAT_PUBLISHED,NOT_VERIFIED,NOT_ESTABLISHED,UNKNOWN,HF021,HOUSEHOLD_ENERGY,DIRECT,11854.000000,OBSERVED,4.410000,false,,,,,NOT_APPLICABLE,UNCLAIMED,,,,,NOT_APPLICABLE,RETAINED,11854.000000,,,,,,,,,NOT_APPLICABLE,ELIGIBLE,
260211,Q1,Natural gas (renter),HOUSING,Housing,DIRECT_CONCORDANCE_UCC,PUBLISHED_CE_BASIS,LABSTAT_PUBLISHED,NOT_VERIFIED,NOT_ESTABLISHED,UNKNOWN,HF021,HOUSEHOLD_ENERGY,DIRECT,2397.000000,OBSERVED,7.390000,false,,,,,NOT_APPLICABLE,UNCLAIMED,,,,,NOT_APPLICABLE,RETAINED,2397.000000,,,,,,,,,NOT_APPLICABLE,ELIGIBLE,
260211,Q2,Natural gas (renter),HOUSING,Housing,DIRECT_CONCORDANCE_UCC,PUBLISHED_CE_BASIS,LABSTAT_PUBLISHED,NOT_VERIFIED,NOT_ESTABLISHED,UNKNOWN,HF021,HOUSEHOLD_ENERGY,DIRECT,2745.000000,OBSERVED,8.930000,false,,,,,NOT_APPLICABLE,UNCLAIMED,,,,,NOT_APPLICABLE,RETAINED,2745.000000,,,,,,,,,NOT_APPLICABLE,ELIGIBLE,
260211,Q3,Natural gas (renter),HOUSING,Housing,DIRECT_CONCORDANCE_UCC,PUBLISHED_CE_BASIS,LABSTAT_PUBLISHED,NOT_VERIFIED,NOT_ESTABLISHED,UNKNOWN,HF021,HOUSEHOLD_ENERGY,DIRECT,3088.000000,OBSERVED,8.760000,false,,,,,NOT_APPLICABLE,UNCLAIMED,,,,,NOT_APPLICABLE,RETAINED,3088.000000,,,,,,,,,NOT_APPLICABLE,ELIGIBLE,
260211,Q4,Natural gas (renter),HOUSING,Housing,DIRECT_CONCORDANCE_UCC,PUBLISHED_CE_BASIS,LABSTAT_PUBLISHED,NOT_VERIFIED,NOT_ESTABLISHED,UNKNOWN,HF021,HOUSEHOLD_ENERGY,DIRECT,2301.000000,OBSERVED,10.130000,false,,,,,NOT_APPLICABLE,UNCLAIMED,,,,,NOT_APPLICABLE,RETAINED,2301.000000,,,,,,,,,NOT_APPLICABLE,ELIGIBLE,
260211,Q5,Natural gas (renter),HOUSING,Housing,DIRECT_CONCORDANCE_UCC,PUBLISHED_CE_BASIS,LABSTAT_PUBLISHED,NOT_VERIFIED,NOT_ESTABLISHED,UNKNOWN,HF021,HOUSEHOLD_ENERGY,DIRECT,1323.000000,OBSERVED,9.490000,false,,,,,NOT_APPLICABLE,UNCLAIMED,,,,,NOT_APPLICABLE,RETAINED,1323.000000,,,,,,,,,NOT_APPLICABLE,ELIGIBLE,
260212,ALL_CU,Natural gas (owned home),HOUSING,Housing,DIRECT_CONCORDANCE_UCC,PUBLISHED_CE_BASIS,LABSTAT_PUBLISHED,NOT_VERIFIED,NOT_ESTABLISHED,UNKNOWN,HF021,HOUSEHOLD_ENERGY,DIRECT,54409.000000,OBSERVED,3.590000,false,,,,,NOT_APPLICABLE,UNCLAIMED,,,,,NOT_APPLICABLE,RETAINED,54409.000000,,,,,,,,,NOT_APPLICABLE,ELIGIBLE,
260212,Q1,Natural gas (owned home),HOUSING,Housing,DIRECT_CONCORDANCE_UCC,PUBLISHED_CE_BASIS,LABSTAT_PUBLISHED,NOT_VERIFIED,NOT_ESTABLISHED,UNKNOWN,HF021,HOUSEHOLD_ENERGY,DIRECT,5325.000000,OBSERVED,10.660000,false,,,,,NOT_APPLICABLE,UNCLAIMED,,,,,NOT_APPLICABLE,RETAINED,5325.000000,,,,,,,,,NOT_APPLICABLE,ELIGIBLE,
260212,Q2,Natural gas (owned home),HOUSING,Housing,DIRECT_CONCORDANCE_UCC,PUBLISHED_CE_BASIS,LABSTAT_PUBLISHED,NOT_VERIFIED,NOT_ESTABLISHED,UNKNOWN,HF021,HOUSEHOLD_ENERGY,DIRECT,8297.000000,OBSERVED,5.700000,false,,,,,NOT_APPLICABLE,UNCLAIMED,,,,,NOT_APPLICABLE,RETAINED,8297.000000,,,,,,,,,NOT_APPLICABLE,ELIGIBLE,
260212,Q3,Natural gas (owned home),HOUSING,Housing,DIRECT_CONCORDANCE_UCC,PUBLISHED_CE_BASIS,LABSTAT_PUBLISHED,NOT_VERIFIED,NOT_ESTABLISHED,UNKNOWN,HF021,HOUSEHOLD_ENERGY,DIRECT,9177.000000,OBSERVED,5.930000,false,,,,,NOT_APPLICABLE,UNCLAIMED,,,,,NOT_APPLICABLE,RETAINED,9177.000000,,,,,,,,,NOT_APPLICABLE,ELIGIBLE,
260212,Q4,Natural gas (owned home),HOUSING,Housing,DIRECT_CONCORDANCE_UCC,PUBLISHED_CE_BASIS,LABSTAT_PUBLISHED,NOT_VERIFIED,NOT_ESTABLISHED,UNKNOWN,HF021,HOUSEHOLD_ENERGY,DIRECT,12697.000000,OBSERVED,4.540000,false,,,,,NOT_APPLICABLE,UNCLAIMED,,,,,NOT_APPLICABLE,RETAINED,12697.000000,,,,,,,,,NOT_APPLICABLE,ELIGIBLE,
260212,Q5,Natural gas (owned home),HOUSING,Housing,DIRECT_CONCORDANCE_UCC,PUBLISHED_CE_BASIS,LABSTAT_PUBLISHED,NOT_VERIFIED,NOT_ESTABLISHED,UNKNOWN,HF021,HOUSEHOLD_ENERGY,DIRECT,18913.000000,OBSERVED,3.020000,false,,,,,NOT_APPLICABLE,UNCLAIMED,,,,,NOT_APPLICABLE,RETAINED,18913.000000,,,,,,,,,NOT_APPLICABLE,ELIGIBLE,
260213,ALL_CU,Natural gas (owned vacation),HOUSING,Housing,DIRECT_CONCORDANCE_UCC,PUBLISHED_CE_BASIS,LABSTAT_PUBLISHED,NOT_VERIFIED,NOT_ESTABLISHED,UNKNOWN,HF021,HOUSEHOLD_ENERGY,DIRECT,465.000000,OBSERVED,18.240000,false,,,,,NOT_APPLICABLE,UNCLAIMED,,,,,NOT_APPLICABLE,RETAINED,465.000000,,,,,,,,,NOT_APPLICABLE,ELIGIBLE,
260213,Q1,Natural gas (owned vacation),HOUSING,Housing,DIRECT_CONCORDANCE_UCC,PUBLISHED_CE_BASIS,LABSTAT_PUBLISHED,NOT_VERIFIED,NOT_ESTABLISHED,UNKNOWN,HF021,HOUSEHOLD_ENERGY,DIRECT,31.000000,OBSERVED,56.630000,true,,,,,NOT_APPLICABLE,UNCLAIMED,,,,,NOT_APPLICABLE,RETAINED,31.000000,,,,,,,,,NOT_APPLICABLE,ELIGIBLE,
260213,Q2,Natural gas (owned vacation),HOUSING,Housing,DIRECT_CONCORDANCE_UCC,PUBLISHED_CE_BASIS,LABSTAT_PUBLISHED,NOT_VERIFIED,NOT_ESTABLISHED,UNKNOWN,HF021,HOUSEHOLD_ENERGY,DIRECT,84.000000,OBSERVED,39.590000,true,,,,,NOT_APPLICABLE,UNCLAIMED,,,,,NOT_APPLICABLE,RETAINED,84.000000,,,,,,,,,NOT_APPLICABLE,ELIGIBLE,
260213,Q3,Natural gas (owned vacation),HOUSING,Housing,DIRECT_CONCORDANCE_UCC,PUBLISHED_CE_BASIS,LABSTAT_PUBLISHED,NOT_VERIFIED,NOT_ESTABLISHED,UNKNOWN,HF021,HOUSEHOLD_ENERGY,DIRECT,56.000000,OBSERVED,56.380000,true,,,,,NOT_APPLICABLE,UNCLAIMED,,,,,NOT_APPLICABLE,RETAINED,56.000000,,,,,,,,,NOT_APPLICABLE,ELIGIBLE,
260213,Q4,Natural gas (owned vacation),HOUSING,Housing,DIRECT_CONCORDANCE_UCC,PUBLISHED_CE_BASIS,LABSTAT_PUBLISHED,NOT_VERIFIED,NOT_ESTABLISHED,UNKNOWN,HF021,HOUSEHOLD_ENERGY,DIRECT,88.000000,OBSERVED,32.710000,true,,,,,NOT_APPLICABLE,UNCLAIMED,,,,,NOT_APPLICABLE,RETAINED,88.000000,,,,,,,,,NOT_APPLICABLE,ELIGIBLE,
260213,Q5,Natural gas (owned vacation),HOUSING,Housing,DIRECT_CONCORDANCE_UCC,PUBLISHED_CE_BASIS,LABSTAT_PUBLISHED,NOT_VERIFIED,NOT_ESTABLISHED,UNKNOWN,HF021,HOUSEHOLD_ENERGY,DIRECT,206.000000,OBSERVED,22.290000,false,,,,,NOT_APPLICABLE,UNCLAIMED,,,,,NOT_APPLICABLE,RETAINED,206.000000,,,,,,,,,NOT_APPLICABLE,ELIGIBLE,
260214,ALL_CU,Natural gas (rented vacation),HOUSING,Housing,DIRECT_CONCORDANCE_UCC,PUBLISHED_CE_BASIS,LABSTAT_PUBLISHED,NOT_VERIFIED,NOT_ESTABLISHED,UNKNOWN,HF021,HOUSEHOLD_ENERGY,DIRECT,143.000000,OBSERVED,36.800000,true,,,,,NOT_APPLICABLE,UNCLAIMED,,,,,NOT_APPLICABLE,RETAINED,143.000000,,,,,,,,,NOT_APPLICABLE,ELIGIBLE,
260214,Q1,Natural gas (rented vacation),HOUSING,Housing,DIRECT_CONCORDANCE_UCC,PUBLISHED_CE_BASIS,LABSTAT_PUBLISHED,NOT_VERIFIED,NOT_ESTABLISHED,UNKNOWN,HF021,HOUSEHOLD_ENERGY,DIRECT,44.000000,OBSERVED,54.550000,true,,,,,NOT_APPLICABLE,UNCLAIMED,,,,,NOT_APPLICABLE,RETAINED,44.000000,,,,,,,,,NOT_APPLICABLE,ELIGIBLE,
260214,Q2,Natural gas (rented vacation),HOUSING,Housing,DIRECT_CONCORDANCE_UCC,PUBLISHED_CE_BASIS,LABSTAT_PUBLISHED,NOT_VERIFIED,NOT_ESTABLISHED,UNKNOWN,HF021,HOUSEHOLD_ENERGY,DIRECT,32.000000,OBSERVED,55.320000,true,,,,,NOT_APPLICABLE,UNCLAIMED,,,,,NOT_APPLICABLE,RETAINED,32.000000,,,,,,,,,NOT_APPLICABLE,ELIGIBLE,
260214,Q3,Natural gas (rented vacation),HOUSING,Housing,DIRECT_CONCORDANCE_UCC,PUBLISHED_CE_BASIS,LABSTAT_PUBLISHED,NOT_VERIFIED,NOT_ESTABLISHED,UNKNOWN,HF021,HOUSEHOLD_ENERGY,DIRECT,29.000000,OBSERVED,81.580000,true,,,,,NOT_APPLICABLE,UNCLAIMED,,,,,NOT_APPLICABLE,RETAINED,29.000000,,,,,,,,,NOT_APPLICABLE,ELIGIBLE,
260214,Q4,Natural gas (rented vacation),HOUSING,Housing,DIRECT_CONCORDANCE_UCC,PUBLISHED_CE_BASIS,LABSTAT_PUBLISHED,NOT_VERIFIED,NOT_ESTABLISHED,UNKNOWN,HF021,HOUSEHOLD_ENERGY,DIRECT,,SUPPRESSED,,,,,,,NOT_APPLICABLE,UNCLAIMED,,,,,NOT_APPLICABLE,RETAINED,,,,,,,,,,NOT_APPLICABLE,BLOCKED_AMOUNT_UNAVAILABLE,BLS publishes this series and did not publish this cell. The amount is unknown and is not zero.
260214,Q5,Natural gas (rented vacation),HOUSING,Housing,DIRECT_CONCORDANCE_UCC,PUBLISHED_CE_BASIS,LABSTAT_PUBLISHED,NOT_VERIFIED,NOT_ESTABLISHED,UNKNOWN,HF021,HOUSEHOLD_ENERGY,DIRECT,38.000000,OBSERVED,92.350000,true,,,,,NOT_APPLICABLE,UNCLAIMED,,,,,NOT_APPLICABLE,RETAINED,38.000000,,,,,,,,,NOT_APPLICABLE,ELIGIBLE,
270102,ALL_CU,Cellular phone service,HOUSING,Housing,DIRECT_CONCORDANCE_UCC,PUBLISHED_CE_BASIS,LABSTAT_PUBLISHED,NOT_VERIFIED,NOT_ESTABLISHED,UNKNOWN,ED031;EE041,EDUCATION_COMMUNICATION,MULTI_SAME_NODE,184551.000000,OBSERVED,1.450000,false,,,,,NOT_APPLICABLE,UNCLAIMED,,,,,NOT_APPLICABLE,RETAINED,184551.000000,,,,,,,,,NOT_APPLICABLE,ELIGIBLE,
270102,Q1,Cellular phone service,HOUSING,Housing,DIRECT_CONCORDANCE_UCC,PUBLISHED_CE_BASIS,LABSTAT_PUBLISHED,NOT_VERIFIED,NOT_ESTABLISHED,UNKNOWN,ED031;EE041,EDUCATION_COMMUNICATION,MULTI_SAME_NODE,19549.000000,OBSERVED,2.750000,false,,,,,NOT_APPLICABLE,UNCLAIMED,,,,,NOT_APPLICABLE,RETAINED,19549.000000,,,,,,,,,NOT_APPLICABLE,ELIGIBLE,
270102,Q2,Cellular phone service,HOUSING,Housing,DIRECT_CONCORDANCE_UCC,PUBLISHED_CE_BASIS,LABSTAT_PUBLISHED,NOT_VERIFIED,NOT_ESTABLISHED,UNKNOWN,ED031;EE041,EDUCATION_COMMUNICATION,MULTI_SAME_NODE,29483.000000,OBSERVED,2.690000,false,,,,,NOT_APPLICABLE,UNCLAIMED,,,,,NOT_APPLICABLE,RETAINED,29483.000000,,,,,,,,,NOT_APPLICABLE,ELIGIBLE,
270102,Q3,Cellular phone service,HOUSING,Housing,DIRECT_CONCORDANCE_UCC,PUBLISHED_CE_BASIS,LABSTAT_PUBLISHED,NOT_VERIFIED,NOT_ESTABLISHED,UNKNOWN,ED031;EE041,EDUCATION_COMMUNICATION,MULTI_SAME_NODE,37094.000000,OBSERVED,1.850000,false,,,,,NOT_APPLICABLE,UNCLAIMED,,,,,NOT_APPLICABLE,RETAINED,37094.000000,,,,,,,,,NOT_APPLICABLE,ELIGIBLE,
270102,Q4,Cellular phone service,HOUSING,Housing,DIRECT_CONCORDANCE_UCC,PUBLISHED_CE_BASIS,LABSTAT_PUBLISHED,NOT_VERIFIED,NOT_ESTABLISHED,UNKNOWN,ED031;EE041,EDUCATION_COMMUNICATION,MULTI_SAME_NODE,45643.000000,OBSERVED,2.140000,false,,,,,NOT_APPLICABLE,UNCLAIMED,,,,,NOT_APPLICABLE,RETAINED,45643.000000,,,,,,,,,NOT_APPLICABLE,ELIGIBLE,
270102,Q5,Cellular phone service,HOUSING,Housing,DIRECT_CONCORDANCE_UCC,PUBLISHED_CE_BASIS,LABSTAT_PUBLISHED,NOT_VERIFIED,NOT_ESTABLISHED,UNKNOWN,ED031;EE041,EDUCATION_COMMUNICATION,MULTI_SAME_NODE,52783.000000,OBSERVED,2.350000,false,,,,,NOT_APPLICABLE,UNCLAIMED,,,,,NOT_APPLICABLE,RETAINED,52783.000000,,,,,,,,,NOT_APPLICABLE,ELIGIBLE,
270104,ALL_CU,Phone cards,HOUSING,Housing,PUBLISHED_CE_UCC,PUBLISHED_CE_BASIS,LABSTAT_PUBLISHED,NOT_VERIFIED,NOT_ESTABLISHED,UNKNOWN,,,UNRESOLVED,,SUPPRESSED,,,UNRESOLVED_v0_2,CE_CPI_SCOPE_RULES_V0_3,UNRESOLVED,OPEN,CURRENT_OPEN,SOURCE,UNRESOLVED,UNRESOLVED,,,NOT_APPLICABLE,OPEN,,,,,,,,,,NOT_APPLICABLE,BLOCKED_UNRESOLVED_METHODOLOGY,BLS publishes this series and did not publish this cell. The amount is unknown and is not zero.
270104,Q1,Phone cards,HOUSING,Housing,PUBLISHED_CE_UCC,PUBLISHED_CE_BASIS,LABSTAT_PUBLISHED,NOT_VERIFIED,NOT_ESTABLISHED,UNKNOWN,,,UNRESOLVED,,SUPPRESSED,,,UNRESOLVED_v0_2,CE_CPI_SCOPE_RULES_V0_3,UNRESOLVED,OPEN,CURRENT_OPEN,SOURCE,UNRESOLVED,UNRESOLVED,,,NOT_APPLICABLE,OPEN,,,,,,,,,,NOT_APPLICABLE,BLOCKED_UNRESOLVED_METHODOLOGY,BLS publishes this series and did not publish this cell. The amount is unknown and is not zero.
270104,Q2,Phone cards,HOUSING,Housing,PUBLISHED_CE_UCC,PUBLISHED_CE_BASIS,LABSTAT_PUBLISHED,NOT_VERIFIED,NOT_ESTABLISHED,UNKNOWN,,,UNRESOLVED,,SUPPRESSED,,,UNRESOLVED_v0_2,CE_CPI_SCOPE_RULES_V0_3,UNRESOLVED,OPEN,CURRENT_OPEN,SOURCE,UNRESOLVED,UNRESOLVED,,,NOT_APPLICABLE,OPEN,,,,,,,,,,NOT_APPLICABLE,BLOCKED_UNRESOLVED_METHODOLOGY,BLS publishes this series and did not publish this cell. The amount is unknown and is not zero.
270104,Q3,Phone cards,HOUSING,Housing,PUBLISHED_CE_UCC,PUBLISHED_CE_BASIS,LABSTAT_PUBLISHED,NOT_VERIFIED,NOT_ESTABLISHED,UNKNOWN,,,UNRESOLVED,,SUPPRESSED,,,UNRESOLVED_v0_2,CE_CPI_SCOPE_RULES_V0_3,UNRESOLVED,OPEN,CURRENT_OPEN,SOURCE,UNRESOLVED,UNRESOLVED,,,NOT_APPLICABLE,OPEN,,,,,,,,,,NOT_APPLICABLE,BLOCKED_UNRESOLVED_METHODOLOGY,BLS publishes this series and did not publish this cell. The amount is unknown and is not zero.
270104,Q4,Phone cards,HOUSING,Housing,PUBLISHED_CE_UCC,PUBLISHED_CE_BASIS,LABSTAT_PUBLISHED,NOT_VERIFIED,NOT_ESTABLISHED,UNKNOWN,,,UNRESOLVED,,SUPPRESSED,,,UNRESOLVED_v0_2,CE_CPI_SCOPE_RULES_V0_3,UNRESOLVED,OPEN,CURRENT_OPEN,SOURCE,UNRESOLVED,UNRESOLVED,,,NOT_APPLICABLE,OPEN,,,,,,,,,,NOT_APPLICABLE,BLOCKED_UNRESOLVED_METHODOLOGY,BLS publishes this series and did not publish this cell. The amount is unknown and is not zero.
270104,Q5,Phone cards,HOUSING,Housing,PUBLISHED_CE_UCC,PUBLISHED_CE_BASIS,LABSTAT_PUBLISHED,NOT_VERIFIED,NOT_ESTABLISHED,UNKNOWN,,,UNRESOLVED,,SUPPRESSED,,,UNRESOLVED_v0_2,CE_CPI_SCOPE_RULES_V0_3,UNRESOLVED,OPEN,CURRENT_OPEN,SOURCE,UNRESOLVED,UNRESOLVED,,,NOT_APPLICABLE,OPEN,,,,,,,,,,NOT_APPLICABLE,BLOCKED_UNRESOLVED_METHODOLOGY,BLS publishes this series and did not publish this cell. The amount is unknown and is not zero.
270106,ALL_CU,Residential telephone including VOIP,HOUSING,Housing,DIRECT_CONCORDANCE_UCC,PUBLISHED_CE_BASIS,LABSTAT_PUBLISHED,NOT_VERIFIED,NOT_ESTABLISHED,UNKNOWN,ED041,EDUCATION_COMMUNICATION,DIRECT,13615.000000,OBSERVED,4.240000,false,,,,,NOT_APPLICABLE,UNCLAIMED,,,,,NOT_APPLICABLE,RETAINED,13615.000000,,,,,,,,,NOT_APPLICABLE,ELIGIBLE,
270106,Q1,Residential telephone including VOIP,HOUSING,Housing,DIRECT_CONCORDANCE_UCC,PUBLISHED_CE_BASIS,LABSTAT_PUBLISHED,NOT_VERIFIED,NOT_ESTABLISHED,UNKNOWN,ED041,EDUCATION_COMMUNICATION,DIRECT,3076.000000,OBSERVED,6.740000,false,,,,,NOT_APPLICABLE,UNCLAIMED,,,,,NOT_APPLICABLE,RETAINED,3076.000000,,,,,,,,,NOT_APPLICABLE,ELIGIBLE,
270106,Q2,Residential telephone including VOIP,HOUSING,Housing,DIRECT_CONCORDANCE_UCC,PUBLISHED_CE_BASIS,LABSTAT_PUBLISHED,NOT_VERIFIED,NOT_ESTABLISHED,UNKNOWN,ED041,EDUCATION_COMMUNICATION,DIRECT,3236.000000,OBSERVED,7.600000,false,,,,,NOT_APPLICABLE,UNCLAIMED,,,,,NOT_APPLICABLE,RETAINED,3236.000000,,,,,,,,,NOT_APPLICABLE,ELIGIBLE,
270106,Q3,Residential telephone including VOIP,HOUSING,Housing,DIRECT_CONCORDANCE_UCC,PUBLISHED_CE_BASIS,LABSTAT_PUBLISHED,NOT_VERIFIED,NOT_ESTABLISHED,UNKNOWN,ED041,EDUCATION_COMMUNICATION,DIRECT,2390.000000,OBSERVED,7.260000,false,,,,,NOT_APPLICABLE,UNCLAIMED,,,,,NOT_APPLICABLE,RETAINED,2390.000000,,,,,,,,,NOT_APPLICABLE,ELIGIBLE,
270106,Q4,Residential telephone including VOIP,HOUSING,Housing,DIRECT_CONCORDANCE_UCC,PUBLISHED_CE_BASIS,LABSTAT_PUBLISHED,NOT_VERIFIED,NOT_ESTABLISHED,UNKNOWN,ED041,EDUCATION_COMMUNICATION,DIRECT,2506.000000,OBSERVED,8.090000,false,,,,,NOT_APPLICABLE,UNCLAIMED,,,,,NOT_APPLICABLE,RETAINED,2506.000000,,,,,,,,,NOT_APPLICABLE,ELIGIBLE,
270106,Q5,Residential telephone including VOIP,HOUSING,Housing,DIRECT_CONCORDANCE_UCC,PUBLISHED_CE_BASIS,LABSTAT_PUBLISHED,NOT_VERIFIED,NOT_ESTABLISHED,UNKNOWN,ED041,EDUCATION_COMMUNICATION,DIRECT,2408.000000,OBSERVED,6.260000,false,,,,,NOT_APPLICABLE,UNCLAIMED,,,,,NOT_APPLICABLE,RETAINED,2408.000000,,,,,,,,,NOT_APPLICABLE,ELIGIBLE,
270211,ALL_CU,Water/sewer maintenance (renter),HOUSING,Housing,DIRECT_CONCORDANCE_UCC,PUBLISHED_CE_BASIS,LABSTAT_PUBLISHED,NOT_VERIFIED,NOT_ESTABLISHED,UNKNOWN,HG011,WATER_SEWER_TRASH,DIRECT,12700.000000,OBSERVED,4.870000,false,,,,,NOT_APPLICABLE,UNCLAIMED,,,,,NOT_APPLICABLE,RETAINED,12700.000000,,,,,,,,,NOT_APPLICABLE,ELIGIBLE,
270211,Q1,Water/sewer maintenance (renter),HOUSING,Housing,DIRECT_CONCORDANCE_UCC,PUBLISHED_CE_BASIS,LABSTAT_PUBLISHED,NOT_VERIFIED,NOT_ESTABLISHED,UNKNOWN,HG011,WATER_SEWER_TRASH,DIRECT,2423.000000,OBSERVED,7.880000,false,,,,,NOT_APPLICABLE,UNCLAIMED,,,,,NOT_APPLICABLE,RETAINED,2423.000000,,,,,,,,,NOT_APPLICABLE,ELIGIBLE,
270211,Q2,Water/sewer maintenance (renter),HOUSING,Housing,DIRECT_CONCORDANCE_UCC,PUBLISHED_CE_BASIS,LABSTAT_PUBLISHED,NOT_VERIFIED,NOT_ESTABLISHED,UNKNOWN,HG011,WATER_SEWER_TRASH,DIRECT,2796.000000,OBSERVED,9.500000,false,,,,,NOT_APPLICABLE,UNCLAIMED,,,,,NOT_APPLICABLE,RETAINED,2796.000000,,,,,,,,,NOT_APPLICABLE,ELIGIBLE,
270211,Q3,Water/sewer maintenance (renter),HOUSING,Housing,DIRECT_CONCORDANCE_UCC,PUBLISHED_CE_BASIS,LABSTAT_PUBLISHED,NOT_VERIFIED,NOT_ESTABLISHED,UNKNOWN,HG011,WATER_SEWER_TRASH,DIRECT,3316.000000,OBSERVED,6.310000,false,,,,,NOT_APPLICABLE,UNCLAIMED,,,,,NOT_APPLICABLE,RETAINED,3316.000000,,,,,,,,,NOT_APPLICABLE,ELIGIBLE,
270211,Q4,Water/sewer maintenance (renter),HOUSING,Housing,DIRECT_CONCORDANCE_UCC,PUBLISHED_CE_BASIS,LABSTAT_PUBLISHED,NOT_VERIFIED,NOT_ESTABLISHED,UNKNOWN,HG011,WATER_SEWER_TRASH,DIRECT,2673.000000,OBSERVED,8.980000,false,,,,,NOT_APPLICABLE,UNCLAIMED,,,,,NOT_APPLICABLE,RETAINED,2673.000000,,,,,,,,,NOT_APPLICABLE,ELIGIBLE,
270211,Q5,Water/sewer maintenance (renter),HOUSING,Housing,DIRECT_CONCORDANCE_UCC,PUBLISHED_CE_BASIS,LABSTAT_PUBLISHED,NOT_VERIFIED,NOT_ESTABLISHED,UNKNOWN,HG011,WATER_SEWER_TRASH,DIRECT,1492.000000,OBSERVED,12.150000,false,,,,,NOT_APPLICABLE,UNCLAIMED,,,,,NOT_APPLICABLE,RETAINED,1492.000000,,,,,,,,,NOT_APPLICABLE,ELIGIBLE,
270212,ALL_CU,Water/sewer maintenance (owned home),HOUSING,Housing,DIRECT_CONCORDANCE_UCC,PUBLISHED_CE_BASIS,LABSTAT_PUBLISHED,NOT_VERIFIED,NOT_ESTABLISHED,UNKNOWN,HG011,WATER_SEWER_TRASH,DIRECT,62656.000000,OBSERVED,2.650000,false,,,,,NOT_APPLICABLE,UNCLAIMED,,,,,NOT_APPLICABLE,RETAINED,62656.000000,,,,,,,,,NOT_APPLICABLE,ELIGIBLE,
270212,Q1,Water/sewer maintenance (owned home),HOUSING,Housing,DIRECT_CONCORDANCE_UCC,PUBLISHED_CE_BASIS,LABSTAT_PUBLISHED,NOT_VERIFIED,NOT_ESTABLISHED,UNKNOWN,HG011,WATER_SEWER_TRASH,DIRECT,6235.000000,OBSERVED,6.060000,false,,,,,NOT_APPLICABLE,UNCLAIMED,,,,,NOT_APPLICABLE,RETAINED,6235.000000,,,,,,,,,NOT_APPLICABLE,ELIGIBLE,
270212,Q2,Water/sewer maintenance (owned home),HOUSING,Housing,DIRECT_CONCORDANCE_UCC,PUBLISHED_CE_BASIS,LABSTAT_PUBLISHED,NOT_VERIFIED,NOT_ESTABLISHED,UNKNOWN,HG011,WATER_SEWER_TRASH,DIRECT,9678.000000,OBSERVED,4.290000,false,,,,,NOT_APPLICABLE,UNCLAIMED,,,,,NOT_APPLICABLE,RETAINED,9678.000000,,,,,,,,,NOT_APPLICABLE,ELIGIBLE,
270212,Q3,Water/sewer maintenance (owned home),HOUSING,Housing,DIRECT_CONCORDANCE_UCC,PUBLISHED_CE_BASIS,LABSTAT_PUBLISHED,NOT_VERIFIED,NOT_ESTABLISHED,UNKNOWN,HG011,WATER_SEWER_TRASH,DIRECT,11079.000000,OBSERVED,3.980000,false,,,,,NOT_APPLICABLE,UNCLAIMED,,,,,NOT_APPLICABLE,RETAINED,11079.000000,,,,,,,,,NOT_APPLICABLE,ELIGIBLE,
270212,Q4,Water/sewer maintenance (owned home),HOUSING,Housing,DIRECT_CONCORDANCE_UCC,PUBLISHED_CE_BASIS,LABSTAT_PUBLISHED,NOT_VERIFIED,NOT_ESTABLISHED,UNKNOWN,HG011,WATER_SEWER_TRASH,DIRECT,14604.000000,OBSERVED,4.090000,false,,,,,NOT_APPLICABLE,UNCLAIMED,,,,,NOT_APPLICABLE,RETAINED,14604.000000,,,,,,,,,NOT_APPLICABLE,ELIGIBLE,
270212,Q5,Water/sewer maintenance (owned home),HOUSING,Housing,DIRECT_CONCORDANCE_UCC,PUBLISHED_CE_BASIS,LABSTAT_PUBLISHED,NOT_VERIFIED,NOT_ESTABLISHED,UNKNOWN,HG011,WATER_SEWER_TRASH,DIRECT,21061.000000,OBSERVED,3.500000,false,,,,,NOT_APPLICABLE,UNCLAIMED,,,,,NOT_APPLICABLE,RETAINED,21061.000000,,,,,,,,,NOT_APPLICABLE,ELIGIBLE,
270213,ALL_CU,Water/sewer maintenance (owned vacation),HOUSING,Housing,DIRECT_CONCORDANCE_UCC,PUBLISHED_CE_BASIS,LABSTAT_PUBLISHED,NOT_VERIFIED,NOT_ESTABLISHED,UNKNOWN,HG011,WATER_SEWER_TRASH,DIRECT,483.000000,OBSERVED,16.080000,false,,,,,NOT_APPLICABLE,UNCLAIMED,,,,,NOT_APPLICABLE,RETAINED,483.000000,,,,,,,,,NOT_APPLICABLE,ELIGIBLE,
270213,Q1,Water/sewer maintenance (owned vacation),HOUSING,Housing,DIRECT_CONCORDANCE_UCC,PUBLISHED_CE_BASIS,LABSTAT_PUBLISHED,NOT_VERIFIED,NOT_ESTABLISHED,UNKNOWN,HG011,WATER_SEWER_TRASH,DIRECT,38.000000,OBSERVED,52.380000,true,,,,,NOT_APPLICABLE,UNCLAIMED,,,,,NOT_APPLICABLE,RETAINED,38.000000,,,,,,,,,NOT_APPLICABLE,ELIGIBLE,
270213,Q2,Water/sewer maintenance (owned vacation),HOUSING,Housing,DIRECT_CONCORDANCE_UCC,PUBLISHED_CE_BASIS,LABSTAT_PUBLISHED,NOT_VERIFIED,NOT_ESTABLISHED,UNKNOWN,HG011,WATER_SEWER_TRASH,DIRECT,55.000000,OBSERVED,37.440000,true,,,,,NOT_APPLICABLE,UNCLAIMED,,,,,NOT_APPLICABLE,RETAINED,55.000000,,,,,,,,,NOT_APPLICABLE,ELIGIBLE,
270213,Q3,Water/sewer maintenance (owned vacation),HOUSING,Housing,DIRECT_CONCORDANCE_UCC,PUBLISHED_CE_BASIS,LABSTAT_PUBLISHED,NOT_VERIFIED,NOT_ESTABLISHED,UNKNOWN,HG011,WATER_SEWER_TRASH,DIRECT,79.000000,OBSERVED,40.360000,true,,,,,NOT_APPLICABLE,UNCLAIMED,,,,,NOT_APPLICABLE,RETAINED,79.000000,,,,,,,,,NOT_APPLICABLE,ELIGIBLE,
270213,Q4,Water/sewer maintenance (owned vacation),HOUSING,Housing,DIRECT_CONCORDANCE_UCC,PUBLISHED_CE_BASIS,LABSTAT_PUBLISHED,NOT_VERIFIED,NOT_ESTABLISHED,UNKNOWN,HG011,WATER_SEWER_TRASH,DIRECT,73.000000,OBSERVED,33.330000,true,,,,,NOT_APPLICABLE,UNCLAIMED,,,,,NOT_APPLICABLE,RETAINED,73.000000,,,,,,,,,NOT_APPLICABLE,ELIGIBLE,
270213,Q5,Water/sewer maintenance (owned vacation),HOUSING,Housing,DIRECT_CONCORDANCE_UCC,PUBLISHED_CE_BASIS,LABSTAT_PUBLISHED,NOT_VERIFIED,NOT_ESTABLISHED,UNKNOWN,HG011,WATER_SEWER_TRASH,DIRECT,237.000000,OBSERVED,23.220000,false,,,,,NOT_APPLICABLE,UNCLAIMED,,,,,NOT_APPLICABLE,RETAINED,237.000000,,,,,,,,,NOT_APPLICABLE,ELIGIBLE,
270214,ALL_CU,Water/sewer maintenance (rented vacation),HOUSING,Housing,DIRECT_CONCORDANCE_UCC,PUBLISHED_CE_BASIS,LABSTAT_PUBLISHED,NOT_VERIFIED,NOT_ESTABLISHED,UNKNOWN,HG011,WATER_SEWER_TRASH,DIRECT,116.000000,OBSERVED,30.650000,true,,,,,NOT_APPLICABLE,UNCLAIMED,,,,,NOT_APPLICABLE,RETAINED,116.000000,,,,,,,,,NOT_APPLICABLE,ELIGIBLE,
270214,Q1,Water/sewer maintenance (rented vacation),HOUSING,Housing,DIRECT_CONCORDANCE_UCC,PUBLISHED_CE_BASIS,LABSTAT_PUBLISHED,NOT_VERIFIED,NOT_ESTABLISHED,UNKNOWN,HG011,WATER_SEWER_TRASH,DIRECT,20.000000,OBSERVED,47.640000,true,,,,,NOT_APPLICABLE,UNCLAIMED,,,,,NOT_APPLICABLE,RETAINED,20.000000,,,,,,,,,NOT_APPLICABLE,ELIGIBLE,
270214,Q2,Water/sewer maintenance (rented vacation),HOUSING,Housing,DIRECT_CONCORDANCE_UCC,PUBLISHED_CE_BASIS,LABSTAT_PUBLISHED,NOT_VERIFIED,NOT_ESTABLISHED,UNKNOWN,HG011,WATER_SEWER_TRASH,DIRECT,19.000000,OBSERVED,47.870000,true,,,,,NOT_APPLICABLE,UNCLAIMED,,,,,NOT_APPLICABLE,RETAINED,19.000000,,,,,,,,,NOT_APPLICABLE,ELIGIBLE,
270214,Q3,Water/sewer maintenance (rented vacation),HOUSING,Housing,DIRECT_CONCORDANCE_UCC,PUBLISHED_CE_BASIS,LABSTAT_PUBLISHED,NOT_VERIFIED,NOT_ESTABLISHED,UNKNOWN,HG011,WATER_SEWER_TRASH,DIRECT,39.000000,OBSERVED,51.190000,true,,,,,NOT_APPLICABLE,UNCLAIMED,,,,,NOT_APPLICABLE,RETAINED,39.000000,,,,,,,,,NOT_APPLICABLE,ELIGIBLE,
270214,Q4,Water/sewer maintenance (rented vacation),HOUSING,Housing,DIRECT_CONCORDANCE_UCC,PUBLISHED_CE_BASIS,LABSTAT_PUBLISHED,NOT_VERIFIED,NOT_ESTABLISHED,UNKNOWN,HG011,WATER_SEWER_TRASH,DIRECT,12.000000,OBSERVED,108.910000,true,,,,,NOT_APPLICABLE,UNCLAIMED,,,,,NOT_APPLICABLE,RETAINED,12.000000,,,,,,,,,NOT_APPLICABLE,ELIGIBLE,
270214,Q5,Water/sewer maintenance (rented vacation),HOUSING,Housing,DIRECT_CONCORDANCE_UCC,PUBLISHED_CE_BASIS,LABSTAT_PUBLISHED,NOT_VERIFIED,NOT_ESTABLISHED,UNKNOWN,HG011,WATER_SEWER_TRASH,DIRECT,26.000000,OBSERVED,38.430000,true,,,,,NOT_APPLICABLE,UNCLAIMED,,,,,NOT_APPLICABLE,RETAINED,26.000000,,,,,,,,,NOT_APPLICABLE,ELIGIBLE,
270411,ALL_CU,Trash/garbage collection (renter),HOUSING,Housing,DIRECT_CONCORDANCE_UCC,PUBLISHED_CE_BASIS,LABSTAT_PUBLISHED,NOT_VERIFIED,NOT_ESTABLISHED,UNKNOWN,HG021,WATER_SEWER_TRASH,DIRECT,3434.000000,OBSERVED,5.260000,false,,,,,NOT_APPLICABLE,UNCLAIMED,,,,,NOT_APPLICABLE,RETAINED,3434.000000,,,,,,,,,NOT_APPLICABLE,ELIGIBLE,
270411,Q1,Trash/garbage collection (renter),HOUSING,Housing,DIRECT_CONCORDANCE_UCC,PUBLISHED_CE_BASIS,LABSTAT_PUBLISHED,NOT_VERIFIED,NOT_ESTABLISHED,UNKNOWN,HG021,WATER_SEWER_TRASH,DIRECT,626.000000,OBSERVED,10.390000,false,,,,,NOT_APPLICABLE,UNCLAIMED,,,,,NOT_APPLICABLE,RETAINED,626.000000,,,,,,,,,NOT_APPLICABLE,ELIGIBLE,
270411,Q2,Trash/garbage collection (renter),HOUSING,Housing,DIRECT_CONCORDANCE_UCC,PUBLISHED_CE_BASIS,LABSTAT_PUBLISHED,NOT_VERIFIED,NOT_ESTABLISHED,UNKNOWN,HG021,WATER_SEWER_TRASH,DIRECT,736.000000,OBSERVED,10.500000,false,,,,,NOT_APPLICABLE,UNCLAIMED,,,,,NOT_APPLICABLE,RETAINED,736.000000,,,,,,,,,NOT_APPLICABLE,ELIGIBLE,
270411,Q3,Trash/garbage collection (renter),HOUSING,Housing,DIRECT_CONCORDANCE_UCC,PUBLISHED_CE_BASIS,LABSTAT_PUBLISHED,NOT_VERIFIED,NOT_ESTABLISHED,UNKNOWN,HG021,WATER_SEWER_TRASH,DIRECT,855.000000,OBSERVED,9.080000,false,,,,,NOT_APPLICABLE,UNCLAIMED,,,,,NOT_APPLICABLE,RETAINED,855.000000,,,,,,,,,NOT_APPLICABLE,ELIGIBLE,
270411,Q4,Trash/garbage collection (renter),HOUSING,Housing,DIRECT_CONCORDANCE_UCC,PUBLISHED_CE_BASIS,LABSTAT_PUBLISHED,NOT_VERIFIED,NOT_ESTABLISHED,UNKNOWN,HG021,WATER_SEWER_TRASH,DIRECT,766.000000,OBSERVED,11.370000,false,,,,,NOT_APPLICABLE,UNCLAIMED,,,,,NOT_APPLICABLE,RETAINED,766.000000,,,,,,,,,NOT_APPLICABLE,ELIGIBLE,
270411,Q5,Trash/garbage collection (renter),HOUSING,Housing,DIRECT_CONCORDANCE_UCC,PUBLISHED_CE_BASIS,LABSTAT_PUBLISHED,NOT_VERIFIED,NOT_ESTABLISHED,UNKNOWN,HG021,WATER_SEWER_TRASH,DIRECT,452.000000,OBSERVED,14.820000,false,,,,,NOT_APPLICABLE,UNCLAIMED,,,,,NOT_APPLICABLE,RETAINED,452.000000,,,,,,,,,NOT_APPLICABLE,ELIGIBLE,
270412,ALL_CU,Trash/garbage collection (owned home),HOUSING,Housing,DIRECT_CONCORDANCE_UCC,PUBLISHED_CE_BASIS,LABSTAT_PUBLISHED,NOT_VERIFIED,NOT_ESTABLISHED,UNKNOWN,HG021,WATER_SEWER_TRASH,DIRECT,30482.000000,OBSERVED,2.740000,false,,,,,NOT_APPLICABLE,UNCLAIMED,,,,,NOT_APPLICABLE,RETAINED,30482.000000,,,,,,,,,NOT_APPLICABLE,ELIGIBLE,
270412,Q1,Trash/garbage collection (owned home),HOUSING,Housing,DIRECT_CONCORDANCE_UCC,PUBLISHED_CE_BASIS,LABSTAT_PUBLISHED,NOT_VERIFIED,NOT_ESTABLISHED,UNKNOWN,HG021,WATER_SEWER_TRASH,DIRECT,3297.000000,OBSERVED,6.360000,false,,,,,NOT_APPLICABLE,UNCLAIMED,,,,,NOT_APPLICABLE,RETAINED,3297.000000,,,,,,,,,NOT_APPLICABLE,ELIGIBLE,
270412,Q2,Trash/garbage collection (owned home),HOUSING,Housing,DIRECT_CONCORDANCE_UCC,PUBLISHED_CE_BASIS,LABSTAT_PUBLISHED,NOT_VERIFIED,NOT_ESTABLISHED,UNKNOWN,HG021,WATER_SEWER_TRASH,DIRECT,4649.000000,OBSERVED,4.100000,false,,,,,NOT_APPLICABLE,UNCLAIMED,,,,,NOT_APPLICABLE,RETAINED,4649.000000,,,,,,,,,NOT_APPLICABLE,ELIGIBLE,
270412,Q3,Trash/garbage collection (owned home),HOUSING,Housing,DIRECT_CONCORDANCE_UCC,PUBLISHED_CE_BASIS,LABSTAT_PUBLISHED,NOT_VERIFIED,NOT_ESTABLISHED,UNKNOWN,HG021,WATER_SEWER_TRASH,DIRECT,5846.000000,OBSERVED,5.640000,false,,,,,NOT_APPLICABLE,UNCLAIMED,,,,,NOT_APPLICABLE,RETAINED,5846.000000,,,,,,,,,NOT_APPLICABLE,ELIGIBLE,
270412,Q4,Trash/garbage collection (owned home),HOUSING,Housing,DIRECT_CONCORDANCE_UCC,PUBLISHED_CE_BASIS,LABSTAT_PUBLISHED,NOT_VERIFIED,NOT_ESTABLISHED,UNKNOWN,HG021,WATER_SEWER_TRASH,DIRECT,7131.000000,OBSERVED,4.780000,false,,,,,NOT_APPLICABLE,UNCLAIMED,,,,,NOT_APPLICABLE,RETAINED,7131.000000,,,,,,,,,NOT_APPLICABLE,ELIGIBLE,
270412,Q5,Trash/garbage collection (owned home),HOUSING,Housing,DIRECT_CONCORDANCE_UCC,PUBLISHED_CE_BASIS,LABSTAT_PUBLISHED,NOT_VERIFIED,NOT_ESTABLISHED,UNKNOWN,HG021,WATER_SEWER_TRASH,DIRECT,9559.000000,OBSERVED,3.280000,false,,,,,NOT_APPLICABLE,UNCLAIMED,,,,,NOT_APPLICABLE,RETAINED,9559.000000,,,,,,,,,NOT_APPLICABLE,ELIGIBLE,
270413,ALL_CU,Trash/garbage collection (owned vacation),HOUSING,Housing,DIRECT_CONCORDANCE_UCC,PUBLISHED_CE_BASIS,LABSTAT_PUBLISHED,NOT_VERIFIED,NOT_ESTABLISHED,UNKNOWN,HG021,WATER_SEWER_TRASH,DIRECT,1027.000000,OBSERVED,17.240000,false,,,,,NOT_APPLICABLE,UNCLAIMED,,,,,NOT_APPLICABLE,RETAINED,1027.000000,,,,,,,,,NOT_APPLICABLE,ELIGIBLE,
270413,Q1,Trash/garbage collection (owned vacation),HOUSING,Housing,DIRECT_CONCORDANCE_UCC,PUBLISHED_CE_BASIS,LABSTAT_PUBLISHED,NOT_VERIFIED,NOT_ESTABLISHED,UNKNOWN,HG021,WATER_SEWER_TRASH,DIRECT,52.000000,OBSERVED,56.690000,true,,,,,NOT_APPLICABLE,UNCLAIMED,,,,,NOT_APPLICABLE,RETAINED,52.000000,,,,,,,,,NOT_APPLICABLE,ELIGIBLE,
270413,Q2,Trash/garbage collection (owned vacation),HOUSING,Housing,DIRECT_CONCORDANCE_UCC,PUBLISHED_CE_BASIS,LABSTAT_PUBLISHED,NOT_VERIFIED,NOT_ESTABLISHED,UNKNOWN,HG021,WATER_SEWER_TRASH,DIRECT,125.000000,OBSERVED,42.820000,true,,,,,NOT_APPLICABLE,UNCLAIMED,,,,,NOT_APPLICABLE,RETAINED,125.000000,,,,,,,,,NOT_APPLICABLE,ELIGIBLE,
270413,Q3,Trash/garbage collection (owned vacation),HOUSING,Housing,DIRECT_CONCORDANCE_UCC,PUBLISHED_CE_BASIS,LABSTAT_PUBLISHED,NOT_VERIFIED,NOT_ESTABLISHED,UNKNOWN,HG021,WATER_SEWER_TRASH,DIRECT,125.000000,OBSERVED,44.350000,true,,,,,NOT_APPLICABLE,UNCLAIMED,,,,,NOT_APPLICABLE,RETAINED,125.000000,,,,,,,,,NOT_APPLICABLE,ELIGIBLE,
270413,Q4,Trash/garbage collection (owned vacation),HOUSING,Housing,DIRECT_CONCORDANCE_UCC,PUBLISHED_CE_BASIS,LABSTAT_PUBLISHED,NOT_VERIFIED,NOT_ESTABLISHED,UNKNOWN,HG021,WATER_SEWER_TRASH,DIRECT,162.000000,OBSERVED,31.370000,true,,,,,NOT_APPLICABLE,UNCLAIMED,,,,,NOT_APPLICABLE,RETAINED,162.000000,,,,,,,,,NOT_APPLICABLE,ELIGIBLE,
270413,Q5,Trash/garbage collection (owned vacation),HOUSING,Housing,DIRECT_CONCORDANCE_UCC,PUBLISHED_CE_BASIS,LABSTAT_PUBLISHED,NOT_VERIFIED,NOT_ESTABLISHED,UNKNOWN,HG021,WATER_SEWER_TRASH,DIRECT,563.000000,OBSERVED,21.160000,false,,,,,NOT_APPLICABLE,UNCLAIMED,,,,,NOT_APPLICABLE,RETAINED,563.000000,,,,,,,,,NOT_APPLICABLE,ELIGIBLE,
270414,ALL_CU,Trash/garbage collection (rented vacation),HOUSING,Housing,DIRECT_CONCORDANCE_UCC,PUBLISHED_CE_BASIS,LABSTAT_PUBLISHED,NOT_VERIFIED,NOT_ESTABLISHED,UNKNOWN,HG021,WATER_SEWER_TRASH,DIRECT,65.000000,OBSERVED,29.350000,true,,,,,NOT_APPLICABLE,UNCLAIMED,,,,,NOT_APPLICABLE,RETAINED,65.000000,,,,,,,,,NOT_APPLICABLE,ELIGIBLE,
270414,Q1,Trash/garbage collection (rented vacation),HOUSING,Housing,DIRECT_CONCORDANCE_UCC,PUBLISHED_CE_BASIS,LABSTAT_PUBLISHED,NOT_VERIFIED,NOT_ESTABLISHED,UNKNOWN,HG021,WATER_SEWER_TRASH,DIRECT,8.000000,OBSERVED,63.240000,true,,,,,NOT_APPLICABLE,UNCLAIMED,,,,,NOT_APPLICABLE,RETAINED,8.000000,,,,,,,,,NOT_APPLICABLE,ELIGIBLE,
270414,Q2,Trash/garbage collection (rented vacation),HOUSING,Housing,DIRECT_CONCORDANCE_UCC,PUBLISHED_CE_BASIS,LABSTAT_PUBLISHED,NOT_VERIFIED,NOT_ESTABLISHED,UNKNOWN,HG021,WATER_SEWER_TRASH,DIRECT,20.000000,OBSERVED,29.370000,true,,,,,NOT_APPLICABLE,UNCLAIMED,,,,,NOT_APPLICABLE,RETAINED,20.000000,,,,,,,,,NOT_APPLICABLE,ELIGIBLE,
270414,Q3,Trash/garbage collection (rented vacation),HOUSING,Housing,DIRECT_CONCORDANCE_UCC,PUBLISHED_CE_BASIS,LABSTAT_PUBLISHED,NOT_VERIFIED,NOT_ESTABLISHED,UNKNOWN,HG021,WATER_SEWER_TRASH,DIRECT,20.000000,OBSERVED,61.780000,true,,,,,NOT_APPLICABLE,UNCLAIMED,,,,,NOT_APPLICABLE,RETAINED,20.000000,,,,,,,,,NOT_APPLICABLE,ELIGIBLE,
270414,Q4,Trash/garbage collection (rented vacation),HOUSING,Housing,DIRECT_CONCORDANCE_UCC,PUBLISHED_CE_BASIS,LABSTAT_PUBLISHED,NOT_VERIFIED,NOT_ESTABLISHED,UNKNOWN,HG021,WATER_SEWER_TRASH,DIRECT,12.000000,OBSERVED,91.650000,true,,,,,NOT_APPLICABLE,UNCLAIMED,,,,,NOT_APPLICABLE,RETAINED,12.000000,,,,,,,,,NOT_APPLICABLE,ELIGIBLE,
270414,Q5,Trash/garbage collection (rented vacation),HOUSING,Housing,DIRECT_CONCORDANCE_UCC,PUBLISHED_CE_BASIS,LABSTAT_PUBLISHED,NOT_VERIFIED,NOT_ESTABLISHED,UNKNOWN,HG021,WATER_SEWER_TRASH,DIRECT,4.000000,OBSERVED,75.710000,true,,,,,NOT_APPLICABLE,UNCLAIMED,,,,,NOT_APPLICABLE,RETAINED,4.000000,,,,,,,,,NOT_APPLICABLE,ELIGIBLE,
270901,ALL_CU,Septic tank cleaning (renter),HOUSING,Housing,DIRECT_CONCORDANCE_UCC,PUBLISHED_CE_BASIS,LABSTAT_PUBLISHED,NOT_VERIFIED,NOT_ESTABLISHED,UNKNOWN,HP090,HOUSEHOLD_FURNISHINGS_OPERATIONS,DIRECT,,SUPPRESSED,,,,,,,NOT_APPLICABLE,UNCLAIMED,,,,,NOT_APPLICABLE,RETAINED,,,,,,,,,,NOT_APPLICABLE,BLOCKED_AMOUNT_UNAVAILABLE,BLS publishes this series and did not publish this cell. The amount is unknown and is not zero.
270901,Q1,Septic tank cleaning (renter),HOUSING,Housing,DIRECT_CONCORDANCE_UCC,PUBLISHED_CE_BASIS,LABSTAT_PUBLISHED,NOT_VERIFIED,NOT_ESTABLISHED,UNKNOWN,HP090,HOUSEHOLD_FURNISHINGS_OPERATIONS,DIRECT,,SUPPRESSED,,,,,,,NOT_APPLICABLE,UNCLAIMED,,,,,NOT_APPLICABLE,RETAINED,,,,,,,,,,NOT_APPLICABLE,BLOCKED_AMOUNT_UNAVAILABLE,BLS publishes this series and did not publish this cell. The amount is unknown and is not zero.
270901,Q2,Septic tank cleaning (renter),HOUSING,Housing,DIRECT_CONCORDANCE_UCC,PUBLISHED_CE_BASIS,LABSTAT_PUBLISHED,NOT_VERIFIED,NOT_ESTABLISHED,UNKNOWN,HP090,HOUSEHOLD_FURNISHINGS_OPERATIONS,DIRECT,,SUPPRESSED,,,,,,,NOT_APPLICABLE,UNCLAIMED,,,,,NOT_APPLICABLE,RETAINED,,,,,,,,,,NOT_APPLICABLE,BLOCKED_AMOUNT_UNAVAILABLE,BLS publishes this series and did not publish this cell. The amount is unknown and is not zero.
270901,Q3,Septic tank cleaning (renter),HOUSING,Housing,DIRECT_CONCORDANCE_UCC,PUBLISHED_CE_BASIS,LABSTAT_PUBLISHED,NOT_VERIFIED,NOT_ESTABLISHED,UNKNOWN,HP090,HOUSEHOLD_FURNISHINGS_OPERATIONS,DIRECT,,SUPPRESSED,,,,,,,NOT_APPLICABLE,UNCLAIMED,,,,,NOT_APPLICABLE,RETAINED,,,,,,,,,,NOT_APPLICABLE,BLOCKED_AMOUNT_UNAVAILABLE,BLS publishes this series and did not publish this cell. The amount is unknown and is not zero.
270901,Q4,Septic tank cleaning (renter),HOUSING,Housing,DIRECT_CONCORDANCE_UCC,PUBLISHED_CE_BASIS,LABSTAT_PUBLISHED,NOT_VERIFIED,NOT_ESTABLISHED,UNKNOWN,HP090,HOUSEHOLD_FURNISHINGS_OPERATIONS,DIRECT,,SUPPRESSED,,,,,,,NOT_APPLICABLE,UNCLAIMED,,,,,NOT_APPLICABLE,RETAINED,,,,,,,,,,NOT_APPLICABLE,BLOCKED_AMOUNT_UNAVAILABLE,BLS publishes this series and did not publish this cell. The amount is unknown and is not zero.
270901,Q5,Septic tank cleaning (renter),HOUSING,Housing,DIRECT_CONCORDANCE_UCC,PUBLISHED_CE_BASIS,LABSTAT_PUBLISHED,NOT_VERIFIED,NOT_ESTABLISHED,UNKNOWN,HP090,HOUSEHOLD_FURNISHINGS_OPERATIONS,DIRECT,,SUPPRESSED,,,,,,,NOT_APPLICABLE,UNCLAIMED,,,,,NOT_APPLICABLE,RETAINED,,,,,,,,,,NOT_APPLICABLE,BLOCKED_AMOUNT_UNAVAILABLE,BLS publishes this series and did not publish this cell. The amount is unknown and is not zero.
270902,ALL_CU,Septic tank cleaning (owned home),HOUSING,Housing,DIRECT_CONCORDANCE_UCC,PUBLISHED_CE_BASIS,LABSTAT_PUBLISHED,NOT_VERIFIED,NOT_ESTABLISHED,UNKNOWN,HP090,HOUSEHOLD_FURNISHINGS_OPERATIONS,DIRECT,33.000000,OBSERVED,65.670000,true,,,,,NOT_APPLICABLE,UNCLAIMED,,,,,NOT_APPLICABLE,RETAINED,33.000000,,,,,,,,,NOT_APPLICABLE,ELIGIBLE,
270902,Q1,Septic tank cleaning (owned home),HOUSING,Housing,DIRECT_CONCORDANCE_UCC,PUBLISHED_CE_BASIS,LABSTAT_PUBLISHED,NOT_VERIFIED,NOT_ESTABLISHED,UNKNOWN,HP090,HOUSEHOLD_FURNISHINGS_OPERATIONS,DIRECT,3.000000,OBSERVED,67.380000,true,,,,,NOT_APPLICABLE,UNCLAIMED,,,,,NOT_APPLICABLE,RETAINED,3.000000,,,,,,,,,NOT_APPLICABLE,ELIGIBLE,
270902,Q2,Septic tank cleaning (owned home),HOUSING,Housing,DIRECT_CONCORDANCE_UCC,PUBLISHED_CE_BASIS,LABSTAT_PUBLISHED,NOT_VERIFIED,NOT_ESTABLISHED,UNKNOWN,HP090,HOUSEHOLD_FURNISHINGS_OPERATIONS,DIRECT,1.000000,OBSERVED,60.130000,true,,,,,NOT_APPLICABLE,UNCLAIMED,,,,,NOT_APPLICABLE,RETAINED,1.000000,,,,,,,,,NOT_APPLICABLE,ELIGIBLE,
270902,Q3,Septic tank cleaning (owned home),HOUSING,Housing,DIRECT_CONCORDANCE_UCC,PUBLISHED_CE_BASIS,LABSTAT_PUBLISHED,NOT_VERIFIED,NOT_ESTABLISHED,UNKNOWN,HP090,HOUSEHOLD_FURNISHINGS_OPERATIONS,DIRECT,0.000000,OBSERVED,70.900000,true,,,,,NOT_APPLICABLE,UNCLAIMED,,,,,NOT_APPLICABLE,RETAINED,0.000000,,,,,,,,,NOT_APPLICABLE,ELIGIBLE,
270902,Q4,Septic tank cleaning (owned home),HOUSING,Housing,DIRECT_CONCORDANCE_UCC,PUBLISHED_CE_BASIS,LABSTAT_PUBLISHED,NOT_VERIFIED,NOT_ESTABLISHED,UNKNOWN,HP090,HOUSEHOLD_FURNISHINGS_OPERATIONS,DIRECT,1.000000,OBSERVED,72.170000,true,,,,,NOT_APPLICABLE,UNCLAIMED,,,,,NOT_APPLICABLE,RETAINED,1.000000,,,,,,,,,NOT_APPLICABLE,ELIGIBLE,
270902,Q5,Septic tank cleaning (owned home),HOUSING,Housing,DIRECT_CONCORDANCE_UCC,PUBLISHED_CE_BASIS,LABSTAT_PUBLISHED,NOT_VERIFIED,NOT_ESTABLISHED,UNKNOWN,HP090,HOUSEHOLD_FURNISHINGS_OPERATIONS,DIRECT,28.000000,OBSERVED,75.550000,true,,,,,NOT_APPLICABLE,UNCLAIMED,,,,,NOT_APPLICABLE,RETAINED,28.000000,,,,,,,,,NOT_APPLICABLE,ELIGIBLE,
270903,ALL_CU,Septic tank cleaning (owned vacation),HOUSING,Housing,PUBLISHED_CE_UCC,PUBLISHED_CE_BASIS,LABSTAT_PUBLISHED,NOT_VERIFIED,NOT_ESTABLISHED,UNKNOWN,,,UNRESOLVED,,SUPPRESSED,,,UNRESOLVED_v0_2,CE_CPI_SCOPE_RULES_V0_3,UNRESOLVED,OPEN,CURRENT_OPEN,SOURCE,UNRESOLVED,UNRESOLVED,,,NOT_APPLICABLE,OPEN,,,,,,,,,,NOT_APPLICABLE,BLOCKED_UNRESOLVED_METHODOLOGY,BLS publishes this series and did not publish this cell. The amount is unknown and is not zero.
270903,Q1,Septic tank cleaning (owned vacation),HOUSING,Housing,PUBLISHED_CE_UCC,PUBLISHED_CE_BASIS,LABSTAT_PUBLISHED,NOT_VERIFIED,NOT_ESTABLISHED,UNKNOWN,,,UNRESOLVED,,SUPPRESSED,,,UNRESOLVED_v0_2,CE_CPI_SCOPE_RULES_V0_3,UNRESOLVED,OPEN,CURRENT_OPEN,SOURCE,UNRESOLVED,UNRESOLVED,,,NOT_APPLICABLE,OPEN,,,,,,,,,,NOT_APPLICABLE,BLOCKED_UNRESOLVED_METHODOLOGY,BLS publishes this series and did not publish this cell. The amount is unknown and is not zero.
270903,Q2,Septic tank cleaning (owned vacation),HOUSING,Housing,PUBLISHED_CE_UCC,PUBLISHED_CE_BASIS,LABSTAT_PUBLISHED,NOT_VERIFIED,NOT_ESTABLISHED,UNKNOWN,,,UNRESOLVED,,SUPPRESSED,,,UNRESOLVED_v0_2,CE_CPI_SCOPE_RULES_V0_3,UNRESOLVED,OPEN,CURRENT_OPEN,SOURCE,UNRESOLVED,UNRESOLVED,,,NOT_APPLICABLE,OPEN,,,,,,,,,,NOT_APPLICABLE,BLOCKED_UNRESOLVED_METHODOLOGY,BLS publishes this series and did not publish this cell. The amount is unknown and is not zero.
270903,Q3,Septic tank cleaning (owned vacation),HOUSING,Housing,PUBLISHED_CE_UCC,PUBLISHED_CE_BASIS,LABSTAT_PUBLISHED,NOT_VERIFIED,NOT_ESTABLISHED,UNKNOWN,,,UNRESOLVED,,SUPPRESSED,,,UNRESOLVED_v0_2,CE_CPI_SCOPE_RULES_V0_3,UNRESOLVED,OPEN,CURRENT_OPEN,SOURCE,UNRESOLVED,UNRESOLVED,,,NOT_APPLICABLE,OPEN,,,,,,,,,,NOT_APPLICABLE,BLOCKED_UNRESOLVED_METHODOLOGY,BLS publishes this series and did not publish this cell. The amount is unknown and is not zero.
270903,Q4,Septic tank cleaning (owned vacation),HOUSING,Housing,PUBLISHED_CE_UCC,PUBLISHED_CE_BASIS,LABSTAT_PUBLISHED,NOT_VERIFIED,NOT_ESTABLISHED,UNKNOWN,,,UNRESOLVED,,SUPPRESSED,,,UNRESOLVED_v0_2,CE_CPI_SCOPE_RULES_V0_3,UNRESOLVED,OPEN,CURRENT_OPEN,SOURCE,UNRESOLVED,UNRESOLVED,,,NOT_APPLICABLE,OPEN,,,,,,,,,,NOT_APPLICABLE,BLOCKED_UNRESOLVED_METHODOLOGY,BLS publishes this series and did not publish this cell. The amount is unknown and is not zero.
270903,Q5,Septic tank cleaning (owned vacation),HOUSING,Housing,PUBLISHED_CE_UCC,PUBLISHED_CE_BASIS,LABSTAT_PUBLISHED,NOT_VERIFIED,NOT_ESTABLISHED,UNKNOWN,,,UNRESOLVED,,SUPPRESSED,,,UNRESOLVED_v0_2,CE_CPI_SCOPE_RULES_V0_3,UNRESOLVED,OPEN,CURRENT_OPEN,SOURCE,UNRESOLVED,UNRESOLVED,,,NOT_APPLICABLE,OPEN,,,,,,,,,,NOT_APPLICABLE,BLOCKED_UNRESOLVED_METHODOLOGY,BLS publishes this series and did not publish this cell. The amount is unknown and is not zero.
270904,ALL_CU,Septic tank cleaning (rented vacation),HOUSING,Housing,PUBLISHED_CE_UCC,PUBLISHED_CE_BASIS,LABSTAT_PUBLISHED,NOT_VERIFIED,NOT_ESTABLISHED,UNKNOWN,,,UNRESOLVED,,SUPPRESSED,,,UNRESOLVED_v0_2,CE_CPI_SCOPE_RULES_V0_3,UNRESOLVED,OPEN,CURRENT_OPEN,SOURCE,UNRESOLVED,UNRESOLVED,,,NOT_APPLICABLE,OPEN,,,,,,,,,,NOT_APPLICABLE,BLOCKED_UNRESOLVED_METHODOLOGY,BLS publishes this series and did not publish this cell. The amount is unknown and is not zero.
270904,Q1,Septic tank cleaning (rented vacation),HOUSING,Housing,PUBLISHED_CE_UCC,PUBLISHED_CE_BASIS,LABSTAT_PUBLISHED,NOT_VERIFIED,NOT_ESTABLISHED,UNKNOWN,,,UNRESOLVED,,SUPPRESSED,,,UNRESOLVED_v0_2,CE_CPI_SCOPE_RULES_V0_3,UNRESOLVED,OPEN,CURRENT_OPEN,SOURCE,UNRESOLVED,UNRESOLVED,,,NOT_APPLICABLE,OPEN,,,,,,,,,,NOT_APPLICABLE,BLOCKED_UNRESOLVED_METHODOLOGY,BLS publishes this series and did not publish this cell. The amount is unknown and is not zero.
270904,Q2,Septic tank cleaning (rented vacation),HOUSING,Housing,PUBLISHED_CE_UCC,PUBLISHED_CE_BASIS,LABSTAT_PUBLISHED,NOT_VERIFIED,NOT_ESTABLISHED,UNKNOWN,,,UNRESOLVED,,SUPPRESSED,,,UNRESOLVED_v0_2,CE_CPI_SCOPE_RULES_V0_3,UNRESOLVED,OPEN,CURRENT_OPEN,SOURCE,UNRESOLVED,UNRESOLVED,,,NOT_APPLICABLE,OPEN,,,,,,,,,,NOT_APPLICABLE,BLOCKED_UNRESOLVED_METHODOLOGY,BLS publishes this series and did not publish this cell. The amount is unknown and is not zero.
270904,Q3,Septic tank cleaning (rented vacation),HOUSING,Housing,PUBLISHED_CE_UCC,PUBLISHED_CE_BASIS,LABSTAT_PUBLISHED,NOT_VERIFIED,NOT_ESTABLISHED,UNKNOWN,,,UNRESOLVED,,SUPPRESSED,,,UNRESOLVED_v0_2,CE_CPI_SCOPE_RULES_V0_3,UNRESOLVED,OPEN,CURRENT_OPEN,SOURCE,UNRESOLVED,UNRESOLVED,,,NOT_APPLICABLE,OPEN,,,,,,,,,,NOT_APPLICABLE,BLOCKED_UNRESOLVED_METHODOLOGY,BLS publishes this series and did not publish this cell. The amount is unknown and is not zero.
270904,Q4,Septic tank cleaning (rented vacation),HOUSING,Housing,PUBLISHED_CE_UCC,PUBLISHED_CE_BASIS,LABSTAT_PUBLISHED,NOT_VERIFIED,NOT_ESTABLISHED,UNKNOWN,,,UNRESOLVED,,SUPPRESSED,,,UNRESOLVED_v0_2,CE_CPI_SCOPE_RULES_V0_3,UNRESOLVED,OPEN,CURRENT_OPEN,SOURCE,UNRESOLVED,UNRESOLVED,,,NOT_APPLICABLE,OPEN,,,,,,,,,,NOT_APPLICABLE,BLOCKED_UNRESOLVED_METHODOLOGY,BLS publishes this series and did not publish this cell. The amount is unknown and is not zero.
270904,Q5,Septic tank cleaning (rented vacation),HOUSING,Housing,PUBLISHED_CE_UCC,PUBLISHED_CE_BASIS,LABSTAT_PUBLISHED,NOT_VERIFIED,NOT_ESTABLISHED,UNKNOWN,,,UNRESOLVED,,SUPPRESSED,,,UNRESOLVED_v0_2,CE_CPI_SCOPE_RULES_V0_3,UNRESOLVED,OPEN,CURRENT_OPEN,SOURCE,UNRESOLVED,UNRESOLVED,,,NOT_APPLICABLE,OPEN,,,,,,,,,,NOT_APPLICABLE,BLOCKED_UNRESOLVED_METHODOLOGY,BLS publishes this series and did not publish this cell. The amount is unknown and is not zero.
270906,ALL_CU,Septic tank cleaning (renter),HOUSING,Housing,PUBLISHED_CE_UCC,PUBLISHED_CE_BASIS,LABSTAT_PUBLISHED,NOT_VERIFIED,NOT_ESTABLISHED,UNKNOWN,,,UNRESOLVED,31.000000,OBSERVED,61.070000,true,UNRESOLVED_v0_2,CE_CPI_SCOPE_RULES_V0_3,UNRESOLVED,OPEN,CURRENT_OPEN,SOURCE,UNRESOLVED,UNRESOLVED,,,NOT_APPLICABLE,OPEN,,,,,,,31.000000,,,NOT_APPLICABLE,BLOCKED_UNRESOLVED_METHODOLOGY,
270906,Q1,Septic tank cleaning (renter),HOUSING,Housing,PUBLISHED_CE_UCC,PUBLISHED_CE_BASIS,LABSTAT_PUBLISHED,NOT_VERIFIED,NOT_ESTABLISHED,UNKNOWN,,,UNRESOLVED,,SUPPRESSED,,,UNRESOLVED_v0_2,CE_CPI_SCOPE_RULES_V0_3,UNRESOLVED,OPEN,CURRENT_OPEN,SOURCE,UNRESOLVED,UNRESOLVED,,,NOT_APPLICABLE,OPEN,,,,,,,,,,NOT_APPLICABLE,BLOCKED_UNRESOLVED_METHODOLOGY,BLS publishes this series and did not publish this cell. The amount is unknown and is not zero.
270906,Q2,Septic tank cleaning (renter),HOUSING,Housing,PUBLISHED_CE_UCC,PUBLISHED_CE_BASIS,LABSTAT_PUBLISHED,NOT_VERIFIED,NOT_ESTABLISHED,UNKNOWN,,,UNRESOLVED,6.000000,OBSERVED,76.090000,true,UNRESOLVED_v0_2,CE_CPI_SCOPE_RULES_V0_3,UNRESOLVED,OPEN,CURRENT_OPEN,SOURCE,UNRESOLVED,UNRESOLVED,,,NOT_APPLICABLE,OPEN,,,,,,,6.000000,,,NOT_APPLICABLE,BLOCKED_UNRESOLVED_METHODOLOGY,
270906,Q3,Septic tank cleaning (renter),HOUSING,Housing,PUBLISHED_CE_UCC,PUBLISHED_CE_BASIS,LABSTAT_PUBLISHED,NOT_VERIFIED,NOT_ESTABLISHED,UNKNOWN,,,UNRESOLVED,7.000000,OBSERVED,98.770000,true,UNRESOLVED_v0_2,CE_CPI_SCOPE_RULES_V0_3,UNRESOLVED,OPEN,CURRENT_OPEN,SOURCE,UNRESOLVED,UNRESOLVED,,,NOT_APPLICABLE,OPEN,,,,,,,7.000000,,,NOT_APPLICABLE,BLOCKED_UNRESOLVED_METHODOLOGY,
270906,Q4,Septic tank cleaning (renter),HOUSING,Housing,PUBLISHED_CE_UCC,PUBLISHED_CE_BASIS,LABSTAT_PUBLISHED,NOT_VERIFIED,NOT_ESTABLISHED,UNKNOWN,,,UNRESOLVED,,SUPPRESSED,,,UNRESOLVED_v0_2,CE_CPI_SCOPE_RULES_V0_3,UNRESOLVED,OPEN,CURRENT_OPEN,SOURCE,UNRESOLVED,UNRESOLVED,,,NOT_APPLICABLE,OPEN,,,,,,,,,,NOT_APPLICABLE,BLOCKED_UNRESOLVED_METHODOLOGY,BLS publishes this series and did not publish this cell. The amount is unknown and is not zero.
270906,Q5,Septic tank cleaning (renter),HOUSING,Housing,PUBLISHED_CE_UCC,PUBLISHED_CE_BASIS,LABSTAT_PUBLISHED,NOT_VERIFIED,NOT_ESTABLISHED,UNKNOWN,,,UNRESOLVED,18.000000,OBSERVED,96.070000,true,UNRESOLVED_v0_2,CE_CPI_SCOPE_RULES_V0_3,UNRESOLVED,OPEN,CURRENT_OPEN,SOURCE,UNRESOLVED,UNRESOLVED,,,NOT_APPLICABLE,OPEN,,,,,,,18.000000,,,NOT_APPLICABLE,BLOCKED_UNRESOLVED_METHODOLOGY,
270907,ALL_CU,Septic tank cleaning (owner),HOUSING,Housing,DIRECT_CONCORDANCE_UCC,PUBLISHED_CE_BASIS,LABSTAT_PUBLISHED,NOT_VERIFIED,NOT_ESTABLISHED,UNKNOWN,HP090,HOUSEHOLD_FURNISHINGS_OPERATIONS,DIRECT,1116.000000,OBSERVED,16.950000,false,,,,,NOT_APPLICABLE,UNCLAIMED,,,,,NOT_APPLICABLE,RETAINED,1116.000000,,,,,,,,,NOT_APPLICABLE,ELIGIBLE,
270907,Q1,Septic tank cleaning (owner),HOUSING,Housing,DIRECT_CONCORDANCE_UCC,PUBLISHED_CE_BASIS,LABSTAT_PUBLISHED,NOT_VERIFIED,NOT_ESTABLISHED,UNKNOWN,HP090,HOUSEHOLD_FURNISHINGS_OPERATIONS,DIRECT,159.000000,OBSERVED,57.000000,true,,,,,NOT_APPLICABLE,UNCLAIMED,,,,,NOT_APPLICABLE,RETAINED,159.000000,,,,,,,,,NOT_APPLICABLE,ELIGIBLE,
270907,Q2,Septic tank cleaning (owner),HOUSING,Housing,DIRECT_CONCORDANCE_UCC,PUBLISHED_CE_BASIS,LABSTAT_PUBLISHED,NOT_VERIFIED,NOT_ESTABLISHED,UNKNOWN,HP090,HOUSEHOLD_FURNISHINGS_OPERATIONS,DIRECT,124.000000,OBSERVED,46.570000,true,,,,,NOT_APPLICABLE,UNCLAIMED,,,,,NOT_APPLICABLE,RETAINED,124.000000,,,,,,,,,NOT_APPLICABLE,ELIGIBLE,
270907,Q3,Septic tank cleaning (owner),HOUSING,Housing,DIRECT_CONCORDANCE_UCC,PUBLISHED_CE_BASIS,LABSTAT_PUBLISHED,NOT_VERIFIED,NOT_ESTABLISHED,UNKNOWN,HP090,HOUSEHOLD_FURNISHINGS_OPERATIONS,DIRECT,281.000000,OBSERVED,29.640000,true,,,,,NOT_APPLICABLE,UNCLAIMED,,,,,NOT_APPLICABLE,RETAINED,281.000000,,,,,,,,,NOT_APPLICABLE,ELIGIBLE,
270907,Q4,Septic tank cleaning (owner),HOUSING,Housing,DIRECT_CONCORDANCE_UCC,PUBLISHED_CE_BASIS,LABSTAT_PUBLISHED,NOT_VERIFIED,NOT_ESTABLISHED,UNKNOWN,HP090,HOUSEHOLD_FURNISHINGS_OPERATIONS,DIRECT,282.000000,OBSERVED,31.900000,true,,,,,NOT_APPLICABLE,UNCLAIMED,,,,,NOT_APPLICABLE,RETAINED,282.000000,,,,,,,,,NOT_APPLICABLE,ELIGIBLE,
270907,Q5,Septic tank cleaning (owner),HOUSING,Housing,DIRECT_CONCORDANCE_UCC,PUBLISHED_CE_BASIS,LABSTAT_PUBLISHED,NOT_VERIFIED,NOT_ESTABLISHED,UNKNOWN,HP090,HOUSEHOLD_FURNISHINGS_OPERATIONS,DIRECT,269.000000,OBSERVED,26.720000,true,,,,,NOT_APPLICABLE,UNCLAIMED,,,,,NOT_APPLICABLE,RETAINED,269.000000,,,,,,,,,NOT_APPLICABLE,ELIGIBLE,
280110,ALL_CU,Bathroom linens,HOUSING,Housing,DIRECT_CONCORDANCE_UCC,PUBLISHED_CE_BASIS,LABSTAT_PUBLISHED,NOT_VERIFIED,NOT_ESTABLISHED,UNKNOWN,HH031,HOUSEHOLD_FURNISHINGS_OPERATIONS,DIRECT,3345.000000,OBSERVED,9.980000,false,,,,,NOT_APPLICABLE,UNCLAIMED,,,,,NOT_APPLICABLE,RETAINED,3345.000000,,,,,,,,,NOT_APPLICABLE,ELIGIBLE,
280110,Q1,Bathroom linens,HOUSING,Housing,DIRECT_CONCORDANCE_UCC,PUBLISHED_CE_BASIS,LABSTAT_PUBLISHED,NOT_VERIFIED,NOT_ESTABLISHED,UNKNOWN,HH031,HOUSEHOLD_FURNISHINGS_OPERATIONS,DIRECT,365.000000,OBSERVED,26.350000,true,,,,,NOT_APPLICABLE,UNCLAIMED,,,,,NOT_APPLICABLE,RETAINED,365.000000,,,,,,,,,NOT_APPLICABLE,ELIGIBLE,
280110,Q2,Bathroom linens,HOUSING,Housing,DIRECT_CONCORDANCE_UCC,PUBLISHED_CE_BASIS,LABSTAT_PUBLISHED,NOT_VERIFIED,NOT_ESTABLISHED,UNKNOWN,HH031,HOUSEHOLD_FURNISHINGS_OPERATIONS,DIRECT,574.000000,OBSERVED,17.110000,false,,,,,NOT_APPLICABLE,UNCLAIMED,,,,,NOT_APPLICABLE,RETAINED,574.000000,,,,,,,,,NOT_APPLICABLE,ELIGIBLE,
280110,Q3,Bathroom linens,HOUSING,Housing,DIRECT_CONCORDANCE_UCC,PUBLISHED_CE_BASIS,LABSTAT_PUBLISHED,NOT_VERIFIED,NOT_ESTABLISHED,UNKNOWN,HH031,HOUSEHOLD_FURNISHINGS_OPERATIONS,DIRECT,471.000000,OBSERVED,18.380000,false,,,,,NOT_APPLICABLE,UNCLAIMED,,,,,NOT_APPLICABLE,RETAINED,471.000000,,,,,,,,,NOT_APPLICABLE,ELIGIBLE,
280110,Q4,Bathroom linens,HOUSING,Housing,DIRECT_CONCORDANCE_UCC,PUBLISHED_CE_BASIS,LABSTAT_PUBLISHED,NOT_VERIFIED,NOT_ESTABLISHED,UNKNOWN,HH031,HOUSEHOLD_FURNISHINGS_OPERATIONS,DIRECT,938.000000,OBSERVED,24.120000,false,,,,,NOT_APPLICABLE,UNCLAIMED,,,,,NOT_APPLICABLE,RETAINED,938.000000,,,,,,,,,NOT_APPLICABLE,ELIGIBLE,
280110,Q5,Bathroom linens,HOUSING,Housing,DIRECT_CONCORDANCE_UCC,PUBLISHED_CE_BASIS,LABSTAT_PUBLISHED,NOT_VERIFIED,NOT_ESTABLISHED,UNKNOWN,HH031,HOUSEHOLD_FURNISHINGS_OPERATIONS,DIRECT,998.000000,OBSERVED,17.190000,false,,,,,NOT_APPLICABLE,UNCLAIMED,,,,,NOT_APPLICABLE,RETAINED,998.000000,,,,,,,,,NOT_APPLICABLE,ELIGIBLE,
280120,ALL_CU,Bedroom linens,HOUSING,Housing,DIRECT_CONCORDANCE_UCC,PUBLISHED_CE_BASIS,LABSTAT_PUBLISHED,NOT_VERIFIED,NOT_ESTABLISHED,UNKNOWN,HH032,HOUSEHOLD_FURNISHINGS_OPERATIONS,DIRECT,8142.000000,OBSERVED,12.250000,false,,,,,NOT_APPLICABLE,UNCLAIMED,,,,,NOT_APPLICABLE,RETAINED,8142.000000,,,,,,,,,NOT_APPLICABLE,ELIGIBLE,
280120,Q1,Bedroom linens,HOUSING,Housing,DIRECT_CONCORDANCE_UCC,PUBLISHED_CE_BASIS,LABSTAT_PUBLISHED,NOT_VERIFIED,NOT_ESTABLISHED,UNKNOWN,HH032,HOUSEHOLD_FURNISHINGS_OPERATIONS,DIRECT,1229.000000,OBSERVED,28.050000,true,,,,,NOT_APPLICABLE,UNCLAIMED,,,,,NOT_APPLICABLE,RETAINED,1229.000000,,,,,,,,,NOT_APPLICABLE,ELIGIBLE,
280120,Q2,Bedroom linens,HOUSING,Housing,DIRECT_CONCORDANCE_UCC,PUBLISHED_CE_BASIS,LABSTAT_PUBLISHED,NOT_VERIFIED,NOT_ESTABLISHED,UNKNOWN,HH032,HOUSEHOLD_FURNISHINGS_OPERATIONS,DIRECT,1407.000000,OBSERVED,17.440000,false,,,,,NOT_APPLICABLE,UNCLAIMED,,,,,NOT_APPLICABLE,RETAINED,1407.000000,,,,,,,,,NOT_APPLICABLE,ELIGIBLE,
280120,Q3,Bedroom linens,HOUSING,Housing,DIRECT_CONCORDANCE_UCC,PUBLISHED_CE_BASIS,LABSTAT_PUBLISHED,NOT_VERIFIED,NOT_ESTABLISHED,UNKNOWN,HH032,HOUSEHOLD_FURNISHINGS_OPERATIONS,DIRECT,1478.000000,OBSERVED,19.280000,false,,,,,NOT_APPLICABLE,UNCLAIMED,,,,,NOT_APPLICABLE,RETAINED,1478.000000,,,,,,,,,NOT_APPLICABLE,ELIGIBLE,
280120,Q4,Bedroom linens,HOUSING,Housing,DIRECT_CONCORDANCE_UCC,PUBLISHED_CE_BASIS,LABSTAT_PUBLISHED,NOT_VERIFIED,NOT_ESTABLISHED,UNKNOWN,HH032,HOUSEHOLD_FURNISHINGS_OPERATIONS,DIRECT,2121.000000,OBSERVED,24.220000,false,,,,,NOT_APPLICABLE,UNCLAIMED,,,,,NOT_APPLICABLE,RETAINED,2121.000000,,,,,,,,,NOT_APPLICABLE,ELIGIBLE,
280120,Q5,Bedroom linens,HOUSING,Housing,DIRECT_CONCORDANCE_UCC,PUBLISHED_CE_BASIS,LABSTAT_PUBLISHED,NOT_VERIFIED,NOT_ESTABLISHED,UNKNOWN,HH032,HOUSEHOLD_FURNISHINGS_OPERATIONS,DIRECT,1907.000000,OBSERVED,14.390000,false,,,,,NOT_APPLICABLE,UNCLAIMED,,,,,NOT_APPLICABLE,RETAINED,1907.000000,,,,,,,,,NOT_APPLICABLE,ELIGIBLE,
280140,ALL_CU,"Kitchen, dining room, and other linens",HOUSING,Housing,DIRECT_CONCORDANCE_UCC,PUBLISHED_CE_BASIS,LABSTAT_PUBLISHED,NOT_VERIFIED,NOT_ESTABLISHED,UNKNOWN,HH033,HOUSEHOLD_FURNISHINGS_OPERATIONS,DIRECT,762.000000,OBSERVED,15.100000,false,,,,,NOT_APPLICABLE,UNCLAIMED,,,,,NOT_APPLICABLE,RETAINED,762.000000,,,,,,,,,NOT_APPLICABLE,ELIGIBLE,
280140,Q1,"Kitchen, dining room, and other linens",HOUSING,Housing,DIRECT_CONCORDANCE_UCC,PUBLISHED_CE_BASIS,LABSTAT_PUBLISHED,NOT_VERIFIED,NOT_ESTABLISHED,UNKNOWN,HH033,HOUSEHOLD_FURNISHINGS_OPERATIONS,DIRECT,80.000000,OBSERVED,21.860000,false,,,,,NOT_APPLICABLE,UNCLAIMED,,,,,NOT_APPLICABLE,RETAINED,80.000000,,,,,,,,,NOT_APPLICABLE,ELIGIBLE,
280140,Q2,"Kitchen, dining room, and other linens",HOUSING,Housing,DIRECT_CONCORDANCE_UCC,PUBLISHED_CE_BASIS,LABSTAT_PUBLISHED,NOT_VERIFIED,NOT_ESTABLISHED,UNKNOWN,HH033,HOUSEHOLD_FURNISHINGS_OPERATIONS,DIRECT,107.000000,OBSERVED,29.330000,true,,,,,NOT_APPLICABLE,UNCLAIMED,,,,,NOT_APPLICABLE,RETAINED,107.000000,,,,,,,,,NOT_APPLICABLE,ELIGIBLE,
280140,Q3,"Kitchen, dining room, and other linens",HOUSING,Housing,DIRECT_CONCORDANCE_UCC,PUBLISHED_CE_BASIS,LABSTAT_PUBLISHED,NOT_VERIFIED,NOT_ESTABLISHED,UNKNOWN,HH033,HOUSEHOLD_FURNISHINGS_OPERATIONS,DIRECT,123.000000,OBSERVED,28.430000,true,,,,,NOT_APPLICABLE,UNCLAIMED,,,,,NOT_APPLICABLE,RETAINED,123.000000,,,,,,,,,NOT_APPLICABLE,ELIGIBLE,
280140,Q4,"Kitchen, dining room, and other linens",HOUSING,Housing,DIRECT_CONCORDANCE_UCC,PUBLISHED_CE_BASIS,LABSTAT_PUBLISHED,NOT_VERIFIED,NOT_ESTABLISHED,UNKNOWN,HH033,HOUSEHOLD_FURNISHINGS_OPERATIONS,DIRECT,220.000000,OBSERVED,42.560000,true,,,,,NOT_APPLICABLE,UNCLAIMED,,,,,NOT_APPLICABLE,RETAINED,220.000000,,,,,,,,,NOT_APPLICABLE,ELIGIBLE,
280140,Q5,"Kitchen, dining room, and other linens",HOUSING,Housing,DIRECT_CONCORDANCE_UCC,PUBLISHED_CE_BASIS,LABSTAT_PUBLISHED,NOT_VERIFIED,NOT_ESTABLISHED,UNKNOWN,HH033,HOUSEHOLD_FURNISHINGS_OPERATIONS,DIRECT,232.000000,OBSERVED,30.160000,true,,,,,NOT_APPLICABLE,UNCLAIMED,,,,,NOT_APPLICABLE,RETAINED,232.000000,,,,,,,,,NOT_APPLICABLE,ELIGIBLE,
280210,ALL_CU,Curtains and draperies,HOUSING,Housing,DIRECT_CONCORDANCE_UCC,PUBLISHED_CE_BASIS,LABSTAT_PUBLISHED,NOT_VERIFIED,NOT_ESTABLISHED,UNKNOWN,HH021,HOUSEHOLD_FURNISHINGS_OPERATIONS,DIRECT,1407.000000,OBSERVED,11.910000,false,,,,,NOT_APPLICABLE,UNCLAIMED,,,,,NOT_APPLICABLE,RETAINED,1407.000000,,,,,,,,,NOT_APPLICABLE,ELIGIBLE,
280210,Q1,Curtains and draperies,HOUSING,Housing,DIRECT_CONCORDANCE_UCC,PUBLISHED_CE_BASIS,LABSTAT_PUBLISHED,NOT_VERIFIED,NOT_ESTABLISHED,UNKNOWN,HH021,HOUSEHOLD_FURNISHINGS_OPERATIONS,DIRECT,145.000000,OBSERVED,21.460000,false,,,,,NOT_APPLICABLE,UNCLAIMED,,,,,NOT_APPLICABLE,RETAINED,145.000000,,,,,,,,,NOT_APPLICABLE,ELIGIBLE,
280210,Q2,Curtains and draperies,HOUSING,Housing,DIRECT_CONCORDANCE_UCC,PUBLISHED_CE_BASIS,LABSTAT_PUBLISHED,NOT_VERIFIED,NOT_ESTABLISHED,UNKNOWN,HH021,HOUSEHOLD_FURNISHINGS_OPERATIONS,DIRECT,186.000000,OBSERVED,17.850000,false,,,,,NOT_APPLICABLE,UNCLAIMED,,,,,NOT_APPLICABLE,RETAINED,186.000000,,,,,,,,,NOT_APPLICABLE,ELIGIBLE,
280210,Q3,Curtains and draperies,HOUSING,Housing,DIRECT_CONCORDANCE_UCC,PUBLISHED_CE_BASIS,LABSTAT_PUBLISHED,NOT_VERIFIED,NOT_ESTABLISHED,UNKNOWN,HH021,HOUSEHOLD_FURNISHINGS_OPERATIONS,DIRECT,224.000000,OBSERVED,16.460000,false,,,,,NOT_APPLICABLE,UNCLAIMED,,,,,NOT_APPLICABLE,RETAINED,224.000000,,,,,,,,,NOT_APPLICABLE,ELIGIBLE,
280210,Q4,Curtains and draperies,HOUSING,Housing,DIRECT_CONCORDANCE_UCC,PUBLISHED_CE_BASIS,LABSTAT_PUBLISHED,NOT_VERIFIED,NOT_ESTABLISHED,UNKNOWN,HH021,HOUSEHOLD_FURNISHINGS_OPERATIONS,DIRECT,371.000000,OBSERVED,17.730000,false,,,,,NOT_APPLICABLE,UNCLAIMED,,,,,NOT_APPLICABLE,RETAINED,371.000000,,,,,,,,,NOT_APPLICABLE,ELIGIBLE,
280210,Q5,Curtains and draperies,HOUSING,Housing,DIRECT_CONCORDANCE_UCC,PUBLISHED_CE_BASIS,LABSTAT_PUBLISHED,NOT_VERIFIED,NOT_ESTABLISHED,UNKNOWN,HH021,HOUSEHOLD_FURNISHINGS_OPERATIONS,DIRECT,482.000000,OBSERVED,27.320000,true,,,,,NOT_APPLICABLE,UNCLAIMED,,,,,NOT_APPLICABLE,RETAINED,482.000000,,,,,,,,,NOT_APPLICABLE,ELIGIBLE,
280220,ALL_CU,Slipcovers and decorative pillows,HOUSING,Housing,DIRECT_CONCORDANCE_UCC,PUBLISHED_CE_BASIS,LABSTAT_PUBLISHED,NOT_VERIFIED,NOT_ESTABLISHED,UNKNOWN,HJ021,HOUSEHOLD_FURNISHINGS_OPERATIONS,DIRECT,774.000000,OBSERVED,10.260000,false,,,,,NOT_APPLICABLE,UNCLAIMED,,,,,NOT_APPLICABLE,RETAINED,774.000000,,,,,,,,,NOT_APPLICABLE,ELIGIBLE,
280220,Q1,Slipcovers and decorative pillows,HOUSING,Housing,DIRECT_CONCORDANCE_UCC,PUBLISHED_CE_BASIS,LABSTAT_PUBLISHED,NOT_VERIFIED,NOT_ESTABLISHED,UNKNOWN,HJ021,HOUSEHOLD_FURNISHINGS_OPERATIONS,DIRECT,46.000000,OBSERVED,25.070000,true,,,,,NOT_APPLICABLE,UNCLAIMED,,,,,NOT_APPLICABLE,RETAINED,46.000000,,,,,,,,,NOT_APPLICABLE,ELIGIBLE,
280220,Q2,Slipcovers and decorative pillows,HOUSING,Housing,DIRECT_CONCORDANCE_UCC,PUBLISHED_CE_BASIS,LABSTAT_PUBLISHED,NOT_VERIFIED,NOT_ESTABLISHED,UNKNOWN,HJ021,HOUSEHOLD_FURNISHINGS_OPERATIONS,DIRECT,129.000000,OBSERVED,16.380000,false,,,,,NOT_APPLICABLE,UNCLAIMED,,,,,NOT_APPLICABLE,RETAINED,129.000000,,,,,,,,,NOT_APPLICABLE,ELIGIBLE,
280220,Q3,Slipcovers and decorative pillows,HOUSING,Housing,DIRECT_CONCORDANCE_UCC,PUBLISHED_CE_BASIS,LABSTAT_PUBLISHED,NOT_VERIFIED,NOT_ESTABLISHED,UNKNOWN,HJ021,HOUSEHOLD_FURNISHINGS_OPERATIONS,DIRECT,105.000000,OBSERVED,18.310000,false,,,,,NOT_APPLICABLE,UNCLAIMED,,,,,NOT_APPLICABLE,RETAINED,105.000000,,,,,,,,,NOT_APPLICABLE,ELIGIBLE,
280220,Q4,Slipcovers and decorative pillows,HOUSING,Housing,DIRECT_CONCORDANCE_UCC,PUBLISHED_CE_BASIS,LABSTAT_PUBLISHED,NOT_VERIFIED,NOT_ESTABLISHED,UNKNOWN,HJ021,HOUSEHOLD_FURNISHINGS_OPERATIONS,DIRECT,118.000000,OBSERVED,20.750000,false,,,,,NOT_APPLICABLE,UNCLAIMED,,,,,NOT_APPLICABLE,RETAINED,118.000000,,,,,,,,,NOT_APPLICABLE,ELIGIBLE,
280220,Q5,Slipcovers and decorative pillows,HOUSING,Housing,DIRECT_CONCORDANCE_UCC,PUBLISHED_CE_BASIS,LABSTAT_PUBLISHED,NOT_VERIFIED,NOT_ESTABLISHED,UNKNOWN,HJ021,HOUSEHOLD_FURNISHINGS_OPERATIONS,DIRECT,376.000000,OBSERVED,16.360000,false,,,,,NOT_APPLICABLE,UNCLAIMED,,,,,NOT_APPLICABLE,RETAINED,376.000000,,,,,,,,,NOT_APPLICABLE,ELIGIBLE,
290110,ALL_CU,Mattresses and springs,HOUSING,Housing,DIRECT_CONCORDANCE_UCC,PUBLISHED_CE_BASIS,LABSTAT_PUBLISHED,NOT_VERIFIED,NOT_ESTABLISHED,UNKNOWN,HJ011,HOUSEHOLD_FURNISHINGS_OPERATIONS,DIRECT,15453.000000,OBSERVED,11.320000,false,,,,,NOT_APPLICABLE,UNCLAIMED,,,,,NOT_APPLICABLE,RETAINED,15453.000000,,,,,,,,,NOT_APPLICABLE,ELIGIBLE,
290110,Q1,Mattresses and springs,HOUSING,Housing,DIRECT_CONCORDANCE_UCC,PUBLISHED_CE_BASIS,LABSTAT_PUBLISHED,NOT_VERIFIED,NOT_ESTABLISHED,UNKNOWN,HJ011,HOUSEHOLD_FURNISHINGS_OPERATIONS,DIRECT,1239.000000,OBSERVED,17.410000,false,,,,,NOT_APPLICABLE,UNCLAIMED,,,,,NOT_APPLICABLE,RETAINED,1239.000000,,,,,,,,,NOT_APPLICABLE,ELIGIBLE,
290110,Q2,Mattresses and springs,HOUSING,Housing,DIRECT_CONCORDANCE_UCC,PUBLISHED_CE_BASIS,LABSTAT_PUBLISHED,NOT_VERIFIED,NOT_ESTABLISHED,UNKNOWN,HJ011,HOUSEHOLD_FURNISHINGS_OPERATIONS,DIRECT,1556.000000,OBSERVED,14.170000,false,,,,,NOT_APPLICABLE,UNCLAIMED,,,,,NOT_APPLICABLE,RETAINED,1556.000000,,,,,,,,,NOT_APPLICABLE,ELIGIBLE,
290110,Q3,Mattresses and springs,HOUSING,Housing,DIRECT_CONCORDANCE_UCC,PUBLISHED_CE_BASIS,LABSTAT_PUBLISHED,NOT_VERIFIED,NOT_ESTABLISHED,UNKNOWN,HJ011,HOUSEHOLD_FURNISHINGS_OPERATIONS,DIRECT,2791.000000,OBSERVED,16.430000,false,,,,,NOT_APPLICABLE,UNCLAIMED,,,,,NOT_APPLICABLE,RETAINED,2791.000000,,,,,,,,,NOT_APPLICABLE,ELIGIBLE,
290110,Q4,Mattresses and springs,HOUSING,Housing,DIRECT_CONCORDANCE_UCC,PUBLISHED_CE_BASIS,LABSTAT_PUBLISHED,NOT_VERIFIED,NOT_ESTABLISHED,UNKNOWN,HJ011,HOUSEHOLD_FURNISHINGS_OPERATIONS,DIRECT,4446.000000,OBSERVED,28.890000,true,,,,,NOT_APPLICABLE,UNCLAIMED,,,,,NOT_APPLICABLE,RETAINED,4446.000000,,,,,,,,,NOT_APPLICABLE,ELIGIBLE,
290110,Q5,Mattresses and springs,HOUSING,Housing,DIRECT_CONCORDANCE_UCC,PUBLISHED_CE_BASIS,LABSTAT_PUBLISHED,NOT_VERIFIED,NOT_ESTABLISHED,UNKNOWN,HJ011,HOUSEHOLD_FURNISHINGS_OPERATIONS,DIRECT,5421.000000,OBSERVED,13.460000,false,,,,,NOT_APPLICABLE,UNCLAIMED,,,,,NOT_APPLICABLE,RETAINED,5421.000000,,,,,,,,,NOT_APPLICABLE,ELIGIBLE,
290120,ALL_CU,Other bedroom furniture,HOUSING,Housing,DIRECT_CONCORDANCE_UCC,PUBLISHED_CE_BASIS,LABSTAT_PUBLISHED,NOT_VERIFIED,NOT_ESTABLISHED,UNKNOWN,HJ012,HOUSEHOLD_FURNISHINGS_OPERATIONS,DIRECT,16182.000000,OBSERVED,10.590000,false,,,,,NOT_APPLICABLE,UNCLAIMED,,,,,NOT_APPLICABLE,RETAINED,16182.000000,,,,,,,,,NOT_APPLICABLE,ELIGIBLE,
290120,Q1,Other bedroom furniture,HOUSING,Housing,DIRECT_CONCORDANCE_UCC,PUBLISHED_CE_BASIS,LABSTAT_PUBLISHED,NOT_VERIFIED,NOT_ESTABLISHED,UNKNOWN,HJ012,HOUSEHOLD_FURNISHINGS_OPERATIONS,DIRECT,1239.000000,OBSERVED,30.670000,true,,,,,NOT_APPLICABLE,UNCLAIMED,,,,,NOT_APPLICABLE,RETAINED,1239.000000,,,,,,,,,NOT_APPLICABLE,ELIGIBLE,
290120,Q2,Other bedroom furniture,HOUSING,Housing,DIRECT_CONCORDANCE_UCC,PUBLISHED_CE_BASIS,LABSTAT_PUBLISHED,NOT_VERIFIED,NOT_ESTABLISHED,UNKNOWN,HJ012,HOUSEHOLD_FURNISHINGS_OPERATIONS,DIRECT,2251.000000,OBSERVED,23.150000,false,,,,,NOT_APPLICABLE,UNCLAIMED,,,,,NOT_APPLICABLE,RETAINED,2251.000000,,,,,,,,,NOT_APPLICABLE,ELIGIBLE,
290120,Q3,Other bedroom furniture,HOUSING,Housing,DIRECT_CONCORDANCE_UCC,PUBLISHED_CE_BASIS,LABSTAT_PUBLISHED,NOT_VERIFIED,NOT_ESTABLISHED,UNKNOWN,HJ012,HOUSEHOLD_FURNISHINGS_OPERATIONS,DIRECT,2041.000000,OBSERVED,20.070000,false,,,,,NOT_APPLICABLE,UNCLAIMED,,,,,NOT_APPLICABLE,RETAINED,2041.000000,,,,,,,,,NOT_APPLICABLE,ELIGIBLE,
290120,Q4,Other bedroom furniture,HOUSING,Housing,DIRECT_CONCORDANCE_UCC,PUBLISHED_CE_BASIS,LABSTAT_PUBLISHED,NOT_VERIFIED,NOT_ESTABLISHED,UNKNOWN,HJ012,HOUSEHOLD_FURNISHINGS_OPERATIONS,DIRECT,3302.000000,OBSERVED,14.390000,false,,,,,NOT_APPLICABLE,UNCLAIMED,,,,,NOT_APPLICABLE,RETAINED,3302.000000,,,,,,,,,NOT_APPLICABLE,ELIGIBLE,
290120,Q5,Other bedroom furniture,HOUSING,Housing,DIRECT_CONCORDANCE_UCC,PUBLISHED_CE_BASIS,LABSTAT_PUBLISHED,NOT_VERIFIED,NOT_ESTABLISHED,UNKNOWN,HJ012,HOUSEHOLD_FURNISHINGS_OPERATIONS,DIRECT,7348.000000,OBSERVED,19.110000,false,,,,,NOT_APPLICABLE,UNCLAIMED,,,,,NOT_APPLICABLE,RETAINED,7348.000000,,,,,,,,,NOT_APPLICABLE,ELIGIBLE,
290210,ALL_CU,Sofas,HOUSING,Housing,DIRECT_CONCORDANCE_UCC,PUBLISHED_CE_BASIS,LABSTAT_PUBLISHED,NOT_VERIFIED,NOT_ESTABLISHED,UNKNOWN,HJ021,HOUSEHOLD_FURNISHINGS_OPERATIONS,DIRECT,26523.000000,OBSERVED,6.950000,false,,,,,NOT_APPLICABLE,UNCLAIMED,,,,,NOT_APPLICABLE,RETAINED,26523.000000,,,,,,,,,NOT_APPLICABLE,ELIGIBLE,
290210,Q1,Sofas,HOUSING,Housing,DIRECT_CONCORDANCE_UCC,PUBLISHED_CE_BASIS,LABSTAT_PUBLISHED,NOT_VERIFIED,NOT_ESTABLISHED,UNKNOWN,HJ021,HOUSEHOLD_FURNISHINGS_OPERATIONS,DIRECT,2580.000000,OBSERVED,15.140000,false,,,,,NOT_APPLICABLE,UNCLAIMED,,,,,NOT_APPLICABLE,RETAINED,2580.000000,,,,,,,,,NOT_APPLICABLE,ELIGIBLE,
290210,Q2,Sofas,HOUSING,Housing,DIRECT_CONCORDANCE_UCC,PUBLISHED_CE_BASIS,LABSTAT_PUBLISHED,NOT_VERIFIED,NOT_ESTABLISHED,UNKNOWN,HJ021,HOUSEHOLD_FURNISHINGS_OPERATIONS,DIRECT,3394.000000,OBSERVED,18.650000,false,,,,,NOT_APPLICABLE,UNCLAIMED,,,,,NOT_APPLICABLE,RETAINED,3394.000000,,,,,,,,,NOT_APPLICABLE,ELIGIBLE,
290210,Q3,Sofas,HOUSING,Housing,DIRECT_CONCORDANCE_UCC,PUBLISHED_CE_BASIS,LABSTAT_PUBLISHED,NOT_VERIFIED,NOT_ESTABLISHED,UNKNOWN,HJ021,HOUSEHOLD_FURNISHINGS_OPERATIONS,DIRECT,3126.000000,OBSERVED,12.820000,false,,,,,NOT_APPLICABLE,UNCLAIMED,,,,,NOT_APPLICABLE,RETAINED,3126.000000,,,,,,,,,NOT_APPLICABLE,ELIGIBLE,
290210,Q4,Sofas,HOUSING,Housing,DIRECT_CONCORDANCE_UCC,PUBLISHED_CE_BASIS,LABSTAT_PUBLISHED,NOT_VERIFIED,NOT_ESTABLISHED,UNKNOWN,HJ021,HOUSEHOLD_FURNISHINGS_OPERATIONS,DIRECT,6099.000000,OBSERVED,12.680000,false,,,,,NOT_APPLICABLE,UNCLAIMED,,,,,NOT_APPLICABLE,RETAINED,6099.000000,,,,,,,,,NOT_APPLICABLE,ELIGIBLE,
290210,Q5,Sofas,HOUSING,Housing,DIRECT_CONCORDANCE_UCC,PUBLISHED_CE_BASIS,LABSTAT_PUBLISHED,NOT_VERIFIED,NOT_ESTABLISHED,UNKNOWN,HJ021,HOUSEHOLD_FURNISHINGS_OPERATIONS,DIRECT,11324.000000,OBSERVED,13.590000,false,,,,,NOT_APPLICABLE,UNCLAIMED,,,,,NOT_APPLICABLE,RETAINED,11324.000000,,,,,,,,,NOT_APPLICABLE,ELIGIBLE,
290310,ALL_CU,Living room chairs,HOUSING,Housing,DIRECT_CONCORDANCE_UCC,PUBLISHED_CE_BASIS,LABSTAT_PUBLISHED,NOT_VERIFIED,NOT_ESTABLISHED,UNKNOWN,HJ022,HOUSEHOLD_FURNISHINGS_OPERATIONS,DIRECT,7976.000000,OBSERVED,9.500000,false,,,,,NOT_APPLICABLE,UNCLAIMED,,,,,NOT_APPLICABLE,RETAINED,7976.000000,,,,,,,,,NOT_APPLICABLE,ELIGIBLE,
290310,Q1,Living room chairs,HOUSING,Housing,DIRECT_CONCORDANCE_UCC,PUBLISHED_CE_BASIS,LABSTAT_PUBLISHED,NOT_VERIFIED,NOT_ESTABLISHED,UNKNOWN,HJ022,HOUSEHOLD_FURNISHINGS_OPERATIONS,DIRECT,936.000000,OBSERVED,24.540000,false,,,,,NOT_APPLICABLE,UNCLAIMED,,,,,NOT_APPLICABLE,RETAINED,936.000000,,,,,,,,,NOT_APPLICABLE,ELIGIBLE,
290310,Q2,Living room chairs,HOUSING,Housing,DIRECT_CONCORDANCE_UCC,PUBLISHED_CE_BASIS,LABSTAT_PUBLISHED,NOT_VERIFIED,NOT_ESTABLISHED,UNKNOWN,HJ022,HOUSEHOLD_FURNISHINGS_OPERATIONS,DIRECT,1147.000000,OBSERVED,20.220000,false,,,,,NOT_APPLICABLE,UNCLAIMED,,,,,NOT_APPLICABLE,RETAINED,1147.000000,,,,,,,,,NOT_APPLICABLE,ELIGIBLE,
290310,Q3,Living room chairs,HOUSING,Housing,DIRECT_CONCORDANCE_UCC,PUBLISHED_CE_BASIS,LABSTAT_PUBLISHED,NOT_VERIFIED,NOT_ESTABLISHED,UNKNOWN,HJ022,HOUSEHOLD_FURNISHINGS_OPERATIONS,DIRECT,1425.000000,OBSERVED,21.920000,false,,,,,NOT_APPLICABLE,UNCLAIMED,,,,,NOT_APPLICABLE,RETAINED,1425.000000,,,,,,,,,NOT_APPLICABLE,ELIGIBLE,
290310,Q4,Living room chairs,HOUSING,Housing,DIRECT_CONCORDANCE_UCC,PUBLISHED_CE_BASIS,LABSTAT_PUBLISHED,NOT_VERIFIED,NOT_ESTABLISHED,UNKNOWN,HJ022,HOUSEHOLD_FURNISHINGS_OPERATIONS,DIRECT,1499.000000,OBSERVED,20.540000,false,,,,,NOT_APPLICABLE,UNCLAIMED,,,,,NOT_APPLICABLE,RETAINED,1499.000000,,,,,,,,,NOT_APPLICABLE,ELIGIBLE,
290310,Q5,Living room chairs,HOUSING,Housing,DIRECT_CONCORDANCE_UCC,PUBLISHED_CE_BASIS,LABSTAT_PUBLISHED,NOT_VERIFIED,NOT_ESTABLISHED,UNKNOWN,HJ022,HOUSEHOLD_FURNISHINGS_OPERATIONS,DIRECT,2970.000000,OBSERVED,15.400000,false,,,,,NOT_APPLICABLE,UNCLAIMED,,,,,NOT_APPLICABLE,RETAINED,2970.000000,,,,,,,,,NOT_APPLICABLE,ELIGIBLE,
290320,ALL_CU,Living room tables,HOUSING,Housing,DIRECT_CONCORDANCE_UCC,PUBLISHED_CE_BASIS,LABSTAT_PUBLISHED,NOT_VERIFIED,NOT_ESTABLISHED,UNKNOWN,HJ023,HOUSEHOLD_FURNISHINGS_OPERATIONS,DIRECT,2387.000000,OBSERVED,11.110000,false,,,,,NOT_APPLICABLE,UNCLAIMED,,,,,NOT_APPLICABLE,RETAINED,2387.000000,,,,,,,,,NOT_APPLICABLE,ELIGIBLE,
290320,Q1,Living room tables,HOUSING,Housing,DIRECT_CONCORDANCE_UCC,PUBLISHED_CE_BASIS,LABSTAT_PUBLISHED,NOT_VERIFIED,NOT_ESTABLISHED,UNKNOWN,HJ023,HOUSEHOLD_FURNISHINGS_OPERATIONS,DIRECT,294.000000,OBSERVED,21.530000,false,,,,,NOT_APPLICABLE,UNCLAIMED,,,,,NOT_APPLICABLE,RETAINED,294.000000,,,,,,,,,NOT_APPLICABLE,ELIGIBLE,
290320,Q2,Living room tables,HOUSING,Housing,DIRECT_CONCORDANCE_UCC,PUBLISHED_CE_BASIS,LABSTAT_PUBLISHED,NOT_VERIFIED,NOT_ESTABLISHED,UNKNOWN,HJ023,HOUSEHOLD_FURNISHINGS_OPERATIONS,DIRECT,380.000000,OBSERVED,29.120000,true,,,,,NOT_APPLICABLE,UNCLAIMED,,,,,NOT_APPLICABLE,RETAINED,380.000000,,,,,,,,,NOT_APPLICABLE,ELIGIBLE,
290320,Q3,Living room tables,HOUSING,Housing,DIRECT_CONCORDANCE_UCC,PUBLISHED_CE_BASIS,LABSTAT_PUBLISHED,NOT_VERIFIED,NOT_ESTABLISHED,UNKNOWN,HJ023,HOUSEHOLD_FURNISHINGS_OPERATIONS,DIRECT,341.000000,OBSERVED,28.860000,true,,,,,NOT_APPLICABLE,UNCLAIMED,,,,,NOT_APPLICABLE,RETAINED,341.000000,,,,,,,,,NOT_APPLICABLE,ELIGIBLE,
290320,Q4,Living room tables,HOUSING,Housing,DIRECT_CONCORDANCE_UCC,PUBLISHED_CE_BASIS,LABSTAT_PUBLISHED,NOT_VERIFIED,NOT_ESTABLISHED,UNKNOWN,HJ023,HOUSEHOLD_FURNISHINGS_OPERATIONS,DIRECT,478.000000,OBSERVED,20.600000,false,,,,,NOT_APPLICABLE,UNCLAIMED,,,,,NOT_APPLICABLE,RETAINED,478.000000,,,,,,,,,NOT_APPLICABLE,ELIGIBLE,
290320,Q5,Living room tables,HOUSING,Housing,DIRECT_CONCORDANCE_UCC,PUBLISHED_CE_BASIS,LABSTAT_PUBLISHED,NOT_VERIFIED,NOT_ESTABLISHED,UNKNOWN,HJ023,HOUSEHOLD_FURNISHINGS_OPERATIONS,DIRECT,894.000000,OBSERVED,18.040000,false,,,,,NOT_APPLICABLE,UNCLAIMED,,,,,NOT_APPLICABLE,RETAINED,894.000000,,,,,,,,,NOT_APPLICABLE,ELIGIBLE,
290410,ALL_CU,Kitchen and dining room furniture,HOUSING,Housing,DIRECT_CONCORDANCE_UCC,PUBLISHED_CE_BASIS,LABSTAT_PUBLISHED,NOT_VERIFIED,NOT_ESTABLISHED,UNKNOWN,HJ024,HOUSEHOLD_FURNISHINGS_OPERATIONS,DIRECT,5349.000000,OBSERVED,15.000000,false,,,,,NOT_APPLICABLE,UNCLAIMED,,,,,NOT_APPLICABLE,RETAINED,5349.000000,,,,,,,,,NOT_APPLICABLE,ELIGIBLE,
290410,Q1,Kitchen and dining room furniture,HOUSING,Housing,DIRECT_CONCORDANCE_UCC,PUBLISHED_CE_BASIS,LABSTAT_PUBLISHED,NOT_VERIFIED,NOT_ESTABLISHED,UNKNOWN,HJ024,HOUSEHOLD_FURNISHINGS_OPERATIONS,DIRECT,420.000000,OBSERVED,42.470000,true,,,,,NOT_APPLICABLE,UNCLAIMED,,,,,NOT_APPLICABLE,RETAINED,420.000000,,,,,,,,,NOT_APPLICABLE,ELIGIBLE,
290410,Q2,Kitchen and dining room furniture,HOUSING,Housing,DIRECT_CONCORDANCE_UCC,PUBLISHED_CE_BASIS,LABSTAT_PUBLISHED,NOT_VERIFIED,NOT_ESTABLISHED,UNKNOWN,HJ024,HOUSEHOLD_FURNISHINGS_OPERATIONS,DIRECT,253.000000,OBSERVED,24.090000,false,,,,,NOT_APPLICABLE,UNCLAIMED,,,,,NOT_APPLICABLE,RETAINED,253.000000,,,,,,,,,NOT_APPLICABLE,ELIGIBLE,
290410,Q3,Kitchen and dining room furniture,HOUSING,Housing,DIRECT_CONCORDANCE_UCC,PUBLISHED_CE_BASIS,LABSTAT_PUBLISHED,NOT_VERIFIED,NOT_ESTABLISHED,UNKNOWN,HJ024,HOUSEHOLD_FURNISHINGS_OPERATIONS,DIRECT,605.000000,OBSERVED,24.220000,false,,,,,NOT_APPLICABLE,UNCLAIMED,,,,,NOT_APPLICABLE,RETAINED,605.000000,,,,,,,,,NOT_APPLICABLE,ELIGIBLE,
290410,Q4,Kitchen and dining room furniture,HOUSING,Housing,DIRECT_CONCORDANCE_UCC,PUBLISHED_CE_BASIS,LABSTAT_PUBLISHED,NOT_VERIFIED,NOT_ESTABLISHED,UNKNOWN,HJ024,HOUSEHOLD_FURNISHINGS_OPERATIONS,DIRECT,1554.000000,OBSERVED,36.790000,true,,,,,NOT_APPLICABLE,UNCLAIMED,,,,,NOT_APPLICABLE,RETAINED,1554.000000,,,,,,,,,NOT_APPLICABLE,ELIGIBLE,
290410,Q5,Kitchen and dining room furniture,HOUSING,Housing,DIRECT_CONCORDANCE_UCC,PUBLISHED_CE_BASIS,LABSTAT_PUBLISHED,NOT_VERIFIED,NOT_ESTABLISHED,UNKNOWN,HJ024,HOUSEHOLD_FURNISHINGS_OPERATIONS,DIRECT,2518.000000,OBSERVED,21.510000,false,,,,,NOT_APPLICABLE,UNCLAIMED,,,,,NOT_APPLICABLE,RETAINED,2518.000000,,,,,,,,,NOT_APPLICABLE,ELIGIBLE,
290420,ALL_CU,Infants' furniture,HOUSING,Housing,DIRECT_CONCORDANCE_UCC,PUBLISHED_CE_BASIS,LABSTAT_PUBLISHED,NOT_VERIFIED,NOT_ESTABLISHED,UNKNOWN,HJ031,HOUSEHOLD_FURNISHINGS_OPERATIONS,DIRECT,1540.000000,OBSERVED,15.460000,false,,,,,NOT_APPLICABLE,UNCLAIMED,,,,,NOT_APPLICABLE,RETAINED,1540.000000,,,,,,,,,NOT_APPLICABLE,ELIGIBLE,
290420,Q1,Infants' furniture,HOUSING,Housing,DIRECT_CONCORDANCE_UCC,PUBLISHED_CE_BASIS,LABSTAT_PUBLISHED,NOT_VERIFIED,NOT_ESTABLISHED,UNKNOWN,HJ031,HOUSEHOLD_FURNISHINGS_OPERATIONS,DIRECT,30.000000,OBSERVED,45.590000,true,,,,,NOT_APPLICABLE,UNCLAIMED,,,,,NOT_APPLICABLE,RETAINED,30.000000,,,,,,,,,NOT_APPLICABLE,ELIGIBLE,
290420,Q2,Infants' furniture,HOUSING,Housing,DIRECT_CONCORDANCE_UCC,PUBLISHED_CE_BASIS,LABSTAT_PUBLISHED,NOT_VERIFIED,NOT_ESTABLISHED,UNKNOWN,HJ031,HOUSEHOLD_FURNISHINGS_OPERATIONS,DIRECT,211.000000,OBSERVED,45.640000,true,,,,,NOT_APPLICABLE,UNCLAIMED,,,,,NOT_APPLICABLE,RETAINED,211.000000,,,,,,,,,NOT_APPLICABLE,ELIGIBLE,
290420,Q3,Infants' furniture,HOUSING,Housing,DIRECT_CONCORDANCE_UCC,PUBLISHED_CE_BASIS,LABSTAT_PUBLISHED,NOT_VERIFIED,NOT_ESTABLISHED,UNKNOWN,HJ031,HOUSEHOLD_FURNISHINGS_OPERATIONS,DIRECT,458.000000,OBSERVED,31.270000,true,,,,,NOT_APPLICABLE,UNCLAIMED,,,,,NOT_APPLICABLE,RETAINED,458.000000,,,,,,,,,NOT_APPLICABLE,ELIGIBLE,
290420,Q4,Infants' furniture,HOUSING,Housing,DIRECT_CONCORDANCE_UCC,PUBLISHED_CE_BASIS,LABSTAT_PUBLISHED,NOT_VERIFIED,NOT_ESTABLISHED,UNKNOWN,HJ031,HOUSEHOLD_FURNISHINGS_OPERATIONS,DIRECT,285.000000,OBSERVED,27.020000,true,,,,,NOT_APPLICABLE,UNCLAIMED,,,,,NOT_APPLICABLE,RETAINED,285.000000,,,,,,,,,NOT_APPLICABLE,ELIGIBLE,
290420,Q5,Infants' furniture,HOUSING,Housing,DIRECT_CONCORDANCE_UCC,PUBLISHED_CE_BASIS,LABSTAT_PUBLISHED,NOT_VERIFIED,NOT_ESTABLISHED,UNKNOWN,HJ031,HOUSEHOLD_FURNISHINGS_OPERATIONS,DIRECT,556.000000,OBSERVED,17.230000,false,,,,,NOT_APPLICABLE,UNCLAIMED,,,,,NOT_APPLICABLE,RETAINED,556.000000,,,,,,,,,NOT_APPLICABLE,ELIGIBLE,
290430,ALL_CU,Outdoor furniture,HOUSING,Housing,DIRECT_CONCORDANCE_UCC,PUBLISHED_CE_BASIS,LABSTAT_PUBLISHED,NOT_VERIFIED,NOT_ESTABLISHED,UNKNOWN,HJ032,HOUSEHOLD_FURNISHINGS_OPERATIONS,DIRECT,6369.000000,OBSERVED,10.510000,false,,,,,NOT_APPLICABLE,UNCLAIMED,,,,,NOT_APPLICABLE,RETAINED,6369.000000,,,,,,,,,NOT_APPLICABLE,ELIGIBLE,
290430,Q1,Outdoor furniture,HOUSING,Housing,DIRECT_CONCORDANCE_UCC,PUBLISHED_CE_BASIS,LABSTAT_PUBLISHED,NOT_VERIFIED,NOT_ESTABLISHED,UNKNOWN,HJ032,HOUSEHOLD_FURNISHINGS_OPERATIONS,DIRECT,177.000000,OBSERVED,26.120000,true,,,,,NOT_APPLICABLE,UNCLAIMED,,,,,NOT_APPLICABLE,RETAINED,177.000000,,,,,,,,,NOT_APPLICABLE,ELIGIBLE,
290430,Q2,Outdoor furniture,HOUSING,Housing,DIRECT_CONCORDANCE_UCC,PUBLISHED_CE_BASIS,LABSTAT_PUBLISHED,NOT_VERIFIED,NOT_ESTABLISHED,UNKNOWN,HJ032,HOUSEHOLD_FURNISHINGS_OPERATIONS,DIRECT,387.000000,OBSERVED,22.850000,false,,,,,NOT_APPLICABLE,UNCLAIMED,,,,,NOT_APPLICABLE,RETAINED,387.000000,,,,,,,,,NOT_APPLICABLE,ELIGIBLE,
290430,Q3,Outdoor furniture,HOUSING,Housing,DIRECT_CONCORDANCE_UCC,PUBLISHED_CE_BASIS,LABSTAT_PUBLISHED,NOT_VERIFIED,NOT_ESTABLISHED,UNKNOWN,HJ032,HOUSEHOLD_FURNISHINGS_OPERATIONS,DIRECT,750.000000,OBSERVED,21.640000,false,,,,,NOT_APPLICABLE,UNCLAIMED,,,,,NOT_APPLICABLE,RETAINED,750.000000,,,,,,,,,NOT_APPLICABLE,ELIGIBLE,
290430,Q4,Outdoor furniture,HOUSING,Housing,DIRECT_CONCORDANCE_UCC,PUBLISHED_CE_BASIS,LABSTAT_PUBLISHED,NOT_VERIFIED,NOT_ESTABLISHED,UNKNOWN,HJ032,HOUSEHOLD_FURNISHINGS_OPERATIONS,DIRECT,2034.000000,OBSERVED,28.870000,true,,,,,NOT_APPLICABLE,UNCLAIMED,,,,,NOT_APPLICABLE,RETAINED,2034.000000,,,,,,,,,NOT_APPLICABLE,ELIGIBLE,
290430,Q5,Outdoor furniture,HOUSING,Housing,DIRECT_CONCORDANCE_UCC,PUBLISHED_CE_BASIS,LABSTAT_PUBLISHED,NOT_VERIFIED,NOT_ESTABLISHED,UNKNOWN,HJ032,HOUSEHOLD_FURNISHINGS_OPERATIONS,DIRECT,3021.000000,OBSERVED,12.640000,false,,,,,NOT_APPLICABLE,UNCLAIMED,,,,,NOT_APPLICABLE,RETAINED,3021.000000,,,,,,,,,NOT_APPLICABLE,ELIGIBLE,
290440,ALL_CU,"Wall units, cabinets, and other furniture",HOUSING,Housing,DIRECT_CONCORDANCE_UCC,PUBLISHED_CE_BASIS,LABSTAT_PUBLISHED,NOT_VERIFIED,NOT_ESTABLISHED,UNKNOWN,HJ033,HOUSEHOLD_FURNISHINGS_OPERATIONS,DIRECT,6226.000000,OBSERVED,13.580000,false,,,,,NOT_APPLICABLE,UNCLAIMED,,,,,NOT_APPLICABLE,RETAINED,6226.000000,,,,,,,,,NOT_APPLICABLE,ELIGIBLE,
290440,Q1,"Wall units, cabinets, and other furniture",HOUSING,Housing,DIRECT_CONCORDANCE_UCC,PUBLISHED_CE_BASIS,LABSTAT_PUBLISHED,NOT_VERIFIED,NOT_ESTABLISHED,UNKNOWN,HJ033,HOUSEHOLD_FURNISHINGS_OPERATIONS,DIRECT,555.000000,OBSERVED,21.040000,false,,,,,NOT_APPLICABLE,UNCLAIMED,,,,,NOT_APPLICABLE,RETAINED,555.000000,,,,,,,,,NOT_APPLICABLE,ELIGIBLE,
290440,Q2,"Wall units, cabinets, and other furniture",HOUSING,Housing,DIRECT_CONCORDANCE_UCC,PUBLISHED_CE_BASIS,LABSTAT_PUBLISHED,NOT_VERIFIED,NOT_ESTABLISHED,UNKNOWN,HJ033,HOUSEHOLD_FURNISHINGS_OPERATIONS,DIRECT,492.000000,OBSERVED,22.870000,false,,,,,NOT_APPLICABLE,UNCLAIMED,,,,,NOT_APPLICABLE,RETAINED,492.000000,,,,,,,,,NOT_APPLICABLE,ELIGIBLE,
290440,Q3,"Wall units, cabinets, and other furniture",HOUSING,Housing,DIRECT_CONCORDANCE_UCC,PUBLISHED_CE_BASIS,LABSTAT_PUBLISHED,NOT_VERIFIED,NOT_ESTABLISHED,UNKNOWN,HJ033,HOUSEHOLD_FURNISHINGS_OPERATIONS,DIRECT,918.000000,OBSERVED,27.520000,true,,,,,NOT_APPLICABLE,UNCLAIMED,,,,,NOT_APPLICABLE,RETAINED,918.000000,,,,,,,,,NOT_APPLICABLE,ELIGIBLE,
290440,Q4,"Wall units, cabinets, and other furniture",HOUSING,Housing,DIRECT_CONCORDANCE_UCC,PUBLISHED_CE_BASIS,LABSTAT_PUBLISHED,NOT_VERIFIED,NOT_ESTABLISHED,UNKNOWN,HJ033,HOUSEHOLD_FURNISHINGS_OPERATIONS,DIRECT,1920.000000,OBSERVED,22.710000,false,,,,,NOT_APPLICABLE,UNCLAIMED,,,,,NOT_APPLICABLE,RETAINED,1920.000000,,,,,,,,,NOT_APPLICABLE,ELIGIBLE,
290440,Q5,"Wall units, cabinets, and other furniture",HOUSING,Housing,DIRECT_CONCORDANCE_UCC,PUBLISHED_CE_BASIS,LABSTAT_PUBLISHED,NOT_VERIFIED,NOT_ESTABLISHED,UNKNOWN,HJ033,HOUSEHOLD_FURNISHINGS_OPERATIONS,DIRECT,2341.000000,OBSERVED,26.270000,true,,,,,NOT_APPLICABLE,UNCLAIMED,,,,,NOT_APPLICABLE,RETAINED,2341.000000,,,,,,,,,NOT_APPLICABLE,ELIGIBLE,
300111,ALL_CU,Refrigerators and freezers (renter),HOUSING,Housing,DIRECT_CONCORDANCE_UCC,PUBLISHED_CE_BASIS,LABSTAT_PUBLISHED,NOT_VERIFIED,NOT_ESTABLISHED,UNKNOWN,HK011,HOUSEHOLD_FURNISHINGS_OPERATIONS,DIRECT,1571.000000,OBSERVED,20.450000,false,,,,,NOT_APPLICABLE,UNCLAIMED,,,,,NOT_APPLICABLE,RETAINED,1571.000000,,,,,,,,,NOT_APPLICABLE,ELIGIBLE,
300111,Q1,Refrigerators and freezers (renter),HOUSING,Housing,DIRECT_CONCORDANCE_UCC,PUBLISHED_CE_BASIS,LABSTAT_PUBLISHED,NOT_VERIFIED,NOT_ESTABLISHED,UNKNOWN,HK011,HOUSEHOLD_FURNISHINGS_OPERATIONS,DIRECT,360.000000,OBSERVED,47.770000,true,,,,,NOT_APPLICABLE,UNCLAIMED,,,,,NOT_APPLICABLE,RETAINED,360.000000,,,,,,,,,NOT_APPLICABLE,ELIGIBLE,
300111,Q2,Refrigerators and freezers (renter),HOUSING,Housing,DIRECT_CONCORDANCE_UCC,PUBLISHED_CE_BASIS,LABSTAT_PUBLISHED,NOT_VERIFIED,NOT_ESTABLISHED,UNKNOWN,HK011,HOUSEHOLD_FURNISHINGS_OPERATIONS,DIRECT,375.000000,OBSERVED,31.600000,true,,,,,NOT_APPLICABLE,UNCLAIMED,,,,,NOT_APPLICABLE,RETAINED,375.000000,,,,,,,,,NOT_APPLICABLE,ELIGIBLE,
300111,Q3,Refrigerators and freezers (renter),HOUSING,Housing,DIRECT_CONCORDANCE_UCC,PUBLISHED_CE_BASIS,LABSTAT_PUBLISHED,NOT_VERIFIED,NOT_ESTABLISHED,UNKNOWN,HK011,HOUSEHOLD_FURNISHINGS_OPERATIONS,DIRECT,311.000000,OBSERVED,32.140000,true,,,,,NOT_APPLICABLE,UNCLAIMED,,,,,NOT_APPLICABLE,RETAINED,311.000000,,,,,,,,,NOT_APPLICABLE,ELIGIBLE,
300111,Q4,Refrigerators and freezers (renter),HOUSING,Housing,DIRECT_CONCORDANCE_UCC,PUBLISHED_CE_BASIS,LABSTAT_PUBLISHED,NOT_VERIFIED,NOT_ESTABLISHED,UNKNOWN,HK011,HOUSEHOLD_FURNISHINGS_OPERATIONS,DIRECT,144.000000,OBSERVED,63.190000,true,,,,,NOT_APPLICABLE,UNCLAIMED,,,,,NOT_APPLICABLE,RETAINED,144.000000,,,,,,,,,NOT_APPLICABLE,ELIGIBLE,
300111,Q5,Refrigerators and freezers (renter),HOUSING,Housing,DIRECT_CONCORDANCE_UCC,PUBLISHED_CE_BASIS,LABSTAT_PUBLISHED,NOT_VERIFIED,NOT_ESTABLISHED,UNKNOWN,HK011,HOUSEHOLD_FURNISHINGS_OPERATIONS,DIRECT,381.000000,OBSERVED,47.990000,true,,,,,NOT_APPLICABLE,UNCLAIMED,,,,,NOT_APPLICABLE,RETAINED,381.000000,,,,,,,,,NOT_APPLICABLE,ELIGIBLE,
300112,ALL_CU,Refrigerators and freezers (owned home),HOUSING,Housing,DIRECT_CONCORDANCE_UCC,PUBLISHED_CE_BASIS,LABSTAT_PUBLISHED,NOT_VERIFIED,NOT_ESTABLISHED,UNKNOWN,HK011,HOUSEHOLD_FURNISHINGS_OPERATIONS,DIRECT,14286.000000,OBSERVED,7.340000,false,,,,,NOT_APPLICABLE,UNCLAIMED,,,,,NOT_APPLICABLE,RETAINED,14286.000000,,,,,,,,,NOT_APPLICABLE,ELIGIBLE,
300112,Q1,Refrigerators and freezers (owned home),HOUSING,Housing,DIRECT_CONCORDANCE_UCC,PUBLISHED_CE_BASIS,LABSTAT_PUBLISHED,NOT_VERIFIED,NOT_ESTABLISHED,UNKNOWN,HK011,HOUSEHOLD_FURNISHINGS_OPERATIONS,DIRECT,1057.000000,OBSERVED,26.600000,true,,,,,NOT_APPLICABLE,UNCLAIMED,,,,,NOT_APPLICABLE,RETAINED,1057.000000,,,,,,,,,NOT_APPLICABLE,ELIGIBLE,
300112,Q2,Refrigerators and freezers (owned home),HOUSING,Housing,DIRECT_CONCORDANCE_UCC,PUBLISHED_CE_BASIS,LABSTAT_PUBLISHED,NOT_VERIFIED,NOT_ESTABLISHED,UNKNOWN,HK011,HOUSEHOLD_FURNISHINGS_OPERATIONS,DIRECT,1440.000000,OBSERVED,23.840000,false,,,,,NOT_APPLICABLE,UNCLAIMED,,,,,NOT_APPLICABLE,RETAINED,1440.000000,,,,,,,,,NOT_APPLICABLE,ELIGIBLE,
300112,Q3,Refrigerators and freezers (owned home),HOUSING,Housing,DIRECT_CONCORDANCE_UCC,PUBLISHED_CE_BASIS,LABSTAT_PUBLISHED,NOT_VERIFIED,NOT_ESTABLISHED,UNKNOWN,HK011,HOUSEHOLD_FURNISHINGS_OPERATIONS,DIRECT,2449.000000,OBSERVED,14.410000,false,,,,,NOT_APPLICABLE,UNCLAIMED,,,,,NOT_APPLICABLE,RETAINED,2449.000000,,,,,,,,,NOT_APPLICABLE,ELIGIBLE,
300112,Q4,Refrigerators and freezers (owned home),HOUSING,Housing,DIRECT_CONCORDANCE_UCC,PUBLISHED_CE_BASIS,LABSTAT_PUBLISHED,NOT_VERIFIED,NOT_ESTABLISHED,UNKNOWN,HK011,HOUSEHOLD_FURNISHINGS_OPERATIONS,DIRECT,4304.000000,OBSERVED,16.970000,false,,,,,NOT_APPLICABLE,UNCLAIMED,,,,,NOT_APPLICABLE,RETAINED,4304.000000,,,,,,,,,NOT_APPLICABLE,ELIGIBLE,
300112,Q5,Refrigerators and freezers (owned home),HOUSING,Housing,DIRECT_CONCORDANCE_UCC,PUBLISHED_CE_BASIS,LABSTAT_PUBLISHED,NOT_VERIFIED,NOT_ESTABLISHED,UNKNOWN,HK011,HOUSEHOLD_FURNISHINGS_OPERATIONS,DIRECT,5036.000000,OBSERVED,12.460000,false,,,,,NOT_APPLICABLE,UNCLAIMED,,,,,NOT_APPLICABLE,RETAINED,5036.000000,,,,,,,,,NOT_APPLICABLE,ELIGIBLE,
300216,ALL_CU,Clothes washers or dryers (renter),HOUSING,Housing,DIRECT_CONCORDANCE_UCC,PUBLISHED_CE_BASIS,LABSTAT_PUBLISHED,NOT_VERIFIED,NOT_ESTABLISHED,UNKNOWN,HK012,HOUSEHOLD_FURNISHINGS_OPERATIONS,DIRECT,1779.000000,OBSERVED,14.540000,false,,,,,NOT_APPLICABLE,UNCLAIMED,,,,,NOT_APPLICABLE,RETAINED,1779.000000,,,,,,,,,NOT_APPLICABLE,ELIGIBLE,
300216,Q1,Clothes washers or dryers (renter),HOUSING,Housing,DIRECT_CONCORDANCE_UCC,PUBLISHED_CE_BASIS,LABSTAT_PUBLISHED,NOT_VERIFIED,NOT_ESTABLISHED,UNKNOWN,HK012,HOUSEHOLD_FURNISHINGS_OPERATIONS,DIRECT,518.000000,OBSERVED,31.940000,true,,,,,NOT_APPLICABLE,UNCLAIMED,,,,,NOT_APPLICABLE,RETAINED,518.000000,,,,,,,,,NOT_APPLICABLE,ELIGIBLE,
300216,Q2,Clothes washers or dryers (renter),HOUSING,Housing,DIRECT_CONCORDANCE_UCC,PUBLISHED_CE_BASIS,LABSTAT_PUBLISHED,NOT_VERIFIED,NOT_ESTABLISHED,UNKNOWN,HK012,HOUSEHOLD_FURNISHINGS_OPERATIONS,DIRECT,243.000000,OBSERVED,33.700000,true,,,,,NOT_APPLICABLE,UNCLAIMED,,,,,NOT_APPLICABLE,RETAINED,243.000000,,,,,,,,,NOT_APPLICABLE,ELIGIBLE,
300216,Q3,Clothes washers or dryers (renter),HOUSING,Housing,DIRECT_CONCORDANCE_UCC,PUBLISHED_CE_BASIS,LABSTAT_PUBLISHED,NOT_VERIFIED,NOT_ESTABLISHED,UNKNOWN,HK012,HOUSEHOLD_FURNISHINGS_OPERATIONS,DIRECT,645.000000,OBSERVED,26.980000,true,,,,,NOT_APPLICABLE,UNCLAIMED,,,,,NOT_APPLICABLE,RETAINED,645.000000,,,,,,,,,NOT_APPLICABLE,ELIGIBLE,
300216,Q4,Clothes washers or dryers (renter),HOUSING,Housing,DIRECT_CONCORDANCE_UCC,PUBLISHED_CE_BASIS,LABSTAT_PUBLISHED,NOT_VERIFIED,NOT_ESTABLISHED,UNKNOWN,HK012,HOUSEHOLD_FURNISHINGS_OPERATIONS,DIRECT,263.000000,OBSERVED,40.880000,true,,,,,NOT_APPLICABLE,UNCLAIMED,,,,,NOT_APPLICABLE,RETAINED,263.000000,,,,,,,,,NOT_APPLICABLE,ELIGIBLE,
300216,Q5,Clothes washers or dryers (renter),HOUSING,Housing,DIRECT_CONCORDANCE_UCC,PUBLISHED_CE_BASIS,LABSTAT_PUBLISHED,NOT_VERIFIED,NOT_ESTABLISHED,UNKNOWN,HK012,HOUSEHOLD_FURNISHINGS_OPERATIONS,DIRECT,110.000000,OBSERVED,63.480000,true,,,,,NOT_APPLICABLE,UNCLAIMED,,,,,NOT_APPLICABLE,RETAINED,110.000000,,,,,,,,,NOT_APPLICABLE,ELIGIBLE,
300217,ALL_CU,Clothes washers or dryers (owned home),HOUSING,Housing,DIRECT_CONCORDANCE_UCC,PUBLISHED_CE_BASIS,LABSTAT_PUBLISHED,NOT_VERIFIED,NOT_ESTABLISHED,UNKNOWN,HK012,HOUSEHOLD_FURNISHINGS_OPERATIONS,DIRECT,11610.000000,OBSERVED,9.370000,false,,,,,NOT_APPLICABLE,UNCLAIMED,,,,,NOT_APPLICABLE,RETAINED,11610.000000,,,,,,,,,NOT_APPLICABLE,ELIGIBLE,
300217,Q1,Clothes washers or dryers (owned home),HOUSING,Housing,DIRECT_CONCORDANCE_UCC,PUBLISHED_CE_BASIS,LABSTAT_PUBLISHED,NOT_VERIFIED,NOT_ESTABLISHED,UNKNOWN,HK012,HOUSEHOLD_FURNISHINGS_OPERATIONS,DIRECT,865.000000,OBSERVED,26.780000,true,,,,,NOT_APPLICABLE,UNCLAIMED,,,,,NOT_APPLICABLE,RETAINED,865.000000,,,,,,,,,NOT_APPLICABLE,ELIGIBLE,
300217,Q2,Clothes washers or dryers (owned home),HOUSING,Housing,DIRECT_CONCORDANCE_UCC,PUBLISHED_CE_BASIS,LABSTAT_PUBLISHED,NOT_VERIFIED,NOT_ESTABLISHED,UNKNOWN,HK012,HOUSEHOLD_FURNISHINGS_OPERATIONS,DIRECT,1126.000000,OBSERVED,15.420000,false,,,,,NOT_APPLICABLE,UNCLAIMED,,,,,NOT_APPLICABLE,RETAINED,1126.000000,,,,,,,,,NOT_APPLICABLE,ELIGIBLE,
300217,Q3,Clothes washers or dryers (owned home),HOUSING,Housing,DIRECT_CONCORDANCE_UCC,PUBLISHED_CE_BASIS,LABSTAT_PUBLISHED,NOT_VERIFIED,NOT_ESTABLISHED,UNKNOWN,HK012,HOUSEHOLD_FURNISHINGS_OPERATIONS,DIRECT,2443.000000,OBSERVED,17.780000,false,,,,,NOT_APPLICABLE,UNCLAIMED,,,,,NOT_APPLICABLE,RETAINED,2443.000000,,,,,,,,,NOT_APPLICABLE,ELIGIBLE,
300217,Q4,Clothes washers or dryers (owned home),HOUSING,Housing,DIRECT_CONCORDANCE_UCC,PUBLISHED_CE_BASIS,LABSTAT_PUBLISHED,NOT_VERIFIED,NOT_ESTABLISHED,UNKNOWN,HK012,HOUSEHOLD_FURNISHINGS_OPERATIONS,DIRECT,3070.000000,OBSERVED,12.340000,false,,,,,NOT_APPLICABLE,UNCLAIMED,,,,,NOT_APPLICABLE,RETAINED,3070.000000,,,,,,,,,NOT_APPLICABLE,ELIGIBLE,
300217,Q5,Clothes washers or dryers (owned home),HOUSING,Housing,DIRECT_CONCORDANCE_UCC,PUBLISHED_CE_BASIS,LABSTAT_PUBLISHED,NOT_VERIFIED,NOT_ESTABLISHED,UNKNOWN,HK012,HOUSEHOLD_FURNISHINGS_OPERATIONS,DIRECT,4105.000000,OBSERVED,18.350000,false,,,,,NOT_APPLICABLE,UNCLAIMED,,,,,NOT_APPLICABLE,RETAINED,4105.000000,,,,,,,,,NOT_APPLICABLE,ELIGIBLE,
300311,ALL_CU,Cooking stoves and ovens (renter),HOUSING,Housing,DIRECT_CONCORDANCE_UCC,PUBLISHED_CE_BASIS,LABSTAT_PUBLISHED,NOT_VERIFIED,NOT_ESTABLISHED,UNKNOWN,HK013,HOUSEHOLD_FURNISHINGS_OPERATIONS,DIRECT,405.000000,OBSERVED,47.370000,true,,,,,NOT_APPLICABLE,UNCLAIMED,,,,,NOT_APPLICABLE,RETAINED,405.000000,,,,,,,,,NOT_APPLICABLE,ELIGIBLE,
300311,Q1,Cooking stoves and ovens (renter),HOUSING,Housing,DIRECT_CONCORDANCE_UCC,PUBLISHED_CE_BASIS,LABSTAT_PUBLISHED,NOT_VERIFIED,NOT_ESTABLISHED,UNKNOWN,HK013,HOUSEHOLD_FURNISHINGS_OPERATIONS,DIRECT,180.000000,OBSERVED,76.880000,true,,,,,NOT_APPLICABLE,UNCLAIMED,,,,,NOT_APPLICABLE,RETAINED,180.000000,,,,,,,,,NOT_APPLICABLE,ELIGIBLE,
300311,Q2,Cooking stoves and ovens (renter),HOUSING,Housing,DIRECT_CONCORDANCE_UCC,PUBLISHED_CE_BASIS,LABSTAT_PUBLISHED,NOT_VERIFIED,NOT_ESTABLISHED,UNKNOWN,HK013,HOUSEHOLD_FURNISHINGS_OPERATIONS,DIRECT,6.000000,OBSERVED,101.170000,true,,,,,NOT_APPLICABLE,UNCLAIMED,,,,,NOT_APPLICABLE,RETAINED,6.000000,,,,,,,,,NOT_APPLICABLE,ELIGIBLE,
300311,Q3,Cooking stoves and ovens (renter),HOUSING,Housing,DIRECT_CONCORDANCE_UCC,PUBLISHED_CE_BASIS,LABSTAT_PUBLISHED,NOT_VERIFIED,NOT_ESTABLISHED,UNKNOWN,HK013,HOUSEHOLD_FURNISHINGS_OPERATIONS,DIRECT,198.000000,OBSERVED,62.230000,true,,,,,NOT_APPLICABLE,UNCLAIMED,,,,,NOT_APPLICABLE,RETAINED,198.000000,,,,,,,,,NOT_APPLICABLE,ELIGIBLE,
300311,Q4,Cooking stoves and ovens (renter),HOUSING,Housing,DIRECT_CONCORDANCE_UCC,PUBLISHED_CE_BASIS,LABSTAT_PUBLISHED,NOT_VERIFIED,NOT_ESTABLISHED,UNKNOWN,HK013,HOUSEHOLD_FURNISHINGS_OPERATIONS,DIRECT,5.000000,OBSERVED,104.390000,true,,,,,NOT_APPLICABLE,UNCLAIMED,,,,,NOT_APPLICABLE,RETAINED,5.000000,,,,,,,,,NOT_APPLICABLE,ELIGIBLE,
300311,Q5,Cooking stoves and ovens (renter),HOUSING,Housing,DIRECT_CONCORDANCE_UCC,PUBLISHED_CE_BASIS,LABSTAT_PUBLISHED,NOT_VERIFIED,NOT_ESTABLISHED,UNKNOWN,HK013,HOUSEHOLD_FURNISHINGS_OPERATIONS,DIRECT,16.000000,OBSERVED,120.830000,true,,,,,NOT_APPLICABLE,UNCLAIMED,,,,,NOT_APPLICABLE,RETAINED,16.000000,,,,,,,,,NOT_APPLICABLE,ELIGIBLE,
300312,ALL_CU,Cooking stoves and ovens (owned home),HOUSING,Housing,DIRECT_CONCORDANCE_UCC,PUBLISHED_CE_BASIS,LABSTAT_PUBLISHED,NOT_VERIFIED,NOT_ESTABLISHED,UNKNOWN,HK013,HOUSEHOLD_FURNISHINGS_OPERATIONS,DIRECT,8210.000000,OBSERVED,10.730000,false,,,,,NOT_APPLICABLE,UNCLAIMED,,,,,NOT_APPLICABLE,RETAINED,8210.000000,,,,,,,,,NOT_APPLICABLE,ELIGIBLE,
300312,Q1,Cooking stoves and ovens (owned home),HOUSING,Housing,DIRECT_CONCORDANCE_UCC,PUBLISHED_CE_BASIS,LABSTAT_PUBLISHED,NOT_VERIFIED,NOT_ESTABLISHED,UNKNOWN,HK013,HOUSEHOLD_FURNISHINGS_OPERATIONS,DIRECT,670.000000,OBSERVED,25.740000,true,,,,,NOT_APPLICABLE,UNCLAIMED,,,,,NOT_APPLICABLE,RETAINED,670.000000,,,,,,,,,NOT_APPLICABLE,ELIGIBLE,
300312,Q2,Cooking stoves and ovens (owned home),HOUSING,Housing,DIRECT_CONCORDANCE_UCC,PUBLISHED_CE_BASIS,LABSTAT_PUBLISHED,NOT_VERIFIED,NOT_ESTABLISHED,UNKNOWN,HK013,HOUSEHOLD_FURNISHINGS_OPERATIONS,DIRECT,962.000000,OBSERVED,25.890000,true,,,,,NOT_APPLICABLE,UNCLAIMED,,,,,NOT_APPLICABLE,RETAINED,962.000000,,,,,,,,,NOT_APPLICABLE,ELIGIBLE,
300312,Q3,Cooking stoves and ovens (owned home),HOUSING,Housing,DIRECT_CONCORDANCE_UCC,PUBLISHED_CE_BASIS,LABSTAT_PUBLISHED,NOT_VERIFIED,NOT_ESTABLISHED,UNKNOWN,HK013,HOUSEHOLD_FURNISHINGS_OPERATIONS,DIRECT,1117.000000,OBSERVED,18.440000,false,,,,,NOT_APPLICABLE,UNCLAIMED,,,,,NOT_APPLICABLE,RETAINED,1117.000000,,,,,,,,,NOT_APPLICABLE,ELIGIBLE,
300312,Q4,Cooking stoves and ovens (owned home),HOUSING,Housing,DIRECT_CONCORDANCE_UCC,PUBLISHED_CE_BASIS,LABSTAT_PUBLISHED,NOT_VERIFIED,NOT_ESTABLISHED,UNKNOWN,HK013,HOUSEHOLD_FURNISHINGS_OPERATIONS,DIRECT,2202.000000,OBSERVED,18.950000,false,,,,,NOT_APPLICABLE,UNCLAIMED,,,,,NOT_APPLICABLE,RETAINED,2202.000000,,,,,,,,,NOT_APPLICABLE,ELIGIBLE,
300312,Q5,Cooking stoves and ovens (owned home),HOUSING,Housing,DIRECT_CONCORDANCE_UCC,PUBLISHED_CE_BASIS,LABSTAT_PUBLISHED,NOT_VERIFIED,NOT_ESTABLISHED,UNKNOWN,HK013,HOUSEHOLD_FURNISHINGS_OPERATIONS,DIRECT,3259.000000,OBSERVED,21.130000,false,,,,,NOT_APPLICABLE,UNCLAIMED,,,,,NOT_APPLICABLE,RETAINED,3259.000000,,,,,,,,,NOT_APPLICABLE,ELIGIBLE,
300321,ALL_CU,Microwave ovens (renter),HOUSING,Housing,DIRECT_CONCORDANCE_UCC,PUBLISHED_CE_BASIS,LABSTAT_PUBLISHED,NOT_VERIFIED,NOT_ESTABLISHED,UNKNOWN,HK014,HOUSEHOLD_FURNISHINGS_OPERATIONS,DIRECT,517.000000,OBSERVED,15.780000,false,,,,,NOT_APPLICABLE,UNCLAIMED,,,,,NOT_APPLICABLE,RETAINED,517.000000,,,,,,,,,NOT_APPLICABLE,ELIGIBLE,
300321,Q1,Microwave ovens (renter),HOUSING,Housing,DIRECT_CONCORDANCE_UCC,PUBLISHED_CE_BASIS,LABSTAT_PUBLISHED,NOT_VERIFIED,NOT_ESTABLISHED,UNKNOWN,HK014,HOUSEHOLD_FURNISHINGS_OPERATIONS,DIRECT,247.000000,OBSERVED,29.850000,true,,,,,NOT_APPLICABLE,UNCLAIMED,,,,,NOT_APPLICABLE,RETAINED,247.000000,,,,,,,,,NOT_APPLICABLE,ELIGIBLE,
300321,Q2,Microwave ovens (renter),HOUSING,Housing,DIRECT_CONCORDANCE_UCC,PUBLISHED_CE_BASIS,LABSTAT_PUBLISHED,NOT_VERIFIED,NOT_ESTABLISHED,UNKNOWN,HK014,HOUSEHOLD_FURNISHINGS_OPERATIONS,DIRECT,111.000000,OBSERVED,21.530000,false,,,,,NOT_APPLICABLE,UNCLAIMED,,,,,NOT_APPLICABLE,RETAINED,111.000000,,,,,,,,,NOT_APPLICABLE,ELIGIBLE,
300321,Q3,Microwave ovens (renter),HOUSING,Housing,DIRECT_CONCORDANCE_UCC,PUBLISHED_CE_BASIS,LABSTAT_PUBLISHED,NOT_VERIFIED,NOT_ESTABLISHED,UNKNOWN,HK014,HOUSEHOLD_FURNISHINGS_OPERATIONS,DIRECT,82.000000,OBSERVED,18.290000,false,,,,,NOT_APPLICABLE,UNCLAIMED,,,,,NOT_APPLICABLE,RETAINED,82.000000,,,,,,,,,NOT_APPLICABLE,ELIGIBLE,
300321,Q4,Microwave ovens (renter),HOUSING,Housing,DIRECT_CONCORDANCE_UCC,PUBLISHED_CE_BASIS,LABSTAT_PUBLISHED,NOT_VERIFIED,NOT_ESTABLISHED,UNKNOWN,HK014,HOUSEHOLD_FURNISHINGS_OPERATIONS,DIRECT,45.000000,OBSERVED,24.590000,false,,,,,NOT_APPLICABLE,UNCLAIMED,,,,,NOT_APPLICABLE,RETAINED,45.000000,,,,,,,,,NOT_APPLICABLE,ELIGIBLE,
300321,Q5,Microwave ovens (renter),HOUSING,Housing,DIRECT_CONCORDANCE_UCC,PUBLISHED_CE_BASIS,LABSTAT_PUBLISHED,NOT_VERIFIED,NOT_ESTABLISHED,UNKNOWN,HK014,HOUSEHOLD_FURNISHINGS_OPERATIONS,DIRECT,32.000000,OBSERVED,65.880000,true,,,,,NOT_APPLICABLE,UNCLAIMED,,,,,NOT_APPLICABLE,RETAINED,32.000000,,,,,,,,,NOT_APPLICABLE,ELIGIBLE,
300322,ALL_CU,Microwave ovens (owned home),HOUSING,Housing,DIRECT_CONCORDANCE_UCC,PUBLISHED_CE_BASIS,LABSTAT_PUBLISHED,NOT_VERIFIED,NOT_ESTABLISHED,UNKNOWN,HK014,HOUSEHOLD_FURNISHINGS_OPERATIONS,DIRECT,2306.000000,OBSERVED,8.140000,false,,,,,NOT_APPLICABLE,UNCLAIMED,,,,,NOT_APPLICABLE,RETAINED,2306.000000,,,,,,,,,NOT_APPLICABLE,ELIGIBLE,
300322,Q1,Microwave ovens (owned home),HOUSING,Housing,DIRECT_CONCORDANCE_UCC,PUBLISHED_CE_BASIS,LABSTAT_PUBLISHED,NOT_VERIFIED,NOT_ESTABLISHED,UNKNOWN,HK014,HOUSEHOLD_FURNISHINGS_OPERATIONS,DIRECT,249.000000,OBSERVED,30.610000,true,,,,,NOT_APPLICABLE,UNCLAIMED,,,,,NOT_APPLICABLE,RETAINED,249.000000,,,,,,,,,NOT_APPLICABLE,ELIGIBLE,
300322,Q2,Microwave ovens (owned home),HOUSING,Housing,DIRECT_CONCORDANCE_UCC,PUBLISHED_CE_BASIS,LABSTAT_PUBLISHED,NOT_VERIFIED,NOT_ESTABLISHED,UNKNOWN,HK014,HOUSEHOLD_FURNISHINGS_OPERATIONS,DIRECT,305.000000,OBSERVED,16.680000,false,,,,,NOT_APPLICABLE,UNCLAIMED,,,,,NOT_APPLICABLE,RETAINED,305.000000,,,,,,,,,NOT_APPLICABLE,ELIGIBLE,
300322,Q3,Microwave ovens (owned home),HOUSING,Housing,DIRECT_CONCORDANCE_UCC,PUBLISHED_CE_BASIS,LABSTAT_PUBLISHED,NOT_VERIFIED,NOT_ESTABLISHED,UNKNOWN,HK014,HOUSEHOLD_FURNISHINGS_OPERATIONS,DIRECT,347.000000,OBSERVED,21.510000,false,,,,,NOT_APPLICABLE,UNCLAIMED,,,,,NOT_APPLICABLE,RETAINED,347.000000,,,,,,,,,NOT_APPLICABLE,ELIGIBLE,
300322,Q4,Microwave ovens (owned home),HOUSING,Housing,DIRECT_CONCORDANCE_UCC,PUBLISHED_CE_BASIS,LABSTAT_PUBLISHED,NOT_VERIFIED,NOT_ESTABLISHED,UNKNOWN,HK014,HOUSEHOLD_FURNISHINGS_OPERATIONS,DIRECT,662.000000,OBSERVED,17.930000,false,,,,,NOT_APPLICABLE,UNCLAIMED,,,,,NOT_APPLICABLE,RETAINED,662.000000,,,,,,,,,NOT_APPLICABLE,ELIGIBLE,
300322,Q5,Microwave ovens (owned home),HOUSING,Housing,DIRECT_CONCORDANCE_UCC,PUBLISHED_CE_BASIS,LABSTAT_PUBLISHED,NOT_VERIFIED,NOT_ESTABLISHED,UNKNOWN,HK014,HOUSEHOLD_FURNISHINGS_OPERATIONS,DIRECT,743.000000,OBSERVED,14.010000,false,,,,,NOT_APPLICABLE,UNCLAIMED,,,,,NOT_APPLICABLE,RETAINED,743.000000,,,,,,,,,NOT_APPLICABLE,ELIGIBLE,
300331,ALL_CU,Portable dishwashers (renter),HOUSING,Housing,DIRECT_CONCORDANCE_UCC,PUBLISHED_CE_BASIS,LABSTAT_PUBLISHED,NOT_VERIFIED,NOT_ESTABLISHED,UNKNOWN,HK090,HOUSEHOLD_FURNISHINGS_OPERATIONS,DIRECT,34.000000,OBSERVED,76.070000,true,,,,,NOT_APPLICABLE,UNCLAIMED,,,,,NOT_APPLICABLE,RETAINED,34.000000,,,,,,,,,NOT_APPLICABLE,ELIGIBLE,
300331,Q1,Portable dishwashers (renter),HOUSING,Housing,DIRECT_CONCORDANCE_UCC,PUBLISHED_CE_BASIS,LABSTAT_PUBLISHED,NOT_VERIFIED,NOT_ESTABLISHED,UNKNOWN,HK090,HOUSEHOLD_FURNISHINGS_OPERATIONS,DIRECT,,SUPPRESSED,,,,,,,NOT_APPLICABLE,UNCLAIMED,,,,,NOT_APPLICABLE,RETAINED,,,,,,,,,,NOT_APPLICABLE,BLOCKED_AMOUNT_UNAVAILABLE,BLS publishes this series and did not publish this cell. The amount is unknown and is not zero.
300331,Q2,Portable dishwashers (renter),HOUSING,Housing,DIRECT_CONCORDANCE_UCC,PUBLISHED_CE_BASIS,LABSTAT_PUBLISHED,NOT_VERIFIED,NOT_ESTABLISHED,UNKNOWN,HK090,HOUSEHOLD_FURNISHINGS_OPERATIONS,DIRECT,22.000000,OBSERVED,111.580000,true,,,,,NOT_APPLICABLE,UNCLAIMED,,,,,NOT_APPLICABLE,RETAINED,22.000000,,,,,,,,,NOT_APPLICABLE,ELIGIBLE,
300331,Q3,Portable dishwashers (renter),HOUSING,Housing,DIRECT_CONCORDANCE_UCC,PUBLISHED_CE_BASIS,LABSTAT_PUBLISHED,NOT_VERIFIED,NOT_ESTABLISHED,UNKNOWN,HK090,HOUSEHOLD_FURNISHINGS_OPERATIONS,DIRECT,12.000000,OBSERVED,74.180000,true,,,,,NOT_APPLICABLE,UNCLAIMED,,,,,NOT_APPLICABLE,RETAINED,12.000000,,,,,,,,,NOT_APPLICABLE,ELIGIBLE,
300331,Q4,Portable dishwashers (renter),HOUSING,Housing,DIRECT_CONCORDANCE_UCC,PUBLISHED_CE_BASIS,LABSTAT_PUBLISHED,NOT_VERIFIED,NOT_ESTABLISHED,UNKNOWN,HK090,HOUSEHOLD_FURNISHINGS_OPERATIONS,DIRECT,,SUPPRESSED,,,,,,,NOT_APPLICABLE,UNCLAIMED,,,,,NOT_APPLICABLE,RETAINED,,,,,,,,,,NOT_APPLICABLE,BLOCKED_AMOUNT_UNAVAILABLE,BLS publishes this series and did not publish this cell. The amount is unknown and is not zero.
300331,Q5,Portable dishwashers (renter),HOUSING,Housing,DIRECT_CONCORDANCE_UCC,PUBLISHED_CE_BASIS,LABSTAT_PUBLISHED,NOT_VERIFIED,NOT_ESTABLISHED,UNKNOWN,HK090,HOUSEHOLD_FURNISHINGS_OPERATIONS,DIRECT,,SUPPRESSED,,,,,,,NOT_APPLICABLE,UNCLAIMED,,,,,NOT_APPLICABLE,RETAINED,,,,,,,,,,NOT_APPLICABLE,BLOCKED_AMOUNT_UNAVAILABLE,BLS publishes this series and did not publish this cell. The amount is unknown and is not zero.
300332,ALL_CU,Portable dishwashers (owned home),HOUSING,Housing,DIRECT_CONCORDANCE_UCC,PUBLISHED_CE_BASIS,LABSTAT_PUBLISHED,NOT_VERIFIED,NOT_ESTABLISHED,UNKNOWN,HK090,HOUSEHOLD_FURNISHINGS_OPERATIONS,DIRECT,60.000000,OBSERVED,44.630000,true,,,,,NOT_APPLICABLE,UNCLAIMED,,,,,NOT_APPLICABLE,RETAINED,60.000000,,,,,,,,,NOT_APPLICABLE,ELIGIBLE,
300332,Q1,Portable dishwashers (owned home),HOUSING,Housing,DIRECT_CONCORDANCE_UCC,PUBLISHED_CE_BASIS,LABSTAT_PUBLISHED,NOT_VERIFIED,NOT_ESTABLISHED,UNKNOWN,HK090,HOUSEHOLD_FURNISHINGS_OPERATIONS,DIRECT,,SUPPRESSED,,,,,,,NOT_APPLICABLE,UNCLAIMED,,,,,NOT_APPLICABLE,RETAINED,,,,,,,,,,NOT_APPLICABLE,BLOCKED_AMOUNT_UNAVAILABLE,BLS publishes this series and did not publish this cell. The amount is unknown and is not zero.
300332,Q2,Portable dishwashers (owned home),HOUSING,Housing,DIRECT_CONCORDANCE_UCC,PUBLISHED_CE_BASIS,LABSTAT_PUBLISHED,NOT_VERIFIED,NOT_ESTABLISHED,UNKNOWN,HK090,HOUSEHOLD_FURNISHINGS_OPERATIONS,DIRECT,20.000000,OBSERVED,71.340000,true,,,,,NOT_APPLICABLE,UNCLAIMED,,,,,NOT_APPLICABLE,RETAINED,20.000000,,,,,,,,,NOT_APPLICABLE,ELIGIBLE,
300332,Q3,Portable dishwashers (owned home),HOUSING,Housing,DIRECT_CONCORDANCE_UCC,PUBLISHED_CE_BASIS,LABSTAT_PUBLISHED,NOT_VERIFIED,NOT_ESTABLISHED,UNKNOWN,HK090,HOUSEHOLD_FURNISHINGS_OPERATIONS,DIRECT,11.000000,OBSERVED,101.830000,true,,,,,NOT_APPLICABLE,UNCLAIMED,,,,,NOT_APPLICABLE,RETAINED,11.000000,,,,,,,,,NOT_APPLICABLE,ELIGIBLE,
300332,Q4,Portable dishwashers (owned home),HOUSING,Housing,DIRECT_CONCORDANCE_UCC,PUBLISHED_CE_BASIS,LABSTAT_PUBLISHED,NOT_VERIFIED,NOT_ESTABLISHED,UNKNOWN,HK090,HOUSEHOLD_FURNISHINGS_OPERATIONS,DIRECT,,SUPPRESSED,,,,,,,NOT_APPLICABLE,UNCLAIMED,,,,,NOT_APPLICABLE,RETAINED,,,,,,,,,,NOT_APPLICABLE,BLOCKED_AMOUNT_UNAVAILABLE,BLS publishes this series and did not publish this cell. The amount is unknown and is not zero.
300332,Q5,Portable dishwashers (owned home),HOUSING,Housing,DIRECT_CONCORDANCE_UCC,PUBLISHED_CE_BASIS,LABSTAT_PUBLISHED,NOT_VERIFIED,NOT_ESTABLISHED,UNKNOWN,HK090,HOUSEHOLD_FURNISHINGS_OPERATIONS,DIRECT,29.000000,OBSERVED,69.480000,true,,,,,NOT_APPLICABLE,UNCLAIMED,,,,,NOT_APPLICABLE,RETAINED,29.000000,,,,,,,,,NOT_APPLICABLE,ELIGIBLE,
300411,ALL_CU,Window air conditioners (renter),HOUSING,Housing,DIRECT_CONCORDANCE_UCC,PUBLISHED_CE_BASIS,LABSTAT_PUBLISHED,NOT_VERIFIED,NOT_ESTABLISHED,UNKNOWN,HK023,HOUSEHOLD_FURNISHINGS_OPERATIONS,DIRECT,423.000000,OBSERVED,22.720000,false,,,,,NOT_APPLICABLE,UNCLAIMED,,,,,NOT_APPLICABLE,RETAINED,423.000000,,,,,,,,,NOT_APPLICABLE,ELIGIBLE,
300411,Q1,Window air conditioners (renter),HOUSING,Housing,DIRECT_CONCORDANCE_UCC,PUBLISHED_CE_BASIS,LABSTAT_PUBLISHED,NOT_VERIFIED,NOT_ESTABLISHED,UNKNOWN,HK023,HOUSEHOLD_FURNISHINGS_OPERATIONS,DIRECT,70.000000,OBSERVED,43.020000,true,,,,,NOT_APPLICABLE,UNCLAIMED,,,,,NOT_APPLICABLE,RETAINED,70.000000,,,,,,,,,NOT_APPLICABLE,ELIGIBLE,
300411,Q2,Window air conditioners (renter),HOUSING,Housing,DIRECT_CONCORDANCE_UCC,PUBLISHED_CE_BASIS,LABSTAT_PUBLISHED,NOT_VERIFIED,NOT_ESTABLISHED,UNKNOWN,HK023,HOUSEHOLD_FURNISHINGS_OPERATIONS,DIRECT,115.000000,OBSERVED,38.340000,true,,,,,NOT_APPLICABLE,UNCLAIMED,,,,,NOT_APPLICABLE,RETAINED,115.000000,,,,,,,,,NOT_APPLICABLE,ELIGIBLE,
300411,Q3,Window air conditioners (renter),HOUSING,Housing,DIRECT_CONCORDANCE_UCC,PUBLISHED_CE_BASIS,LABSTAT_PUBLISHED,NOT_VERIFIED,NOT_ESTABLISHED,UNKNOWN,HK023,HOUSEHOLD_FURNISHINGS_OPERATIONS,DIRECT,108.000000,OBSERVED,48.070000,true,,,,,NOT_APPLICABLE,UNCLAIMED,,,,,NOT_APPLICABLE,RETAINED,108.000000,,,,,,,,,NOT_APPLICABLE,ELIGIBLE,
300411,Q4,Window air conditioners (renter),HOUSING,Housing,DIRECT_CONCORDANCE_UCC,PUBLISHED_CE_BASIS,LABSTAT_PUBLISHED,NOT_VERIFIED,NOT_ESTABLISHED,UNKNOWN,HK023,HOUSEHOLD_FURNISHINGS_OPERATIONS,DIRECT,71.000000,OBSERVED,25.490000,true,,,,,NOT_APPLICABLE,UNCLAIMED,,,,,NOT_APPLICABLE,RETAINED,71.000000,,,,,,,,,NOT_APPLICABLE,ELIGIBLE,
300411,Q5,Window air conditioners (renter),HOUSING,Housing,DIRECT_CONCORDANCE_UCC,PUBLISHED_CE_BASIS,LABSTAT_PUBLISHED,NOT_VERIFIED,NOT_ESTABLISHED,UNKNOWN,HK023,HOUSEHOLD_FURNISHINGS_OPERATIONS,DIRECT,59.000000,OBSERVED,55.110000,true,,,,,NOT_APPLICABLE,UNCLAIMED,,,,,NOT_APPLICABLE,RETAINED,59.000000,,,,,,,,,NOT_APPLICABLE,ELIGIBLE,
300412,ALL_CU,Window air conditioners (owned home),HOUSING,Housing,DIRECT_CONCORDANCE_UCC,PUBLISHED_CE_BASIS,LABSTAT_PUBLISHED,NOT_VERIFIED,NOT_ESTABLISHED,UNKNOWN,HK023,HOUSEHOLD_FURNISHINGS_OPERATIONS,DIRECT,689.000000,OBSERVED,18.340000,false,,,,,NOT_APPLICABLE,UNCLAIMED,,,,,NOT_APPLICABLE,RETAINED,689.000000,,,,,,,,,NOT_APPLICABLE,ELIGIBLE,
300412,Q1,Window air conditioners (owned home),HOUSING,Housing,DIRECT_CONCORDANCE_UCC,PUBLISHED_CE_BASIS,LABSTAT_PUBLISHED,NOT_VERIFIED,NOT_ESTABLISHED,UNKNOWN,HK023,HOUSEHOLD_FURNISHINGS_OPERATIONS,DIRECT,42.000000,OBSERVED,49.800000,true,,,,,NOT_APPLICABLE,UNCLAIMED,,,,,NOT_APPLICABLE,RETAINED,42.000000,,,,,,,,,NOT_APPLICABLE,ELIGIBLE,
300412,Q2,Window air conditioners (owned home),HOUSING,Housing,DIRECT_CONCORDANCE_UCC,PUBLISHED_CE_BASIS,LABSTAT_PUBLISHED,NOT_VERIFIED,NOT_ESTABLISHED,UNKNOWN,HK023,HOUSEHOLD_FURNISHINGS_OPERATIONS,DIRECT,157.000000,OBSERVED,28.440000,true,,,,,NOT_APPLICABLE,UNCLAIMED,,,,,NOT_APPLICABLE,RETAINED,157.000000,,,,,,,,,NOT_APPLICABLE,ELIGIBLE,
300412,Q3,Window air conditioners (owned home),HOUSING,Housing,DIRECT_CONCORDANCE_UCC,PUBLISHED_CE_BASIS,LABSTAT_PUBLISHED,NOT_VERIFIED,NOT_ESTABLISHED,UNKNOWN,HK023,HOUSEHOLD_FURNISHINGS_OPERATIONS,DIRECT,108.000000,OBSERVED,46.390000,true,,,,,NOT_APPLICABLE,UNCLAIMED,,,,,NOT_APPLICABLE,RETAINED,108.000000,,,,,,,,,NOT_APPLICABLE,ELIGIBLE,
300412,Q4,Window air conditioners (owned home),HOUSING,Housing,DIRECT_CONCORDANCE_UCC,PUBLISHED_CE_BASIS,LABSTAT_PUBLISHED,NOT_VERIFIED,NOT_ESTABLISHED,UNKNOWN,HK023,HOUSEHOLD_FURNISHINGS_OPERATIONS,DIRECT,188.000000,OBSERVED,26.890000,true,,,,,NOT_APPLICABLE,UNCLAIMED,,,,,NOT_APPLICABLE,RETAINED,188.000000,,,,,,,,,NOT_APPLICABLE,ELIGIBLE,
300412,Q5,Window air conditioners (owned home),HOUSING,Housing,DIRECT_CONCORDANCE_UCC,PUBLISHED_CE_BASIS,LABSTAT_PUBLISHED,NOT_VERIFIED,NOT_ESTABLISHED,UNKNOWN,HK023,HOUSEHOLD_FURNISHINGS_OPERATIONS,DIRECT,195.000000,OBSERVED,28.620000,true,,,,,NOT_APPLICABLE,UNCLAIMED,,,,,NOT_APPLICABLE,RETAINED,195.000000,,,,,,,,,NOT_APPLICABLE,ELIGIBLE,
300900,ALL_CU,Miscellaneous household appliances,HOUSING,Housing,PUBLISHED_CE_UCC,PUBLISHED_CE_BASIS,LABSTAT_PUBLISHED,NOT_VERIFIED,NOT_ESTABLISHED,UNKNOWN,,,UNRESOLVED,1378.000000,OBSERVED,34.950000,true,UNRESOLVED_v0_2,CE_CPI_SCOPE_RULES_V0_3,UNRESOLVED,OPEN,CURRENT_OPEN,SOURCE,UNRESOLVED,UNRESOLVED,,,NOT_APPLICABLE,OPEN,,,,,,,1378.000000,,,NOT_APPLICABLE,BLOCKED_UNRESOLVED_METHODOLOGY,
300900,Q1,Miscellaneous household appliances,HOUSING,Housing,PUBLISHED_CE_UCC,PUBLISHED_CE_BASIS,LABSTAT_PUBLISHED,NOT_VERIFIED,NOT_ESTABLISHED,UNKNOWN,,,UNRESOLVED,95.000000,OBSERVED,66.820000,true,UNRESOLVED_v0_2,CE_CPI_SCOPE_RULES_V0_3,UNRESOLVED,OPEN,CURRENT_OPEN,SOURCE,UNRESOLVED,UNRESOLVED,,,NOT_APPLICABLE,OPEN,,,,,,,95.000000,,,NOT_APPLICABLE,BLOCKED_UNRESOLVED_METHODOLOGY,
300900,Q2,Miscellaneous household appliances,HOUSING,Housing,PUBLISHED_CE_UCC,PUBLISHED_CE_BASIS,LABSTAT_PUBLISHED,NOT_VERIFIED,NOT_ESTABLISHED,UNKNOWN,,,UNRESOLVED,8.000000,OBSERVED,99.610000,true,UNRESOLVED_v0_2,CE_CPI_SCOPE_RULES_V0_3,UNRESOLVED,OPEN,CURRENT_OPEN,SOURCE,UNRESOLVED,UNRESOLVED,,,NOT_APPLICABLE,OPEN,,,,,,,8.000000,,,NOT_APPLICABLE,BLOCKED_UNRESOLVED_METHODOLOGY,
300900,Q3,Miscellaneous household appliances,HOUSING,Housing,PUBLISHED_CE_UCC,PUBLISHED_CE_BASIS,LABSTAT_PUBLISHED,NOT_VERIFIED,NOT_ESTABLISHED,UNKNOWN,,,UNRESOLVED,266.000000,OBSERVED,52.370000,true,UNRESOLVED_v0_2,CE_CPI_SCOPE_RULES_V0_3,UNRESOLVED,OPEN,CURRENT_OPEN,SOURCE,UNRESOLVED,UNRESOLVED,,,NOT_APPLICABLE,OPEN,,,,,,,266.000000,,,NOT_APPLICABLE,BLOCKED_UNRESOLVED_METHODOLOGY,
300900,Q4,Miscellaneous household appliances,HOUSING,Housing,PUBLISHED_CE_UCC,PUBLISHED_CE_BASIS,LABSTAT_PUBLISHED,NOT_VERIFIED,NOT_ESTABLISHED,UNKNOWN,,,UNRESOLVED,557.000000,OBSERVED,48.180000,true,UNRESOLVED_v0_2,CE_CPI_SCOPE_RULES_V0_3,UNRESOLVED,OPEN,CURRENT_OPEN,SOURCE,UNRESOLVED,UNRESOLVED,,,NOT_APPLICABLE,OPEN,,,,,,,557.000000,,,NOT_APPLICABLE,BLOCKED_UNRESOLVED_METHODOLOGY,
300900,Q5,Miscellaneous household appliances,HOUSING,Housing,PUBLISHED_CE_UCC,PUBLISHED_CE_BASIS,LABSTAT_PUBLISHED,NOT_VERIFIED,NOT_ESTABLISHED,UNKNOWN,,,UNRESOLVED,452.000000,OBSERVED,80.310000,true,UNRESOLVED_v0_2,CE_CPI_SCOPE_RULES_V0_3,UNRESOLVED,OPEN,CURRENT_OPEN,SOURCE,UNRESOLVED,UNRESOLVED,,,NOT_APPLICABLE,OPEN,,,,,,,452.000000,,,NOT_APPLICABLE,BLOCKED_UNRESOLVED_METHODOLOGY,
320111,ALL_CU,"Floor coverings, nonpermanent",HOUSING,Housing,DIRECT_CONCORDANCE_UCC,PUBLISHED_CE_BASIS,LABSTAT_PUBLISHED,NOT_VERIFIED,NOT_ESTABLISHED,UNKNOWN,HH011,HOUSEHOLD_FURNISHINGS_OPERATIONS,DIRECT,4105.000000,OBSERVED,10.490000,false,,,,,NOT_APPLICABLE,UNCLAIMED,,,,,NOT_APPLICABLE,RETAINED,4105.000000,,,,,,,,,NOT_APPLICABLE,ELIGIBLE,
320111,Q1,"Floor coverings, nonpermanent",HOUSING,Housing,DIRECT_CONCORDANCE_UCC,PUBLISHED_CE_BASIS,LABSTAT_PUBLISHED,NOT_VERIFIED,NOT_ESTABLISHED,UNKNOWN,HH011,HOUSEHOLD_FURNISHINGS_OPERATIONS,DIRECT,176.000000,OBSERVED,19.310000,false,,,,,NOT_APPLICABLE,UNCLAIMED,,,,,NOT_APPLICABLE,RETAINED,176.000000,,,,,,,,,NOT_APPLICABLE,ELIGIBLE,
320111,Q2,"Floor coverings, nonpermanent",HOUSING,Housing,DIRECT_CONCORDANCE_UCC,PUBLISHED_CE_BASIS,LABSTAT_PUBLISHED,NOT_VERIFIED,NOT_ESTABLISHED,UNKNOWN,HH011,HOUSEHOLD_FURNISHINGS_OPERATIONS,DIRECT,314.000000,OBSERVED,19.690000,false,,,,,NOT_APPLICABLE,UNCLAIMED,,,,,NOT_APPLICABLE,RETAINED,314.000000,,,,,,,,,NOT_APPLICABLE,ELIGIBLE,
320111,Q3,"Floor coverings, nonpermanent",HOUSING,Housing,DIRECT_CONCORDANCE_UCC,PUBLISHED_CE_BASIS,LABSTAT_PUBLISHED,NOT_VERIFIED,NOT_ESTABLISHED,UNKNOWN,HH011,HOUSEHOLD_FURNISHINGS_OPERATIONS,DIRECT,587.000000,OBSERVED,20.610000,false,,,,,NOT_APPLICABLE,UNCLAIMED,,,,,NOT_APPLICABLE,RETAINED,587.000000,,,,,,,,,NOT_APPLICABLE,ELIGIBLE,
320111,Q4,"Floor coverings, nonpermanent",HOUSING,Housing,DIRECT_CONCORDANCE_UCC,PUBLISHED_CE_BASIS,LABSTAT_PUBLISHED,NOT_VERIFIED,NOT_ESTABLISHED,UNKNOWN,HH011,HOUSEHOLD_FURNISHINGS_OPERATIONS,DIRECT,1040.000000,OBSERVED,20.940000,false,,,,,NOT_APPLICABLE,UNCLAIMED,,,,,NOT_APPLICABLE,RETAINED,1040.000000,,,,,,,,,NOT_APPLICABLE,ELIGIBLE,
320111,Q5,"Floor coverings, nonpermanent",HOUSING,Housing,DIRECT_CONCORDANCE_UCC,PUBLISHED_CE_BASIS,LABSTAT_PUBLISHED,NOT_VERIFIED,NOT_ESTABLISHED,UNKNOWN,HH011,HOUSEHOLD_FURNISHINGS_OPERATIONS,DIRECT,1988.000000,OBSERVED,15.810000,false,,,,,NOT_APPLICABLE,UNCLAIMED,,,,,NOT_APPLICABLE,RETAINED,1988.000000,,,,,,,,,NOT_APPLICABLE,ELIGIBLE,
320120,ALL_CU,Window coverings,HOUSING,Housing,DIRECT_CONCORDANCE_UCC,PUBLISHED_CE_BASIS,LABSTAT_PUBLISHED,NOT_VERIFIED,NOT_ESTABLISHED,UNKNOWN,HH022,HOUSEHOLD_FURNISHINGS_OPERATIONS,DIRECT,3455.000000,OBSERVED,18.030000,false,,,,,NOT_APPLICABLE,UNCLAIMED,,,,,NOT_APPLICABLE,RETAINED,3455.000000,,,,,,,,,NOT_APPLICABLE,ELIGIBLE,
320120,Q1,Window coverings,HOUSING,Housing,DIRECT_CONCORDANCE_UCC,PUBLISHED_CE_BASIS,LABSTAT_PUBLISHED,NOT_VERIFIED,NOT_ESTABLISHED,UNKNOWN,HH022,HOUSEHOLD_FURNISHINGS_OPERATIONS,DIRECT,126.000000,OBSERVED,63.430000,true,,,,,NOT_APPLICABLE,UNCLAIMED,,,,,NOT_APPLICABLE,RETAINED,126.000000,,,,,,,,,NOT_APPLICABLE,ELIGIBLE,
320120,Q2,Window coverings,HOUSING,Housing,DIRECT_CONCORDANCE_UCC,PUBLISHED_CE_BASIS,LABSTAT_PUBLISHED,NOT_VERIFIED,NOT_ESTABLISHED,UNKNOWN,HH022,HOUSEHOLD_FURNISHINGS_OPERATIONS,DIRECT,365.000000,OBSERVED,31.770000,true,,,,,NOT_APPLICABLE,UNCLAIMED,,,,,NOT_APPLICABLE,RETAINED,365.000000,,,,,,,,,NOT_APPLICABLE,ELIGIBLE,
320120,Q3,Window coverings,HOUSING,Housing,DIRECT_CONCORDANCE_UCC,PUBLISHED_CE_BASIS,LABSTAT_PUBLISHED,NOT_VERIFIED,NOT_ESTABLISHED,UNKNOWN,HH022,HOUSEHOLD_FURNISHINGS_OPERATIONS,DIRECT,323.000000,OBSERVED,25.170000,true,,,,,NOT_APPLICABLE,UNCLAIMED,,,,,NOT_APPLICABLE,RETAINED,323.000000,,,,,,,,,NOT_APPLICABLE,ELIGIBLE,
320120,Q4,Window coverings,HOUSING,Housing,DIRECT_CONCORDANCE_UCC,PUBLISHED_CE_BASIS,LABSTAT_PUBLISHED,NOT_VERIFIED,NOT_ESTABLISHED,UNKNOWN,HH022,HOUSEHOLD_FURNISHINGS_OPERATIONS,DIRECT,846.000000,OBSERVED,34.910000,true,,,,,NOT_APPLICABLE,UNCLAIMED,,,,,NOT_APPLICABLE,RETAINED,846.000000,,,,,,,,,NOT_APPLICABLE,ELIGIBLE,
320120,Q5,Window coverings,HOUSING,Housing,DIRECT_CONCORDANCE_UCC,PUBLISHED_CE_BASIS,LABSTAT_PUBLISHED,NOT_VERIFIED,NOT_ESTABLISHED,UNKNOWN,HH022,HOUSEHOLD_FURNISHINGS_OPERATIONS,DIRECT,1795.000000,OBSERVED,27.070000,true,,,,,NOT_APPLICABLE,UNCLAIMED,,,,,NOT_APPLICABLE,RETAINED,1795.000000,,,,,,,,,NOT_APPLICABLE,ELIGIBLE,
320130,ALL_CU,Infants' equipment,HOUSING,Housing,DIRECT_CONCORDANCE_UCC,PUBLISHED_CE_BASIS,LABSTAT_PUBLISHED,NOT_VERIFIED,NOT_ESTABLISHED,UNKNOWN,GE013,OTHER_GOODS_SERVICES,DIRECT,3822.000000,OBSERVED,24.100000,false,,,,,NOT_APPLICABLE,UNCLAIMED,,,,,NOT_APPLICABLE,RETAINED,3822.000000,,,,,,,,,NOT_APPLICABLE,ELIGIBLE,
320130,Q1,Infants' equipment,HOUSING,Housing,DIRECT_CONCORDANCE_UCC,PUBLISHED_CE_BASIS,LABSTAT_PUBLISHED,NOT_VERIFIED,NOT_ESTABLISHED,UNKNOWN,GE013,OTHER_GOODS_SERVICES,DIRECT,550.000000,OBSERVED,100.800000,true,,,,,NOT_APPLICABLE,UNCLAIMED,,,,,NOT_APPLICABLE,RETAINED,550.000000,,,,,,,,,NOT_APPLICABLE,ELIGIBLE,
320130,Q2,Infants' equipment,HOUSING,Housing,DIRECT_CONCORDANCE_UCC,PUBLISHED_CE_BASIS,LABSTAT_PUBLISHED,NOT_VERIFIED,NOT_ESTABLISHED,UNKNOWN,GE013,OTHER_GOODS_SERVICES,DIRECT,139.000000,OBSERVED,58.710000,true,,,,,NOT_APPLICABLE,UNCLAIMED,,,,,NOT_APPLICABLE,RETAINED,139.000000,,,,,,,,,NOT_APPLICABLE,ELIGIBLE,
320130,Q3,Infants' equipment,HOUSING,Housing,DIRECT_CONCORDANCE_UCC,PUBLISHED_CE_BASIS,LABSTAT_PUBLISHED,NOT_VERIFIED,NOT_ESTABLISHED,UNKNOWN,GE013,OTHER_GOODS_SERVICES,DIRECT,708.000000,OBSERVED,57.800000,true,,,,,NOT_APPLICABLE,UNCLAIMED,,,,,NOT_APPLICABLE,RETAINED,708.000000,,,,,,,,,NOT_APPLICABLE,ELIGIBLE,
320130,Q4,Infants' equipment,HOUSING,Housing,DIRECT_CONCORDANCE_UCC,PUBLISHED_CE_BASIS,LABSTAT_PUBLISHED,NOT_VERIFIED,NOT_ESTABLISHED,UNKNOWN,GE013,OTHER_GOODS_SERVICES,DIRECT,942.000000,OBSERVED,39.010000,true,,,,,NOT_APPLICABLE,UNCLAIMED,,,,,NOT_APPLICABLE,RETAINED,942.000000,,,,,,,,,NOT_APPLICABLE,ELIGIBLE,
320130,Q5,Infants' equipment,HOUSING,Housing,DIRECT_CONCORDANCE_UCC,PUBLISHED_CE_BASIS,LABSTAT_PUBLISHED,NOT_VERIFIED,NOT_ESTABLISHED,UNKNOWN,GE013,OTHER_GOODS_SERVICES,DIRECT,1484.000000,OBSERVED,28.790000,true,,,,,NOT_APPLICABLE,UNCLAIMED,,,,,NOT_APPLICABLE,RETAINED,1484.000000,,,,,,,,,NOT_APPLICABLE,ELIGIBLE,
320140,ALL_CU,Laundry and cleaning equipment,HOUSING,Housing,DIRECT_CONCORDANCE_UCC,PUBLISHED_CE_BASIS,LABSTAT_PUBLISHED,NOT_VERIFIED,NOT_ESTABLISHED,UNKNOWN,HN012,HOUSEHOLD_FURNISHINGS_OPERATIONS,DIRECT,2942.000000,OBSERVED,7.300000,false,,,,,NOT_APPLICABLE,UNCLAIMED,,,,,NOT_APPLICABLE,RETAINED,2942.000000,,,,,,,,,NOT_APPLICABLE,ELIGIBLE,
320140,Q1,Laundry and cleaning equipment,HOUSING,Housing,DIRECT_CONCORDANCE_UCC,PUBLISHED_CE_BASIS,LABSTAT_PUBLISHED,NOT_VERIFIED,NOT_ESTABLISHED,UNKNOWN,HN012,HOUSEHOLD_FURNISHINGS_OPERATIONS,DIRECT,395.000000,OBSERVED,20.440000,false,,,,,NOT_APPLICABLE,UNCLAIMED,,,,,NOT_APPLICABLE,RETAINED,395.000000,,,,,,,,,NOT_APPLICABLE,ELIGIBLE,
320140,Q2,Laundry and cleaning equipment,HOUSING,Housing,DIRECT_CONCORDANCE_UCC,PUBLISHED_CE_BASIS,LABSTAT_PUBLISHED,NOT_VERIFIED,NOT_ESTABLISHED,UNKNOWN,HN012,HOUSEHOLD_FURNISHINGS_OPERATIONS,DIRECT,517.000000,OBSERVED,16.640000,false,,,,,NOT_APPLICABLE,UNCLAIMED,,,,,NOT_APPLICABLE,RETAINED,517.000000,,,,,,,,,NOT_APPLICABLE,ELIGIBLE,
320140,Q3,Laundry and cleaning equipment,HOUSING,Housing,DIRECT_CONCORDANCE_UCC,PUBLISHED_CE_BASIS,LABSTAT_PUBLISHED,NOT_VERIFIED,NOT_ESTABLISHED,UNKNOWN,HN012,HOUSEHOLD_FURNISHINGS_OPERATIONS,DIRECT,708.000000,OBSERVED,16.240000,false,,,,,NOT_APPLICABLE,UNCLAIMED,,,,,NOT_APPLICABLE,RETAINED,708.000000,,,,,,,,,NOT_APPLICABLE,ELIGIBLE,
320140,Q4,Laundry and cleaning equipment,HOUSING,Housing,DIRECT_CONCORDANCE_UCC,PUBLISHED_CE_BASIS,LABSTAT_PUBLISHED,NOT_VERIFIED,NOT_ESTABLISHED,UNKNOWN,HN012,HOUSEHOLD_FURNISHINGS_OPERATIONS,DIRECT,606.000000,OBSERVED,15.830000,false,,,,,NOT_APPLICABLE,UNCLAIMED,,,,,NOT_APPLICABLE,RETAINED,606.000000,,,,,,,,,NOT_APPLICABLE,ELIGIBLE,
320140,Q5,Laundry and cleaning equipment,HOUSING,Housing,DIRECT_CONCORDANCE_UCC,PUBLISHED_CE_BASIS,LABSTAT_PUBLISHED,NOT_VERIFIED,NOT_ESTABLISHED,UNKNOWN,HN012,HOUSEHOLD_FURNISHINGS_OPERATIONS,DIRECT,716.000000,OBSERVED,12.470000,false,,,,,NOT_APPLICABLE,UNCLAIMED,,,,,NOT_APPLICABLE,RETAINED,716.000000,,,,,,,,,NOT_APPLICABLE,ELIGIBLE,
320150,ALL_CU,Outdoor equipment,HOUSING,Housing,DIRECT_CONCORDANCE_UCC,PUBLISHED_CE_BASIS,LABSTAT_PUBLISHED,NOT_VERIFIED,NOT_ESTABLISHED,UNKNOWN,HM021,HOUSEHOLD_FURNISHINGS_OPERATIONS,DIRECT,3108.000000,OBSERVED,17.110000,false,,,,,NOT_APPLICABLE,UNCLAIMED,,,,,NOT_APPLICABLE,RETAINED,3108.000000,,,,,,,,,NOT_APPLICABLE,ELIGIBLE,
320150,Q1,Outdoor equipment,HOUSING,Housing,DIRECT_CONCORDANCE_UCC,PUBLISHED_CE_BASIS,LABSTAT_PUBLISHED,NOT_VERIFIED,NOT_ESTABLISHED,UNKNOWN,HM021,HOUSEHOLD_FURNISHINGS_OPERATIONS,DIRECT,440.000000,OBSERVED,31.740000,true,,,,,NOT_APPLICABLE,UNCLAIMED,,,,,NOT_APPLICABLE,RETAINED,440.000000,,,,,,,,,NOT_APPLICABLE,ELIGIBLE,
320150,Q2,Outdoor equipment,HOUSING,Housing,DIRECT_CONCORDANCE_UCC,PUBLISHED_CE_BASIS,LABSTAT_PUBLISHED,NOT_VERIFIED,NOT_ESTABLISHED,UNKNOWN,HM021,HOUSEHOLD_FURNISHINGS_OPERATIONS,DIRECT,736.000000,OBSERVED,44.340000,true,,,,,NOT_APPLICABLE,UNCLAIMED,,,,,NOT_APPLICABLE,RETAINED,736.000000,,,,,,,,,NOT_APPLICABLE,ELIGIBLE,
320150,Q3,Outdoor equipment,HOUSING,Housing,DIRECT_CONCORDANCE_UCC,PUBLISHED_CE_BASIS,LABSTAT_PUBLISHED,NOT_VERIFIED,NOT_ESTABLISHED,UNKNOWN,HM021,HOUSEHOLD_FURNISHINGS_OPERATIONS,DIRECT,393.000000,OBSERVED,38.930000,true,,,,,NOT_APPLICABLE,UNCLAIMED,,,,,NOT_APPLICABLE,RETAINED,393.000000,,,,,,,,,NOT_APPLICABLE,ELIGIBLE,
320150,Q4,Outdoor equipment,HOUSING,Housing,DIRECT_CONCORDANCE_UCC,PUBLISHED_CE_BASIS,LABSTAT_PUBLISHED,NOT_VERIFIED,NOT_ESTABLISHED,UNKNOWN,HM021,HOUSEHOLD_FURNISHINGS_OPERATIONS,DIRECT,301.000000,OBSERVED,29.330000,true,,,,,NOT_APPLICABLE,UNCLAIMED,,,,,NOT_APPLICABLE,RETAINED,301.000000,,,,,,,,,NOT_APPLICABLE,ELIGIBLE,
320150,Q5,Outdoor equipment,HOUSING,Housing,DIRECT_CONCORDANCE_UCC,PUBLISHED_CE_BASIS,LABSTAT_PUBLISHED,NOT_VERIFIED,NOT_ESTABLISHED,UNKNOWN,HM021,HOUSEHOLD_FURNISHINGS_OPERATIONS,DIRECT,1238.000000,OBSERVED,28.420000,true,,,,,NOT_APPLICABLE,UNCLAIMED,,,,,NOT_APPLICABLE,RETAINED,1238.000000,,,,,,,,,NOT_APPLICABLE,ELIGIBLE,
320221,ALL_CU,"Lamps, lighting fixtures, and ceiling fans",HOUSING,Housing,DIRECT_CONCORDANCE_UCC,PUBLISHED_CE_BASIS,LABSTAT_PUBLISHED,NOT_VERIFIED,NOT_ESTABLISHED,UNKNOWN,HL011,HOUSEHOLD_FURNISHINGS_OPERATIONS,DIRECT,5238.000000,OBSERVED,21.040000,false,,,,,NOT_APPLICABLE,UNCLAIMED,,,,,NOT_APPLICABLE,RETAINED,5238.000000,,,,,,,,,NOT_APPLICABLE,ELIGIBLE,
320221,Q1,"Lamps, lighting fixtures, and ceiling fans",HOUSING,Housing,DIRECT_CONCORDANCE_UCC,PUBLISHED_CE_BASIS,LABSTAT_PUBLISHED,NOT_VERIFIED,NOT_ESTABLISHED,UNKNOWN,HL011,HOUSEHOLD_FURNISHINGS_OPERATIONS,DIRECT,659.000000,OBSERVED,41.090000,true,,,,,NOT_APPLICABLE,UNCLAIMED,,,,,NOT_APPLICABLE,RETAINED,659.000000,,,,,,,,,NOT_APPLICABLE,ELIGIBLE,
320221,Q2,"Lamps, lighting fixtures, and ceiling fans",HOUSING,Housing,DIRECT_CONCORDANCE_UCC,PUBLISHED_CE_BASIS,LABSTAT_PUBLISHED,NOT_VERIFIED,NOT_ESTABLISHED,UNKNOWN,HL011,HOUSEHOLD_FURNISHINGS_OPERATIONS,DIRECT,476.000000,OBSERVED,30.860000,true,,,,,NOT_APPLICABLE,UNCLAIMED,,,,,NOT_APPLICABLE,RETAINED,476.000000,,,,,,,,,NOT_APPLICABLE,ELIGIBLE,
320221,Q3,"Lamps, lighting fixtures, and ceiling fans",HOUSING,Housing,DIRECT_CONCORDANCE_UCC,PUBLISHED_CE_BASIS,LABSTAT_PUBLISHED,NOT_VERIFIED,NOT_ESTABLISHED,UNKNOWN,HL011,HOUSEHOLD_FURNISHINGS_OPERATIONS,DIRECT,767.000000,OBSERVED,28.960000,true,,,,,NOT_APPLICABLE,UNCLAIMED,,,,,NOT_APPLICABLE,RETAINED,767.000000,,,,,,,,,NOT_APPLICABLE,ELIGIBLE,
320221,Q4,"Lamps, lighting fixtures, and ceiling fans",HOUSING,Housing,DIRECT_CONCORDANCE_UCC,PUBLISHED_CE_BASIS,LABSTAT_PUBLISHED,NOT_VERIFIED,NOT_ESTABLISHED,UNKNOWN,HL011,HOUSEHOLD_FURNISHINGS_OPERATIONS,DIRECT,880.000000,OBSERVED,35.100000,true,,,,,NOT_APPLICABLE,UNCLAIMED,,,,,NOT_APPLICABLE,RETAINED,880.000000,,,,,,,,,NOT_APPLICABLE,ELIGIBLE,
320221,Q5,"Lamps, lighting fixtures, and ceiling fans",HOUSING,Housing,DIRECT_CONCORDANCE_UCC,PUBLISHED_CE_BASIS,LABSTAT_PUBLISHED,NOT_VERIFIED,NOT_ESTABLISHED,UNKNOWN,HL011,HOUSEHOLD_FURNISHINGS_OPERATIONS,DIRECT,2456.000000,OBSERVED,36.490000,true,,,,,NOT_APPLICABLE,UNCLAIMED,,,,,NOT_APPLICABLE,RETAINED,2456.000000,,,,,,,,,NOT_APPLICABLE,ELIGIBLE,
320232,ALL_CU,Telephones and accessories,HOUSING,Housing,DIRECT_CONCORDANCE_UCC,PUBLISHED_CE_BASIS,LABSTAT_PUBLISHED,NOT_VERIFIED,NOT_ESTABLISHED,UNKNOWN,EE041,EDUCATION_COMMUNICATION,DIRECT,15357.000000,OBSERVED,6.030000,false,,,,,NOT_APPLICABLE,UNCLAIMED,,,,,NOT_APPLICABLE,RETAINED,15357.000000,,,,,,,,,NOT_APPLICABLE,ELIGIBLE,
320232,Q1,Telephones and accessories,HOUSING,Housing,DIRECT_CONCORDANCE_UCC,PUBLISHED_CE_BASIS,LABSTAT_PUBLISHED,NOT_VERIFIED,NOT_ESTABLISHED,UNKNOWN,EE041,EDUCATION_COMMUNICATION,DIRECT,1487.000000,OBSERVED,15.480000,false,,,,,NOT_APPLICABLE,UNCLAIMED,,,,,NOT_APPLICABLE,RETAINED,1487.000000,,,,,,,,,NOT_APPLICABLE,ELIGIBLE,
320232,Q2,Telephones and accessories,HOUSING,Housing,DIRECT_CONCORDANCE_UCC,PUBLISHED_CE_BASIS,LABSTAT_PUBLISHED,NOT_VERIFIED,NOT_ESTABLISHED,UNKNOWN,EE041,EDUCATION_COMMUNICATION,DIRECT,1587.000000,OBSERVED,16.920000,false,,,,,NOT_APPLICABLE,UNCLAIMED,,,,,NOT_APPLICABLE,RETAINED,1587.000000,,,,,,,,,NOT_APPLICABLE,ELIGIBLE,
320232,Q3,Telephones and accessories,HOUSING,Housing,DIRECT_CONCORDANCE_UCC,PUBLISHED_CE_BASIS,LABSTAT_PUBLISHED,NOT_VERIFIED,NOT_ESTABLISHED,UNKNOWN,EE041,EDUCATION_COMMUNICATION,DIRECT,2291.000000,OBSERVED,12.390000,false,,,,,NOT_APPLICABLE,UNCLAIMED,,,,,NOT_APPLICABLE,RETAINED,2291.000000,,,,,,,,,NOT_APPLICABLE,ELIGIBLE,
320232,Q4,Telephones and accessories,HOUSING,Housing,DIRECT_CONCORDANCE_UCC,PUBLISHED_CE_BASIS,LABSTAT_PUBLISHED,NOT_VERIFIED,NOT_ESTABLISHED,UNKNOWN,EE041,EDUCATION_COMMUNICATION,DIRECT,4556.000000,OBSERVED,9.450000,false,,,,,NOT_APPLICABLE,UNCLAIMED,,,,,NOT_APPLICABLE,RETAINED,4556.000000,,,,,,,,,NOT_APPLICABLE,ELIGIBLE,
320232,Q5,Telephones and accessories,HOUSING,Housing,DIRECT_CONCORDANCE_UCC,PUBLISHED_CE_BASIS,LABSTAT_PUBLISHED,NOT_VERIFIED,NOT_ESTABLISHED,UNKNOWN,EE041,EDUCATION_COMMUNICATION,DIRECT,5436.000000,OBSERVED,11.220000,false,,,,,NOT_APPLICABLE,UNCLAIMED,,,,,NOT_APPLICABLE,RETAINED,5436.000000,,,,,,,,,NOT_APPLICABLE,ELIGIBLE,
320233,ALL_CU,Clocks and other household decorative items,HOUSING,Housing,DIRECT_CONCORDANCE_UCC,PUBLISHED_CE_BASIS,LABSTAT_PUBLISHED,NOT_VERIFIED,NOT_ESTABLISHED,UNKNOWN,HL012,HOUSEHOLD_FURNISHINGS_OPERATIONS,DIRECT,28964.000000,OBSERVED,15.340000,false,,,,,NOT_APPLICABLE,UNCLAIMED,,,,,NOT_APPLICABLE,RETAINED,28964.000000,,,,,,,,,NOT_APPLICABLE,ELIGIBLE,
320233,Q1,Clocks and other household decorative items,HOUSING,Housing,DIRECT_CONCORDANCE_UCC,PUBLISHED_CE_BASIS,LABSTAT_PUBLISHED,NOT_VERIFIED,NOT_ESTABLISHED,UNKNOWN,HL012,HOUSEHOLD_FURNISHINGS_OPERATIONS,DIRECT,1781.000000,OBSERVED,18.480000,false,,,,,NOT_APPLICABLE,UNCLAIMED,,,,,NOT_APPLICABLE,RETAINED,1781.000000,,,,,,,,,NOT_APPLICABLE,ELIGIBLE,
320233,Q2,Clocks and other household decorative items,HOUSING,Housing,DIRECT_CONCORDANCE_UCC,PUBLISHED_CE_BASIS,LABSTAT_PUBLISHED,NOT_VERIFIED,NOT_ESTABLISHED,UNKNOWN,HL012,HOUSEHOLD_FURNISHINGS_OPERATIONS,DIRECT,2832.000000,OBSERVED,34.190000,true,,,,,NOT_APPLICABLE,UNCLAIMED,,,,,NOT_APPLICABLE,RETAINED,2832.000000,,,,,,,,,NOT_APPLICABLE,ELIGIBLE,
320233,Q3,Clocks and other household decorative items,HOUSING,Housing,DIRECT_CONCORDANCE_UCC,PUBLISHED_CE_BASIS,LABSTAT_PUBLISHED,NOT_VERIFIED,NOT_ESTABLISHED,UNKNOWN,HL012,HOUSEHOLD_FURNISHINGS_OPERATIONS,DIRECT,3882.000000,OBSERVED,16.130000,false,,,,,NOT_APPLICABLE,UNCLAIMED,,,,,NOT_APPLICABLE,RETAINED,3882.000000,,,,,,,,,NOT_APPLICABLE,ELIGIBLE,
320233,Q4,Clocks and other household decorative items,HOUSING,Housing,DIRECT_CONCORDANCE_UCC,PUBLISHED_CE_BASIS,LABSTAT_PUBLISHED,NOT_VERIFIED,NOT_ESTABLISHED,UNKNOWN,HL012,HOUSEHOLD_FURNISHINGS_OPERATIONS,DIRECT,9398.000000,OBSERVED,41.930000,true,,,,,NOT_APPLICABLE,UNCLAIMED,,,,,NOT_APPLICABLE,RETAINED,9398.000000,,,,,,,,,NOT_APPLICABLE,ELIGIBLE,
320233,Q5,Clocks and other household decorative items,HOUSING,Housing,DIRECT_CONCORDANCE_UCC,PUBLISHED_CE_BASIS,LABSTAT_PUBLISHED,NOT_VERIFIED,NOT_ESTABLISHED,UNKNOWN,HL012,HOUSEHOLD_FURNISHINGS_OPERATIONS,DIRECT,11070.000000,OBSERVED,17.440000,false,,,,,NOT_APPLICABLE,UNCLAIMED,,,,,NOT_APPLICABLE,RETAINED,11070.000000,,,,,,,,,NOT_APPLICABLE,ELIGIBLE,
320330,ALL_CU,Flatware,HOUSING,Housing,DIRECT_CONCORDANCE_UCC,PUBLISHED_CE_BASIS,LABSTAT_PUBLISHED,NOT_VERIFIED,NOT_ESTABLISHED,UNKNOWN,HL032,HOUSEHOLD_FURNISHINGS_OPERATIONS,DIRECT,1318.000000,OBSERVED,37.000000,true,,,,,NOT_APPLICABLE,UNCLAIMED,,,,,NOT_APPLICABLE,RETAINED,1318.000000,,,,,,,,,NOT_APPLICABLE,ELIGIBLE,
320330,Q1,Flatware,HOUSING,Housing,DIRECT_CONCORDANCE_UCC,PUBLISHED_CE_BASIS,LABSTAT_PUBLISHED,NOT_VERIFIED,NOT_ESTABLISHED,UNKNOWN,HL032,HOUSEHOLD_FURNISHINGS_OPERATIONS,DIRECT,38.000000,OBSERVED,33.920000,true,,,,,NOT_APPLICABLE,UNCLAIMED,,,,,NOT_APPLICABLE,RETAINED,38.000000,,,,,,,,,NOT_APPLICABLE,ELIGIBLE,
320330,Q2,Flatware,HOUSING,Housing,DIRECT_CONCORDANCE_UCC,PUBLISHED_CE_BASIS,LABSTAT_PUBLISHED,NOT_VERIFIED,NOT_ESTABLISHED,UNKNOWN,HL032,HOUSEHOLD_FURNISHINGS_OPERATIONS,DIRECT,93.000000,OBSERVED,51.270000,true,,,,,NOT_APPLICABLE,UNCLAIMED,,,,,NOT_APPLICABLE,RETAINED,93.000000,,,,,,,,,NOT_APPLICABLE,ELIGIBLE,
320330,Q3,Flatware,HOUSING,Housing,DIRECT_CONCORDANCE_UCC,PUBLISHED_CE_BASIS,LABSTAT_PUBLISHED,NOT_VERIFIED,NOT_ESTABLISHED,UNKNOWN,HL032,HOUSEHOLD_FURNISHINGS_OPERATIONS,DIRECT,103.000000,OBSERVED,35.520000,true,,,,,NOT_APPLICABLE,UNCLAIMED,,,,,NOT_APPLICABLE,RETAINED,103.000000,,,,,,,,,NOT_APPLICABLE,ELIGIBLE,
320330,Q4,Flatware,HOUSING,Housing,DIRECT_CONCORDANCE_UCC,PUBLISHED_CE_BASIS,LABSTAT_PUBLISHED,NOT_VERIFIED,NOT_ESTABLISHED,UNKNOWN,HL032,HOUSEHOLD_FURNISHINGS_OPERATIONS,DIRECT,196.000000,OBSERVED,34.810000,true,,,,,NOT_APPLICABLE,UNCLAIMED,,,,,NOT_APPLICABLE,RETAINED,196.000000,,,,,,,,,NOT_APPLICABLE,ELIGIBLE,
320330,Q5,Flatware,HOUSING,Housing,DIRECT_CONCORDANCE_UCC,PUBLISHED_CE_BASIS,LABSTAT_PUBLISHED,NOT_VERIFIED,NOT_ESTABLISHED,UNKNOWN,HL032,HOUSEHOLD_FURNISHINGS_OPERATIONS,DIRECT,887.000000,OBSERVED,51.790000,true,,,,,NOT_APPLICABLE,UNCLAIMED,,,,,NOT_APPLICABLE,RETAINED,887.000000,,,,,,,,,NOT_APPLICABLE,ELIGIBLE,
320345,ALL_CU,"Dinnerware, glassware, and serving pieces",HOUSING,Housing,DIRECT_CONCORDANCE_UCC,PUBLISHED_CE_BASIS,LABSTAT_PUBLISHED,NOT_VERIFIED,NOT_ESTABLISHED,UNKNOWN,HL031,HOUSEHOLD_FURNISHINGS_OPERATIONS,DIRECT,3855.000000,OBSERVED,10.230000,false,,,,,NOT_APPLICABLE,UNCLAIMED,,,,,NOT_APPLICABLE,RETAINED,3855.000000,,,,,,,,,NOT_APPLICABLE,ELIGIBLE,
320345,Q1,"Dinnerware, glassware, and serving pieces",HOUSING,Housing,DIRECT_CONCORDANCE_UCC,PUBLISHED_CE_BASIS,LABSTAT_PUBLISHED,NOT_VERIFIED,NOT_ESTABLISHED,UNKNOWN,HL031,HOUSEHOLD_FURNISHINGS_OPERATIONS,DIRECT,216.000000,OBSERVED,13.340000,false,,,,,NOT_APPLICABLE,UNCLAIMED,,,,,NOT_APPLICABLE,RETAINED,216.000000,,,,,,,,,NOT_APPLICABLE,ELIGIBLE,
320345,Q2,"Dinnerware, glassware, and serving pieces",HOUSING,Housing,DIRECT_CONCORDANCE_UCC,PUBLISHED_CE_BASIS,LABSTAT_PUBLISHED,NOT_VERIFIED,NOT_ESTABLISHED,UNKNOWN,HL031,HOUSEHOLD_FURNISHINGS_OPERATIONS,DIRECT,615.000000,OBSERVED,30.680000,true,,,,,NOT_APPLICABLE,UNCLAIMED,,,,,NOT_APPLICABLE,RETAINED,615.000000,,,,,,,,,NOT_APPLICABLE,ELIGIBLE,
320345,Q3,"Dinnerware, glassware, and serving pieces",HOUSING,Housing,DIRECT_CONCORDANCE_UCC,PUBLISHED_CE_BASIS,LABSTAT_PUBLISHED,NOT_VERIFIED,NOT_ESTABLISHED,UNKNOWN,HL031,HOUSEHOLD_FURNISHINGS_OPERATIONS,DIRECT,464.000000,OBSERVED,21.130000,false,,,,,NOT_APPLICABLE,UNCLAIMED,,,,,NOT_APPLICABLE,RETAINED,464.000000,,,,,,,,,NOT_APPLICABLE,ELIGIBLE,
320345,Q4,"Dinnerware, glassware, and serving pieces",HOUSING,Housing,DIRECT_CONCORDANCE_UCC,PUBLISHED_CE_BASIS,LABSTAT_PUBLISHED,NOT_VERIFIED,NOT_ESTABLISHED,UNKNOWN,HL031,HOUSEHOLD_FURNISHINGS_OPERATIONS,DIRECT,891.000000,OBSERVED,16.650000,false,,,,,NOT_APPLICABLE,UNCLAIMED,,,,,NOT_APPLICABLE,RETAINED,891.000000,,,,,,,,,NOT_APPLICABLE,ELIGIBLE,
320345,Q5,"Dinnerware, glassware, and serving pieces",HOUSING,Housing,DIRECT_CONCORDANCE_UCC,PUBLISHED_CE_BASIS,LABSTAT_PUBLISHED,NOT_VERIFIED,NOT_ESTABLISHED,UNKNOWN,HL031,HOUSEHOLD_FURNISHINGS_OPERATIONS,DIRECT,1669.000000,OBSERVED,19.780000,false,,,,,NOT_APPLICABLE,UNCLAIMED,,,,,NOT_APPLICABLE,RETAINED,1669.000000,,,,,,,,,NOT_APPLICABLE,ELIGIBLE,
320370,ALL_CU,Nonelectric cookware,HOUSING,Housing,DIRECT_CONCORDANCE_UCC,PUBLISHED_CE_BASIS,LABSTAT_PUBLISHED,NOT_VERIFIED,NOT_ESTABLISHED,UNKNOWN,HL041,HOUSEHOLD_FURNISHINGS_OPERATIONS,DIRECT,4380.000000,OBSERVED,24.410000,false,,,,,NOT_APPLICABLE,UNCLAIMED,,,,,NOT_APPLICABLE,RETAINED,4380.000000,,,,,,,,,NOT_APPLICABLE,ELIGIBLE,
320370,Q1,Nonelectric cookware,HOUSING,Housing,DIRECT_CONCORDANCE_UCC,PUBLISHED_CE_BASIS,LABSTAT_PUBLISHED,NOT_VERIFIED,NOT_ESTABLISHED,UNKNOWN,HL041,HOUSEHOLD_FURNISHINGS_OPERATIONS,DIRECT,551.000000,OBSERVED,63.290000,true,,,,,NOT_APPLICABLE,UNCLAIMED,,,,,NOT_APPLICABLE,RETAINED,551.000000,,,,,,,,,NOT_APPLICABLE,ELIGIBLE,
320370,Q2,Nonelectric cookware,HOUSING,Housing,DIRECT_CONCORDANCE_UCC,PUBLISHED_CE_BASIS,LABSTAT_PUBLISHED,NOT_VERIFIED,NOT_ESTABLISHED,UNKNOWN,HL041,HOUSEHOLD_FURNISHINGS_OPERATIONS,DIRECT,1728.000000,OBSERVED,59.460000,true,,,,,NOT_APPLICABLE,UNCLAIMED,,,,,NOT_APPLICABLE,RETAINED,1728.000000,,,,,,,,,NOT_APPLICABLE,ELIGIBLE,
320370,Q3,Nonelectric cookware,HOUSING,Housing,DIRECT_CONCORDANCE_UCC,PUBLISHED_CE_BASIS,LABSTAT_PUBLISHED,NOT_VERIFIED,NOT_ESTABLISHED,UNKNOWN,HL041,HOUSEHOLD_FURNISHINGS_OPERATIONS,DIRECT,352.000000,OBSERVED,32.230000,true,,,,,NOT_APPLICABLE,UNCLAIMED,,,,,NOT_APPLICABLE,RETAINED,352.000000,,,,,,,,,NOT_APPLICABLE,ELIGIBLE,
320370,Q4,Nonelectric cookware,HOUSING,Housing,DIRECT_CONCORDANCE_UCC,PUBLISHED_CE_BASIS,LABSTAT_PUBLISHED,NOT_VERIFIED,NOT_ESTABLISHED,UNKNOWN,HL041,HOUSEHOLD_FURNISHINGS_OPERATIONS,DIRECT,1052.000000,OBSERVED,30.170000,true,,,,,NOT_APPLICABLE,UNCLAIMED,,,,,NOT_APPLICABLE,RETAINED,1052.000000,,,,,,,,,NOT_APPLICABLE,ELIGIBLE,
320370,Q5,Nonelectric cookware,HOUSING,Housing,DIRECT_CONCORDANCE_UCC,PUBLISHED_CE_BASIS,LABSTAT_PUBLISHED,NOT_VERIFIED,NOT_ESTABLISHED,UNKNOWN,HL041,HOUSEHOLD_FURNISHINGS_OPERATIONS,DIRECT,697.000000,OBSERVED,21.710000,false,,,,,NOT_APPLICABLE,UNCLAIMED,,,,,NOT_APPLICABLE,RETAINED,697.000000,,,,,,,,,NOT_APPLICABLE,ELIGIBLE,
320380,ALL_CU,Tableware and nonelectric kitchenware,HOUSING,Housing,DIRECT_CONCORDANCE_UCC,PUBLISHED_CE_BASIS,LABSTAT_PUBLISHED,NOT_VERIFIED,NOT_ESTABLISHED,UNKNOWN,HL042,HOUSEHOLD_FURNISHINGS_OPERATIONS,DIRECT,3837.000000,OBSERVED,11.020000,false,,,,,NOT_APPLICABLE,UNCLAIMED,,,,,NOT_APPLICABLE,RETAINED,3837.000000,,,,,,,,,NOT_APPLICABLE,ELIGIBLE,
320380,Q1,Tableware and nonelectric kitchenware,HOUSING,Housing,DIRECT_CONCORDANCE_UCC,PUBLISHED_CE_BASIS,LABSTAT_PUBLISHED,NOT_VERIFIED,NOT_ESTABLISHED,UNKNOWN,HL042,HOUSEHOLD_FURNISHINGS_OPERATIONS,DIRECT,262.000000,OBSERVED,23.890000,false,,,,,NOT_APPLICABLE,UNCLAIMED,,,,,NOT_APPLICABLE,RETAINED,262.000000,,,,,,,,,NOT_APPLICABLE,ELIGIBLE,
320380,Q2,Tableware and nonelectric kitchenware,HOUSING,Housing,DIRECT_CONCORDANCE_UCC,PUBLISHED_CE_BASIS,LABSTAT_PUBLISHED,NOT_VERIFIED,NOT_ESTABLISHED,UNKNOWN,HL042,HOUSEHOLD_FURNISHINGS_OPERATIONS,DIRECT,326.000000,OBSERVED,22.890000,false,,,,,NOT_APPLICABLE,UNCLAIMED,,,,,NOT_APPLICABLE,RETAINED,326.000000,,,,,,,,,NOT_APPLICABLE,ELIGIBLE,
320380,Q3,Tableware and nonelectric kitchenware,HOUSING,Housing,DIRECT_CONCORDANCE_UCC,PUBLISHED_CE_BASIS,LABSTAT_PUBLISHED,NOT_VERIFIED,NOT_ESTABLISHED,UNKNOWN,HL042,HOUSEHOLD_FURNISHINGS_OPERATIONS,DIRECT,569.000000,OBSERVED,18.220000,false,,,,,NOT_APPLICABLE,UNCLAIMED,,,,,NOT_APPLICABLE,RETAINED,569.000000,,,,,,,,,NOT_APPLICABLE,ELIGIBLE,
320380,Q4,Tableware and nonelectric kitchenware,HOUSING,Housing,DIRECT_CONCORDANCE_UCC,PUBLISHED_CE_BASIS,LABSTAT_PUBLISHED,NOT_VERIFIED,NOT_ESTABLISHED,UNKNOWN,HL042,HOUSEHOLD_FURNISHINGS_OPERATIONS,DIRECT,827.000000,OBSERVED,16.120000,false,,,,,NOT_APPLICABLE,UNCLAIMED,,,,,NOT_APPLICABLE,RETAINED,827.000000,,,,,,,,,NOT_APPLICABLE,ELIGIBLE,
320380,Q5,Tableware and nonelectric kitchenware,HOUSING,Housing,DIRECT_CONCORDANCE_UCC,PUBLISHED_CE_BASIS,LABSTAT_PUBLISHED,NOT_VERIFIED,NOT_ESTABLISHED,UNKNOWN,HL042,HOUSEHOLD_FURNISHINGS_OPERATIONS,DIRECT,1852.000000,OBSERVED,20.920000,false,,,,,NOT_APPLICABLE,UNCLAIMED,,,,,NOT_APPLICABLE,RETAINED,1852.000000,,,,,,,,,NOT_APPLICABLE,ELIGIBLE,
320410,ALL_CU,Lawn and garden equipment,HOUSING,Housing,DIRECT_CONCORDANCE_UCC,PUBLISHED_CE_BASIS,LABSTAT_PUBLISHED,NOT_VERIFIED,NOT_ESTABLISHED,UNKNOWN,HM021,HOUSEHOLD_FURNISHINGS_OPERATIONS,DIRECT,7206.000000,OBSERVED,21.070000,false,,,,,NOT_APPLICABLE,UNCLAIMED,,,,,NOT_APPLICABLE,RETAINED,7206.000000,,,,,,,,,NOT_APPLICABLE,ELIGIBLE,
320410,Q1,Lawn and garden equipment,HOUSING,Housing,DIRECT_CONCORDANCE_UCC,PUBLISHED_CE_BASIS,LABSTAT_PUBLISHED,NOT_VERIFIED,NOT_ESTABLISHED,UNKNOWN,HM021,HOUSEHOLD_FURNISHINGS_OPERATIONS,DIRECT,550.000000,OBSERVED,39.280000,true,,,,,NOT_APPLICABLE,UNCLAIMED,,,,,NOT_APPLICABLE,RETAINED,550.000000,,,,,,,,,NOT_APPLICABLE,ELIGIBLE,
320410,Q2,Lawn and garden equipment,HOUSING,Housing,DIRECT_CONCORDANCE_UCC,PUBLISHED_CE_BASIS,LABSTAT_PUBLISHED,NOT_VERIFIED,NOT_ESTABLISHED,UNKNOWN,HM021,HOUSEHOLD_FURNISHINGS_OPERATIONS,DIRECT,506.000000,OBSERVED,41.420000,true,,,,,NOT_APPLICABLE,UNCLAIMED,,,,,NOT_APPLICABLE,RETAINED,506.000000,,,,,,,,,NOT_APPLICABLE,ELIGIBLE,
320410,Q3,Lawn and garden equipment,HOUSING,Housing,DIRECT_CONCORDANCE_UCC,PUBLISHED_CE_BASIS,LABSTAT_PUBLISHED,NOT_VERIFIED,NOT_ESTABLISHED,UNKNOWN,HM021,HOUSEHOLD_FURNISHINGS_OPERATIONS,DIRECT,1052.000000,OBSERVED,34.130000,true,,,,,NOT_APPLICABLE,UNCLAIMED,,,,,NOT_APPLICABLE,RETAINED,1052.000000,,,,,,,,,NOT_APPLICABLE,ELIGIBLE,
320410,Q4,Lawn and garden equipment,HOUSING,Housing,DIRECT_CONCORDANCE_UCC,PUBLISHED_CE_BASIS,LABSTAT_PUBLISHED,NOT_VERIFIED,NOT_ESTABLISHED,UNKNOWN,HM021,HOUSEHOLD_FURNISHINGS_OPERATIONS,DIRECT,1629.000000,OBSERVED,45.220000,true,,,,,NOT_APPLICABLE,UNCLAIMED,,,,,NOT_APPLICABLE,RETAINED,1629.000000,,,,,,,,,NOT_APPLICABLE,ELIGIBLE,
320410,Q5,Lawn and garden equipment,HOUSING,Housing,DIRECT_CONCORDANCE_UCC,PUBLISHED_CE_BASIS,LABSTAT_PUBLISHED,NOT_VERIFIED,NOT_ESTABLISHED,UNKNOWN,HM021,HOUSEHOLD_FURNISHINGS_OPERATIONS,DIRECT,3468.000000,OBSERVED,40.360000,true,,,,,NOT_APPLICABLE,UNCLAIMED,,,,,NOT_APPLICABLE,RETAINED,3468.000000,,,,,,,,,NOT_APPLICABLE,ELIGIBLE,
320420,ALL_CU,Power tools,HOUSING,Housing,DIRECT_CONCORDANCE_UCC,PUBLISHED_CE_BASIS,LABSTAT_PUBLISHED,NOT_VERIFIED,NOT_ESTABLISHED,UNKNOWN,HM012,HOUSEHOLD_FURNISHINGS_OPERATIONS,DIRECT,4811.000000,OBSERVED,15.360000,false,,,,,NOT_APPLICABLE,UNCLAIMED,,,,,NOT_APPLICABLE,RETAINED,4811.000000,,,,,,,,,NOT_APPLICABLE,ELIGIBLE,
320420,Q1,Power tools,HOUSING,Housing,DIRECT_CONCORDANCE_UCC,PUBLISHED_CE_BASIS,LABSTAT_PUBLISHED,NOT_VERIFIED,NOT_ESTABLISHED,UNKNOWN,HM012,HOUSEHOLD_FURNISHINGS_OPERATIONS,DIRECT,383.000000,OBSERVED,29.150000,true,,,,,NOT_APPLICABLE,UNCLAIMED,,,,,NOT_APPLICABLE,RETAINED,383.000000,,,,,,,,,NOT_APPLICABLE,ELIGIBLE,
320420,Q2,Power tools,HOUSING,Housing,DIRECT_CONCORDANCE_UCC,PUBLISHED_CE_BASIS,LABSTAT_PUBLISHED,NOT_VERIFIED,NOT_ESTABLISHED,UNKNOWN,HM012,HOUSEHOLD_FURNISHINGS_OPERATIONS,DIRECT,328.000000,OBSERVED,19.680000,false,,,,,NOT_APPLICABLE,UNCLAIMED,,,,,NOT_APPLICABLE,RETAINED,328.000000,,,,,,,,,NOT_APPLICABLE,ELIGIBLE,
320420,Q3,Power tools,HOUSING,Housing,DIRECT_CONCORDANCE_UCC,PUBLISHED_CE_BASIS,LABSTAT_PUBLISHED,NOT_VERIFIED,NOT_ESTABLISHED,UNKNOWN,HM012,HOUSEHOLD_FURNISHINGS_OPERATIONS,DIRECT,1336.000000,OBSERVED,42.040000,true,,,,,NOT_APPLICABLE,UNCLAIMED,,,,,NOT_APPLICABLE,RETAINED,1336.000000,,,,,,,,,NOT_APPLICABLE,ELIGIBLE,
320420,Q4,Power tools,HOUSING,Housing,DIRECT_CONCORDANCE_UCC,PUBLISHED_CE_BASIS,LABSTAT_PUBLISHED,NOT_VERIFIED,NOT_ESTABLISHED,UNKNOWN,HM012,HOUSEHOLD_FURNISHINGS_OPERATIONS,DIRECT,1285.000000,OBSERVED,17.740000,false,,,,,NOT_APPLICABLE,UNCLAIMED,,,,,NOT_APPLICABLE,RETAINED,1285.000000,,,,,,,,,NOT_APPLICABLE,ELIGIBLE,
320420,Q5,Power tools,HOUSING,Housing,DIRECT_CONCORDANCE_UCC,PUBLISHED_CE_BASIS,LABSTAT_PUBLISHED,NOT_VERIFIED,NOT_ESTABLISHED,UNKNOWN,HM012,HOUSEHOLD_FURNISHINGS_OPERATIONS,DIRECT,1480.000000,OBSERVED,15.080000,false,,,,,NOT_APPLICABLE,UNCLAIMED,,,,,NOT_APPLICABLE,RETAINED,1480.000000,,,,,,,,,NOT_APPLICABLE,ELIGIBLE,
320430,ALL_CU,Other hardware,HOUSING,Housing,DIRECT_CONCORDANCE_UCC,PUBLISHED_CE_BASIS,LABSTAT_PUBLISHED,NOT_VERIFIED,NOT_ESTABLISHED,UNKNOWN,HM013,HOUSEHOLD_FURNISHINGS_OPERATIONS,DIRECT,3998.000000,OBSERVED,35.650000,true,,,,,NOT_APPLICABLE,UNCLAIMED,,,,,NOT_APPLICABLE,RETAINED,3998.000000,,,,,,,,,NOT_APPLICABLE,ELIGIBLE,
320430,Q1,Other hardware,HOUSING,Housing,DIRECT_CONCORDANCE_UCC,PUBLISHED_CE_BASIS,LABSTAT_PUBLISHED,NOT_VERIFIED,NOT_ESTABLISHED,UNKNOWN,HM013,HOUSEHOLD_FURNISHINGS_OPERATIONS,DIRECT,254.000000,OBSERVED,58.700000,true,,,,,NOT_APPLICABLE,UNCLAIMED,,,,,NOT_APPLICABLE,RETAINED,254.000000,,,,,,,,,NOT_APPLICABLE,ELIGIBLE,
320430,Q2,Other hardware,HOUSING,Housing,DIRECT_CONCORDANCE_UCC,PUBLISHED_CE_BASIS,LABSTAT_PUBLISHED,NOT_VERIFIED,NOT_ESTABLISHED,UNKNOWN,HM013,HOUSEHOLD_FURNISHINGS_OPERATIONS,DIRECT,84.000000,OBSERVED,40.220000,true,,,,,NOT_APPLICABLE,UNCLAIMED,,,,,NOT_APPLICABLE,RETAINED,84.000000,,,,,,,,,NOT_APPLICABLE,ELIGIBLE,
320430,Q3,Other hardware,HOUSING,Housing,DIRECT_CONCORDANCE_UCC,PUBLISHED_CE_BASIS,LABSTAT_PUBLISHED,NOT_VERIFIED,NOT_ESTABLISHED,UNKNOWN,HM013,HOUSEHOLD_FURNISHINGS_OPERATIONS,DIRECT,383.000000,OBSERVED,34.350000,true,,,,,NOT_APPLICABLE,UNCLAIMED,,,,,NOT_APPLICABLE,RETAINED,383.000000,,,,,,,,,NOT_APPLICABLE,ELIGIBLE,
320430,Q4,Other hardware,HOUSING,Housing,DIRECT_CONCORDANCE_UCC,PUBLISHED_CE_BASIS,LABSTAT_PUBLISHED,NOT_VERIFIED,NOT_ESTABLISHED,UNKNOWN,HM013,HOUSEHOLD_FURNISHINGS_OPERATIONS,DIRECT,1905.000000,OBSERVED,67.200000,true,,,,,NOT_APPLICABLE,UNCLAIMED,,,,,NOT_APPLICABLE,RETAINED,1905.000000,,,,,,,,,NOT_APPLICABLE,ELIGIBLE,
320430,Q5,Other hardware,HOUSING,Housing,DIRECT_CONCORDANCE_UCC,PUBLISHED_CE_BASIS,LABSTAT_PUBLISHED,NOT_VERIFIED,NOT_ESTABLISHED,UNKNOWN,HM013,HOUSEHOLD_FURNISHINGS_OPERATIONS,DIRECT,1371.000000,OBSERVED,42.230000,true,,,,,NOT_APPLICABLE,UNCLAIMED,,,,,NOT_APPLICABLE,RETAINED,1371.000000,,,,,,,,,NOT_APPLICABLE,ELIGIBLE,
320511,ALL_CU,Electric floor cleaning equipment,HOUSING,Housing,DIRECT_CONCORDANCE_UCC,PUBLISHED_CE_BASIS,LABSTAT_PUBLISHED,NOT_VERIFIED,NOT_ESTABLISHED,UNKNOWN,HK021,HOUSEHOLD_FURNISHINGS_OPERATIONS,DIRECT,3722.000000,OBSERVED,7.100000,false,,,,,NOT_APPLICABLE,UNCLAIMED,,,,,NOT_APPLICABLE,RETAINED,3722.000000,,,,,,,,,NOT_APPLICABLE,ELIGIBLE,
320511,Q1,Electric floor cleaning equipment,HOUSING,Housing,DIRECT_CONCORDANCE_UCC,PUBLISHED_CE_BASIS,LABSTAT_PUBLISHED,NOT_VERIFIED,NOT_ESTABLISHED,UNKNOWN,HK021,HOUSEHOLD_FURNISHINGS_OPERATIONS,DIRECT,298.000000,OBSERVED,25.390000,true,,,,,NOT_APPLICABLE,UNCLAIMED,,,,,NOT_APPLICABLE,RETAINED,298.000000,,,,,,,,,NOT_APPLICABLE,ELIGIBLE,
320511,Q2,Electric floor cleaning equipment,HOUSING,Housing,DIRECT_CONCORDANCE_UCC,PUBLISHED_CE_BASIS,LABSTAT_PUBLISHED,NOT_VERIFIED,NOT_ESTABLISHED,UNKNOWN,HK021,HOUSEHOLD_FURNISHINGS_OPERATIONS,DIRECT,479.000000,OBSERVED,18.210000,false,,,,,NOT_APPLICABLE,UNCLAIMED,,,,,NOT_APPLICABLE,RETAINED,479.000000,,,,,,,,,NOT_APPLICABLE,ELIGIBLE,
320511,Q3,Electric floor cleaning equipment,HOUSING,Housing,DIRECT_CONCORDANCE_UCC,PUBLISHED_CE_BASIS,LABSTAT_PUBLISHED,NOT_VERIFIED,NOT_ESTABLISHED,UNKNOWN,HK021,HOUSEHOLD_FURNISHINGS_OPERATIONS,DIRECT,672.000000,OBSERVED,13.040000,false,,,,,NOT_APPLICABLE,UNCLAIMED,,,,,NOT_APPLICABLE,RETAINED,672.000000,,,,,,,,,NOT_APPLICABLE,ELIGIBLE,
320511,Q4,Electric floor cleaning equipment,HOUSING,Housing,DIRECT_CONCORDANCE_UCC,PUBLISHED_CE_BASIS,LABSTAT_PUBLISHED,NOT_VERIFIED,NOT_ESTABLISHED,UNKNOWN,HK021,HOUSEHOLD_FURNISHINGS_OPERATIONS,DIRECT,810.000000,OBSERVED,9.240000,false,,,,,NOT_APPLICABLE,UNCLAIMED,,,,,NOT_APPLICABLE,RETAINED,810.000000,,,,,,,,,NOT_APPLICABLE,ELIGIBLE,
320511,Q5,Electric floor cleaning equipment,HOUSING,Housing,DIRECT_CONCORDANCE_UCC,PUBLISHED_CE_BASIS,LABSTAT_PUBLISHED,NOT_VERIFIED,NOT_ESTABLISHED,UNKNOWN,HK021,HOUSEHOLD_FURNISHINGS_OPERATIONS,DIRECT,1463.000000,OBSERVED,10.840000,false,,,,,NOT_APPLICABLE,UNCLAIMED,,,,,NOT_APPLICABLE,RETAINED,1463.000000,,,,,,,,,NOT_APPLICABLE,ELIGIBLE,
320512,ALL_CU,Sewing machines,HOUSING,Housing,DIRECT_CONCORDANCE_UCC,PUBLISHED_CE_BASIS,LABSTAT_PUBLISHED,NOT_VERIFIED,NOT_ESTABLISHED,UNKNOWN,RE021,RECREATION,DIRECT,671.000000,OBSERVED,33.800000,true,,,,,NOT_APPLICABLE,UNCLAIMED,,,,,NOT_APPLICABLE,RETAINED,671.000000,,,,,,,,,NOT_APPLICABLE,ELIGIBLE,
320512,Q1,Sewing machines,HOUSING,Housing,DIRECT_CONCORDANCE_UCC,PUBLISHED_CE_BASIS,LABSTAT_PUBLISHED,NOT_VERIFIED,NOT_ESTABLISHED,UNKNOWN,RE021,RECREATION,DIRECT,15.000000,OBSERVED,34.770000,true,,,,,NOT_APPLICABLE,UNCLAIMED,,,,,NOT_APPLICABLE,RETAINED,15.000000,,,,,,,,,NOT_APPLICABLE,ELIGIBLE,
320512,Q2,Sewing machines,HOUSING,Housing,DIRECT_CONCORDANCE_UCC,PUBLISHED_CE_BASIS,LABSTAT_PUBLISHED,NOT_VERIFIED,NOT_ESTABLISHED,UNKNOWN,RE021,RECREATION,DIRECT,57.000000,OBSERVED,58.740000,true,,,,,NOT_APPLICABLE,UNCLAIMED,,,,,NOT_APPLICABLE,RETAINED,57.000000,,,,,,,,,NOT_APPLICABLE,ELIGIBLE,
320512,Q3,Sewing machines,HOUSING,Housing,DIRECT_CONCORDANCE_UCC,PUBLISHED_CE_BASIS,LABSTAT_PUBLISHED,NOT_VERIFIED,NOT_ESTABLISHED,UNKNOWN,RE021,RECREATION,DIRECT,121.000000,OBSERVED,74.920000,true,,,,,NOT_APPLICABLE,UNCLAIMED,,,,,NOT_APPLICABLE,RETAINED,121.000000,,,,,,,,,NOT_APPLICABLE,ELIGIBLE,
320512,Q4,Sewing machines,HOUSING,Housing,DIRECT_CONCORDANCE_UCC,PUBLISHED_CE_BASIS,LABSTAT_PUBLISHED,NOT_VERIFIED,NOT_ESTABLISHED,UNKNOWN,RE021,RECREATION,DIRECT,275.000000,OBSERVED,67.870000,true,,,,,NOT_APPLICABLE,UNCLAIMED,,,,,NOT_APPLICABLE,RETAINED,275.000000,,,,,,,,,NOT_APPLICABLE,ELIGIBLE,
320512,Q5,Sewing machines,HOUSING,Housing,DIRECT_CONCORDANCE_UCC,PUBLISHED_CE_BASIS,LABSTAT_PUBLISHED,NOT_VERIFIED,NOT_ESTABLISHED,UNKNOWN,RE021,RECREATION,DIRECT,202.000000,OBSERVED,33.260000,true,,,,,NOT_APPLICABLE,UNCLAIMED,,,,,NOT_APPLICABLE,RETAINED,202.000000,,,,,,,,,NOT_APPLICABLE,ELIGIBLE,
320521,ALL_CU,Small electric kitchen appliances,HOUSING,Housing,DIRECT_CONCORDANCE_UCC,PUBLISHED_CE_BASIS,LABSTAT_PUBLISHED,NOT_VERIFIED,NOT_ESTABLISHED,UNKNOWN,HK022,HOUSEHOLD_FURNISHINGS_OPERATIONS,DIRECT,5989.000000,OBSERVED,4.240000,false,,,,,NOT_APPLICABLE,UNCLAIMED,,,,,NOT_APPLICABLE,RETAINED,5989.000000,,,,,,,,,NOT_APPLICABLE,ELIGIBLE,
320521,Q1,Small electric kitchen appliances,HOUSING,Housing,DIRECT_CONCORDANCE_UCC,PUBLISHED_CE_BASIS,LABSTAT_PUBLISHED,NOT_VERIFIED,NOT_ESTABLISHED,UNKNOWN,HK022,HOUSEHOLD_FURNISHINGS_OPERATIONS,DIRECT,697.000000,OBSERVED,12.340000,false,,,,,NOT_APPLICABLE,UNCLAIMED,,,,,NOT_APPLICABLE,RETAINED,697.000000,,,,,,,,,NOT_APPLICABLE,ELIGIBLE,
320521,Q2,Small electric kitchen appliances,HOUSING,Housing,DIRECT_CONCORDANCE_UCC,PUBLISHED_CE_BASIS,LABSTAT_PUBLISHED,NOT_VERIFIED,NOT_ESTABLISHED,UNKNOWN,HK022,HOUSEHOLD_FURNISHINGS_OPERATIONS,DIRECT,731.000000,OBSERVED,9.370000,false,,,,,NOT_APPLICABLE,UNCLAIMED,,,,,NOT_APPLICABLE,RETAINED,731.000000,,,,,,,,,NOT_APPLICABLE,ELIGIBLE,
320521,Q3,Small electric kitchen appliances,HOUSING,Housing,DIRECT_CONCORDANCE_UCC,PUBLISHED_CE_BASIS,LABSTAT_PUBLISHED,NOT_VERIFIED,NOT_ESTABLISHED,UNKNOWN,HK022,HOUSEHOLD_FURNISHINGS_OPERATIONS,DIRECT,1378.000000,OBSERVED,10.310000,false,,,,,NOT_APPLICABLE,UNCLAIMED,,,,,NOT_APPLICABLE,RETAINED,1378.000000,,,,,,,,,NOT_APPLICABLE,ELIGIBLE,
320521,Q4,Small electric kitchen appliances,HOUSING,Housing,DIRECT_CONCORDANCE_UCC,PUBLISHED_CE_BASIS,LABSTAT_PUBLISHED,NOT_VERIFIED,NOT_ESTABLISHED,UNKNOWN,HK022,HOUSEHOLD_FURNISHINGS_OPERATIONS,DIRECT,1171.000000,OBSERVED,10.230000,false,,,,,NOT_APPLICABLE,UNCLAIMED,,,,,NOT_APPLICABLE,RETAINED,1171.000000,,,,,,,,,NOT_APPLICABLE,ELIGIBLE,
320521,Q5,Small electric kitchen appliances,HOUSING,Housing,DIRECT_CONCORDANCE_UCC,PUBLISHED_CE_BASIS,LABSTAT_PUBLISHED,NOT_VERIFIED,NOT_ESTABLISHED,UNKNOWN,HK022,HOUSEHOLD_FURNISHINGS_OPERATIONS,DIRECT,2012.000000,OBSERVED,9.010000,false,,,,,NOT_APPLICABLE,UNCLAIMED,,,,,NOT_APPLICABLE,RETAINED,2012.000000,,,,,,,,,NOT_APPLICABLE,ELIGIBLE,
320522,ALL_CU,Portable heating and cooling equipment,HOUSING,Housing,DIRECT_CONCORDANCE_UCC,PUBLISHED_CE_BASIS,LABSTAT_PUBLISHED,NOT_VERIFIED,NOT_ESTABLISHED,UNKNOWN,HK023,HOUSEHOLD_FURNISHINGS_OPERATIONS,DIRECT,1613.000000,OBSERVED,18.020000,false,,,,,NOT_APPLICABLE,UNCLAIMED,,,,,NOT_APPLICABLE,RETAINED,1613.000000,,,,,,,,,NOT_APPLICABLE,ELIGIBLE,
320522,Q1,Portable heating and cooling equipment,HOUSING,Housing,DIRECT_CONCORDANCE_UCC,PUBLISHED_CE_BASIS,LABSTAT_PUBLISHED,NOT_VERIFIED,NOT_ESTABLISHED,UNKNOWN,HK023,HOUSEHOLD_FURNISHINGS_OPERATIONS,DIRECT,217.000000,OBSERVED,22.160000,false,,,,,NOT_APPLICABLE,UNCLAIMED,,,,,NOT_APPLICABLE,RETAINED,217.000000,,,,,,,,,NOT_APPLICABLE,ELIGIBLE,
320522,Q2,Portable heating and cooling equipment,HOUSING,Housing,DIRECT_CONCORDANCE_UCC,PUBLISHED_CE_BASIS,LABSTAT_PUBLISHED,NOT_VERIFIED,NOT_ESTABLISHED,UNKNOWN,HK023,HOUSEHOLD_FURNISHINGS_OPERATIONS,DIRECT,219.000000,OBSERVED,18.770000,false,,,,,NOT_APPLICABLE,UNCLAIMED,,,,,NOT_APPLICABLE,RETAINED,219.000000,,,,,,,,,NOT_APPLICABLE,ELIGIBLE,
320522,Q3,Portable heating and cooling equipment,HOUSING,Housing,DIRECT_CONCORDANCE_UCC,PUBLISHED_CE_BASIS,LABSTAT_PUBLISHED,NOT_VERIFIED,NOT_ESTABLISHED,UNKNOWN,HK023,HOUSEHOLD_FURNISHINGS_OPERATIONS,DIRECT,301.000000,OBSERVED,22.470000,false,,,,,NOT_APPLICABLE,UNCLAIMED,,,,,NOT_APPLICABLE,RETAINED,301.000000,,,,,,,,,NOT_APPLICABLE,ELIGIBLE,
320522,Q4,Portable heating and cooling equipment,HOUSING,Housing,DIRECT_CONCORDANCE_UCC,PUBLISHED_CE_BASIS,LABSTAT_PUBLISHED,NOT_VERIFIED,NOT_ESTABLISHED,UNKNOWN,HK023,HOUSEHOLD_FURNISHINGS_OPERATIONS,DIRECT,266.000000,OBSERVED,12.970000,false,,,,,NOT_APPLICABLE,UNCLAIMED,,,,,NOT_APPLICABLE,RETAINED,266.000000,,,,,,,,,NOT_APPLICABLE,ELIGIBLE,
320522,Q5,Portable heating and cooling equipment,HOUSING,Housing,DIRECT_CONCORDANCE_UCC,PUBLISHED_CE_BASIS,LABSTAT_PUBLISHED,NOT_VERIFIED,NOT_ESTABLISHED,UNKNOWN,HK023,HOUSEHOLD_FURNISHINGS_OPERATIONS,DIRECT,609.000000,OBSERVED,46.670000,true,,,,,NOT_APPLICABLE,UNCLAIMED,,,,,NOT_APPLICABLE,RETAINED,609.000000,,,,,,,,,NOT_APPLICABLE,ELIGIBLE,
320611,ALL_CU,"Material for insulation, other maintenance, and repair",HOUSING,Housing,DIRECT_CONCORDANCE_UCC,PUBLISHED_CE_BASIS,LABSTAT_PUBLISHED,NOT_VERIFIED,NOT_ESTABLISHED,UNKNOWN,HM013,HOUSEHOLD_FURNISHINGS_OPERATIONS,DIRECT,1349.000000,OBSERVED,36.830000,true,,,,,NOT_APPLICABLE,UNCLAIMED,,,,,NOT_APPLICABLE,RETAINED,1349.000000,,,,,,,,,NOT_APPLICABLE,ELIGIBLE,
320611,Q1,"Material for insulation, other maintenance, and repair",HOUSING,Housing,DIRECT_CONCORDANCE_UCC,PUBLISHED_CE_BASIS,LABSTAT_PUBLISHED,NOT_VERIFIED,NOT_ESTABLISHED,UNKNOWN,HM013,HOUSEHOLD_FURNISHINGS_OPERATIONS,DIRECT,137.000000,OBSERVED,33.350000,true,,,,,NOT_APPLICABLE,UNCLAIMED,,,,,NOT_APPLICABLE,RETAINED,137.000000,,,,,,,,,NOT_APPLICABLE,ELIGIBLE,
320611,Q2,"Material for insulation, other maintenance, and repair",HOUSING,Housing,DIRECT_CONCORDANCE_UCC,PUBLISHED_CE_BASIS,LABSTAT_PUBLISHED,NOT_VERIFIED,NOT_ESTABLISHED,UNKNOWN,HM013,HOUSEHOLD_FURNISHINGS_OPERATIONS,DIRECT,127.000000,OBSERVED,29.770000,true,,,,,NOT_APPLICABLE,UNCLAIMED,,,,,NOT_APPLICABLE,RETAINED,127.000000,,,,,,,,,NOT_APPLICABLE,ELIGIBLE,
320611,Q3,"Material for insulation, other maintenance, and repair",HOUSING,Housing,DIRECT_CONCORDANCE_UCC,PUBLISHED_CE_BASIS,LABSTAT_PUBLISHED,NOT_VERIFIED,NOT_ESTABLISHED,UNKNOWN,HM013,HOUSEHOLD_FURNISHINGS_OPERATIONS,DIRECT,426.000000,OBSERVED,69.420000,true,,,,,NOT_APPLICABLE,UNCLAIMED,,,,,NOT_APPLICABLE,RETAINED,426.000000,,,,,,,,,NOT_APPLICABLE,ELIGIBLE,
320611,Q4,"Material for insulation, other maintenance, and repair",HOUSING,Housing,DIRECT_CONCORDANCE_UCC,PUBLISHED_CE_BASIS,LABSTAT_PUBLISHED,NOT_VERIFIED,NOT_ESTABLISHED,UNKNOWN,HM013,HOUSEHOLD_FURNISHINGS_OPERATIONS,DIRECT,87.000000,OBSERVED,36.050000,true,,,,,NOT_APPLICABLE,UNCLAIMED,,,,,NOT_APPLICABLE,RETAINED,87.000000,,,,,,,,,NOT_APPLICABLE,ELIGIBLE,
320611,Q5,"Material for insulation, other maintenance, and repair",HOUSING,Housing,DIRECT_CONCORDANCE_UCC,PUBLISHED_CE_BASIS,LABSTAT_PUBLISHED,NOT_VERIFIED,NOT_ESTABLISHED,UNKNOWN,HM013,HOUSEHOLD_FURNISHINGS_OPERATIONS,DIRECT,572.000000,OBSERVED,70.210000,true,,,,,NOT_APPLICABLE,UNCLAIMED,,,,,NOT_APPLICABLE,RETAINED,572.000000,,,,,,,,,NOT_APPLICABLE,ELIGIBLE,
320612,ALL_CU,"Material for insulation, other maintenance, and repair",HOUSING,Housing,DIRECT_CONCORDANCE_UCC,PUBLISHED_CE_BASIS,LABSTAT_PUBLISHED,NOT_VERIFIED,NOT_ESTABLISHED,UNKNOWN,HM013,HOUSEHOLD_FURNISHINGS_OPERATIONS,DIRECT,7654.000000,OBSERVED,11.800000,false,,,,,NOT_APPLICABLE,UNCLAIMED,,,,,NOT_APPLICABLE,RETAINED,7654.000000,,,,,,,,,NOT_APPLICABLE,ELIGIBLE,
320612,Q1,"Material for insulation, other maintenance, and repair",HOUSING,Housing,DIRECT_CONCORDANCE_UCC,PUBLISHED_CE_BASIS,LABSTAT_PUBLISHED,NOT_VERIFIED,NOT_ESTABLISHED,UNKNOWN,HM013,HOUSEHOLD_FURNISHINGS_OPERATIONS,DIRECT,390.000000,OBSERVED,21.210000,false,,,,,NOT_APPLICABLE,UNCLAIMED,,,,,NOT_APPLICABLE,RETAINED,390.000000,,,,,,,,,NOT_APPLICABLE,ELIGIBLE,
320612,Q2,"Material for insulation, other maintenance, and repair",HOUSING,Housing,DIRECT_CONCORDANCE_UCC,PUBLISHED_CE_BASIS,LABSTAT_PUBLISHED,NOT_VERIFIED,NOT_ESTABLISHED,UNKNOWN,HM013,HOUSEHOLD_FURNISHINGS_OPERATIONS,DIRECT,795.000000,OBSERVED,22.410000,false,,,,,NOT_APPLICABLE,UNCLAIMED,,,,,NOT_APPLICABLE,RETAINED,795.000000,,,,,,,,,NOT_APPLICABLE,ELIGIBLE,
320612,Q3,"Material for insulation, other maintenance, and repair",HOUSING,Housing,DIRECT_CONCORDANCE_UCC,PUBLISHED_CE_BASIS,LABSTAT_PUBLISHED,NOT_VERIFIED,NOT_ESTABLISHED,UNKNOWN,HM013,HOUSEHOLD_FURNISHINGS_OPERATIONS,DIRECT,1535.000000,OBSERVED,27.840000,true,,,,,NOT_APPLICABLE,UNCLAIMED,,,,,NOT_APPLICABLE,RETAINED,1535.000000,,,,,,,,,NOT_APPLICABLE,ELIGIBLE,
320612,Q4,"Material for insulation, other maintenance, and repair",HOUSING,Housing,DIRECT_CONCORDANCE_UCC,PUBLISHED_CE_BASIS,LABSTAT_PUBLISHED,NOT_VERIFIED,NOT_ESTABLISHED,UNKNOWN,HM013,HOUSEHOLD_FURNISHINGS_OPERATIONS,DIRECT,1797.000000,OBSERVED,20.130000,false,,,,,NOT_APPLICABLE,UNCLAIMED,,,,,NOT_APPLICABLE,RETAINED,1797.000000,,,,,,,,,NOT_APPLICABLE,ELIGIBLE,
320612,Q5,"Material for insulation, other maintenance, and repair",HOUSING,Housing,DIRECT_CONCORDANCE_UCC,PUBLISHED_CE_BASIS,LABSTAT_PUBLISHED,NOT_VERIFIED,NOT_ESTABLISHED,UNKNOWN,HM013,HOUSEHOLD_FURNISHINGS_OPERATIONS,DIRECT,3138.000000,OBSERVED,17.350000,false,,,,,NOT_APPLICABLE,UNCLAIMED,,,,,NOT_APPLICABLE,RETAINED,3138.000000,,,,,,,,,NOT_APPLICABLE,ELIGIBLE,
320613,ALL_CU,"Material for insulation, other maintenance, and repair",HOUSING,Housing,PUBLISHED_CE_UCC,PUBLISHED_CE_BASIS,LABSTAT_PUBLISHED,NOT_VERIFIED,NOT_ESTABLISHED,UNKNOWN,,,UNRESOLVED,67.000000,OBSERVED,66.570000,true,RP_SECONDARY_RESIDENCE_OWNER_COST_v0_1,CE_CPI_SCOPE_RULES_V0_3,REPLACE,PROPOSED,CURRENT_PENDING,SOURCE,TRANSFORMED,UNRESOLVED,,,AMOUNT_HELD_IN_PENDING_BUCKET,PENDING,,,,,,67.000000,,,RG_SECONDARY_RESIDENCE_RENTAL_EQUIVALENCE,REMOVAL,BLOCKED_PENDING_ADJUDICATION,
320613,Q1,"Material for insulation, other maintenance, and repair",HOUSING,Housing,PUBLISHED_CE_UCC,PUBLISHED_CE_BASIS,LABSTAT_PUBLISHED,NOT_VERIFIED,NOT_ESTABLISHED,UNKNOWN,,,UNRESOLVED,,SUPPRESSED,,,RP_SECONDARY_RESIDENCE_OWNER_COST_v0_1,CE_CPI_SCOPE_RULES_V0_3,REPLACE,PROPOSED,CURRENT_PENDING,SOURCE,TRANSFORMED,UNRESOLVED,,,AMOUNT_HELD_IN_PENDING_BUCKET,PENDING,,,,,,,,,RG_SECONDARY_RESIDENCE_RENTAL_EQUIVALENCE,REMOVAL,BLOCKED_PENDING_ADJUDICATION,BLS publishes this series and did not publish this cell. The amount is unknown and is not zero.
320613,Q2,"Material for insulation, other maintenance, and repair",HOUSING,Housing,PUBLISHED_CE_UCC,PUBLISHED_CE_BASIS,LABSTAT_PUBLISHED,NOT_VERIFIED,NOT_ESTABLISHED,UNKNOWN,,,UNRESOLVED,9.000000,OBSERVED,111.220000,true,RP_SECONDARY_RESIDENCE_OWNER_COST_v0_1,CE_CPI_SCOPE_RULES_V0_3,REPLACE,PROPOSED,CURRENT_PENDING,SOURCE,TRANSFORMED,UNRESOLVED,,,AMOUNT_HELD_IN_PENDING_BUCKET,PENDING,,,,,,9.000000,,,RG_SECONDARY_RESIDENCE_RENTAL_EQUIVALENCE,REMOVAL,BLOCKED_PENDING_ADJUDICATION,
320613,Q3,"Material for insulation, other maintenance, and repair",HOUSING,Housing,PUBLISHED_CE_UCC,PUBLISHED_CE_BASIS,LABSTAT_PUBLISHED,NOT_VERIFIED,NOT_ESTABLISHED,UNKNOWN,,,UNRESOLVED,21.000000,OBSERVED,75.670000,true,RP_SECONDARY_RESIDENCE_OWNER_COST_v0_1,CE_CPI_SCOPE_RULES_V0_3,REPLACE,PROPOSED,CURRENT_PENDING,SOURCE,TRANSFORMED,UNRESOLVED,,,AMOUNT_HELD_IN_PENDING_BUCKET,PENDING,,,,,,21.000000,,,RG_SECONDARY_RESIDENCE_RENTAL_EQUIVALENCE,REMOVAL,BLOCKED_PENDING_ADJUDICATION,
320613,Q4,"Material for insulation, other maintenance, and repair",HOUSING,Housing,PUBLISHED_CE_UCC,PUBLISHED_CE_BASIS,LABSTAT_PUBLISHED,NOT_VERIFIED,NOT_ESTABLISHED,UNKNOWN,,,UNRESOLVED,38.000000,OBSERVED,97.150000,true,RP_SECONDARY_RESIDENCE_OWNER_COST_v0_1,CE_CPI_SCOPE_RULES_V0_3,REPLACE,PROPOSED,CURRENT_PENDING,SOURCE,TRANSFORMED,UNRESOLVED,,,AMOUNT_HELD_IN_PENDING_BUCKET,PENDING,,,,,,38.000000,,,RG_SECONDARY_RESIDENCE_RENTAL_EQUIVALENCE,REMOVAL,BLOCKED_PENDING_ADJUDICATION,
320613,Q5,"Material for insulation, other maintenance, and repair",HOUSING,Housing,PUBLISHED_CE_UCC,PUBLISHED_CE_BASIS,LABSTAT_PUBLISHED,NOT_VERIFIED,NOT_ESTABLISHED,UNKNOWN,,,UNRESOLVED,,SUPPRESSED,,,RP_SECONDARY_RESIDENCE_OWNER_COST_v0_1,CE_CPI_SCOPE_RULES_V0_3,REPLACE,PROPOSED,CURRENT_PENDING,SOURCE,TRANSFORMED,UNRESOLVED,,,AMOUNT_HELD_IN_PENDING_BUCKET,PENDING,,,,,,,,,RG_SECONDARY_RESIDENCE_RENTAL_EQUIVALENCE,REMOVAL,BLOCKED_PENDING_ADJUDICATION,BLS publishes this series and did not publish this cell. The amount is unknown and is not zero.
320624,ALL_CU,"Flooring installation, repair, and replacement",HOUSING,Housing,DIRECT_CONCORDANCE_UCC,PUBLISHED_CE_BASIS,LABSTAT_PUBLISHED,NOT_VERIFIED,NOT_ESTABLISHED,UNKNOWN,HH011,HOUSEHOLD_FURNISHINGS_OPERATIONS,DIRECT,1531.000000,OBSERVED,65.770000,true,,,,,NOT_APPLICABLE,UNCLAIMED,,,,,NOT_APPLICABLE,RETAINED,1531.000000,,,,,,,,,NOT_APPLICABLE,ELIGIBLE,
320624,Q1,"Flooring installation, repair, and replacement",HOUSING,Housing,DIRECT_CONCORDANCE_UCC,PUBLISHED_CE_BASIS,LABSTAT_PUBLISHED,NOT_VERIFIED,NOT_ESTABLISHED,UNKNOWN,HH011,HOUSEHOLD_FURNISHINGS_OPERATIONS,DIRECT,703.000000,OBSERVED,95.240000,true,,,,,NOT_APPLICABLE,UNCLAIMED,,,,,NOT_APPLICABLE,RETAINED,703.000000,,,,,,,,,NOT_APPLICABLE,ELIGIBLE,
320624,Q2,"Flooring installation, repair, and replacement",HOUSING,Housing,DIRECT_CONCORDANCE_UCC,PUBLISHED_CE_BASIS,LABSTAT_PUBLISHED,NOT_VERIFIED,NOT_ESTABLISHED,UNKNOWN,HH011,HOUSEHOLD_FURNISHINGS_OPERATIONS,DIRECT,49.000000,OBSERVED,72.250000,true,,,,,NOT_APPLICABLE,UNCLAIMED,,,,,NOT_APPLICABLE,RETAINED,49.000000,,,,,,,,,NOT_APPLICABLE,ELIGIBLE,
320624,Q3,"Flooring installation, repair, and replacement",HOUSING,Housing,DIRECT_CONCORDANCE_UCC,PUBLISHED_CE_BASIS,LABSTAT_PUBLISHED,NOT_VERIFIED,NOT_ESTABLISHED,UNKNOWN,HH011,HOUSEHOLD_FURNISHINGS_OPERATIONS,DIRECT,218.000000,OBSERVED,76.560000,true,,,,,NOT_APPLICABLE,UNCLAIMED,,,,,NOT_APPLICABLE,RETAINED,218.000000,,,,,,,,,NOT_APPLICABLE,ELIGIBLE,
320624,Q4,"Flooring installation, repair, and replacement",HOUSING,Housing,DIRECT_CONCORDANCE_UCC,PUBLISHED_CE_BASIS,LABSTAT_PUBLISHED,NOT_VERIFIED,NOT_ESTABLISHED,UNKNOWN,HH011,HOUSEHOLD_FURNISHINGS_OPERATIONS,DIRECT,506.000000,OBSERVED,117.450000,true,,,,,NOT_APPLICABLE,UNCLAIMED,,,,,NOT_APPLICABLE,RETAINED,506.000000,,,,,,,,,NOT_APPLICABLE,ELIGIBLE,
320624,Q5,"Flooring installation, repair, and replacement",HOUSING,Housing,DIRECT_CONCORDANCE_UCC,PUBLISHED_CE_BASIS,LABSTAT_PUBLISHED,NOT_VERIFIED,NOT_ESTABLISHED,UNKNOWN,HH011,HOUSEHOLD_FURNISHINGS_OPERATIONS,DIRECT,55.000000,OBSERVED,82.320000,true,,,,,NOT_APPLICABLE,UNCLAIMED,,,,,NOT_APPLICABLE,RETAINED,55.000000,,,,,,,,,NOT_APPLICABLE,ELIGIBLE,
320625,ALL_CU,"Flooring installation, repair, and replacement",HOUSING,Housing,DIRECT_CONCORDANCE_UCC,PUBLISHED_CE_BASIS,LABSTAT_PUBLISHED,NOT_VERIFIED,NOT_ESTABLISHED,UNKNOWN,HH011,HOUSEHOLD_FURNISHINGS_OPERATIONS,DIRECT,17525.000000,OBSERVED,16.930000,false,,,,,NOT_APPLICABLE,UNCLAIMED,,,,,NOT_APPLICABLE,RETAINED,17525.000000,,,,,,,,,NOT_APPLICABLE,ELIGIBLE,
320625,Q1,"Flooring installation, repair, and replacement",HOUSING,Housing,DIRECT_CONCORDANCE_UCC,PUBLISHED_CE_BASIS,LABSTAT_PUBLISHED,NOT_VERIFIED,NOT_ESTABLISHED,UNKNOWN,HH011,HOUSEHOLD_FURNISHINGS_OPERATIONS,DIRECT,852.000000,OBSERVED,50.780000,true,,,,,NOT_APPLICABLE,UNCLAIMED,,,,,NOT_APPLICABLE,RETAINED,852.000000,,,,,,,,,NOT_APPLICABLE,ELIGIBLE,
320625,Q2,"Flooring installation, repair, and replacement",HOUSING,Housing,DIRECT_CONCORDANCE_UCC,PUBLISHED_CE_BASIS,LABSTAT_PUBLISHED,NOT_VERIFIED,NOT_ESTABLISHED,UNKNOWN,HH011,HOUSEHOLD_FURNISHINGS_OPERATIONS,DIRECT,2408.000000,OBSERVED,24.340000,false,,,,,NOT_APPLICABLE,UNCLAIMED,,,,,NOT_APPLICABLE,RETAINED,2408.000000,,,,,,,,,NOT_APPLICABLE,ELIGIBLE,
320625,Q3,"Flooring installation, repair, and replacement",HOUSING,Housing,DIRECT_CONCORDANCE_UCC,PUBLISHED_CE_BASIS,LABSTAT_PUBLISHED,NOT_VERIFIED,NOT_ESTABLISHED,UNKNOWN,HH011,HOUSEHOLD_FURNISHINGS_OPERATIONS,DIRECT,2683.000000,OBSERVED,32.020000,true,,,,,NOT_APPLICABLE,UNCLAIMED,,,,,NOT_APPLICABLE,RETAINED,2683.000000,,,,,,,,,NOT_APPLICABLE,ELIGIBLE,
320625,Q4,"Flooring installation, repair, and replacement",HOUSING,Housing,DIRECT_CONCORDANCE_UCC,PUBLISHED_CE_BASIS,LABSTAT_PUBLISHED,NOT_VERIFIED,NOT_ESTABLISHED,UNKNOWN,HH011,HOUSEHOLD_FURNISHINGS_OPERATIONS,DIRECT,2557.000000,OBSERVED,23.320000,false,,,,,NOT_APPLICABLE,UNCLAIMED,,,,,NOT_APPLICABLE,RETAINED,2557.000000,,,,,,,,,NOT_APPLICABLE,ELIGIBLE,
320625,Q5,"Flooring installation, repair, and replacement",HOUSING,Housing,DIRECT_CONCORDANCE_UCC,PUBLISHED_CE_BASIS,LABSTAT_PUBLISHED,NOT_VERIFIED,NOT_ESTABLISHED,UNKNOWN,HH011,HOUSEHOLD_FURNISHINGS_OPERATIONS,DIRECT,9026.000000,OBSERVED,31.220000,true,,,,,NOT_APPLICABLE,UNCLAIMED,,,,,NOT_APPLICABLE,RETAINED,9026.000000,,,,,,,,,NOT_APPLICABLE,ELIGIBLE,
320626,ALL_CU,"Flooring installation, repair, and replacement",HOUSING,Housing,PUBLISHED_CE_UCC,PUBLISHED_CE_BASIS,LABSTAT_PUBLISHED,NOT_VERIFIED,NOT_ESTABLISHED,UNKNOWN,,,UNRESOLVED,155.000000,OBSERVED,54.480000,true,RP_SECONDARY_RESIDENCE_OWNER_COST_v0_1,CE_CPI_SCOPE_RULES_V0_3,REPLACE,PROPOSED,CURRENT_PENDING,SOURCE,TRANSFORMED,UNRESOLVED,,,AMOUNT_HELD_IN_PENDING_BUCKET,PENDING,,,,,,155.000000,,,RG_SECONDARY_RESIDENCE_RENTAL_EQUIVALENCE,REMOVAL,BLOCKED_PENDING_ADJUDICATION,
320626,Q1,"Flooring installation, repair, and replacement",HOUSING,Housing,PUBLISHED_CE_UCC,PUBLISHED_CE_BASIS,LABSTAT_PUBLISHED,NOT_VERIFIED,NOT_ESTABLISHED,UNKNOWN,,,UNRESOLVED,,SUPPRESSED,,,RP_SECONDARY_RESIDENCE_OWNER_COST_v0_1,CE_CPI_SCOPE_RULES_V0_3,REPLACE,PROPOSED,CURRENT_PENDING,SOURCE,TRANSFORMED,UNRESOLVED,,,AMOUNT_HELD_IN_PENDING_BUCKET,PENDING,,,,,,,,,RG_SECONDARY_RESIDENCE_RENTAL_EQUIVALENCE,REMOVAL,BLOCKED_PENDING_ADJUDICATION,BLS publishes this series and did not publish this cell. The amount is unknown and is not zero.
320626,Q2,"Flooring installation, repair, and replacement",HOUSING,Housing,PUBLISHED_CE_UCC,PUBLISHED_CE_BASIS,LABSTAT_PUBLISHED,NOT_VERIFIED,NOT_ESTABLISHED,UNKNOWN,,,UNRESOLVED,12.000000,OBSERVED,105.010000,true,RP_SECONDARY_RESIDENCE_OWNER_COST_v0_1,CE_CPI_SCOPE_RULES_V0_3,REPLACE,PROPOSED,CURRENT_PENDING,SOURCE,TRANSFORMED,UNRESOLVED,,,AMOUNT_HELD_IN_PENDING_BUCKET,PENDING,,,,,,12.000000,,,RG_SECONDARY_RESIDENCE_RENTAL_EQUIVALENCE,REMOVAL,BLOCKED_PENDING_ADJUDICATION,
320626,Q3,"Flooring installation, repair, and replacement",HOUSING,Housing,PUBLISHED_CE_UCC,PUBLISHED_CE_BASIS,LABSTAT_PUBLISHED,NOT_VERIFIED,NOT_ESTABLISHED,UNKNOWN,,,UNRESOLVED,83.000000,OBSERVED,83.410000,true,RP_SECONDARY_RESIDENCE_OWNER_COST_v0_1,CE_CPI_SCOPE_RULES_V0_3,REPLACE,PROPOSED,CURRENT_PENDING,SOURCE,TRANSFORMED,UNRESOLVED,,,AMOUNT_HELD_IN_PENDING_BUCKET,PENDING,,,,,,83.000000,,,RG_SECONDARY_RESIDENCE_RENTAL_EQUIVALENCE,REMOVAL,BLOCKED_PENDING_ADJUDICATION,
320626,Q4,"Flooring installation, repair, and replacement",HOUSING,Housing,PUBLISHED_CE_UCC,PUBLISHED_CE_BASIS,LABSTAT_PUBLISHED,NOT_VERIFIED,NOT_ESTABLISHED,UNKNOWN,,,UNRESOLVED,20.000000,OBSERVED,90.720000,true,RP_SECONDARY_RESIDENCE_OWNER_COST_v0_1,CE_CPI_SCOPE_RULES_V0_3,REPLACE,PROPOSED,CURRENT_PENDING,SOURCE,TRANSFORMED,UNRESOLVED,,,AMOUNT_HELD_IN_PENDING_BUCKET,PENDING,,,,,,20.000000,,,RG_SECONDARY_RESIDENCE_RENTAL_EQUIVALENCE,REMOVAL,BLOCKED_PENDING_ADJUDICATION,
320626,Q5,"Flooring installation, repair, and replacement",HOUSING,Housing,PUBLISHED_CE_UCC,PUBLISHED_CE_BASIS,LABSTAT_PUBLISHED,NOT_VERIFIED,NOT_ESTABLISHED,UNKNOWN,,,UNRESOLVED,39.000000,OBSERVED,94.710000,true,RP_SECONDARY_RESIDENCE_OWNER_COST_v0_1,CE_CPI_SCOPE_RULES_V0_3,REPLACE,PROPOSED,CURRENT_PENDING,SOURCE,TRANSFORMED,UNRESOLVED,,,AMOUNT_HELD_IN_PENDING_BUCKET,PENDING,,,,,,39.000000,,,RG_SECONDARY_RESIDENCE_RENTAL_EQUIVALENCE,REMOVAL,BLOCKED_PENDING_ADJUDICATION,
320631,ALL_CU,Material for landscape maintenance,HOUSING,Housing,DIRECT_CONCORDANCE_UCC,PUBLISHED_CE_BASIS,LABSTAT_PUBLISHED,NOT_VERIFIED,NOT_ESTABLISHED,UNKNOWN,HM090,HOUSEHOLD_FURNISHINGS_OPERATIONS,DIRECT,349.000000,OBSERVED,20.130000,false,,,,,NOT_APPLICABLE,UNCLAIMED,,,,,NOT_APPLICABLE,RETAINED,349.000000,,,,,,,,,NOT_APPLICABLE,ELIGIBLE,
320631,Q1,Material for landscape maintenance,HOUSING,Housing,DIRECT_CONCORDANCE_UCC,PUBLISHED_CE_BASIS,LABSTAT_PUBLISHED,NOT_VERIFIED,NOT_ESTABLISHED,UNKNOWN,HM090,HOUSEHOLD_FURNISHINGS_OPERATIONS,DIRECT,22.000000,OBSERVED,57.640000,true,,,,,NOT_APPLICABLE,UNCLAIMED,,,,,NOT_APPLICABLE,RETAINED,22.000000,,,,,,,,,NOT_APPLICABLE,ELIGIBLE,
320631,Q2,Material for landscape maintenance,HOUSING,Housing,DIRECT_CONCORDANCE_UCC,PUBLISHED_CE_BASIS,LABSTAT_PUBLISHED,NOT_VERIFIED,NOT_ESTABLISHED,UNKNOWN,HM090,HOUSEHOLD_FURNISHINGS_OPERATIONS,DIRECT,16.000000,OBSERVED,47.520000,true,,,,,NOT_APPLICABLE,UNCLAIMED,,,,,NOT_APPLICABLE,RETAINED,16.000000,,,,,,,,,NOT_APPLICABLE,ELIGIBLE,
320631,Q3,Material for landscape maintenance,HOUSING,Housing,DIRECT_CONCORDANCE_UCC,PUBLISHED_CE_BASIS,LABSTAT_PUBLISHED,NOT_VERIFIED,NOT_ESTABLISHED,UNKNOWN,HM090,HOUSEHOLD_FURNISHINGS_OPERATIONS,DIRECT,122.000000,OBSERVED,45.070000,true,,,,,NOT_APPLICABLE,UNCLAIMED,,,,,NOT_APPLICABLE,RETAINED,122.000000,,,,,,,,,NOT_APPLICABLE,ELIGIBLE,
320631,Q4,Material for landscape maintenance,HOUSING,Housing,DIRECT_CONCORDANCE_UCC,PUBLISHED_CE_BASIS,LABSTAT_PUBLISHED,NOT_VERIFIED,NOT_ESTABLISHED,UNKNOWN,HM090,HOUSEHOLD_FURNISHINGS_OPERATIONS,DIRECT,109.000000,OBSERVED,67.210000,true,,,,,NOT_APPLICABLE,UNCLAIMED,,,,,NOT_APPLICABLE,RETAINED,109.000000,,,,,,,,,NOT_APPLICABLE,ELIGIBLE,
320631,Q5,Material for landscape maintenance,HOUSING,Housing,DIRECT_CONCORDANCE_UCC,PUBLISHED_CE_BASIS,LABSTAT_PUBLISHED,NOT_VERIFIED,NOT_ESTABLISHED,UNKNOWN,HM090,HOUSEHOLD_FURNISHINGS_OPERATIONS,DIRECT,81.000000,OBSERVED,52.770000,true,,,,,NOT_APPLICABLE,UNCLAIMED,,,,,NOT_APPLICABLE,RETAINED,81.000000,,,,,,,,,NOT_APPLICABLE,ELIGIBLE,
320632,ALL_CU,Materials for landscaping maintenance,HOUSING,Housing,DIRECT_CONCORDANCE_UCC,PUBLISHED_CE_BASIS,LABSTAT_PUBLISHED,NOT_VERIFIED,NOT_ESTABLISHED,UNKNOWN,HM090,HOUSEHOLD_FURNISHINGS_OPERATIONS,DIRECT,,SUPPRESSED,,,,,,,NOT_APPLICABLE,UNCLAIMED,,,,,NOT_APPLICABLE,RETAINED,,,,,,,,,,NOT_APPLICABLE,BLOCKED_AMOUNT_UNAVAILABLE,BLS publishes this series and did not publish this cell. The amount is unknown and is not zero.
320632,Q1,Materials for landscaping maintenance,HOUSING,Housing,DIRECT_CONCORDANCE_UCC,PUBLISHED_CE_BASIS,LABSTAT_PUBLISHED,NOT_VERIFIED,NOT_ESTABLISHED,UNKNOWN,HM090,HOUSEHOLD_FURNISHINGS_OPERATIONS,DIRECT,,SUPPRESSED,,,,,,,NOT_APPLICABLE,UNCLAIMED,,,,,NOT_APPLICABLE,RETAINED,,,,,,,,,,NOT_APPLICABLE,BLOCKED_AMOUNT_UNAVAILABLE,BLS publishes this series and did not publish this cell. The amount is unknown and is not zero.
320632,Q2,Materials for landscaping maintenance,HOUSING,Housing,DIRECT_CONCORDANCE_UCC,PUBLISHED_CE_BASIS,LABSTAT_PUBLISHED,NOT_VERIFIED,NOT_ESTABLISHED,UNKNOWN,HM090,HOUSEHOLD_FURNISHINGS_OPERATIONS,DIRECT,,SUPPRESSED,,,,,,,NOT_APPLICABLE,UNCLAIMED,,,,,NOT_APPLICABLE,RETAINED,,,,,,,,,,NOT_APPLICABLE,BLOCKED_AMOUNT_UNAVAILABLE,BLS publishes this series and did not publish this cell. The amount is unknown and is not zero.
320632,Q3,Materials for landscaping maintenance,HOUSING,Housing,DIRECT_CONCORDANCE_UCC,PUBLISHED_CE_BASIS,LABSTAT_PUBLISHED,NOT_VERIFIED,NOT_ESTABLISHED,UNKNOWN,HM090,HOUSEHOLD_FURNISHINGS_OPERATIONS,DIRECT,,SUPPRESSED,,,,,,,NOT_APPLICABLE,UNCLAIMED,,,,,NOT_APPLICABLE,RETAINED,,,,,,,,,,NOT_APPLICABLE,BLOCKED_AMOUNT_UNAVAILABLE,BLS publishes this series and did not publish this cell. The amount is unknown and is not zero.
320632,Q4,Materials for landscaping maintenance,HOUSING,Housing,DIRECT_CONCORDANCE_UCC,PUBLISHED_CE_BASIS,LABSTAT_PUBLISHED,NOT_VERIFIED,NOT_ESTABLISHED,UNKNOWN,HM090,HOUSEHOLD_FURNISHINGS_OPERATIONS,DIRECT,,SUPPRESSED,,,,,,,NOT_APPLICABLE,UNCLAIMED,,,,,NOT_APPLICABLE,RETAINED,,,,,,,,,,NOT_APPLICABLE,BLOCKED_AMOUNT_UNAVAILABLE,BLS publishes this series and did not publish this cell. The amount is unknown and is not zero.
320632,Q5,Materials for landscaping maintenance,HOUSING,Housing,DIRECT_CONCORDANCE_UCC,PUBLISHED_CE_BASIS,LABSTAT_PUBLISHED,NOT_VERIFIED,NOT_ESTABLISHED,UNKNOWN,HM090,HOUSEHOLD_FURNISHINGS_OPERATIONS,DIRECT,,SUPPRESSED,,,,,,,NOT_APPLICABLE,UNCLAIMED,,,,,NOT_APPLICABLE,RETAINED,,,,,,,,,,NOT_APPLICABLE,BLOCKED_AMOUNT_UNAVAILABLE,BLS publishes this series and did not publish this cell. The amount is unknown and is not zero.
320633,ALL_CU,Materials for landscaping maintenance,HOUSING,Housing,PUBLISHED_CE_UCC,PUBLISHED_CE_BASIS,LABSTAT_PUBLISHED,NOT_VERIFIED,NOT_ESTABLISHED,UNKNOWN,,,UNRESOLVED,,SUPPRESSED,,,RP_SECONDARY_RESIDENCE_OWNER_COST_v0_1,CE_CPI_SCOPE_RULES_V0_3,REPLACE,PROPOSED,CURRENT_PENDING,SOURCE,TRANSFORMED,UNRESOLVED,,,AMOUNT_HELD_IN_PENDING_BUCKET,PENDING,,,,,,,,,RG_SECONDARY_RESIDENCE_RENTAL_EQUIVALENCE,REMOVAL,BLOCKED_PENDING_ADJUDICATION,BLS publishes this series and did not publish this cell. The amount is unknown and is not zero.
320633,Q1,Materials for landscaping maintenance,HOUSING,Housing,PUBLISHED_CE_UCC,PUBLISHED_CE_BASIS,LABSTAT_PUBLISHED,NOT_VERIFIED,NOT_ESTABLISHED,UNKNOWN,,,UNRESOLVED,,SUPPRESSED,,,RP_SECONDARY_RESIDENCE_OWNER_COST_v0_1,CE_CPI_SCOPE_RULES_V0_3,REPLACE,PROPOSED,CURRENT_PENDING,SOURCE,TRANSFORMED,UNRESOLVED,,,AMOUNT_HELD_IN_PENDING_BUCKET,PENDING,,,,,,,,,RG_SECONDARY_RESIDENCE_RENTAL_EQUIVALENCE,REMOVAL,BLOCKED_PENDING_ADJUDICATION,BLS publishes this series and did not publish this cell. The amount is unknown and is not zero.
320633,Q2,Materials for landscaping maintenance,HOUSING,Housing,PUBLISHED_CE_UCC,PUBLISHED_CE_BASIS,LABSTAT_PUBLISHED,NOT_VERIFIED,NOT_ESTABLISHED,UNKNOWN,,,UNRESOLVED,,SUPPRESSED,,,RP_SECONDARY_RESIDENCE_OWNER_COST_v0_1,CE_CPI_SCOPE_RULES_V0_3,REPLACE,PROPOSED,CURRENT_PENDING,SOURCE,TRANSFORMED,UNRESOLVED,,,AMOUNT_HELD_IN_PENDING_BUCKET,PENDING,,,,,,,,,RG_SECONDARY_RESIDENCE_RENTAL_EQUIVALENCE,REMOVAL,BLOCKED_PENDING_ADJUDICATION,BLS publishes this series and did not publish this cell. The amount is unknown and is not zero.
320633,Q3,Materials for landscaping maintenance,HOUSING,Housing,PUBLISHED_CE_UCC,PUBLISHED_CE_BASIS,LABSTAT_PUBLISHED,NOT_VERIFIED,NOT_ESTABLISHED,UNKNOWN,,,UNRESOLVED,,SUPPRESSED,,,RP_SECONDARY_RESIDENCE_OWNER_COST_v0_1,CE_CPI_SCOPE_RULES_V0_3,REPLACE,PROPOSED,CURRENT_PENDING,SOURCE,TRANSFORMED,UNRESOLVED,,,AMOUNT_HELD_IN_PENDING_BUCKET,PENDING,,,,,,,,,RG_SECONDARY_RESIDENCE_RENTAL_EQUIVALENCE,REMOVAL,BLOCKED_PENDING_ADJUDICATION,BLS publishes this series and did not publish this cell. The amount is unknown and is not zero.
320633,Q4,Materials for landscaping maintenance,HOUSING,Housing,PUBLISHED_CE_UCC,PUBLISHED_CE_BASIS,LABSTAT_PUBLISHED,NOT_VERIFIED,NOT_ESTABLISHED,UNKNOWN,,,UNRESOLVED,,SUPPRESSED,,,RP_SECONDARY_RESIDENCE_OWNER_COST_v0_1,CE_CPI_SCOPE_RULES_V0_3,REPLACE,PROPOSED,CURRENT_PENDING,SOURCE,TRANSFORMED,UNRESOLVED,,,AMOUNT_HELD_IN_PENDING_BUCKET,PENDING,,,,,,,,,RG_SECONDARY_RESIDENCE_RENTAL_EQUIVALENCE,REMOVAL,BLOCKED_PENDING_ADJUDICATION,BLS publishes this series and did not publish this cell. The amount is unknown and is not zero.
320633,Q5,Materials for landscaping maintenance,HOUSING,Housing,PUBLISHED_CE_UCC,PUBLISHED_CE_BASIS,LABSTAT_PUBLISHED,NOT_VERIFIED,NOT_ESTABLISHED,UNKNOWN,,,UNRESOLVED,,SUPPRESSED,,,RP_SECONDARY_RESIDENCE_OWNER_COST_v0_1,CE_CPI_SCOPE_RULES_V0_3,REPLACE,PROPOSED,CURRENT_PENDING,SOURCE,TRANSFORMED,UNRESOLVED,,,AMOUNT_HELD_IN_PENDING_BUCKET,PENDING,,,,,,,,,RG_SECONDARY_RESIDENCE_RENTAL_EQUIVALENCE,REMOVAL,BLOCKED_PENDING_ADJUDICATION,BLS publishes this series and did not publish this cell. The amount is unknown and is not zero.
320901,ALL_CU,Office furniture for home use,HOUSING,Housing,DIRECT_CONCORDANCE_UCC,PUBLISHED_CE_BASIS,LABSTAT_PUBLISHED,NOT_VERIFIED,NOT_ESTABLISHED,UNKNOWN,HM090,HOUSEHOLD_FURNISHINGS_OPERATIONS,DIRECT,2023.000000,OBSERVED,11.370000,false,,,,,NOT_APPLICABLE,UNCLAIMED,,,,,NOT_APPLICABLE,RETAINED,2023.000000,,,,,,,,,NOT_APPLICABLE,ELIGIBLE,
320901,Q1,Office furniture for home use,HOUSING,Housing,DIRECT_CONCORDANCE_UCC,PUBLISHED_CE_BASIS,LABSTAT_PUBLISHED,NOT_VERIFIED,NOT_ESTABLISHED,UNKNOWN,HM090,HOUSEHOLD_FURNISHINGS_OPERATIONS,DIRECT,115.000000,OBSERVED,32.690000,true,,,,,NOT_APPLICABLE,UNCLAIMED,,,,,NOT_APPLICABLE,RETAINED,115.000000,,,,,,,,,NOT_APPLICABLE,ELIGIBLE,
320901,Q2,Office furniture for home use,HOUSING,Housing,DIRECT_CONCORDANCE_UCC,PUBLISHED_CE_BASIS,LABSTAT_PUBLISHED,NOT_VERIFIED,NOT_ESTABLISHED,UNKNOWN,HM090,HOUSEHOLD_FURNISHINGS_OPERATIONS,DIRECT,245.000000,OBSERVED,29.800000,true,,,,,NOT_APPLICABLE,UNCLAIMED,,,,,NOT_APPLICABLE,RETAINED,245.000000,,,,,,,,,NOT_APPLICABLE,ELIGIBLE,
320901,Q3,Office furniture for home use,HOUSING,Housing,DIRECT_CONCORDANCE_UCC,PUBLISHED_CE_BASIS,LABSTAT_PUBLISHED,NOT_VERIFIED,NOT_ESTABLISHED,UNKNOWN,HM090,HOUSEHOLD_FURNISHINGS_OPERATIONS,DIRECT,281.000000,OBSERVED,18.240000,false,,,,,NOT_APPLICABLE,UNCLAIMED,,,,,NOT_APPLICABLE,RETAINED,281.000000,,,,,,,,,NOT_APPLICABLE,ELIGIBLE,
320901,Q4,Office furniture for home use,HOUSING,Housing,DIRECT_CONCORDANCE_UCC,PUBLISHED_CE_BASIS,LABSTAT_PUBLISHED,NOT_VERIFIED,NOT_ESTABLISHED,UNKNOWN,HM090,HOUSEHOLD_FURNISHINGS_OPERATIONS,DIRECT,541.000000,OBSERVED,28.890000,true,,,,,NOT_APPLICABLE,UNCLAIMED,,,,,NOT_APPLICABLE,RETAINED,541.000000,,,,,,,,,NOT_APPLICABLE,ELIGIBLE,
320901,Q5,Office furniture for home use,HOUSING,Housing,DIRECT_CONCORDANCE_UCC,PUBLISHED_CE_BASIS,LABSTAT_PUBLISHED,NOT_VERIFIED,NOT_ESTABLISHED,UNKNOWN,HM090,HOUSEHOLD_FURNISHINGS_OPERATIONS,DIRECT,840.000000,OBSERVED,13.590000,false,,,,,NOT_APPLICABLE,UNCLAIMED,,,,,NOT_APPLICABLE,RETAINED,840.000000,,,,,,,,,NOT_APPLICABLE,ELIGIBLE,
320902,ALL_CU,Hand tools,HOUSING,Housing,DIRECT_CONCORDANCE_UCC,PUBLISHED_CE_BASIS,LABSTAT_PUBLISHED,NOT_VERIFIED,NOT_ESTABLISHED,UNKNOWN,HM014,HOUSEHOLD_FURNISHINGS_OPERATIONS,DIRECT,2563.000000,OBSERVED,15.940000,false,,,,,NOT_APPLICABLE,UNCLAIMED,,,,,NOT_APPLICABLE,RETAINED,2563.000000,,,,,,,,,NOT_APPLICABLE,ELIGIBLE,
320902,Q1,Hand tools,HOUSING,Housing,DIRECT_CONCORDANCE_UCC,PUBLISHED_CE_BASIS,LABSTAT_PUBLISHED,NOT_VERIFIED,NOT_ESTABLISHED,UNKNOWN,HM014,HOUSEHOLD_FURNISHINGS_OPERATIONS,DIRECT,365.000000,OBSERVED,35.410000,true,,,,,NOT_APPLICABLE,UNCLAIMED,,,,,NOT_APPLICABLE,RETAINED,365.000000,,,,,,,,,NOT_APPLICABLE,ELIGIBLE,
320902,Q2,Hand tools,HOUSING,Housing,DIRECT_CONCORDANCE_UCC,PUBLISHED_CE_BASIS,LABSTAT_PUBLISHED,NOT_VERIFIED,NOT_ESTABLISHED,UNKNOWN,HM014,HOUSEHOLD_FURNISHINGS_OPERATIONS,DIRECT,270.000000,OBSERVED,36.550000,true,,,,,NOT_APPLICABLE,UNCLAIMED,,,,,NOT_APPLICABLE,RETAINED,270.000000,,,,,,,,,NOT_APPLICABLE,ELIGIBLE,
320902,Q3,Hand tools,HOUSING,Housing,DIRECT_CONCORDANCE_UCC,PUBLISHED_CE_BASIS,LABSTAT_PUBLISHED,NOT_VERIFIED,NOT_ESTABLISHED,UNKNOWN,HM014,HOUSEHOLD_FURNISHINGS_OPERATIONS,DIRECT,220.000000,OBSERVED,25.930000,true,,,,,NOT_APPLICABLE,UNCLAIMED,,,,,NOT_APPLICABLE,RETAINED,220.000000,,,,,,,,,NOT_APPLICABLE,ELIGIBLE,
320902,Q4,Hand tools,HOUSING,Housing,DIRECT_CONCORDANCE_UCC,PUBLISHED_CE_BASIS,LABSTAT_PUBLISHED,NOT_VERIFIED,NOT_ESTABLISHED,UNKNOWN,HM014,HOUSEHOLD_FURNISHINGS_OPERATIONS,DIRECT,832.000000,OBSERVED,32.930000,true,,,,,NOT_APPLICABLE,UNCLAIMED,,,,,NOT_APPLICABLE,RETAINED,832.000000,,,,,,,,,NOT_APPLICABLE,ELIGIBLE,
320902,Q5,Hand tools,HOUSING,Housing,DIRECT_CONCORDANCE_UCC,PUBLISHED_CE_BASIS,LABSTAT_PUBLISHED,NOT_VERIFIED,NOT_ESTABLISHED,UNKNOWN,HM014,HOUSEHOLD_FURNISHINGS_OPERATIONS,DIRECT,875.000000,OBSERVED,31.420000,true,,,,,NOT_APPLICABLE,UNCLAIMED,,,,,NOT_APPLICABLE,RETAINED,875.000000,,,,,,,,,NOT_APPLICABLE,ELIGIBLE,
320903,ALL_CU,Indoor plants and fresh flowers,HOUSING,Housing,DIRECT_CONCORDANCE_UCC,PUBLISHED_CE_BASIS,LABSTAT_PUBLISHED,NOT_VERIFIED,NOT_ESTABLISHED,UNKNOWN,HL021,HOUSEHOLD_FURNISHINGS_OPERATIONS,DIRECT,11293.000000,OBSERVED,4.660000,false,,,,,NOT_APPLICABLE,UNCLAIMED,,,,,NOT_APPLICABLE,RETAINED,11293.000000,,,,,,,,,NOT_APPLICABLE,ELIGIBLE,
320903,Q1,Indoor plants and fresh flowers,HOUSING,Housing,DIRECT_CONCORDANCE_UCC,PUBLISHED_CE_BASIS,LABSTAT_PUBLISHED,NOT_VERIFIED,NOT_ESTABLISHED,UNKNOWN,HL021,HOUSEHOLD_FURNISHINGS_OPERATIONS,DIRECT,829.000000,OBSERVED,14.040000,false,,,,,NOT_APPLICABLE,UNCLAIMED,,,,,NOT_APPLICABLE,RETAINED,829.000000,,,,,,,,,NOT_APPLICABLE,ELIGIBLE,
320903,Q2,Indoor plants and fresh flowers,HOUSING,Housing,DIRECT_CONCORDANCE_UCC,PUBLISHED_CE_BASIS,LABSTAT_PUBLISHED,NOT_VERIFIED,NOT_ESTABLISHED,UNKNOWN,HL021,HOUSEHOLD_FURNISHINGS_OPERATIONS,DIRECT,1529.000000,OBSERVED,11.630000,false,,,,,NOT_APPLICABLE,UNCLAIMED,,,,,NOT_APPLICABLE,RETAINED,1529.000000,,,,,,,,,NOT_APPLICABLE,ELIGIBLE,
320903,Q3,Indoor plants and fresh flowers,HOUSING,Housing,DIRECT_CONCORDANCE_UCC,PUBLISHED_CE_BASIS,LABSTAT_PUBLISHED,NOT_VERIFIED,NOT_ESTABLISHED,UNKNOWN,HL021,HOUSEHOLD_FURNISHINGS_OPERATIONS,DIRECT,1819.000000,OBSERVED,9.310000,false,,,,,NOT_APPLICABLE,UNCLAIMED,,,,,NOT_APPLICABLE,RETAINED,1819.000000,,,,,,,,,NOT_APPLICABLE,ELIGIBLE,
320903,Q4,Indoor plants and fresh flowers,HOUSING,Housing,DIRECT_CONCORDANCE_UCC,PUBLISHED_CE_BASIS,LABSTAT_PUBLISHED,NOT_VERIFIED,NOT_ESTABLISHED,UNKNOWN,HL021,HOUSEHOLD_FURNISHINGS_OPERATIONS,DIRECT,2808.000000,OBSERVED,7.460000,false,,,,,NOT_APPLICABLE,UNCLAIMED,,,,,NOT_APPLICABLE,RETAINED,2808.000000,,,,,,,,,NOT_APPLICABLE,ELIGIBLE,
320903,Q5,Indoor plants and fresh flowers,HOUSING,Housing,DIRECT_CONCORDANCE_UCC,PUBLISHED_CE_BASIS,LABSTAT_PUBLISHED,NOT_VERIFIED,NOT_ESTABLISHED,UNKNOWN,HL021,HOUSEHOLD_FURNISHINGS_OPERATIONS,DIRECT,4308.000000,OBSERVED,7.630000,false,,,,,NOT_APPLICABLE,UNCLAIMED,,,,,NOT_APPLICABLE,RETAINED,4308.000000,,,,,,,,,NOT_APPLICABLE,ELIGIBLE,
320904,ALL_CU,Closet and storage items,HOUSING,Housing,DIRECT_CONCORDANCE_UCC,PUBLISHED_CE_BASIS,LABSTAT_PUBLISHED,NOT_VERIFIED,NOT_ESTABLISHED,UNKNOWN,HM090,HOUSEHOLD_FURNISHINGS_OPERATIONS,DIRECT,3379.000000,OBSERVED,12.890000,false,,,,,NOT_APPLICABLE,UNCLAIMED,,,,,NOT_APPLICABLE,RETAINED,3379.000000,,,,,,,,,NOT_APPLICABLE,ELIGIBLE,
320904,Q1,Closet and storage items,HOUSING,Housing,DIRECT_CONCORDANCE_UCC,PUBLISHED_CE_BASIS,LABSTAT_PUBLISHED,NOT_VERIFIED,NOT_ESTABLISHED,UNKNOWN,HM090,HOUSEHOLD_FURNISHINGS_OPERATIONS,DIRECT,286.000000,OBSERVED,33.340000,true,,,,,NOT_APPLICABLE,UNCLAIMED,,,,,NOT_APPLICABLE,RETAINED,286.000000,,,,,,,,,NOT_APPLICABLE,ELIGIBLE,
320904,Q2,Closet and storage items,HOUSING,Housing,DIRECT_CONCORDANCE_UCC,PUBLISHED_CE_BASIS,LABSTAT_PUBLISHED,NOT_VERIFIED,NOT_ESTABLISHED,UNKNOWN,HM090,HOUSEHOLD_FURNISHINGS_OPERATIONS,DIRECT,399.000000,OBSERVED,28.150000,true,,,,,NOT_APPLICABLE,UNCLAIMED,,,,,NOT_APPLICABLE,RETAINED,399.000000,,,,,,,,,NOT_APPLICABLE,ELIGIBLE,
320904,Q3,Closet and storage items,HOUSING,Housing,DIRECT_CONCORDANCE_UCC,PUBLISHED_CE_BASIS,LABSTAT_PUBLISHED,NOT_VERIFIED,NOT_ESTABLISHED,UNKNOWN,HM090,HOUSEHOLD_FURNISHINGS_OPERATIONS,DIRECT,483.000000,OBSERVED,28.660000,true,,,,,NOT_APPLICABLE,UNCLAIMED,,,,,NOT_APPLICABLE,RETAINED,483.000000,,,,,,,,,NOT_APPLICABLE,ELIGIBLE,
320904,Q4,Closet and storage items,HOUSING,Housing,DIRECT_CONCORDANCE_UCC,PUBLISHED_CE_BASIS,LABSTAT_PUBLISHED,NOT_VERIFIED,NOT_ESTABLISHED,UNKNOWN,HM090,HOUSEHOLD_FURNISHINGS_OPERATIONS,DIRECT,1012.000000,OBSERVED,24.610000,false,,,,,NOT_APPLICABLE,UNCLAIMED,,,,,NOT_APPLICABLE,RETAINED,1012.000000,,,,,,,,,NOT_APPLICABLE,ELIGIBLE,
320904,Q5,Closet and storage items,HOUSING,Housing,DIRECT_CONCORDANCE_UCC,PUBLISHED_CE_BASIS,LABSTAT_PUBLISHED,NOT_VERIFIED,NOT_ESTABLISHED,UNKNOWN,HM090,HOUSEHOLD_FURNISHINGS_OPERATIONS,DIRECT,1199.000000,OBSERVED,19.400000,false,,,,,NOT_APPLICABLE,UNCLAIMED,,,,,NOT_APPLICABLE,RETAINED,1199.000000,,,,,,,,,NOT_APPLICABLE,ELIGIBLE,
320905,ALL_CU,Miscellaneous household equipment and parts,HOUSING,Housing,DIRECT_CONCORDANCE_UCC,PUBLISHED_CE_BASIS,LABSTAT_PUBLISHED,NOT_VERIFIED,NOT_ESTABLISHED,UNKNOWN,HM090,HOUSEHOLD_FURNISHINGS_OPERATIONS,DIRECT,9569.000000,OBSERVED,7.780000,false,,,,,NOT_APPLICABLE,UNCLAIMED,,,,,NOT_APPLICABLE,RETAINED,9569.000000,,,,,,,,,NOT_APPLICABLE,ELIGIBLE,
320905,Q1,Miscellaneous household equipment and parts,HOUSING,Housing,DIRECT_CONCORDANCE_UCC,PUBLISHED_CE_BASIS,LABSTAT_PUBLISHED,NOT_VERIFIED,NOT_ESTABLISHED,UNKNOWN,HM090,HOUSEHOLD_FURNISHINGS_OPERATIONS,DIRECT,939.000000,OBSERVED,32.190000,true,,,,,NOT_APPLICABLE,UNCLAIMED,,,,,NOT_APPLICABLE,RETAINED,939.000000,,,,,,,,,NOT_APPLICABLE,ELIGIBLE,
320905,Q2,Miscellaneous household equipment and parts,HOUSING,Housing,DIRECT_CONCORDANCE_UCC,PUBLISHED_CE_BASIS,LABSTAT_PUBLISHED,NOT_VERIFIED,NOT_ESTABLISHED,UNKNOWN,HM090,HOUSEHOLD_FURNISHINGS_OPERATIONS,DIRECT,1637.000000,OBSERVED,22.220000,false,,,,,NOT_APPLICABLE,UNCLAIMED,,,,,NOT_APPLICABLE,RETAINED,1637.000000,,,,,,,,,NOT_APPLICABLE,ELIGIBLE,
320905,Q3,Miscellaneous household equipment and parts,HOUSING,Housing,DIRECT_CONCORDANCE_UCC,PUBLISHED_CE_BASIS,LABSTAT_PUBLISHED,NOT_VERIFIED,NOT_ESTABLISHED,UNKNOWN,HM090,HOUSEHOLD_FURNISHINGS_OPERATIONS,DIRECT,1623.000000,OBSERVED,15.600000,false,,,,,NOT_APPLICABLE,UNCLAIMED,,,,,NOT_APPLICABLE,RETAINED,1623.000000,,,,,,,,,NOT_APPLICABLE,ELIGIBLE,
320905,Q4,Miscellaneous household equipment and parts,HOUSING,Housing,DIRECT_CONCORDANCE_UCC,PUBLISHED_CE_BASIS,LABSTAT_PUBLISHED,NOT_VERIFIED,NOT_ESTABLISHED,UNKNOWN,HM090,HOUSEHOLD_FURNISHINGS_OPERATIONS,DIRECT,1800.000000,OBSERVED,15.320000,false,,,,,NOT_APPLICABLE,UNCLAIMED,,,,,NOT_APPLICABLE,RETAINED,1800.000000,,,,,,,,,NOT_APPLICABLE,ELIGIBLE,
320905,Q5,Miscellaneous household equipment and parts,HOUSING,Housing,DIRECT_CONCORDANCE_UCC,PUBLISHED_CE_BASIS,LABSTAT_PUBLISHED,NOT_VERIFIED,NOT_ESTABLISHED,UNKNOWN,HM090,HOUSEHOLD_FURNISHINGS_OPERATIONS,DIRECT,3571.000000,OBSERVED,12.780000,false,,,,,NOT_APPLICABLE,UNCLAIMED,,,,,NOT_APPLICABLE,RETAINED,3571.000000,,,,,,,,,NOT_APPLICABLE,ELIGIBLE,
330119,ALL_CU,Laundry and cleaning products,HOUSING,Housing,DIRECT_CONCORDANCE_UCC,PUBLISHED_CE_BASIS,LABSTAT_PUBLISHED,NOT_VERIFIED,NOT_ESTABLISHED,UNKNOWN,HN011,HOUSEHOLD_FURNISHINGS_OPERATIONS,DIRECT,28265.000000,OBSERVED,3.140000,false,,,,,NOT_APPLICABLE,UNCLAIMED,,,,,NOT_APPLICABLE,RETAINED,28265.000000,,,,,,,,,NOT_APPLICABLE,ELIGIBLE,
330119,Q1,Laundry and cleaning products,HOUSING,Housing,DIRECT_CONCORDANCE_UCC,PUBLISHED_CE_BASIS,LABSTAT_PUBLISHED,NOT_VERIFIED,NOT_ESTABLISHED,UNKNOWN,HN011,HOUSEHOLD_FURNISHINGS_OPERATIONS,DIRECT,3727.000000,OBSERVED,9.990000,false,,,,,NOT_APPLICABLE,UNCLAIMED,,,,,NOT_APPLICABLE,RETAINED,3727.000000,,,,,,,,,NOT_APPLICABLE,ELIGIBLE,
330119,Q2,Laundry and cleaning products,HOUSING,Housing,DIRECT_CONCORDANCE_UCC,PUBLISHED_CE_BASIS,LABSTAT_PUBLISHED,NOT_VERIFIED,NOT_ESTABLISHED,UNKNOWN,HN011,HOUSEHOLD_FURNISHINGS_OPERATIONS,DIRECT,4571.000000,OBSERVED,8.700000,false,,,,,NOT_APPLICABLE,UNCLAIMED,,,,,NOT_APPLICABLE,RETAINED,4571.000000,,,,,,,,,NOT_APPLICABLE,ELIGIBLE,
330119,Q3,Laundry and cleaning products,HOUSING,Housing,DIRECT_CONCORDANCE_UCC,PUBLISHED_CE_BASIS,LABSTAT_PUBLISHED,NOT_VERIFIED,NOT_ESTABLISHED,UNKNOWN,HN011,HOUSEHOLD_FURNISHINGS_OPERATIONS,DIRECT,5869.000000,OBSERVED,8.490000,false,,,,,NOT_APPLICABLE,UNCLAIMED,,,,,NOT_APPLICABLE,RETAINED,5869.000000,,,,,,,,,NOT_APPLICABLE,ELIGIBLE,
330119,Q4,Laundry and cleaning products,HOUSING,Housing,DIRECT_CONCORDANCE_UCC,PUBLISHED_CE_BASIS,LABSTAT_PUBLISHED,NOT_VERIFIED,NOT_ESTABLISHED,UNKNOWN,HN011,HOUSEHOLD_FURNISHINGS_OPERATIONS,DIRECT,6975.000000,OBSERVED,8.570000,false,,,,,NOT_APPLICABLE,UNCLAIMED,,,,,NOT_APPLICABLE,RETAINED,6975.000000,,,,,,,,,NOT_APPLICABLE,ELIGIBLE,
330119,Q5,Laundry and cleaning products,HOUSING,Housing,DIRECT_CONCORDANCE_UCC,PUBLISHED_CE_BASIS,LABSTAT_PUBLISHED,NOT_VERIFIED,NOT_ESTABLISHED,UNKNOWN,HN011,HOUSEHOLD_FURNISHINGS_OPERATIONS,DIRECT,7124.000000,OBSERVED,8.260000,false,,,,,NOT_APPLICABLE,UNCLAIMED,,,,,NOT_APPLICABLE,RETAINED,7124.000000,,,,,,,,,NOT_APPLICABLE,ELIGIBLE,
330310,ALL_CU,"Cleansing and toilet tissue, paper towels, and napkins",HOUSING,Housing,DIRECT_CONCORDANCE_UCC,PUBLISHED_CE_BASIS,LABSTAT_PUBLISHED,NOT_VERIFIED,NOT_ESTABLISHED,UNKNOWN,HN021,HOUSEHOLD_FURNISHINGS_OPERATIONS,DIRECT,17759.000000,OBSERVED,4.110000,false,,,,,NOT_APPLICABLE,UNCLAIMED,,,,,NOT_APPLICABLE,RETAINED,17759.000000,,,,,,,,,NOT_APPLICABLE,ELIGIBLE,
330310,Q1,"Cleansing and toilet tissue, paper towels, and napkins",HOUSING,Housing,DIRECT_CONCORDANCE_UCC,PUBLISHED_CE_BASIS,LABSTAT_PUBLISHED,NOT_VERIFIED,NOT_ESTABLISHED,UNKNOWN,HN021,HOUSEHOLD_FURNISHINGS_OPERATIONS,DIRECT,2618.000000,OBSERVED,8.710000,false,,,,,NOT_APPLICABLE,UNCLAIMED,,,,,NOT_APPLICABLE,RETAINED,2618.000000,,,,,,,,,NOT_APPLICABLE,ELIGIBLE,
330310,Q2,"Cleansing and toilet tissue, paper towels, and napkins",HOUSING,Housing,DIRECT_CONCORDANCE_UCC,PUBLISHED_CE_BASIS,LABSTAT_PUBLISHED,NOT_VERIFIED,NOT_ESTABLISHED,UNKNOWN,HN021,HOUSEHOLD_FURNISHINGS_OPERATIONS,DIRECT,3336.000000,OBSERVED,8.920000,false,,,,,NOT_APPLICABLE,UNCLAIMED,,,,,NOT_APPLICABLE,RETAINED,3336.000000,,,,,,,,,NOT_APPLICABLE,ELIGIBLE,
330310,Q3,"Cleansing and toilet tissue, paper towels, and napkins",HOUSING,Housing,DIRECT_CONCORDANCE_UCC,PUBLISHED_CE_BASIS,LABSTAT_PUBLISHED,NOT_VERIFIED,NOT_ESTABLISHED,UNKNOWN,HN021,HOUSEHOLD_FURNISHINGS_OPERATIONS,DIRECT,3365.000000,OBSERVED,6.970000,false,,,,,NOT_APPLICABLE,UNCLAIMED,,,,,NOT_APPLICABLE,RETAINED,3365.000000,,,,,,,,,NOT_APPLICABLE,ELIGIBLE,
330310,Q4,"Cleansing and toilet tissue, paper towels, and napkins",HOUSING,Housing,DIRECT_CONCORDANCE_UCC,PUBLISHED_CE_BASIS,LABSTAT_PUBLISHED,NOT_VERIFIED,NOT_ESTABLISHED,UNKNOWN,HN021,HOUSEHOLD_FURNISHINGS_OPERATIONS,DIRECT,3976.000000,OBSERVED,7.680000,false,,,,,NOT_APPLICABLE,UNCLAIMED,,,,,NOT_APPLICABLE,RETAINED,3976.000000,,,,,,,,,NOT_APPLICABLE,ELIGIBLE,
330310,Q5,"Cleansing and toilet tissue, paper towels, and napkins",HOUSING,Housing,DIRECT_CONCORDANCE_UCC,PUBLISHED_CE_BASIS,LABSTAT_PUBLISHED,NOT_VERIFIED,NOT_ESTABLISHED,UNKNOWN,HN021,HOUSEHOLD_FURNISHINGS_OPERATIONS,DIRECT,4464.000000,OBSERVED,7.490000,false,,,,,NOT_APPLICABLE,UNCLAIMED,,,,,NOT_APPLICABLE,RETAINED,4464.000000,,,,,,,,,NOT_APPLICABLE,ELIGIBLE,
330410,ALL_CU,"Stationery, stationery supplies, and gift wrap",HOUSING,Housing,DIRECT_CONCORDANCE_UCC,PUBLISHED_CE_BASIS,LABSTAT_PUBLISHED,NOT_VERIFIED,NOT_ESTABLISHED,UNKNOWN,GE011,OTHER_GOODS_SERVICES,DIRECT,11578.000000,OBSERVED,12.120000,false,,,,,NOT_APPLICABLE,UNCLAIMED,,,,,NOT_APPLICABLE,RETAINED,11578.000000,,,,,,,,,NOT_APPLICABLE,ELIGIBLE,
330410,Q1,"Stationery, stationery supplies, and gift wrap",HOUSING,Housing,DIRECT_CONCORDANCE_UCC,PUBLISHED_CE_BASIS,LABSTAT_PUBLISHED,NOT_VERIFIED,NOT_ESTABLISHED,UNKNOWN,GE011,OTHER_GOODS_SERVICES,DIRECT,793.000000,OBSERVED,13.610000,false,,,,,NOT_APPLICABLE,UNCLAIMED,,,,,NOT_APPLICABLE,RETAINED,793.000000,,,,,,,,,NOT_APPLICABLE,ELIGIBLE,
330410,Q2,"Stationery, stationery supplies, and gift wrap",HOUSING,Housing,DIRECT_CONCORDANCE_UCC,PUBLISHED_CE_BASIS,LABSTAT_PUBLISHED,NOT_VERIFIED,NOT_ESTABLISHED,UNKNOWN,GE011,OTHER_GOODS_SERVICES,DIRECT,1627.000000,OBSERVED,14.590000,false,,,,,NOT_APPLICABLE,UNCLAIMED,,,,,NOT_APPLICABLE,RETAINED,1627.000000,,,,,,,,,NOT_APPLICABLE,ELIGIBLE,
330410,Q3,"Stationery, stationery supplies, and gift wrap",HOUSING,Housing,DIRECT_CONCORDANCE_UCC,PUBLISHED_CE_BASIS,LABSTAT_PUBLISHED,NOT_VERIFIED,NOT_ESTABLISHED,UNKNOWN,GE011,OTHER_GOODS_SERVICES,DIRECT,1570.000000,OBSERVED,16.610000,false,,,,,NOT_APPLICABLE,UNCLAIMED,,,,,NOT_APPLICABLE,RETAINED,1570.000000,,,,,,,,,NOT_APPLICABLE,ELIGIBLE,
330410,Q4,"Stationery, stationery supplies, and gift wrap",HOUSING,Housing,DIRECT_CONCORDANCE_UCC,PUBLISHED_CE_BASIS,LABSTAT_PUBLISHED,NOT_VERIFIED,NOT_ESTABLISHED,UNKNOWN,GE011,OTHER_GOODS_SERVICES,DIRECT,2183.000000,OBSERVED,13.870000,false,,,,,NOT_APPLICABLE,UNCLAIMED,,,,,NOT_APPLICABLE,RETAINED,2183.000000,,,,,,,,,NOT_APPLICABLE,ELIGIBLE,
330410,Q5,"Stationery, stationery supplies, and gift wrap",HOUSING,Housing,DIRECT_CONCORDANCE_UCC,PUBLISHED_CE_BASIS,LABSTAT_PUBLISHED,NOT_VERIFIED,NOT_ESTABLISHED,UNKNOWN,GE011,OTHER_GOODS_SERVICES,DIRECT,5405.000000,OBSERVED,23.640000,false,,,,,NOT_APPLICABLE,UNCLAIMED,,,,,NOT_APPLICABLE,RETAINED,5405.000000,,,,,,,,,NOT_APPLICABLE,ELIGIBLE,
330510,ALL_CU,Miscellaneous household products,HOUSING,Housing,DIRECT_CONCORDANCE_UCC,PUBLISHED_CE_BASIS,LABSTAT_PUBLISHED,NOT_VERIFIED,NOT_ESTABLISHED,UNKNOWN,HN031,HOUSEHOLD_FURNISHINGS_OPERATIONS,DIRECT,37507.000000,OBSERVED,5.260000,false,,,,,NOT_APPLICABLE,UNCLAIMED,,,,,NOT_APPLICABLE,RETAINED,37507.000000,,,,,,,,,NOT_APPLICABLE,ELIGIBLE,
330510,Q1,Miscellaneous household products,HOUSING,Housing,DIRECT_CONCORDANCE_UCC,PUBLISHED_CE_BASIS,LABSTAT_PUBLISHED,NOT_VERIFIED,NOT_ESTABLISHED,UNKNOWN,HN031,HOUSEHOLD_FURNISHINGS_OPERATIONS,DIRECT,3973.000000,OBSERVED,14.030000,false,,,,,NOT_APPLICABLE,UNCLAIMED,,,,,NOT_APPLICABLE,RETAINED,3973.000000,,,,,,,,,NOT_APPLICABLE,ELIGIBLE,
330510,Q2,Miscellaneous household products,HOUSING,Housing,DIRECT_CONCORDANCE_UCC,PUBLISHED_CE_BASIS,LABSTAT_PUBLISHED,NOT_VERIFIED,NOT_ESTABLISHED,UNKNOWN,HN031,HOUSEHOLD_FURNISHINGS_OPERATIONS,DIRECT,5398.000000,OBSERVED,10.860000,false,,,,,NOT_APPLICABLE,UNCLAIMED,,,,,NOT_APPLICABLE,RETAINED,5398.000000,,,,,,,,,NOT_APPLICABLE,ELIGIBLE,
330510,Q3,Miscellaneous household products,HOUSING,Housing,DIRECT_CONCORDANCE_UCC,PUBLISHED_CE_BASIS,LABSTAT_PUBLISHED,NOT_VERIFIED,NOT_ESTABLISHED,UNKNOWN,HN031,HOUSEHOLD_FURNISHINGS_OPERATIONS,DIRECT,6379.000000,OBSERVED,9.220000,false,,,,,NOT_APPLICABLE,UNCLAIMED,,,,,NOT_APPLICABLE,RETAINED,6379.000000,,,,,,,,,NOT_APPLICABLE,ELIGIBLE,
330510,Q4,Miscellaneous household products,HOUSING,Housing,DIRECT_CONCORDANCE_UCC,PUBLISHED_CE_BASIS,LABSTAT_PUBLISHED,NOT_VERIFIED,NOT_ESTABLISHED,UNKNOWN,HN031,HOUSEHOLD_FURNISHINGS_OPERATIONS,DIRECT,10240.000000,OBSERVED,12.550000,false,,,,,NOT_APPLICABLE,UNCLAIMED,,,,,NOT_APPLICABLE,RETAINED,10240.000000,,,,,,,,,NOT_APPLICABLE,ELIGIBLE,
330510,Q5,Miscellaneous household products,HOUSING,Housing,DIRECT_CONCORDANCE_UCC,PUBLISHED_CE_BASIS,LABSTAT_PUBLISHED,NOT_VERIFIED,NOT_ESTABLISHED,UNKNOWN,HN031,HOUSEHOLD_FURNISHINGS_OPERATIONS,DIRECT,11517.000000,OBSERVED,8.250000,false,,,,,NOT_APPLICABLE,UNCLAIMED,,,,,NOT_APPLICABLE,RETAINED,11517.000000,,,,,,,,,NOT_APPLICABLE,ELIGIBLE,
330511,ALL_CU,Termite/pest control products,HOUSING,Housing,DIRECT_CONCORDANCE_UCC,PUBLISHED_CE_BASIS,LABSTAT_PUBLISHED,NOT_VERIFIED,NOT_ESTABLISHED,UNKNOWN,HM022,HOUSEHOLD_FURNISHINGS_OPERATIONS,DIRECT,2309.000000,OBSERVED,5.670000,false,,,,,NOT_APPLICABLE,UNCLAIMED,,,,,NOT_APPLICABLE,RETAINED,2309.000000,,,,,,,,,NOT_APPLICABLE,ELIGIBLE,
330511,Q1,Termite/pest control products,HOUSING,Housing,DIRECT_CONCORDANCE_UCC,PUBLISHED_CE_BASIS,LABSTAT_PUBLISHED,NOT_VERIFIED,NOT_ESTABLISHED,UNKNOWN,HM022,HOUSEHOLD_FURNISHINGS_OPERATIONS,DIRECT,218.000000,OBSERVED,21.590000,false,,,,,NOT_APPLICABLE,UNCLAIMED,,,,,NOT_APPLICABLE,RETAINED,218.000000,,,,,,,,,NOT_APPLICABLE,ELIGIBLE,
330511,Q2,Termite/pest control products,HOUSING,Housing,DIRECT_CONCORDANCE_UCC,PUBLISHED_CE_BASIS,LABSTAT_PUBLISHED,NOT_VERIFIED,NOT_ESTABLISHED,UNKNOWN,HM022,HOUSEHOLD_FURNISHINGS_OPERATIONS,DIRECT,298.000000,OBSERVED,17.210000,false,,,,,NOT_APPLICABLE,UNCLAIMED,,,,,NOT_APPLICABLE,RETAINED,298.000000,,,,,,,,,NOT_APPLICABLE,ELIGIBLE,
330511,Q3,Termite/pest control products,HOUSING,Housing,DIRECT_CONCORDANCE_UCC,PUBLISHED_CE_BASIS,LABSTAT_PUBLISHED,NOT_VERIFIED,NOT_ESTABLISHED,UNKNOWN,HM022,HOUSEHOLD_FURNISHINGS_OPERATIONS,DIRECT,350.000000,OBSERVED,8.920000,false,,,,,NOT_APPLICABLE,UNCLAIMED,,,,,NOT_APPLICABLE,RETAINED,350.000000,,,,,,,,,NOT_APPLICABLE,ELIGIBLE,
330511,Q4,Termite/pest control products,HOUSING,Housing,DIRECT_CONCORDANCE_UCC,PUBLISHED_CE_BASIS,LABSTAT_PUBLISHED,NOT_VERIFIED,NOT_ESTABLISHED,UNKNOWN,HM022,HOUSEHOLD_FURNISHINGS_OPERATIONS,DIRECT,487.000000,OBSERVED,8.770000,false,,,,,NOT_APPLICABLE,UNCLAIMED,,,,,NOT_APPLICABLE,RETAINED,487.000000,,,,,,,,,NOT_APPLICABLE,ELIGIBLE,
330511,Q5,Termite/pest control products,HOUSING,Housing,DIRECT_CONCORDANCE_UCC,PUBLISHED_CE_BASIS,LABSTAT_PUBLISHED,NOT_VERIFIED,NOT_ESTABLISHED,UNKNOWN,HM022,HOUSEHOLD_FURNISHINGS_OPERATIONS,DIRECT,955.000000,OBSERVED,4.810000,false,,,,,NOT_APPLICABLE,UNCLAIMED,,,,,NOT_APPLICABLE,RETAINED,955.000000,,,,,,,,,NOT_APPLICABLE,ELIGIBLE,
330610,ALL_CU,Lawn and garden supplies,HOUSING,Housing,DIRECT_CONCORDANCE_UCC,PUBLISHED_CE_BASIS,LABSTAT_PUBLISHED,NOT_VERIFIED,NOT_ESTABLISHED,UNKNOWN,HM022,HOUSEHOLD_FURNISHINGS_OPERATIONS,DIRECT,17411.000000,OBSERVED,5.630000,false,,,,,NOT_APPLICABLE,UNCLAIMED,,,,,NOT_APPLICABLE,RETAINED,17411.000000,,,,,,,,,NOT_APPLICABLE,ELIGIBLE,
330610,Q1,Lawn and garden supplies,HOUSING,Housing,DIRECT_CONCORDANCE_UCC,PUBLISHED_CE_BASIS,LABSTAT_PUBLISHED,NOT_VERIFIED,NOT_ESTABLISHED,UNKNOWN,HM022,HOUSEHOLD_FURNISHINGS_OPERATIONS,DIRECT,2051.000000,OBSERVED,24.220000,false,,,,,NOT_APPLICABLE,UNCLAIMED,,,,,NOT_APPLICABLE,RETAINED,2051.000000,,,,,,,,,NOT_APPLICABLE,ELIGIBLE,
330610,Q2,Lawn and garden supplies,HOUSING,Housing,DIRECT_CONCORDANCE_UCC,PUBLISHED_CE_BASIS,LABSTAT_PUBLISHED,NOT_VERIFIED,NOT_ESTABLISHED,UNKNOWN,HM022,HOUSEHOLD_FURNISHINGS_OPERATIONS,DIRECT,2528.000000,OBSERVED,12.490000,false,,,,,NOT_APPLICABLE,UNCLAIMED,,,,,NOT_APPLICABLE,RETAINED,2528.000000,,,,,,,,,NOT_APPLICABLE,ELIGIBLE,
330610,Q3,Lawn and garden supplies,HOUSING,Housing,DIRECT_CONCORDANCE_UCC,PUBLISHED_CE_BASIS,LABSTAT_PUBLISHED,NOT_VERIFIED,NOT_ESTABLISHED,UNKNOWN,HM022,HOUSEHOLD_FURNISHINGS_OPERATIONS,DIRECT,3148.000000,OBSERVED,13.440000,false,,,,,NOT_APPLICABLE,UNCLAIMED,,,,,NOT_APPLICABLE,RETAINED,3148.000000,,,,,,,,,NOT_APPLICABLE,ELIGIBLE,
330610,Q4,Lawn and garden supplies,HOUSING,Housing,DIRECT_CONCORDANCE_UCC,PUBLISHED_CE_BASIS,LABSTAT_PUBLISHED,NOT_VERIFIED,NOT_ESTABLISHED,UNKNOWN,HM022,HOUSEHOLD_FURNISHINGS_OPERATIONS,DIRECT,3772.000000,OBSERVED,16.950000,false,,,,,NOT_APPLICABLE,UNCLAIMED,,,,,NOT_APPLICABLE,RETAINED,3772.000000,,,,,,,,,NOT_APPLICABLE,ELIGIBLE,
330610,Q5,Lawn and garden supplies,HOUSING,Housing,DIRECT_CONCORDANCE_UCC,PUBLISHED_CE_BASIS,LABSTAT_PUBLISHED,NOT_VERIFIED,NOT_ESTABLISHED,UNKNOWN,HM022,HOUSEHOLD_FURNISHINGS_OPERATIONS,DIRECT,5914.000000,OBSERVED,13.740000,false,,,,,NOT_APPLICABLE,UNCLAIMED,,,,,NOT_APPLICABLE,RETAINED,5914.000000,,,,,,,,,NOT_APPLICABLE,ELIGIBLE,
340110,ALL_CU,Postage,HOUSING,Housing,DIRECT_CONCORDANCE_UCC,PUBLISHED_CE_BASIS,LABSTAT_PUBLISHED,NOT_VERIFIED,NOT_ESTABLISHED,UNKNOWN,EC011,EDUCATION_COMMUNICATION,DIRECT,5857.000000,OBSERVED,12.510000,false,,,,,NOT_APPLICABLE,UNCLAIMED,,,,,NOT_APPLICABLE,RETAINED,5857.000000,,,,,,,,,NOT_APPLICABLE,ELIGIBLE,
340110,Q1,Postage,HOUSING,Housing,DIRECT_CONCORDANCE_UCC,PUBLISHED_CE_BASIS,LABSTAT_PUBLISHED,NOT_VERIFIED,NOT_ESTABLISHED,UNKNOWN,EC011,EDUCATION_COMMUNICATION,DIRECT,660.000000,OBSERVED,29.020000,true,,,,,NOT_APPLICABLE,UNCLAIMED,,,,,NOT_APPLICABLE,RETAINED,660.000000,,,,,,,,,NOT_APPLICABLE,ELIGIBLE,
340110,Q2,Postage,HOUSING,Housing,DIRECT_CONCORDANCE_UCC,PUBLISHED_CE_BASIS,LABSTAT_PUBLISHED,NOT_VERIFIED,NOT_ESTABLISHED,UNKNOWN,EC011,EDUCATION_COMMUNICATION,DIRECT,886.000000,OBSERVED,17.660000,false,,,,,NOT_APPLICABLE,UNCLAIMED,,,,,NOT_APPLICABLE,RETAINED,886.000000,,,,,,,,,NOT_APPLICABLE,ELIGIBLE,
340110,Q3,Postage,HOUSING,Housing,DIRECT_CONCORDANCE_UCC,PUBLISHED_CE_BASIS,LABSTAT_PUBLISHED,NOT_VERIFIED,NOT_ESTABLISHED,UNKNOWN,EC011,EDUCATION_COMMUNICATION,DIRECT,1203.000000,OBSERVED,19.920000,false,,,,,NOT_APPLICABLE,UNCLAIMED,,,,,NOT_APPLICABLE,RETAINED,1203.000000,,,,,,,,,NOT_APPLICABLE,ELIGIBLE,
340110,Q4,Postage,HOUSING,Housing,DIRECT_CONCORDANCE_UCC,PUBLISHED_CE_BASIS,LABSTAT_PUBLISHED,NOT_VERIFIED,NOT_ESTABLISHED,UNKNOWN,EC011,EDUCATION_COMMUNICATION,DIRECT,1622.000000,OBSERVED,34.120000,true,,,,,NOT_APPLICABLE,UNCLAIMED,,,,,NOT_APPLICABLE,RETAINED,1622.000000,,,,,,,,,NOT_APPLICABLE,ELIGIBLE,
340110,Q5,Postage,HOUSING,Housing,DIRECT_CONCORDANCE_UCC,PUBLISHED_CE_BASIS,LABSTAT_PUBLISHED,NOT_VERIFIED,NOT_ESTABLISHED,UNKNOWN,EC011,EDUCATION_COMMUNICATION,DIRECT,1486.000000,OBSERVED,16.140000,false,,,,,NOT_APPLICABLE,UNCLAIMED,,,,,NOT_APPLICABLE,RETAINED,1486.000000,,,,,,,,,NOT_APPLICABLE,ELIGIBLE,
340120,ALL_CU,Delivery services,HOUSING,Housing,DIRECT_CONCORDANCE_UCC,PUBLISHED_CE_BASIS,LABSTAT_PUBLISHED,NOT_VERIFIED,NOT_ESTABLISHED,UNKNOWN,EC021,EDUCATION_COMMUNICATION,DIRECT,335.000000,OBSERVED,19.920000,false,,,,,NOT_APPLICABLE,UNCLAIMED,,,,,NOT_APPLICABLE,RETAINED,335.000000,,,,,,,,,NOT_APPLICABLE,ELIGIBLE,
340120,Q1,Delivery services,HOUSING,Housing,DIRECT_CONCORDANCE_UCC,PUBLISHED_CE_BASIS,LABSTAT_PUBLISHED,NOT_VERIFIED,NOT_ESTABLISHED,UNKNOWN,EC021,EDUCATION_COMMUNICATION,DIRECT,44.000000,OBSERVED,42.840000,true,,,,,NOT_APPLICABLE,UNCLAIMED,,,,,NOT_APPLICABLE,RETAINED,44.000000,,,,,,,,,NOT_APPLICABLE,ELIGIBLE,
340120,Q2,Delivery services,HOUSING,Housing,DIRECT_CONCORDANCE_UCC,PUBLISHED_CE_BASIS,LABSTAT_PUBLISHED,NOT_VERIFIED,NOT_ESTABLISHED,UNKNOWN,EC021,EDUCATION_COMMUNICATION,DIRECT,87.000000,OBSERVED,87.190000,true,,,,,NOT_APPLICABLE,UNCLAIMED,,,,,NOT_APPLICABLE,RETAINED,87.000000,,,,,,,,,NOT_APPLICABLE,ELIGIBLE,
340120,Q3,Delivery services,HOUSING,Housing,DIRECT_CONCORDANCE_UCC,PUBLISHED_CE_BASIS,LABSTAT_PUBLISHED,NOT_VERIFIED,NOT_ESTABLISHED,UNKNOWN,EC021,EDUCATION_COMMUNICATION,DIRECT,63.000000,OBSERVED,80.980000,true,,,,,NOT_APPLICABLE,UNCLAIMED,,,,,NOT_APPLICABLE,RETAINED,63.000000,,,,,,,,,NOT_APPLICABLE,ELIGIBLE,
340120,Q4,Delivery services,HOUSING,Housing,DIRECT_CONCORDANCE_UCC,PUBLISHED_CE_BASIS,LABSTAT_PUBLISHED,NOT_VERIFIED,NOT_ESTABLISHED,UNKNOWN,EC021,EDUCATION_COMMUNICATION,DIRECT,87.000000,OBSERVED,53.420000,true,,,,,NOT_APPLICABLE,UNCLAIMED,,,,,NOT_APPLICABLE,RETAINED,87.000000,,,,,,,,,NOT_APPLICABLE,ELIGIBLE,
340120,Q5,Delivery services,HOUSING,Housing,DIRECT_CONCORDANCE_UCC,PUBLISHED_CE_BASIS,LABSTAT_PUBLISHED,NOT_VERIFIED,NOT_ESTABLISHED,UNKNOWN,EC021,EDUCATION_COMMUNICATION,DIRECT,54.000000,OBSERVED,42.310000,true,,,,,NOT_APPLICABLE,UNCLAIMED,,,,,NOT_APPLICABLE,RETAINED,54.000000,,,,,,,,,NOT_APPLICABLE,ELIGIBLE,
340310,ALL_CU,Housekeeping services,HOUSING,Housing,DIRECT_CONCORDANCE_UCC,PUBLISHED_CE_BASIS,LABSTAT_PUBLISHED,NOT_VERIFIED,NOT_ESTABLISHED,UNKNOWN,HP011,HOUSEHOLD_FURNISHINGS_OPERATIONS,DIRECT,25286.000000,OBSERVED,5.450000,false,,,,,NOT_APPLICABLE,UNCLAIMED,,,,,NOT_APPLICABLE,RETAINED,25286.000000,,,,,,,,,NOT_APPLICABLE,ELIGIBLE,
340310,Q1,Housekeeping services,HOUSING,Housing,DIRECT_CONCORDANCE_UCC,PUBLISHED_CE_BASIS,LABSTAT_PUBLISHED,NOT_VERIFIED,NOT_ESTABLISHED,UNKNOWN,HP011,HOUSEHOLD_FURNISHINGS_OPERATIONS,DIRECT,1207.000000,OBSERVED,15.990000,false,,,,,NOT_APPLICABLE,UNCLAIMED,,,,,NOT_APPLICABLE,RETAINED,1207.000000,,,,,,,,,NOT_APPLICABLE,ELIGIBLE,
340310,Q2,Housekeeping services,HOUSING,Housing,DIRECT_CONCORDANCE_UCC,PUBLISHED_CE_BASIS,LABSTAT_PUBLISHED,NOT_VERIFIED,NOT_ESTABLISHED,UNKNOWN,HP011,HOUSEHOLD_FURNISHINGS_OPERATIONS,DIRECT,1917.000000,OBSERVED,12.570000,false,,,,,NOT_APPLICABLE,UNCLAIMED,,,,,NOT_APPLICABLE,RETAINED,1917.000000,,,,,,,,,NOT_APPLICABLE,ELIGIBLE,
340310,Q3,Housekeeping services,HOUSING,Housing,DIRECT_CONCORDANCE_UCC,PUBLISHED_CE_BASIS,LABSTAT_PUBLISHED,NOT_VERIFIED,NOT_ESTABLISHED,UNKNOWN,HP011,HOUSEHOLD_FURNISHINGS_OPERATIONS,DIRECT,2631.000000,OBSERVED,11.580000,false,,,,,NOT_APPLICABLE,UNCLAIMED,,,,,NOT_APPLICABLE,RETAINED,2631.000000,,,,,,,,,NOT_APPLICABLE,ELIGIBLE,
340310,Q4,Housekeeping services,HOUSING,Housing,DIRECT_CONCORDANCE_UCC,PUBLISHED_CE_BASIS,LABSTAT_PUBLISHED,NOT_VERIFIED,NOT_ESTABLISHED,UNKNOWN,HP011,HOUSEHOLD_FURNISHINGS_OPERATIONS,DIRECT,3954.000000,OBSERVED,10.270000,false,,,,,NOT_APPLICABLE,UNCLAIMED,,,,,NOT_APPLICABLE,RETAINED,3954.000000,,,,,,,,,NOT_APPLICABLE,ELIGIBLE,
340310,Q5,Housekeeping services,HOUSING,Housing,DIRECT_CONCORDANCE_UCC,PUBLISHED_CE_BASIS,LABSTAT_PUBLISHED,NOT_VERIFIED,NOT_ESTABLISHED,UNKNOWN,HP011,HOUSEHOLD_FURNISHINGS_OPERATIONS,DIRECT,15577.000000,OBSERVED,6.910000,false,,,,,NOT_APPLICABLE,UNCLAIMED,,,,,NOT_APPLICABLE,RETAINED,15577.000000,,,,,,,,,NOT_APPLICABLE,ELIGIBLE,
340410,ALL_CU,Gardening and lawn care service,HOUSING,Housing,DIRECT_CONCORDANCE_UCC,PUBLISHED_CE_BASIS,LABSTAT_PUBLISHED,NOT_VERIFIED,NOT_ESTABLISHED,UNKNOWN,HP021,HOUSEHOLD_FURNISHINGS_OPERATIONS,DIRECT,32314.000000,OBSERVED,7.640000,false,,,,,NOT_APPLICABLE,UNCLAIMED,,,,,NOT_APPLICABLE,RETAINED,32314.000000,,,,,,,,,NOT_APPLICABLE,ELIGIBLE,
340410,Q1,Gardening and lawn care service,HOUSING,Housing,DIRECT_CONCORDANCE_UCC,PUBLISHED_CE_BASIS,LABSTAT_PUBLISHED,NOT_VERIFIED,NOT_ESTABLISHED,UNKNOWN,HP021,HOUSEHOLD_FURNISHINGS_OPERATIONS,DIRECT,2735.000000,OBSERVED,13.190000,false,,,,,NOT_APPLICABLE,UNCLAIMED,,,,,NOT_APPLICABLE,RETAINED,2735.000000,,,,,,,,,NOT_APPLICABLE,ELIGIBLE,
340410,Q2,Gardening and lawn care service,HOUSING,Housing,DIRECT_CONCORDANCE_UCC,PUBLISHED_CE_BASIS,LABSTAT_PUBLISHED,NOT_VERIFIED,NOT_ESTABLISHED,UNKNOWN,HP021,HOUSEHOLD_FURNISHINGS_OPERATIONS,DIRECT,4568.000000,OBSERVED,14.260000,false,,,,,NOT_APPLICABLE,UNCLAIMED,,,,,NOT_APPLICABLE,RETAINED,4568.000000,,,,,,,,,NOT_APPLICABLE,ELIGIBLE,
340410,Q3,Gardening and lawn care service,HOUSING,Housing,DIRECT_CONCORDANCE_UCC,PUBLISHED_CE_BASIS,LABSTAT_PUBLISHED,NOT_VERIFIED,NOT_ESTABLISHED,UNKNOWN,HP021,HOUSEHOLD_FURNISHINGS_OPERATIONS,DIRECT,4569.000000,OBSERVED,9.730000,false,,,,,NOT_APPLICABLE,UNCLAIMED,,,,,NOT_APPLICABLE,RETAINED,4569.000000,,,,,,,,,NOT_APPLICABLE,ELIGIBLE,
340410,Q4,Gardening and lawn care service,HOUSING,Housing,DIRECT_CONCORDANCE_UCC,PUBLISHED_CE_BASIS,LABSTAT_PUBLISHED,NOT_VERIFIED,NOT_ESTABLISHED,UNKNOWN,HP021,HOUSEHOLD_FURNISHINGS_OPERATIONS,DIRECT,6188.000000,OBSERVED,9.510000,false,,,,,NOT_APPLICABLE,UNCLAIMED,,,,,NOT_APPLICABLE,RETAINED,6188.000000,,,,,,,,,NOT_APPLICABLE,ELIGIBLE,
340410,Q5,Gardening and lawn care service,HOUSING,Housing,DIRECT_CONCORDANCE_UCC,PUBLISHED_CE_BASIS,LABSTAT_PUBLISHED,NOT_VERIFIED,NOT_ESTABLISHED,UNKNOWN,HP021,HOUSEHOLD_FURNISHINGS_OPERATIONS,DIRECT,14255.000000,OBSERVED,10.570000,false,,,,,NOT_APPLICABLE,UNCLAIMED,,,,,NOT_APPLICABLE,RETAINED,14255.000000,,,,,,,,,NOT_APPLICABLE,ELIGIBLE,
340420,ALL_CU,Water softening services,HOUSING,Housing,DIRECT_CONCORDANCE_UCC,PUBLISHED_CE_BASIS,LABSTAT_PUBLISHED,NOT_VERIFIED,NOT_ESTABLISHED,UNKNOWN,HP090,HOUSEHOLD_FURNISHINGS_OPERATIONS,DIRECT,91.000000,OBSERVED,27.470000,true,,,,,NOT_APPLICABLE,UNCLAIMED,,,,,NOT_APPLICABLE,RETAINED,91.000000,,,,,,,,,NOT_APPLICABLE,ELIGIBLE,
340420,Q1,Water softening services,HOUSING,Housing,DIRECT_CONCORDANCE_UCC,PUBLISHED_CE_BASIS,LABSTAT_PUBLISHED,NOT_VERIFIED,NOT_ESTABLISHED,UNKNOWN,HP090,HOUSEHOLD_FURNISHINGS_OPERATIONS,DIRECT,22.000000,OBSERVED,44.950000,true,,,,,NOT_APPLICABLE,UNCLAIMED,,,,,NOT_APPLICABLE,RETAINED,22.000000,,,,,,,,,NOT_APPLICABLE,ELIGIBLE,
340420,Q2,Water softening services,HOUSING,Housing,DIRECT_CONCORDANCE_UCC,PUBLISHED_CE_BASIS,LABSTAT_PUBLISHED,NOT_VERIFIED,NOT_ESTABLISHED,UNKNOWN,HP090,HOUSEHOLD_FURNISHINGS_OPERATIONS,DIRECT,18.000000,OBSERVED,45.590000,true,,,,,NOT_APPLICABLE,UNCLAIMED,,,,,NOT_APPLICABLE,RETAINED,18.000000,,,,,,,,,NOT_APPLICABLE,ELIGIBLE,
340420,Q3,Water softening services,HOUSING,Housing,DIRECT_CONCORDANCE_UCC,PUBLISHED_CE_BASIS,LABSTAT_PUBLISHED,NOT_VERIFIED,NOT_ESTABLISHED,UNKNOWN,HP090,HOUSEHOLD_FURNISHINGS_OPERATIONS,DIRECT,16.000000,OBSERVED,43.120000,true,,,,,NOT_APPLICABLE,UNCLAIMED,,,,,NOT_APPLICABLE,RETAINED,16.000000,,,,,,,,,NOT_APPLICABLE,ELIGIBLE,
340420,Q4,Water softening services,HOUSING,Housing,DIRECT_CONCORDANCE_UCC,PUBLISHED_CE_BASIS,LABSTAT_PUBLISHED,NOT_VERIFIED,NOT_ESTABLISHED,UNKNOWN,HP090,HOUSEHOLD_FURNISHINGS_OPERATIONS,DIRECT,24.000000,OBSERVED,42.000000,true,,,,,NOT_APPLICABLE,UNCLAIMED,,,,,NOT_APPLICABLE,RETAINED,24.000000,,,,,,,,,NOT_APPLICABLE,ELIGIBLE,
340420,Q5,Water softening services,HOUSING,Housing,DIRECT_CONCORDANCE_UCC,PUBLISHED_CE_BASIS,LABSTAT_PUBLISHED,NOT_VERIFIED,NOT_ESTABLISHED,UNKNOWN,HP090,HOUSEHOLD_FURNISHINGS_OPERATIONS,DIRECT,12.000000,OBSERVED,71.060000,true,,,,,NOT_APPLICABLE,UNCLAIMED,,,,,NOT_APPLICABLE,RETAINED,12.000000,,,,,,,,,NOT_APPLICABLE,ELIGIBLE,
340421,ALL_CU,Water softening services (owner),HOUSING,Housing,DIRECT_CONCORDANCE_UCC,PUBLISHED_CE_BASIS,LABSTAT_PUBLISHED,NOT_VERIFIED,NOT_ESTABLISHED,UNKNOWN,HP090,HOUSEHOLD_FURNISHINGS_OPERATIONS,DIRECT,569.000000,OBSERVED,13.710000,false,,,,,NOT_APPLICABLE,UNCLAIMED,,,,,NOT_APPLICABLE,RETAINED,569.000000,,,,,,,,,NOT_APPLICABLE,ELIGIBLE,
340421,Q1,Water softening services (owner),HOUSING,Housing,DIRECT_CONCORDANCE_UCC,PUBLISHED_CE_BASIS,LABSTAT_PUBLISHED,NOT_VERIFIED,NOT_ESTABLISHED,UNKNOWN,HP090,HOUSEHOLD_FURNISHINGS_OPERATIONS,DIRECT,23.000000,OBSERVED,34.300000,true,,,,,NOT_APPLICABLE,UNCLAIMED,,,,,NOT_APPLICABLE,RETAINED,23.000000,,,,,,,,,NOT_APPLICABLE,ELIGIBLE,
340421,Q2,Water softening services (owner),HOUSING,Housing,DIRECT_CONCORDANCE_UCC,PUBLISHED_CE_BASIS,LABSTAT_PUBLISHED,NOT_VERIFIED,NOT_ESTABLISHED,UNKNOWN,HP090,HOUSEHOLD_FURNISHINGS_OPERATIONS,DIRECT,113.000000,OBSERVED,27.190000,true,,,,,NOT_APPLICABLE,UNCLAIMED,,,,,NOT_APPLICABLE,RETAINED,113.000000,,,,,,,,,NOT_APPLICABLE,ELIGIBLE,
340421,Q3,Water softening services (owner),HOUSING,Housing,DIRECT_CONCORDANCE_UCC,PUBLISHED_CE_BASIS,LABSTAT_PUBLISHED,NOT_VERIFIED,NOT_ESTABLISHED,UNKNOWN,HP090,HOUSEHOLD_FURNISHINGS_OPERATIONS,DIRECT,100.000000,OBSERVED,29.510000,true,,,,,NOT_APPLICABLE,UNCLAIMED,,,,,NOT_APPLICABLE,RETAINED,100.000000,,,,,,,,,NOT_APPLICABLE,ELIGIBLE,
340421,Q4,Water softening services (owner),HOUSING,Housing,DIRECT_CONCORDANCE_UCC,PUBLISHED_CE_BASIS,LABSTAT_PUBLISHED,NOT_VERIFIED,NOT_ESTABLISHED,UNKNOWN,HP090,HOUSEHOLD_FURNISHINGS_OPERATIONS,DIRECT,184.000000,OBSERVED,28.040000,true,,,,,NOT_APPLICABLE,UNCLAIMED,,,,,NOT_APPLICABLE,RETAINED,184.000000,,,,,,,,,NOT_APPLICABLE,ELIGIBLE,
340421,Q5,Water softening services (owner),HOUSING,Housing,DIRECT_CONCORDANCE_UCC,PUBLISHED_CE_BASIS,LABSTAT_PUBLISHED,NOT_VERIFIED,NOT_ESTABLISHED,UNKNOWN,HP090,HOUSEHOLD_FURNISHINGS_OPERATIONS,DIRECT,149.000000,OBSERVED,26.270000,true,,,,,NOT_APPLICABLE,UNCLAIMED,,,,,NOT_APPLICABLE,RETAINED,149.000000,,,,,,,,,NOT_APPLICABLE,ELIGIBLE,
340422,ALL_CU,Water softening services (renter),HOUSING,Housing,DIRECT_CONCORDANCE_UCC,PUBLISHED_CE_BASIS,LABSTAT_PUBLISHED,NOT_VERIFIED,NOT_ESTABLISHED,UNKNOWN,HP090,HOUSEHOLD_FURNISHINGS_OPERATIONS,DIRECT,72.000000,OBSERVED,47.560000,true,,,,,NOT_APPLICABLE,UNCLAIMED,,,,,NOT_APPLICABLE,RETAINED,72.000000,,,,,,,,,NOT_APPLICABLE,ELIGIBLE,
340422,Q1,Water softening services (renter),HOUSING,Housing,DIRECT_CONCORDANCE_UCC,PUBLISHED_CE_BASIS,LABSTAT_PUBLISHED,NOT_VERIFIED,NOT_ESTABLISHED,UNKNOWN,HP090,HOUSEHOLD_FURNISHINGS_OPERATIONS,DIRECT,3.000000,OBSERVED,79.260000,true,,,,,NOT_APPLICABLE,UNCLAIMED,,,,,NOT_APPLICABLE,RETAINED,3.000000,,,,,,,,,NOT_APPLICABLE,ELIGIBLE,
340422,Q2,Water softening services (renter),HOUSING,Housing,DIRECT_CONCORDANCE_UCC,PUBLISHED_CE_BASIS,LABSTAT_PUBLISHED,NOT_VERIFIED,NOT_ESTABLISHED,UNKNOWN,HP090,HOUSEHOLD_FURNISHINGS_OPERATIONS,DIRECT,22.000000,OBSERVED,57.030000,true,,,,,NOT_APPLICABLE,UNCLAIMED,,,,,NOT_APPLICABLE,RETAINED,22.000000,,,,,,,,,NOT_APPLICABLE,ELIGIBLE,
340422,Q3,Water softening services (renter),HOUSING,Housing,DIRECT_CONCORDANCE_UCC,PUBLISHED_CE_BASIS,LABSTAT_PUBLISHED,NOT_VERIFIED,NOT_ESTABLISHED,UNKNOWN,HP090,HOUSEHOLD_FURNISHINGS_OPERATIONS,DIRECT,4.000000,OBSERVED,72.850000,true,,,,,NOT_APPLICABLE,UNCLAIMED,,,,,NOT_APPLICABLE,RETAINED,4.000000,,,,,,,,,NOT_APPLICABLE,ELIGIBLE,
340422,Q4,Water softening services (renter),HOUSING,Housing,DIRECT_CONCORDANCE_UCC,PUBLISHED_CE_BASIS,LABSTAT_PUBLISHED,NOT_VERIFIED,NOT_ESTABLISHED,UNKNOWN,HP090,HOUSEHOLD_FURNISHINGS_OPERATIONS,DIRECT,32.000000,OBSERVED,93.360000,true,,,,,NOT_APPLICABLE,UNCLAIMED,,,,,NOT_APPLICABLE,RETAINED,32.000000,,,,,,,,,NOT_APPLICABLE,ELIGIBLE,
340422,Q5,Water softening services (renter),HOUSING,Housing,DIRECT_CONCORDANCE_UCC,PUBLISHED_CE_BASIS,LABSTAT_PUBLISHED,NOT_VERIFIED,NOT_ESTABLISHED,UNKNOWN,HP090,HOUSEHOLD_FURNISHINGS_OPERATIONS,DIRECT,10.000000,OBSERVED,71.970000,true,,,,,NOT_APPLICABLE,UNCLAIMED,,,,,NOT_APPLICABLE,RETAINED,10.000000,,,,,,,,,NOT_APPLICABLE,ELIGIBLE,
340510,ALL_CU,"Moving, storage, and freight",HOUSING,Housing,DIRECT_CONCORDANCE_UCC,PUBLISHED_CE_BASIS,LABSTAT_PUBLISHED,NOT_VERIFIED,NOT_ESTABLISHED,UNKNOWN,HP031,HOUSEHOLD_FURNISHINGS_OPERATIONS,DIRECT,8125.000000,OBSERVED,8.860000,false,,,,,NOT_APPLICABLE,UNCLAIMED,,,,,NOT_APPLICABLE,RETAINED,8125.000000,,,,,,,,,NOT_APPLICABLE,ELIGIBLE,
340510,Q1,"Moving, storage, and freight",HOUSING,Housing,DIRECT_CONCORDANCE_UCC,PUBLISHED_CE_BASIS,LABSTAT_PUBLISHED,NOT_VERIFIED,NOT_ESTABLISHED,UNKNOWN,HP031,HOUSEHOLD_FURNISHINGS_OPERATIONS,DIRECT,704.000000,OBSERVED,27.410000,true,,,,,NOT_APPLICABLE,UNCLAIMED,,,,,NOT_APPLICABLE,RETAINED,704.000000,,,,,,,,,NOT_APPLICABLE,ELIGIBLE,
340510,Q2,"Moving, storage, and freight",HOUSING,Housing,DIRECT_CONCORDANCE_UCC,PUBLISHED_CE_BASIS,LABSTAT_PUBLISHED,NOT_VERIFIED,NOT_ESTABLISHED,UNKNOWN,HP031,HOUSEHOLD_FURNISHINGS_OPERATIONS,DIRECT,1057.000000,OBSERVED,18.010000,false,,,,,NOT_APPLICABLE,UNCLAIMED,,,,,NOT_APPLICABLE,RETAINED,1057.000000,,,,,,,,,NOT_APPLICABLE,ELIGIBLE,
340510,Q3,"Moving, storage, and freight",HOUSING,Housing,DIRECT_CONCORDANCE_UCC,PUBLISHED_CE_BASIS,LABSTAT_PUBLISHED,NOT_VERIFIED,NOT_ESTABLISHED,UNKNOWN,HP031,HOUSEHOLD_FURNISHINGS_OPERATIONS,DIRECT,1437.000000,OBSERVED,19.370000,false,,,,,NOT_APPLICABLE,UNCLAIMED,,,,,NOT_APPLICABLE,RETAINED,1437.000000,,,,,,,,,NOT_APPLICABLE,ELIGIBLE,
340510,Q4,"Moving, storage, and freight",HOUSING,Housing,DIRECT_CONCORDANCE_UCC,PUBLISHED_CE_BASIS,LABSTAT_PUBLISHED,NOT_VERIFIED,NOT_ESTABLISHED,UNKNOWN,HP031,HOUSEHOLD_FURNISHINGS_OPERATIONS,DIRECT,1957.000000,OBSERVED,24.380000,false,,,,,NOT_APPLICABLE,UNCLAIMED,,,,,NOT_APPLICABLE,RETAINED,1957.000000,,,,,,,,,NOT_APPLICABLE,ELIGIBLE,
340510,Q5,"Moving, storage, and freight",HOUSING,Housing,DIRECT_CONCORDANCE_UCC,PUBLISHED_CE_BASIS,LABSTAT_PUBLISHED,NOT_VERIFIED,NOT_ESTABLISHED,UNKNOWN,HP031,HOUSEHOLD_FURNISHINGS_OPERATIONS,DIRECT,2972.000000,OBSERVED,16.060000,false,,,,,NOT_APPLICABLE,UNCLAIMED,,,,,NOT_APPLICABLE,RETAINED,2972.000000,,,,,,,,,NOT_APPLICABLE,ELIGIBLE,
340520,ALL_CU,"Household laundry and dry cleaning, sent out (nonclothing) not coin-operated",HOUSING,Housing,DIRECT_CONCORDANCE_UCC,PUBLISHED_CE_BASIS,LABSTAT_PUBLISHED,NOT_VERIFIED,NOT_ESTABLISHED,UNKNOWN,GD031,OTHER_GOODS_SERVICES,DIRECT,,SUPPRESSED,,,,,,,NOT_APPLICABLE,UNCLAIMED,,,,,NOT_APPLICABLE,RETAINED,,,,,,,,,,NOT_APPLICABLE,BLOCKED_AMOUNT_UNAVAILABLE,BLS publishes this series and did not publish this cell. The amount is unknown and is not zero.
340520,Q1,"Household laundry and dry cleaning, sent out (nonclothing) not coin-operated",HOUSING,Housing,DIRECT_CONCORDANCE_UCC,PUBLISHED_CE_BASIS,LABSTAT_PUBLISHED,NOT_VERIFIED,NOT_ESTABLISHED,UNKNOWN,GD031,OTHER_GOODS_SERVICES,DIRECT,,SUPPRESSED,,,,,,,NOT_APPLICABLE,UNCLAIMED,,,,,NOT_APPLICABLE,RETAINED,,,,,,,,,,NOT_APPLICABLE,BLOCKED_AMOUNT_UNAVAILABLE,BLS publishes this series and did not publish this cell. The amount is unknown and is not zero.
340520,Q2,"Household laundry and dry cleaning, sent out (nonclothing) not coin-operated",HOUSING,Housing,DIRECT_CONCORDANCE_UCC,PUBLISHED_CE_BASIS,LABSTAT_PUBLISHED,NOT_VERIFIED,NOT_ESTABLISHED,UNKNOWN,GD031,OTHER_GOODS_SERVICES,DIRECT,,SUPPRESSED,,,,,,,NOT_APPLICABLE,UNCLAIMED,,,,,NOT_APPLICABLE,RETAINED,,,,,,,,,,NOT_APPLICABLE,BLOCKED_AMOUNT_UNAVAILABLE,BLS publishes this series and did not publish this cell. The amount is unknown and is not zero.
340520,Q3,"Household laundry and dry cleaning, sent out (nonclothing) not coin-operated",HOUSING,Housing,DIRECT_CONCORDANCE_UCC,PUBLISHED_CE_BASIS,LABSTAT_PUBLISHED,NOT_VERIFIED,NOT_ESTABLISHED,UNKNOWN,GD031,OTHER_GOODS_SERVICES,DIRECT,,SUPPRESSED,,,,,,,NOT_APPLICABLE,UNCLAIMED,,,,,NOT_APPLICABLE,RETAINED,,,,,,,,,,NOT_APPLICABLE,BLOCKED_AMOUNT_UNAVAILABLE,BLS publishes this series and did not publish this cell. The amount is unknown and is not zero.
340520,Q4,"Household laundry and dry cleaning, sent out (nonclothing) not coin-operated",HOUSING,Housing,DIRECT_CONCORDANCE_UCC,PUBLISHED_CE_BASIS,LABSTAT_PUBLISHED,NOT_VERIFIED,NOT_ESTABLISHED,UNKNOWN,GD031,OTHER_GOODS_SERVICES,DIRECT,,SUPPRESSED,,,,,,,NOT_APPLICABLE,UNCLAIMED,,,,,NOT_APPLICABLE,RETAINED,,,,,,,,,,NOT_APPLICABLE,BLOCKED_AMOUNT_UNAVAILABLE,BLS publishes this series and did not publish this cell. The amount is unknown and is not zero.
340520,Q5,"Household laundry and dry cleaning, sent out (nonclothing) not coin-operated",HOUSING,Housing,DIRECT_CONCORDANCE_UCC,PUBLISHED_CE_BASIS,LABSTAT_PUBLISHED,NOT_VERIFIED,NOT_ESTABLISHED,UNKNOWN,GD031,OTHER_GOODS_SERVICES,DIRECT,,SUPPRESSED,,,,,,,NOT_APPLICABLE,UNCLAIMED,,,,,NOT_APPLICABLE,RETAINED,,,,,,,,,,NOT_APPLICABLE,BLOCKED_AMOUNT_UNAVAILABLE,BLS publishes this series and did not publish this cell. The amount is unknown and is not zero.
340530,ALL_CU,Coin-operated household laundry and dry cleaning (nonclothing),HOUSING,Housing,DIRECT_CONCORDANCE_UCC,PUBLISHED_CE_BASIS,LABSTAT_PUBLISHED,NOT_VERIFIED,NOT_ESTABLISHED,UNKNOWN,GD031,OTHER_GOODS_SERVICES,DIRECT,,SUPPRESSED,,,,,,,NOT_APPLICABLE,UNCLAIMED,,,,,NOT_APPLICABLE,RETAINED,,,,,,,,,,NOT_APPLICABLE,BLOCKED_AMOUNT_UNAVAILABLE,BLS publishes this series and did not publish this cell. The amount is unknown and is not zero.
340530,Q1,Coin-operated household laundry and dry cleaning (nonclothing),HOUSING,Housing,DIRECT_CONCORDANCE_UCC,PUBLISHED_CE_BASIS,LABSTAT_PUBLISHED,NOT_VERIFIED,NOT_ESTABLISHED,UNKNOWN,GD031,OTHER_GOODS_SERVICES,DIRECT,,SUPPRESSED,,,,,,,NOT_APPLICABLE,UNCLAIMED,,,,,NOT_APPLICABLE,RETAINED,,,,,,,,,,NOT_APPLICABLE,BLOCKED_AMOUNT_UNAVAILABLE,BLS publishes this series and did not publish this cell. The amount is unknown and is not zero.
340530,Q2,Coin-operated household laundry and dry cleaning (nonclothing),HOUSING,Housing,DIRECT_CONCORDANCE_UCC,PUBLISHED_CE_BASIS,LABSTAT_PUBLISHED,NOT_VERIFIED,NOT_ESTABLISHED,UNKNOWN,GD031,OTHER_GOODS_SERVICES,DIRECT,,SUPPRESSED,,,,,,,NOT_APPLICABLE,UNCLAIMED,,,,,NOT_APPLICABLE,RETAINED,,,,,,,,,,NOT_APPLICABLE,BLOCKED_AMOUNT_UNAVAILABLE,BLS publishes this series and did not publish this cell. The amount is unknown and is not zero.
340530,Q3,Coin-operated household laundry and dry cleaning (nonclothing),HOUSING,Housing,DIRECT_CONCORDANCE_UCC,PUBLISHED_CE_BASIS,LABSTAT_PUBLISHED,NOT_VERIFIED,NOT_ESTABLISHED,UNKNOWN,GD031,OTHER_GOODS_SERVICES,DIRECT,,SUPPRESSED,,,,,,,NOT_APPLICABLE,UNCLAIMED,,,,,NOT_APPLICABLE,RETAINED,,,,,,,,,,NOT_APPLICABLE,BLOCKED_AMOUNT_UNAVAILABLE,BLS publishes this series and did not publish this cell. The amount is unknown and is not zero.
340530,Q4,Coin-operated household laundry and dry cleaning (nonclothing),HOUSING,Housing,DIRECT_CONCORDANCE_UCC,PUBLISHED_CE_BASIS,LABSTAT_PUBLISHED,NOT_VERIFIED,NOT_ESTABLISHED,UNKNOWN,GD031,OTHER_GOODS_SERVICES,DIRECT,,SUPPRESSED,,,,,,,NOT_APPLICABLE,UNCLAIMED,,,,,NOT_APPLICABLE,RETAINED,,,,,,,,,,NOT_APPLICABLE,BLOCKED_AMOUNT_UNAVAILABLE,BLS publishes this series and did not publish this cell. The amount is unknown and is not zero.
340530,Q5,Coin-operated household laundry and dry cleaning (nonclothing),HOUSING,Housing,DIRECT_CONCORDANCE_UCC,PUBLISHED_CE_BASIS,LABSTAT_PUBLISHED,NOT_VERIFIED,NOT_ESTABLISHED,UNKNOWN,GD031,OTHER_GOODS_SERVICES,DIRECT,,SUPPRESSED,,,,,,,NOT_APPLICABLE,UNCLAIMED,,,,,NOT_APPLICABLE,RETAINED,,,,,,,,,,NOT_APPLICABLE,BLOCKED_AMOUNT_UNAVAILABLE,BLS publishes this series and did not publish this cell. The amount is unknown and is not zero.
340620,ALL_CU,"Appliance repair, including service center",HOUSING,Housing,DIRECT_CONCORDANCE_UCC,PUBLISHED_CE_BASIS,LABSTAT_PUBLISHED,NOT_VERIFIED,NOT_ESTABLISHED,UNKNOWN,HP041,HOUSEHOLD_FURNISHINGS_OPERATIONS,DIRECT,247.000000,OBSERVED,18.560000,false,,,,,NOT_APPLICABLE,UNCLAIMED,,,,,NOT_APPLICABLE,RETAINED,247.000000,,,,,,,,,NOT_APPLICABLE,ELIGIBLE,
340620,Q1,"Appliance repair, including service center",HOUSING,Housing,DIRECT_CONCORDANCE_UCC,PUBLISHED_CE_BASIS,LABSTAT_PUBLISHED,NOT_VERIFIED,NOT_ESTABLISHED,UNKNOWN,HP041,HOUSEHOLD_FURNISHINGS_OPERATIONS,DIRECT,20.000000,OBSERVED,46.700000,true,,,,,NOT_APPLICABLE,UNCLAIMED,,,,,NOT_APPLICABLE,RETAINED,20.000000,,,,,,,,,NOT_APPLICABLE,ELIGIBLE,
340620,Q2,"Appliance repair, including service center",HOUSING,Housing,DIRECT_CONCORDANCE_UCC,PUBLISHED_CE_BASIS,LABSTAT_PUBLISHED,NOT_VERIFIED,NOT_ESTABLISHED,UNKNOWN,HP041,HOUSEHOLD_FURNISHINGS_OPERATIONS,DIRECT,33.000000,OBSERVED,51.140000,true,,,,,NOT_APPLICABLE,UNCLAIMED,,,,,NOT_APPLICABLE,RETAINED,33.000000,,,,,,,,,NOT_APPLICABLE,ELIGIBLE,
340620,Q3,"Appliance repair, including service center",HOUSING,Housing,DIRECT_CONCORDANCE_UCC,PUBLISHED_CE_BASIS,LABSTAT_PUBLISHED,NOT_VERIFIED,NOT_ESTABLISHED,UNKNOWN,HP041,HOUSEHOLD_FURNISHINGS_OPERATIONS,DIRECT,36.000000,OBSERVED,40.770000,true,,,,,NOT_APPLICABLE,UNCLAIMED,,,,,NOT_APPLICABLE,RETAINED,36.000000,,,,,,,,,NOT_APPLICABLE,ELIGIBLE,
340620,Q4,"Appliance repair, including service center",HOUSING,Housing,DIRECT_CONCORDANCE_UCC,PUBLISHED_CE_BASIS,LABSTAT_PUBLISHED,NOT_VERIFIED,NOT_ESTABLISHED,UNKNOWN,HP041,HOUSEHOLD_FURNISHINGS_OPERATIONS,DIRECT,19.000000,OBSERVED,40.070000,true,,,,,NOT_APPLICABLE,UNCLAIMED,,,,,NOT_APPLICABLE,RETAINED,19.000000,,,,,,,,,NOT_APPLICABLE,ELIGIBLE,
340620,Q5,"Appliance repair, including service center",HOUSING,Housing,DIRECT_CONCORDANCE_UCC,PUBLISHED_CE_BASIS,LABSTAT_PUBLISHED,NOT_VERIFIED,NOT_ESTABLISHED,UNKNOWN,HP041,HOUSEHOLD_FURNISHINGS_OPERATIONS,DIRECT,138.000000,OBSERVED,28.310000,true,,,,,NOT_APPLICABLE,UNCLAIMED,,,,,NOT_APPLICABLE,RETAINED,138.000000,,,,,,,,,NOT_APPLICABLE,ELIGIBLE,
340630,ALL_CU,"Reupholstering, furniture repair",HOUSING,Housing,DIRECT_CONCORDANCE_UCC,PUBLISHED_CE_BASIS,LABSTAT_PUBLISHED,NOT_VERIFIED,NOT_ESTABLISHED,UNKNOWN,HP042,HOUSEHOLD_FURNISHINGS_OPERATIONS,DIRECT,1266.000000,OBSERVED,35.080000,true,,,,,NOT_APPLICABLE,UNCLAIMED,,,,,NOT_APPLICABLE,RETAINED,1266.000000,,,,,,,,,NOT_APPLICABLE,ELIGIBLE,
340630,Q1,"Reupholstering, furniture repair",HOUSING,Housing,DIRECT_CONCORDANCE_UCC,PUBLISHED_CE_BASIS,LABSTAT_PUBLISHED,NOT_VERIFIED,NOT_ESTABLISHED,UNKNOWN,HP042,HOUSEHOLD_FURNISHINGS_OPERATIONS,DIRECT,67.000000,OBSERVED,36.000000,true,,,,,NOT_APPLICABLE,UNCLAIMED,,,,,NOT_APPLICABLE,RETAINED,67.000000,,,,,,,,,NOT_APPLICABLE,ELIGIBLE,
340630,Q2,"Reupholstering, furniture repair",HOUSING,Housing,DIRECT_CONCORDANCE_UCC,PUBLISHED_CE_BASIS,LABSTAT_PUBLISHED,NOT_VERIFIED,NOT_ESTABLISHED,UNKNOWN,HP042,HOUSEHOLD_FURNISHINGS_OPERATIONS,DIRECT,183.000000,OBSERVED,69.440000,true,,,,,NOT_APPLICABLE,UNCLAIMED,,,,,NOT_APPLICABLE,RETAINED,183.000000,,,,,,,,,NOT_APPLICABLE,ELIGIBLE,
340630,Q3,"Reupholstering, furniture repair",HOUSING,Housing,DIRECT_CONCORDANCE_UCC,PUBLISHED_CE_BASIS,LABSTAT_PUBLISHED,NOT_VERIFIED,NOT_ESTABLISHED,UNKNOWN,HP042,HOUSEHOLD_FURNISHINGS_OPERATIONS,DIRECT,135.000000,OBSERVED,22.720000,false,,,,,NOT_APPLICABLE,UNCLAIMED,,,,,NOT_APPLICABLE,RETAINED,135.000000,,,,,,,,,NOT_APPLICABLE,ELIGIBLE,
340630,Q4,"Reupholstering, furniture repair",HOUSING,Housing,DIRECT_CONCORDANCE_UCC,PUBLISHED_CE_BASIS,LABSTAT_PUBLISHED,NOT_VERIFIED,NOT_ESTABLISHED,UNKNOWN,HP042,HOUSEHOLD_FURNISHINGS_OPERATIONS,DIRECT,100.000000,OBSERVED,61.200000,true,,,,,NOT_APPLICABLE,UNCLAIMED,,,,,NOT_APPLICABLE,RETAINED,100.000000,,,,,,,,,NOT_APPLICABLE,ELIGIBLE,
340630,Q5,"Reupholstering, furniture repair",HOUSING,Housing,DIRECT_CONCORDANCE_UCC,PUBLISHED_CE_BASIS,LABSTAT_PUBLISHED,NOT_VERIFIED,NOT_ESTABLISHED,UNKNOWN,HP042,HOUSEHOLD_FURNISHINGS_OPERATIONS,DIRECT,780.000000,OBSERVED,53.750000,true,,,,,NOT_APPLICABLE,UNCLAIMED,,,,,NOT_APPLICABLE,RETAINED,780.000000,,,,,,,,,NOT_APPLICABLE,ELIGIBLE,
340901,ALL_CU,"Repairs/rentals of lawn and garden equipment, hand or power tools, and other household equipment",HOUSING,Housing,DIRECT_CONCORDANCE_UCC,PUBLISHED_CE_BASIS,LABSTAT_PUBLISHED,NOT_VERIFIED,NOT_ESTABLISHED,UNKNOWN,HM090,HOUSEHOLD_FURNISHINGS_OPERATIONS,DIRECT,958.000000,OBSERVED,12.830000,false,,,,,NOT_APPLICABLE,UNCLAIMED,,,,,NOT_APPLICABLE,RETAINED,958.000000,,,,,,,,,NOT_APPLICABLE,ELIGIBLE,
340901,Q1,"Repairs/rentals of lawn and garden equipment, hand or power tools, and other household equipment",HOUSING,Housing,DIRECT_CONCORDANCE_UCC,PUBLISHED_CE_BASIS,LABSTAT_PUBLISHED,NOT_VERIFIED,NOT_ESTABLISHED,UNKNOWN,HM090,HOUSEHOLD_FURNISHINGS_OPERATIONS,DIRECT,81.000000,OBSERVED,38.550000,true,,,,,NOT_APPLICABLE,UNCLAIMED,,,,,NOT_APPLICABLE,RETAINED,81.000000,,,,,,,,,NOT_APPLICABLE,ELIGIBLE,
340901,Q2,"Repairs/rentals of lawn and garden equipment, hand or power tools, and other household equipment",HOUSING,Housing,DIRECT_CONCORDANCE_UCC,PUBLISHED_CE_BASIS,LABSTAT_PUBLISHED,NOT_VERIFIED,NOT_ESTABLISHED,UNKNOWN,HM090,HOUSEHOLD_FURNISHINGS_OPERATIONS,DIRECT,177.000000,OBSERVED,27.060000,true,,,,,NOT_APPLICABLE,UNCLAIMED,,,,,NOT_APPLICABLE,RETAINED,177.000000,,,,,,,,,NOT_APPLICABLE,ELIGIBLE,
340901,Q3,"Repairs/rentals of lawn and garden equipment, hand or power tools, and other household equipment",HOUSING,Housing,DIRECT_CONCORDANCE_UCC,PUBLISHED_CE_BASIS,LABSTAT_PUBLISHED,NOT_VERIFIED,NOT_ESTABLISHED,UNKNOWN,HM090,HOUSEHOLD_FURNISHINGS_OPERATIONS,DIRECT,194.000000,OBSERVED,26.390000,true,,,,,NOT_APPLICABLE,UNCLAIMED,,,,,NOT_APPLICABLE,RETAINED,194.000000,,,,,,,,,NOT_APPLICABLE,ELIGIBLE,
340901,Q4,"Repairs/rentals of lawn and garden equipment, hand or power tools, and other household equipment",HOUSING,Housing,DIRECT_CONCORDANCE_UCC,PUBLISHED_CE_BASIS,LABSTAT_PUBLISHED,NOT_VERIFIED,NOT_ESTABLISHED,UNKNOWN,HM090,HOUSEHOLD_FURNISHINGS_OPERATIONS,DIRECT,269.000000,OBSERVED,30.870000,true,,,,,NOT_APPLICABLE,UNCLAIMED,,,,,NOT_APPLICABLE,RETAINED,269.000000,,,,,,,,,NOT_APPLICABLE,ELIGIBLE,
340901,Q5,"Repairs/rentals of lawn and garden equipment, hand or power tools, and other household equipment",HOUSING,Housing,DIRECT_CONCORDANCE_UCC,PUBLISHED_CE_BASIS,LABSTAT_PUBLISHED,NOT_VERIFIED,NOT_ESTABLISHED,UNKNOWN,HM090,HOUSEHOLD_FURNISHINGS_OPERATIONS,DIRECT,238.000000,OBSERVED,22.200000,false,,,,,NOT_APPLICABLE,UNCLAIMED,,,,,NOT_APPLICABLE,RETAINED,238.000000,,,,,,,,,NOT_APPLICABLE,ELIGIBLE,
340903,ALL_CU,Other home services,HOUSING,Housing,DIRECT_CONCORDANCE_UCC,PUBLISHED_CE_BASIS,LABSTAT_PUBLISHED,NOT_VERIFIED,NOT_ESTABLISHED,UNKNOWN,HP090,HOUSEHOLD_FURNISHINGS_OPERATIONS,DIRECT,3475.000000,OBSERVED,11.250000,false,,,,,NOT_APPLICABLE,UNCLAIMED,,,,,NOT_APPLICABLE,RETAINED,3475.000000,,,,,,,,,NOT_APPLICABLE,ELIGIBLE,
340903,Q1,Other home services,HOUSING,Housing,DIRECT_CONCORDANCE_UCC,PUBLISHED_CE_BASIS,LABSTAT_PUBLISHED,NOT_VERIFIED,NOT_ESTABLISHED,UNKNOWN,HP090,HOUSEHOLD_FURNISHINGS_OPERATIONS,DIRECT,276.000000,OBSERVED,32.280000,true,,,,,NOT_APPLICABLE,UNCLAIMED,,,,,NOT_APPLICABLE,RETAINED,276.000000,,,,,,,,,NOT_APPLICABLE,ELIGIBLE,
340903,Q2,Other home services,HOUSING,Housing,DIRECT_CONCORDANCE_UCC,PUBLISHED_CE_BASIS,LABSTAT_PUBLISHED,NOT_VERIFIED,NOT_ESTABLISHED,UNKNOWN,HP090,HOUSEHOLD_FURNISHINGS_OPERATIONS,DIRECT,519.000000,OBSERVED,30.930000,true,,,,,NOT_APPLICABLE,UNCLAIMED,,,,,NOT_APPLICABLE,RETAINED,519.000000,,,,,,,,,NOT_APPLICABLE,ELIGIBLE,
340903,Q3,Other home services,HOUSING,Housing,DIRECT_CONCORDANCE_UCC,PUBLISHED_CE_BASIS,LABSTAT_PUBLISHED,NOT_VERIFIED,NOT_ESTABLISHED,UNKNOWN,HP090,HOUSEHOLD_FURNISHINGS_OPERATIONS,DIRECT,588.000000,OBSERVED,24.630000,false,,,,,NOT_APPLICABLE,UNCLAIMED,,,,,NOT_APPLICABLE,RETAINED,588.000000,,,,,,,,,NOT_APPLICABLE,ELIGIBLE,
340903,Q4,Other home services,HOUSING,Housing,DIRECT_CONCORDANCE_UCC,PUBLISHED_CE_BASIS,LABSTAT_PUBLISHED,NOT_VERIFIED,NOT_ESTABLISHED,UNKNOWN,HP090,HOUSEHOLD_FURNISHINGS_OPERATIONS,DIRECT,620.000000,OBSERVED,17.690000,false,,,,,NOT_APPLICABLE,UNCLAIMED,,,,,NOT_APPLICABLE,RETAINED,620.000000,,,,,,,,,NOT_APPLICABLE,ELIGIBLE,
340903,Q5,Other home services,HOUSING,Housing,DIRECT_CONCORDANCE_UCC,PUBLISHED_CE_BASIS,LABSTAT_PUBLISHED,NOT_VERIFIED,NOT_ESTABLISHED,UNKNOWN,HP090,HOUSEHOLD_FURNISHINGS_OPERATIONS,DIRECT,1473.000000,OBSERVED,12.770000,false,,,,,NOT_APPLICABLE,UNCLAIMED,,,,,NOT_APPLICABLE,RETAINED,1473.000000,,,,,,,,,NOT_APPLICABLE,ELIGIBLE,
340904,ALL_CU,Rental of furniture,HOUSING,Housing,DIRECT_CONCORDANCE_UCC,PUBLISHED_CE_BASIS,LABSTAT_PUBLISHED,NOT_VERIFIED,NOT_ESTABLISHED,UNKNOWN,HJ090,HOUSEHOLD_FURNISHINGS_OPERATIONS,DIRECT,558.000000,OBSERVED,24.980000,false,,,,,NOT_APPLICABLE,UNCLAIMED,,,,,NOT_APPLICABLE,RETAINED,558.000000,,,,,,,,,NOT_APPLICABLE,ELIGIBLE,
340904,Q1,Rental of furniture,HOUSING,Housing,DIRECT_CONCORDANCE_UCC,PUBLISHED_CE_BASIS,LABSTAT_PUBLISHED,NOT_VERIFIED,NOT_ESTABLISHED,UNKNOWN,HJ090,HOUSEHOLD_FURNISHINGS_OPERATIONS,DIRECT,247.000000,OBSERVED,44.820000,true,,,,,NOT_APPLICABLE,UNCLAIMED,,,,,NOT_APPLICABLE,RETAINED,247.000000,,,,,,,,,NOT_APPLICABLE,ELIGIBLE,
340904,Q2,Rental of furniture,HOUSING,Housing,DIRECT_CONCORDANCE_UCC,PUBLISHED_CE_BASIS,LABSTAT_PUBLISHED,NOT_VERIFIED,NOT_ESTABLISHED,UNKNOWN,HJ090,HOUSEHOLD_FURNISHINGS_OPERATIONS,DIRECT,86.000000,OBSERVED,45.890000,true,,,,,NOT_APPLICABLE,UNCLAIMED,,,,,NOT_APPLICABLE,RETAINED,86.000000,,,,,,,,,NOT_APPLICABLE,ELIGIBLE,
340904,Q3,Rental of furniture,HOUSING,Housing,DIRECT_CONCORDANCE_UCC,PUBLISHED_CE_BASIS,LABSTAT_PUBLISHED,NOT_VERIFIED,NOT_ESTABLISHED,UNKNOWN,HJ090,HOUSEHOLD_FURNISHINGS_OPERATIONS,DIRECT,89.000000,OBSERVED,47.030000,true,,,,,NOT_APPLICABLE,UNCLAIMED,,,,,NOT_APPLICABLE,RETAINED,89.000000,,,,,,,,,NOT_APPLICABLE,ELIGIBLE,
340904,Q4,Rental of furniture,HOUSING,Housing,DIRECT_CONCORDANCE_UCC,PUBLISHED_CE_BASIS,LABSTAT_PUBLISHED,NOT_VERIFIED,NOT_ESTABLISHED,UNKNOWN,HJ090,HOUSEHOLD_FURNISHINGS_OPERATIONS,DIRECT,32.000000,OBSERVED,82.380000,true,,,,,NOT_APPLICABLE,UNCLAIMED,,,,,NOT_APPLICABLE,RETAINED,32.000000,,,,,,,,,NOT_APPLICABLE,ELIGIBLE,
340904,Q5,Rental of furniture,HOUSING,Housing,DIRECT_CONCORDANCE_UCC,PUBLISHED_CE_BASIS,LABSTAT_PUBLISHED,NOT_VERIFIED,NOT_ESTABLISHED,UNKNOWN,HJ090,HOUSEHOLD_FURNISHINGS_OPERATIONS,DIRECT,103.000000,OBSERVED,63.440000,true,,,,,NOT_APPLICABLE,UNCLAIMED,,,,,NOT_APPLICABLE,RETAINED,103.000000,,,,,,,,,NOT_APPLICABLE,ELIGIBLE,
340906,ALL_CU,"Care for elderly, invalids, handicapped, etc.",HOUSING,Housing,DIRECT_CONCORDANCE_UCC,PUBLISHED_CE_BASIS,LABSTAT_PUBLISHED,NOT_VERIFIED,NOT_ESTABLISHED,UNKNOWN,MD031,MEDICAL_CARE,DIRECT,10279.000000,OBSERVED,33.200000,true,,,,,NOT_APPLICABLE,UNCLAIMED,,,,,NOT_APPLICABLE,RETAINED,10279.000000,,,,,,,,,NOT_APPLICABLE,ELIGIBLE,
340906,Q1,"Care for elderly, invalids, handicapped, etc.",HOUSING,Housing,DIRECT_CONCORDANCE_UCC,PUBLISHED_CE_BASIS,LABSTAT_PUBLISHED,NOT_VERIFIED,NOT_ESTABLISHED,UNKNOWN,MD031,MEDICAL_CARE,DIRECT,3756.000000,OBSERVED,66.720000,true,,,,,NOT_APPLICABLE,UNCLAIMED,,,,,NOT_APPLICABLE,RETAINED,3756.000000,,,,,,,,,NOT_APPLICABLE,ELIGIBLE,
340906,Q2,"Care for elderly, invalids, handicapped, etc.",HOUSING,Housing,DIRECT_CONCORDANCE_UCC,PUBLISHED_CE_BASIS,LABSTAT_PUBLISHED,NOT_VERIFIED,NOT_ESTABLISHED,UNKNOWN,MD031,MEDICAL_CARE,DIRECT,1145.000000,OBSERVED,43.180000,true,,,,,NOT_APPLICABLE,UNCLAIMED,,,,,NOT_APPLICABLE,RETAINED,1145.000000,,,,,,,,,NOT_APPLICABLE,ELIGIBLE,
340906,Q3,"Care for elderly, invalids, handicapped, etc.",HOUSING,Housing,DIRECT_CONCORDANCE_UCC,PUBLISHED_CE_BASIS,LABSTAT_PUBLISHED,NOT_VERIFIED,NOT_ESTABLISHED,UNKNOWN,MD031,MEDICAL_CARE,DIRECT,2353.000000,OBSERVED,69.140000,true,,,,,NOT_APPLICABLE,UNCLAIMED,,,,,NOT_APPLICABLE,RETAINED,2353.000000,,,,,,,,,NOT_APPLICABLE,ELIGIBLE,
340906,Q4,"Care for elderly, invalids, handicapped, etc.",HOUSING,Housing,DIRECT_CONCORDANCE_UCC,PUBLISHED_CE_BASIS,LABSTAT_PUBLISHED,NOT_VERIFIED,NOT_ESTABLISHED,UNKNOWN,MD031,MEDICAL_CARE,DIRECT,744.000000,OBSERVED,63.720000,true,,,,,NOT_APPLICABLE,UNCLAIMED,,,,,NOT_APPLICABLE,RETAINED,744.000000,,,,,,,,,NOT_APPLICABLE,ELIGIBLE,
340906,Q5,"Care for elderly, invalids, handicapped, etc.",HOUSING,Housing,DIRECT_CONCORDANCE_UCC,PUBLISHED_CE_BASIS,LABSTAT_PUBLISHED,NOT_VERIFIED,NOT_ESTABLISHED,UNKNOWN,MD031,MEDICAL_CARE,DIRECT,2281.000000,OBSERVED,39.350000,true,,,,,NOT_APPLICABLE,UNCLAIMED,,,,,NOT_APPLICABLE,RETAINED,2281.000000,,,,,,,,,NOT_APPLICABLE,ELIGIBLE,
340907,ALL_CU,Appliance rentals,HOUSING,Housing,DIRECT_CONCORDANCE_UCC,PUBLISHED_CE_BASIS,LABSTAT_PUBLISHED,NOT_VERIFIED,NOT_ESTABLISHED,UNKNOWN,HK090,HOUSEHOLD_FURNISHINGS_OPERATIONS,DIRECT,244.000000,OBSERVED,32.820000,true,,,,,NOT_APPLICABLE,UNCLAIMED,,,,,NOT_APPLICABLE,RETAINED,244.000000,,,,,,,,,NOT_APPLICABLE,ELIGIBLE,
340907,Q1,Appliance rentals,HOUSING,Housing,DIRECT_CONCORDANCE_UCC,PUBLISHED_CE_BASIS,LABSTAT_PUBLISHED,NOT_VERIFIED,NOT_ESTABLISHED,UNKNOWN,HK090,HOUSEHOLD_FURNISHINGS_OPERATIONS,DIRECT,34.000000,OBSERVED,46.060000,true,,,,,NOT_APPLICABLE,UNCLAIMED,,,,,NOT_APPLICABLE,RETAINED,34.000000,,,,,,,,,NOT_APPLICABLE,ELIGIBLE,
340907,Q2,Appliance rentals,HOUSING,Housing,DIRECT_CONCORDANCE_UCC,PUBLISHED_CE_BASIS,LABSTAT_PUBLISHED,NOT_VERIFIED,NOT_ESTABLISHED,UNKNOWN,HK090,HOUSEHOLD_FURNISHINGS_OPERATIONS,DIRECT,59.000000,OBSERVED,62.230000,true,,,,,NOT_APPLICABLE,UNCLAIMED,,,,,NOT_APPLICABLE,RETAINED,59.000000,,,,,,,,,NOT_APPLICABLE,ELIGIBLE,
340907,Q3,Appliance rentals,HOUSING,Housing,DIRECT_CONCORDANCE_UCC,PUBLISHED_CE_BASIS,LABSTAT_PUBLISHED,NOT_VERIFIED,NOT_ESTABLISHED,UNKNOWN,HK090,HOUSEHOLD_FURNISHINGS_OPERATIONS,DIRECT,33.000000,OBSERVED,69.740000,true,,,,,NOT_APPLICABLE,UNCLAIMED,,,,,NOT_APPLICABLE,RETAINED,33.000000,,,,,,,,,NOT_APPLICABLE,ELIGIBLE,
340907,Q4,Appliance rentals,HOUSING,Housing,DIRECT_CONCORDANCE_UCC,PUBLISHED_CE_BASIS,LABSTAT_PUBLISHED,NOT_VERIFIED,NOT_ESTABLISHED,UNKNOWN,HK090,HOUSEHOLD_FURNISHINGS_OPERATIONS,DIRECT,65.000000,OBSERVED,64.900000,true,,,,,NOT_APPLICABLE,UNCLAIMED,,,,,NOT_APPLICABLE,RETAINED,65.000000,,,,,,,,,NOT_APPLICABLE,ELIGIBLE,
340907,Q5,Appliance rentals,HOUSING,Housing,DIRECT_CONCORDANCE_UCC,PUBLISHED_CE_BASIS,LABSTAT_PUBLISHED,NOT_VERIFIED,NOT_ESTABLISHED,UNKNOWN,HK090,HOUSEHOLD_FURNISHINGS_OPERATIONS,DIRECT,54.000000,OBSERVED,52.060000,true,,,,,NOT_APPLICABLE,UNCLAIMED,,,,,NOT_APPLICABLE,RETAINED,54.000000,,,,,,,,,NOT_APPLICABLE,ELIGIBLE,
340908,ALL_CU,Rental of office equipment for nonbusiness use,HOUSING,Housing,DIRECT_CONCORDANCE_UCC,PUBLISHED_CE_BASIS,LABSTAT_PUBLISHED,NOT_VERIFIED,NOT_ESTABLISHED,UNKNOWN,EE090,EDUCATION_COMMUNICATION,DIRECT,120.000000,OBSERVED,17.790000,false,,,,,NOT_APPLICABLE,UNCLAIMED,,,,,NOT_APPLICABLE,RETAINED,120.000000,,,,,,,,,NOT_APPLICABLE,ELIGIBLE,
340908,Q1,Rental of office equipment for nonbusiness use,HOUSING,Housing,DIRECT_CONCORDANCE_UCC,PUBLISHED_CE_BASIS,LABSTAT_PUBLISHED,NOT_VERIFIED,NOT_ESTABLISHED,UNKNOWN,EE090,EDUCATION_COMMUNICATION,DIRECT,0.000000,OBSERVED,121.600000,true,,,,,NOT_APPLICABLE,UNCLAIMED,,,,,NOT_APPLICABLE,RETAINED,0.000000,,,,,,,,,NOT_APPLICABLE,ELIGIBLE,
340908,Q2,Rental of office equipment for nonbusiness use,HOUSING,Housing,DIRECT_CONCORDANCE_UCC,PUBLISHED_CE_BASIS,LABSTAT_PUBLISHED,NOT_VERIFIED,NOT_ESTABLISHED,UNKNOWN,EE090,EDUCATION_COMMUNICATION,DIRECT,28.000000,OBSERVED,71.480000,true,,,,,NOT_APPLICABLE,UNCLAIMED,,,,,NOT_APPLICABLE,RETAINED,28.000000,,,,,,,,,NOT_APPLICABLE,ELIGIBLE,
340908,Q3,Rental of office equipment for nonbusiness use,HOUSING,Housing,DIRECT_CONCORDANCE_UCC,PUBLISHED_CE_BASIS,LABSTAT_PUBLISHED,NOT_VERIFIED,NOT_ESTABLISHED,UNKNOWN,EE090,EDUCATION_COMMUNICATION,DIRECT,37.000000,OBSERVED,45.480000,true,,,,,NOT_APPLICABLE,UNCLAIMED,,,,,NOT_APPLICABLE,RETAINED,37.000000,,,,,,,,,NOT_APPLICABLE,ELIGIBLE,
340908,Q4,Rental of office equipment for nonbusiness use,HOUSING,Housing,DIRECT_CONCORDANCE_UCC,PUBLISHED_CE_BASIS,LABSTAT_PUBLISHED,NOT_VERIFIED,NOT_ESTABLISHED,UNKNOWN,EE090,EDUCATION_COMMUNICATION,DIRECT,13.000000,OBSERVED,34.970000,true,,,,,NOT_APPLICABLE,UNCLAIMED,,,,,NOT_APPLICABLE,RETAINED,13.000000,,,,,,,,,NOT_APPLICABLE,ELIGIBLE,
340908,Q5,Rental of office equipment for nonbusiness use,HOUSING,Housing,DIRECT_CONCORDANCE_UCC,PUBLISHED_CE_BASIS,LABSTAT_PUBLISHED,NOT_VERIFIED,NOT_ESTABLISHED,UNKNOWN,EE090,EDUCATION_COMMUNICATION,DIRECT,43.000000,OBSERVED,44.440000,true,,,,,NOT_APPLICABLE,UNCLAIMED,,,,,NOT_APPLICABLE,RETAINED,43.000000,,,,,,,,,NOT_APPLICABLE,ELIGIBLE,
340910,ALL_CU,Adult day care centers,HOUSING,Housing,DIRECT_CONCORDANCE_UCC,PUBLISHED_CE_BASIS,LABSTAT_PUBLISHED,NOT_VERIFIED,NOT_ESTABLISHED,UNKNOWN,MD022,MEDICAL_CARE,DIRECT,130.000000,OBSERVED,55.230000,true,,,,,NOT_APPLICABLE,UNCLAIMED,,,,,NOT_APPLICABLE,RETAINED,130.000000,,,,,,,,,NOT_APPLICABLE,ELIGIBLE,
340910,Q1,Adult day care centers,HOUSING,Housing,DIRECT_CONCORDANCE_UCC,PUBLISHED_CE_BASIS,LABSTAT_PUBLISHED,NOT_VERIFIED,NOT_ESTABLISHED,UNKNOWN,MD022,MEDICAL_CARE,DIRECT,27.000000,OBSERVED,97.180000,true,,,,,NOT_APPLICABLE,UNCLAIMED,,,,,NOT_APPLICABLE,RETAINED,27.000000,,,,,,,,,NOT_APPLICABLE,ELIGIBLE,
340910,Q2,Adult day care centers,HOUSING,Housing,DIRECT_CONCORDANCE_UCC,PUBLISHED_CE_BASIS,LABSTAT_PUBLISHED,NOT_VERIFIED,NOT_ESTABLISHED,UNKNOWN,MD022,MEDICAL_CARE,DIRECT,,SUPPRESSED,,,,,,,NOT_APPLICABLE,UNCLAIMED,,,,,NOT_APPLICABLE,RETAINED,,,,,,,,,,NOT_APPLICABLE,BLOCKED_AMOUNT_UNAVAILABLE,BLS publishes this series and did not publish this cell. The amount is unknown and is not zero.
340910,Q3,Adult day care centers,HOUSING,Housing,DIRECT_CONCORDANCE_UCC,PUBLISHED_CE_BASIS,LABSTAT_PUBLISHED,NOT_VERIFIED,NOT_ESTABLISHED,UNKNOWN,MD022,MEDICAL_CARE,DIRECT,44.000000,OBSERVED,61.960000,true,,,,,NOT_APPLICABLE,UNCLAIMED,,,,,NOT_APPLICABLE,RETAINED,44.000000,,,,,,,,,NOT_APPLICABLE,ELIGIBLE,
340910,Q4,Adult day care centers,HOUSING,Housing,DIRECT_CONCORDANCE_UCC,PUBLISHED_CE_BASIS,LABSTAT_PUBLISHED,NOT_VERIFIED,NOT_ESTABLISHED,UNKNOWN,MD022,MEDICAL_CARE,DIRECT,,SUPPRESSED,,,,,,,NOT_APPLICABLE,UNCLAIMED,,,,,NOT_APPLICABLE,RETAINED,,,,,,,,,,NOT_APPLICABLE,BLOCKED_AMOUNT_UNAVAILABLE,BLS publishes this series and did not publish this cell. The amount is unknown and is not zero.
340910,Q5,Adult day care centers,HOUSING,Housing,DIRECT_CONCORDANCE_UCC,PUBLISHED_CE_BASIS,LABSTAT_PUBLISHED,NOT_VERIFIED,NOT_ESTABLISHED,UNKNOWN,MD022,MEDICAL_CARE,DIRECT,59.000000,OBSERVED,101.840000,true,,,,,NOT_APPLICABLE,UNCLAIMED,,,,,NOT_APPLICABLE,RETAINED,59.000000,,,,,,,,,NOT_APPLICABLE,ELIGIBLE,
340911,ALL_CU,Management and upkeep services for security,HOUSING,Housing,DIRECT_CONCORDANCE_UCC,PUBLISHED_CE_BASIS,LABSTAT_PUBLISHED,NOT_VERIFIED,NOT_ESTABLISHED,UNKNOWN,HP090,HOUSEHOLD_FURNISHINGS_OPERATIONS,DIRECT,1743.000000,OBSERVED,15.040000,false,,,,,NOT_APPLICABLE,UNCLAIMED,,,,,NOT_APPLICABLE,RETAINED,1743.000000,,,,,,,,,NOT_APPLICABLE,ELIGIBLE,
340911,Q1,Management and upkeep services for security,HOUSING,Housing,DIRECT_CONCORDANCE_UCC,PUBLISHED_CE_BASIS,LABSTAT_PUBLISHED,NOT_VERIFIED,NOT_ESTABLISHED,UNKNOWN,HP090,HOUSEHOLD_FURNISHINGS_OPERATIONS,DIRECT,238.000000,OBSERVED,35.350000,true,,,,,NOT_APPLICABLE,UNCLAIMED,,,,,NOT_APPLICABLE,RETAINED,238.000000,,,,,,,,,NOT_APPLICABLE,ELIGIBLE,
340911,Q2,Management and upkeep services for security,HOUSING,Housing,DIRECT_CONCORDANCE_UCC,PUBLISHED_CE_BASIS,LABSTAT_PUBLISHED,NOT_VERIFIED,NOT_ESTABLISHED,UNKNOWN,HP090,HOUSEHOLD_FURNISHINGS_OPERATIONS,DIRECT,356.000000,OBSERVED,30.540000,true,,,,,NOT_APPLICABLE,UNCLAIMED,,,,,NOT_APPLICABLE,RETAINED,356.000000,,,,,,,,,NOT_APPLICABLE,ELIGIBLE,
340911,Q3,Management and upkeep services for security,HOUSING,Housing,DIRECT_CONCORDANCE_UCC,PUBLISHED_CE_BASIS,LABSTAT_PUBLISHED,NOT_VERIFIED,NOT_ESTABLISHED,UNKNOWN,HP090,HOUSEHOLD_FURNISHINGS_OPERATIONS,DIRECT,353.000000,OBSERVED,33.340000,true,,,,,NOT_APPLICABLE,UNCLAIMED,,,,,NOT_APPLICABLE,RETAINED,353.000000,,,,,,,,,NOT_APPLICABLE,ELIGIBLE,
340911,Q4,Management and upkeep services for security,HOUSING,Housing,DIRECT_CONCORDANCE_UCC,PUBLISHED_CE_BASIS,LABSTAT_PUBLISHED,NOT_VERIFIED,NOT_ESTABLISHED,UNKNOWN,HP090,HOUSEHOLD_FURNISHINGS_OPERATIONS,DIRECT,232.000000,OBSERVED,23.610000,false,,,,,NOT_APPLICABLE,UNCLAIMED,,,,,NOT_APPLICABLE,RETAINED,232.000000,,,,,,,,,NOT_APPLICABLE,ELIGIBLE,
340911,Q5,Management and upkeep services for security,HOUSING,Housing,DIRECT_CONCORDANCE_UCC,PUBLISHED_CE_BASIS,LABSTAT_PUBLISHED,NOT_VERIFIED,NOT_ESTABLISHED,UNKNOWN,HP090,HOUSEHOLD_FURNISHINGS_OPERATIONS,DIRECT,564.000000,OBSERVED,24.040000,false,,,,,NOT_APPLICABLE,UNCLAIMED,,,,,NOT_APPLICABLE,RETAINED,564.000000,,,,,,,,,NOT_APPLICABLE,ELIGIBLE,
340912,ALL_CU,Management and upkeep services for security,HOUSING,Housing,PUBLISHED_CE_UCC,PUBLISHED_CE_BASIS,LABSTAT_PUBLISHED,NOT_VERIFIED,NOT_ESTABLISHED,UNKNOWN,,,UNRESOLVED,261.000000,OBSERVED,25.510000,true,RP_SECONDARY_RESIDENCE_OWNER_COST_v0_1,CE_CPI_SCOPE_RULES_V0_3,REPLACE,PROPOSED,CURRENT_PENDING,SOURCE,TRANSFORMED,UNRESOLVED,,,AMOUNT_HELD_IN_PENDING_BUCKET,PENDING,,,,,,261.000000,,,RG_SECONDARY_RESIDENCE_RENTAL_EQUIVALENCE,REMOVAL,BLOCKED_PENDING_ADJUDICATION,
340912,Q1,Management and upkeep services for security,HOUSING,Housing,PUBLISHED_CE_UCC,PUBLISHED_CE_BASIS,LABSTAT_PUBLISHED,NOT_VERIFIED,NOT_ESTABLISHED,UNKNOWN,,,UNRESOLVED,1.000000,OBSERVED,107.270000,true,RP_SECONDARY_RESIDENCE_OWNER_COST_v0_1,CE_CPI_SCOPE_RULES_V0_3,REPLACE,PROPOSED,CURRENT_PENDING,SOURCE,TRANSFORMED,UNRESOLVED,,,AMOUNT_HELD_IN_PENDING_BUCKET,PENDING,,,,,,1.000000,,,RG_SECONDARY_RESIDENCE_RENTAL_EQUIVALENCE,REMOVAL,BLOCKED_PENDING_ADJUDICATION,
340912,Q2,Management and upkeep services for security,HOUSING,Housing,PUBLISHED_CE_UCC,PUBLISHED_CE_BASIS,LABSTAT_PUBLISHED,NOT_VERIFIED,NOT_ESTABLISHED,UNKNOWN,,,UNRESOLVED,10.000000,OBSERVED,76.790000,true,RP_SECONDARY_RESIDENCE_OWNER_COST_v0_1,CE_CPI_SCOPE_RULES_V0_3,REPLACE,PROPOSED,CURRENT_PENDING,SOURCE,TRANSFORMED,UNRESOLVED,,,AMOUNT_HELD_IN_PENDING_BUCKET,PENDING,,,,,,10.000000,,,RG_SECONDARY_RESIDENCE_RENTAL_EQUIVALENCE,REMOVAL,BLOCKED_PENDING_ADJUDICATION,
340912,Q3,Management and upkeep services for security,HOUSING,Housing,PUBLISHED_CE_UCC,PUBLISHED_CE_BASIS,LABSTAT_PUBLISHED,NOT_VERIFIED,NOT_ESTABLISHED,UNKNOWN,,,UNRESOLVED,58.000000,OBSERVED,68.060000,true,RP_SECONDARY_RESIDENCE_OWNER_COST_v0_1,CE_CPI_SCOPE_RULES_V0_3,REPLACE,PROPOSED,CURRENT_PENDING,SOURCE,TRANSFORMED,UNRESOLVED,,,AMOUNT_HELD_IN_PENDING_BUCKET,PENDING,,,,,,58.000000,,,RG_SECONDARY_RESIDENCE_RENTAL_EQUIVALENCE,REMOVAL,BLOCKED_PENDING_ADJUDICATION,
340912,Q4,Management and upkeep services for security,HOUSING,Housing,PUBLISHED_CE_UCC,PUBLISHED_CE_BASIS,LABSTAT_PUBLISHED,NOT_VERIFIED,NOT_ESTABLISHED,UNKNOWN,,,UNRESOLVED,61.000000,OBSERVED,44.970000,true,RP_SECONDARY_RESIDENCE_OWNER_COST_v0_1,CE_CPI_SCOPE_RULES_V0_3,REPLACE,PROPOSED,CURRENT_PENDING,SOURCE,TRANSFORMED,UNRESOLVED,,,AMOUNT_HELD_IN_PENDING_BUCKET,PENDING,,,,,,61.000000,,,RG_SECONDARY_RESIDENCE_RENTAL_EQUIVALENCE,REMOVAL,BLOCKED_PENDING_ADJUDICATION,
340912,Q5,Management and upkeep services for security,HOUSING,Housing,PUBLISHED_CE_UCC,PUBLISHED_CE_BASIS,LABSTAT_PUBLISHED,NOT_VERIFIED,NOT_ESTABLISHED,UNKNOWN,,,UNRESOLVED,132.000000,OBSERVED,36.380000,true,RP_SECONDARY_RESIDENCE_OWNER_COST_v0_1,CE_CPI_SCOPE_RULES_V0_3,REPLACE,PROPOSED,CURRENT_PENDING,SOURCE,TRANSFORMED,UNRESOLVED,,,AMOUNT_HELD_IN_PENDING_BUCKET,PENDING,,,,,,132.000000,,,RG_SECONDARY_RESIDENCE_RENTAL_EQUIVALENCE,REMOVAL,BLOCKED_PENDING_ADJUDICATION,
340913,ALL_CU,Repair of miscellaneous household equipment and furnishings,HOUSING,Housing,PUBLISHED_CE_UCC,PUBLISHED_CE_BASIS,LABSTAT_PUBLISHED,NOT_VERIFIED,NOT_ESTABLISHED,UNKNOWN,,,UNRESOLVED,341.000000,OBSERVED,89.890000,true,UNRESOLVED_v0_2,CE_CPI_SCOPE_RULES_V0_3,UNRESOLVED,OPEN,CURRENT_OPEN,SOURCE,UNRESOLVED,UNRESOLVED,,,NOT_APPLICABLE,OPEN,,,,,,,341.000000,,,NOT_APPLICABLE,BLOCKED_UNRESOLVED_METHODOLOGY,
340913,Q1,Repair of miscellaneous household equipment and furnishings,HOUSING,Housing,PUBLISHED_CE_UCC,PUBLISHED_CE_BASIS,LABSTAT_PUBLISHED,NOT_VERIFIED,NOT_ESTABLISHED,UNKNOWN,,,UNRESOLVED,1.000000,OBSERVED,99.260000,true,UNRESOLVED_v0_2,CE_CPI_SCOPE_RULES_V0_3,UNRESOLVED,OPEN,CURRENT_OPEN,SOURCE,UNRESOLVED,UNRESOLVED,,,NOT_APPLICABLE,OPEN,,,,,,,1.000000,,,NOT_APPLICABLE,BLOCKED_UNRESOLVED_METHODOLOGY,
340913,Q2,Repair of miscellaneous household equipment and furnishings,HOUSING,Housing,PUBLISHED_CE_UCC,PUBLISHED_CE_BASIS,LABSTAT_PUBLISHED,NOT_VERIFIED,NOT_ESTABLISHED,UNKNOWN,,,UNRESOLVED,8.000000,OBSERVED,96.510000,true,UNRESOLVED_v0_2,CE_CPI_SCOPE_RULES_V0_3,UNRESOLVED,OPEN,CURRENT_OPEN,SOURCE,UNRESOLVED,UNRESOLVED,,,NOT_APPLICABLE,OPEN,,,,,,,8.000000,,,NOT_APPLICABLE,BLOCKED_UNRESOLVED_METHODOLOGY,
340913,Q3,Repair of miscellaneous household equipment and furnishings,HOUSING,Housing,PUBLISHED_CE_UCC,PUBLISHED_CE_BASIS,LABSTAT_PUBLISHED,NOT_VERIFIED,NOT_ESTABLISHED,UNKNOWN,,,UNRESOLVED,14.000000,OBSERVED,97.280000,true,UNRESOLVED_v0_2,CE_CPI_SCOPE_RULES_V0_3,UNRESOLVED,OPEN,CURRENT_OPEN,SOURCE,UNRESOLVED,UNRESOLVED,,,NOT_APPLICABLE,OPEN,,,,,,,14.000000,,,NOT_APPLICABLE,BLOCKED_UNRESOLVED_METHODOLOGY,
340913,Q4,Repair of miscellaneous household equipment and furnishings,HOUSING,Housing,PUBLISHED_CE_UCC,PUBLISHED_CE_BASIS,LABSTAT_PUBLISHED,NOT_VERIFIED,NOT_ESTABLISHED,UNKNOWN,,,UNRESOLVED,,SUPPRESSED,,,UNRESOLVED_v0_2,CE_CPI_SCOPE_RULES_V0_3,UNRESOLVED,OPEN,CURRENT_OPEN,SOURCE,UNRESOLVED,UNRESOLVED,,,NOT_APPLICABLE,OPEN,,,,,,,,,,NOT_APPLICABLE,BLOCKED_UNRESOLVED_METHODOLOGY,BLS publishes this series and did not publish this cell. The amount is unknown and is not zero.
340913,Q5,Repair of miscellaneous household equipment and furnishings,HOUSING,Housing,PUBLISHED_CE_UCC,PUBLISHED_CE_BASIS,LABSTAT_PUBLISHED,NOT_VERIFIED,NOT_ESTABLISHED,UNKNOWN,,,UNRESOLVED,318.000000,OBSERVED,96.700000,true,UNRESOLVED_v0_2,CE_CPI_SCOPE_RULES_V0_3,UNRESOLVED,OPEN,CURRENT_OPEN,SOURCE,UNRESOLVED,UNRESOLVED,,,NOT_APPLICABLE,OPEN,,,,,,,318.000000,,,NOT_APPLICABLE,BLOCKED_UNRESOLVED_METHODOLOGY,
340914,ALL_CU,Services for termite/pest control,HOUSING,Housing,DIRECT_CONCORDANCE_UCC,PUBLISHED_CE_BASIS,LABSTAT_PUBLISHED,NOT_VERIFIED,NOT_ESTABLISHED,UNKNOWN,HP090,HOUSEHOLD_FURNISHINGS_OPERATIONS,DIRECT,9237.000000,OBSERVED,5.670000,false,,,,,NOT_APPLICABLE,UNCLAIMED,,,,,NOT_APPLICABLE,RETAINED,9237.000000,,,,,,,,,NOT_APPLICABLE,ELIGIBLE,
340914,Q1,Services for termite/pest control,HOUSING,Housing,DIRECT_CONCORDANCE_UCC,PUBLISHED_CE_BASIS,LABSTAT_PUBLISHED,NOT_VERIFIED,NOT_ESTABLISHED,UNKNOWN,HP090,HOUSEHOLD_FURNISHINGS_OPERATIONS,DIRECT,872.000000,OBSERVED,21.590000,false,,,,,NOT_APPLICABLE,UNCLAIMED,,,,,NOT_APPLICABLE,RETAINED,872.000000,,,,,,,,,NOT_APPLICABLE,ELIGIBLE,
340914,Q2,Services for termite/pest control,HOUSING,Housing,DIRECT_CONCORDANCE_UCC,PUBLISHED_CE_BASIS,LABSTAT_PUBLISHED,NOT_VERIFIED,NOT_ESTABLISHED,UNKNOWN,HP090,HOUSEHOLD_FURNISHINGS_OPERATIONS,DIRECT,1194.000000,OBSERVED,17.210000,false,,,,,NOT_APPLICABLE,UNCLAIMED,,,,,NOT_APPLICABLE,RETAINED,1194.000000,,,,,,,,,NOT_APPLICABLE,ELIGIBLE,
340914,Q3,Services for termite/pest control,HOUSING,Housing,DIRECT_CONCORDANCE_UCC,PUBLISHED_CE_BASIS,LABSTAT_PUBLISHED,NOT_VERIFIED,NOT_ESTABLISHED,UNKNOWN,HP090,HOUSEHOLD_FURNISHINGS_OPERATIONS,DIRECT,1401.000000,OBSERVED,8.920000,false,,,,,NOT_APPLICABLE,UNCLAIMED,,,,,NOT_APPLICABLE,RETAINED,1401.000000,,,,,,,,,NOT_APPLICABLE,ELIGIBLE,
340914,Q4,Services for termite/pest control,HOUSING,Housing,DIRECT_CONCORDANCE_UCC,PUBLISHED_CE_BASIS,LABSTAT_PUBLISHED,NOT_VERIFIED,NOT_ESTABLISHED,UNKNOWN,HP090,HOUSEHOLD_FURNISHINGS_OPERATIONS,DIRECT,1949.000000,OBSERVED,8.770000,false,,,,,NOT_APPLICABLE,UNCLAIMED,,,,,NOT_APPLICABLE,RETAINED,1949.000000,,,,,,,,,NOT_APPLICABLE,ELIGIBLE,
340914,Q5,Services for termite/pest control,HOUSING,Housing,DIRECT_CONCORDANCE_UCC,PUBLISHED_CE_BASIS,LABSTAT_PUBLISHED,NOT_VERIFIED,NOT_ESTABLISHED,UNKNOWN,HP090,HOUSEHOLD_FURNISHINGS_OPERATIONS,DIRECT,3822.000000,OBSERVED,4.810000,false,,,,,NOT_APPLICABLE,UNCLAIMED,,,,,NOT_APPLICABLE,RETAINED,3822.000000,,,,,,,,,NOT_APPLICABLE,ELIGIBLE,
340915,ALL_CU,Home security system service fees,HOUSING,Housing,PUBLISHED_CE_UCC,PUBLISHED_CE_BASIS,LABSTAT_PUBLISHED,NOT_VERIFIED,NOT_ESTABLISHED,UNKNOWN,,,UNRESOLVED,6028.000000,OBSERVED,5.880000,false,UNRESOLVED_v0_2,CE_CPI_SCOPE_RULES_V0_3,UNRESOLVED,OPEN,CURRENT_OPEN,SOURCE,UNRESOLVED,UNRESOLVED,,,NOT_APPLICABLE,OPEN,,,,,,,6028.000000,,,NOT_APPLICABLE,BLOCKED_UNRESOLVED_METHODOLOGY,
340915,Q1,Home security system service fees,HOUSING,Housing,PUBLISHED_CE_UCC,PUBLISHED_CE_BASIS,LABSTAT_PUBLISHED,NOT_VERIFIED,NOT_ESTABLISHED,UNKNOWN,,,UNRESOLVED,477.000000,OBSERVED,18.160000,false,UNRESOLVED_v0_2,CE_CPI_SCOPE_RULES_V0_3,UNRESOLVED,OPEN,CURRENT_OPEN,SOURCE,UNRESOLVED,UNRESOLVED,,,NOT_APPLICABLE,OPEN,,,,,,,477.000000,,,NOT_APPLICABLE,BLOCKED_UNRESOLVED_METHODOLOGY,
340915,Q2,Home security system service fees,HOUSING,Housing,PUBLISHED_CE_UCC,PUBLISHED_CE_BASIS,LABSTAT_PUBLISHED,NOT_VERIFIED,NOT_ESTABLISHED,UNKNOWN,,,UNRESOLVED,658.000000,OBSERVED,12.210000,false,UNRESOLVED_v0_2,CE_CPI_SCOPE_RULES_V0_3,UNRESOLVED,OPEN,CURRENT_OPEN,SOURCE,UNRESOLVED,UNRESOLVED,,,NOT_APPLICABLE,OPEN,,,,,,,658.000000,,,NOT_APPLICABLE,BLOCKED_UNRESOLVED_METHODOLOGY,
340915,Q3,Home security system service fees,HOUSING,Housing,PUBLISHED_CE_UCC,PUBLISHED_CE_BASIS,LABSTAT_PUBLISHED,NOT_VERIFIED,NOT_ESTABLISHED,UNKNOWN,,,UNRESOLVED,832.000000,OBSERVED,11.200000,false,UNRESOLVED_v0_2,CE_CPI_SCOPE_RULES_V0_3,UNRESOLVED,OPEN,CURRENT_OPEN,SOURCE,UNRESOLVED,UNRESOLVED,,,NOT_APPLICABLE,OPEN,,,,,,,832.000000,,,NOT_APPLICABLE,BLOCKED_UNRESOLVED_METHODOLOGY,
340915,Q4,Home security system service fees,HOUSING,Housing,PUBLISHED_CE_UCC,PUBLISHED_CE_BASIS,LABSTAT_PUBLISHED,NOT_VERIFIED,NOT_ESTABLISHED,UNKNOWN,,,UNRESOLVED,1560.000000,OBSERVED,9.410000,false,UNRESOLVED_v0_2,CE_CPI_SCOPE_RULES_V0_3,UNRESOLVED,OPEN,CURRENT_OPEN,SOURCE,UNRESOLVED,UNRESOLVED,,,NOT_APPLICABLE,OPEN,,,,,,,1560.000000,,,NOT_APPLICABLE,BLOCKED_UNRESOLVED_METHODOLOGY,
340915,Q5,Home security system service fees,HOUSING,Housing,PUBLISHED_CE_UCC,PUBLISHED_CE_BASIS,LABSTAT_PUBLISHED,NOT_VERIFIED,NOT_ESTABLISHED,UNKNOWN,,,UNRESOLVED,2500.000000,OBSERVED,8.710000,false,UNRESOLVED_v0_2,CE_CPI_SCOPE_RULES_V0_3,UNRESOLVED,OPEN,CURRENT_OPEN,SOURCE,UNRESOLVED,UNRESOLVED,,,NOT_APPLICABLE,OPEN,,,,,,,2500.000000,,,NOT_APPLICABLE,BLOCKED_UNRESOLVED_METHODOLOGY,
350110,ALL_CU,Tenant's insurance,HOUSING,Housing,DIRECT_CONCORDANCE_UCC,PUBLISHED_CE_BASIS,LABSTAT_PUBLISHED,NOT_VERIFIED,NOT_ESTABLISHED,UNKNOWN,HD011,SHELTER,DIRECT,5398.000000,OBSERVED,5.750000,false,,,,,NOT_APPLICABLE,UNCLAIMED,,,,,NOT_APPLICABLE,RETAINED,5398.000000,,,,,,,,,NOT_APPLICABLE,ELIGIBLE,
350110,Q1,Tenant's insurance,HOUSING,Housing,DIRECT_CONCORDANCE_UCC,PUBLISHED_CE_BASIS,LABSTAT_PUBLISHED,NOT_VERIFIED,NOT_ESTABLISHED,UNKNOWN,HD011,SHELTER,DIRECT,828.000000,OBSERVED,13.270000,false,,,,,NOT_APPLICABLE,UNCLAIMED,,,,,NOT_APPLICABLE,RETAINED,828.000000,,,,,,,,,NOT_APPLICABLE,ELIGIBLE,
350110,Q2,Tenant's insurance,HOUSING,Housing,DIRECT_CONCORDANCE_UCC,PUBLISHED_CE_BASIS,LABSTAT_PUBLISHED,NOT_VERIFIED,NOT_ESTABLISHED,UNKNOWN,HD011,SHELTER,DIRECT,1276.000000,OBSERVED,13.090000,false,,,,,NOT_APPLICABLE,UNCLAIMED,,,,,NOT_APPLICABLE,RETAINED,1276.000000,,,,,,,,,NOT_APPLICABLE,ELIGIBLE,
350110,Q3,Tenant's insurance,HOUSING,Housing,DIRECT_CONCORDANCE_UCC,PUBLISHED_CE_BASIS,LABSTAT_PUBLISHED,NOT_VERIFIED,NOT_ESTABLISHED,UNKNOWN,HD011,SHELTER,DIRECT,1306.000000,OBSERVED,10.450000,false,,,,,NOT_APPLICABLE,UNCLAIMED,,,,,NOT_APPLICABLE,RETAINED,1306.000000,,,,,,,,,NOT_APPLICABLE,ELIGIBLE,
350110,Q4,Tenant's insurance,HOUSING,Housing,DIRECT_CONCORDANCE_UCC,PUBLISHED_CE_BASIS,LABSTAT_PUBLISHED,NOT_VERIFIED,NOT_ESTABLISHED,UNKNOWN,HD011,SHELTER,DIRECT,1223.000000,OBSERVED,13.530000,false,,,,,NOT_APPLICABLE,UNCLAIMED,,,,,NOT_APPLICABLE,RETAINED,1223.000000,,,,,,,,,NOT_APPLICABLE,ELIGIBLE,
350110,Q5,Tenant's insurance,HOUSING,Housing,DIRECT_CONCORDANCE_UCC,PUBLISHED_CE_BASIS,LABSTAT_PUBLISHED,NOT_VERIFIED,NOT_ESTABLISHED,UNKNOWN,HD011,SHELTER,DIRECT,766.000000,OBSERVED,9.280000,false,,,,,NOT_APPLICABLE,UNCLAIMED,,,,,NOT_APPLICABLE,RETAINED,766.000000,,,,,,,,,NOT_APPLICABLE,ELIGIBLE,
430130,ALL_CU,Luggage,HOUSING,Housing,DIRECT_CONCORDANCE_UCC,PUBLISHED_CE_BASIS,LABSTAT_PUBLISHED,NOT_VERIFIED,NOT_ESTABLISHED,UNKNOWN,GE012,OTHER_GOODS_SERVICES,DIRECT,4162.000000,OBSERVED,29.610000,true,,,,,NOT_APPLICABLE,UNCLAIMED,,,,,NOT_APPLICABLE,RETAINED,4162.000000,,,,,,,,,NOT_APPLICABLE,ELIGIBLE,
430130,Q1,Luggage,HOUSING,Housing,DIRECT_CONCORDANCE_UCC,PUBLISHED_CE_BASIS,LABSTAT_PUBLISHED,NOT_VERIFIED,NOT_ESTABLISHED,UNKNOWN,GE012,OTHER_GOODS_SERVICES,DIRECT,30.000000,OBSERVED,69.740000,true,,,,,NOT_APPLICABLE,UNCLAIMED,,,,,NOT_APPLICABLE,RETAINED,30.000000,,,,,,,,,NOT_APPLICABLE,ELIGIBLE,
430130,Q2,Luggage,HOUSING,Housing,DIRECT_CONCORDANCE_UCC,PUBLISHED_CE_BASIS,LABSTAT_PUBLISHED,NOT_VERIFIED,NOT_ESTABLISHED,UNKNOWN,GE012,OTHER_GOODS_SERVICES,DIRECT,188.000000,OBSERVED,41.650000,true,,,,,NOT_APPLICABLE,UNCLAIMED,,,,,NOT_APPLICABLE,RETAINED,188.000000,,,,,,,,,NOT_APPLICABLE,ELIGIBLE,
430130,Q3,Luggage,HOUSING,Housing,DIRECT_CONCORDANCE_UCC,PUBLISHED_CE_BASIS,LABSTAT_PUBLISHED,NOT_VERIFIED,NOT_ESTABLISHED,UNKNOWN,GE012,OTHER_GOODS_SERVICES,DIRECT,743.000000,OBSERVED,41.570000,true,,,,,NOT_APPLICABLE,UNCLAIMED,,,,,NOT_APPLICABLE,RETAINED,743.000000,,,,,,,,,NOT_APPLICABLE,ELIGIBLE,
430130,Q4,Luggage,HOUSING,Housing,DIRECT_CONCORDANCE_UCC,PUBLISHED_CE_BASIS,LABSTAT_PUBLISHED,NOT_VERIFIED,NOT_ESTABLISHED,UNKNOWN,GE012,OTHER_GOODS_SERVICES,DIRECT,995.000000,OBSERVED,50.750000,true,,,,,NOT_APPLICABLE,UNCLAIMED,,,,,NOT_APPLICABLE,RETAINED,995.000000,,,,,,,,,NOT_APPLICABLE,ELIGIBLE,
430130,Q5,Luggage,HOUSING,Housing,DIRECT_CONCORDANCE_UCC,PUBLISHED_CE_BASIS,LABSTAT_PUBLISHED,NOT_VERIFIED,NOT_ESTABLISHED,UNKNOWN,GE012,OTHER_GOODS_SERVICES,DIRECT,2206.000000,OBSERVED,49.390000,true,,,,,NOT_APPLICABLE,UNCLAIMED,,,,,NOT_APPLICABLE,RETAINED,2206.000000,,,,,,,,,NOT_APPLICABLE,ELIGIBLE,
450110,ALL_CU,New cars,TRANS,Transportation,DIRECT_CONCORDANCE_UCC,PUBLISHED_CE_BASIS,LABSTAT_PUBLISHED,NOT_VERIFIED,NOT_ESTABLISHED,UNKNOWN,TA011,TRANSPORT_COMMODITIES_EX_MOTOR_FUEL,DIRECT,90905.000000,OBSERVED,14.450000,false,,,,,NOT_APPLICABLE,UNCLAIMED,,,,,NOT_APPLICABLE,RETAINED,90905.000000,,,,,,,,,NOT_APPLICABLE,ELIGIBLE,
450110,Q1,New cars,TRANS,Transportation,DIRECT_CONCORDANCE_UCC,PUBLISHED_CE_BASIS,LABSTAT_PUBLISHED,NOT_VERIFIED,NOT_ESTABLISHED,UNKNOWN,TA011,TRANSPORT_COMMODITIES_EX_MOTOR_FUEL,DIRECT,4009.000000,OBSERVED,54.740000,true,,,,,NOT_APPLICABLE,UNCLAIMED,,,,,NOT_APPLICABLE,RETAINED,4009.000000,,,,,,,,,NOT_APPLICABLE,ELIGIBLE,
450110,Q2,New cars,TRANS,Transportation,DIRECT_CONCORDANCE_UCC,PUBLISHED_CE_BASIS,LABSTAT_PUBLISHED,NOT_VERIFIED,NOT_ESTABLISHED,UNKNOWN,TA011,TRANSPORT_COMMODITIES_EX_MOTOR_FUEL,DIRECT,8286.000000,OBSERVED,42.680000,true,,,,,NOT_APPLICABLE,UNCLAIMED,,,,,NOT_APPLICABLE,RETAINED,8286.000000,,,,,,,,,NOT_APPLICABLE,ELIGIBLE,
450110,Q3,New cars,TRANS,Transportation,DIRECT_CONCORDANCE_UCC,PUBLISHED_CE_BASIS,LABSTAT_PUBLISHED,NOT_VERIFIED,NOT_ESTABLISHED,UNKNOWN,TA011,TRANSPORT_COMMODITIES_EX_MOTOR_FUEL,DIRECT,10591.000000,OBSERVED,38.160000,true,,,,,NOT_APPLICABLE,UNCLAIMED,,,,,NOT_APPLICABLE,RETAINED,10591.000000,,,,,,,,,NOT_APPLICABLE,ELIGIBLE,
450110,Q4,New cars,TRANS,Transportation,DIRECT_CONCORDANCE_UCC,PUBLISHED_CE_BASIS,LABSTAT_PUBLISHED,NOT_VERIFIED,NOT_ESTABLISHED,UNKNOWN,TA011,TRANSPORT_COMMODITIES_EX_MOTOR_FUEL,DIRECT,15233.000000,OBSERVED,32.550000,true,,,,,NOT_APPLICABLE,UNCLAIMED,,,,,NOT_APPLICABLE,RETAINED,15233.000000,,,,,,,,,NOT_APPLICABLE,ELIGIBLE,
450110,Q5,New cars,TRANS,Transportation,DIRECT_CONCORDANCE_UCC,PUBLISHED_CE_BASIS,LABSTAT_PUBLISHED,NOT_VERIFIED,NOT_ESTABLISHED,UNKNOWN,TA011,TRANSPORT_COMMODITIES_EX_MOTOR_FUEL,DIRECT,52786.000000,OBSERVED,20.480000,false,,,,,NOT_APPLICABLE,UNCLAIMED,,,,,NOT_APPLICABLE,RETAINED,52786.000000,,,,,,,,,NOT_APPLICABLE,ELIGIBLE,
450210,ALL_CU,New trucks,TRANS,Transportation,DIRECT_CONCORDANCE_UCC,PUBLISHED_CE_BASIS,LABSTAT_PUBLISHED,NOT_VERIFIED,NOT_ESTABLISHED,UNKNOWN,TA011,TRANSPORT_COMMODITIES_EX_MOTOR_FUEL,DIRECT,244331.000000,OBSERVED,6.960000,false,,,,,NOT_APPLICABLE,UNCLAIMED,,,,,NOT_APPLICABLE,RETAINED,244331.000000,,,,,,,,,NOT_APPLICABLE,ELIGIBLE,
450210,Q1,New trucks,TRANS,Transportation,DIRECT_CONCORDANCE_UCC,PUBLISHED_CE_BASIS,LABSTAT_PUBLISHED,NOT_VERIFIED,NOT_ESTABLISHED,UNKNOWN,TA011,TRANSPORT_COMMODITIES_EX_MOTOR_FUEL,DIRECT,18205.000000,OBSERVED,31.720000,true,,,,,NOT_APPLICABLE,UNCLAIMED,,,,,NOT_APPLICABLE,RETAINED,18205.000000,,,,,,,,,NOT_APPLICABLE,ELIGIBLE,
450210,Q2,New trucks,TRANS,Transportation,DIRECT_CONCORDANCE_UCC,PUBLISHED_CE_BASIS,LABSTAT_PUBLISHED,NOT_VERIFIED,NOT_ESTABLISHED,UNKNOWN,TA011,TRANSPORT_COMMODITIES_EX_MOTOR_FUEL,DIRECT,18410.000000,OBSERVED,29.660000,true,,,,,NOT_APPLICABLE,UNCLAIMED,,,,,NOT_APPLICABLE,RETAINED,18410.000000,,,,,,,,,NOT_APPLICABLE,ELIGIBLE,
450210,Q3,New trucks,TRANS,Transportation,DIRECT_CONCORDANCE_UCC,PUBLISHED_CE_BASIS,LABSTAT_PUBLISHED,NOT_VERIFIED,NOT_ESTABLISHED,UNKNOWN,TA011,TRANSPORT_COMMODITIES_EX_MOTOR_FUEL,DIRECT,26196.000000,OBSERVED,19.890000,false,,,,,NOT_APPLICABLE,UNCLAIMED,,,,,NOT_APPLICABLE,RETAINED,26196.000000,,,,,,,,,NOT_APPLICABLE,ELIGIBLE,
450210,Q4,New trucks,TRANS,Transportation,DIRECT_CONCORDANCE_UCC,PUBLISHED_CE_BASIS,LABSTAT_PUBLISHED,NOT_VERIFIED,NOT_ESTABLISHED,UNKNOWN,TA011,TRANSPORT_COMMODITIES_EX_MOTOR_FUEL,DIRECT,48224.000000,OBSERVED,14.450000,false,,,,,NOT_APPLICABLE,UNCLAIMED,,,,,NOT_APPLICABLE,RETAINED,48224.000000,,,,,,,,,NOT_APPLICABLE,ELIGIBLE,
450210,Q5,New trucks,TRANS,Transportation,DIRECT_CONCORDANCE_UCC,PUBLISHED_CE_BASIS,LABSTAT_PUBLISHED,NOT_VERIFIED,NOT_ESTABLISHED,UNKNOWN,TA011,TRANSPORT_COMMODITIES_EX_MOTOR_FUEL,DIRECT,133296.000000,OBSERVED,10.250000,false,,,,,NOT_APPLICABLE,UNCLAIMED,,,,,NOT_APPLICABLE,RETAINED,133296.000000,,,,,,,,,NOT_APPLICABLE,ELIGIBLE,
450220,ALL_CU,New motorcycles,TRANS,Transportation,DIRECT_CONCORDANCE_UCC,PUBLISHED_CE_BASIS,LABSTAT_PUBLISHED,NOT_VERIFIED,NOT_ESTABLISHED,UNKNOWN,TA012,TRANSPORT_COMMODITIES_EX_MOTOR_FUEL,DIRECT,3997.000000,OBSERVED,61.220000,true,,,,,NOT_APPLICABLE,UNCLAIMED,,,,,NOT_APPLICABLE,RETAINED,3997.000000,,,,,,,,,NOT_APPLICABLE,ELIGIBLE,
450220,Q1,New motorcycles,TRANS,Transportation,DIRECT_CONCORDANCE_UCC,PUBLISHED_CE_BASIS,LABSTAT_PUBLISHED,NOT_VERIFIED,NOT_ESTABLISHED,UNKNOWN,TA012,TRANSPORT_COMMODITIES_EX_MOTOR_FUEL,DIRECT,441.000000,OBSERVED,91.520000,true,,,,,NOT_APPLICABLE,UNCLAIMED,,,,,NOT_APPLICABLE,RETAINED,441.000000,,,,,,,,,NOT_APPLICABLE,ELIGIBLE,
450220,Q2,New motorcycles,TRANS,Transportation,DIRECT_CONCORDANCE_UCC,PUBLISHED_CE_BASIS,LABSTAT_PUBLISHED,NOT_VERIFIED,NOT_ESTABLISHED,UNKNOWN,TA012,TRANSPORT_COMMODITIES_EX_MOTOR_FUEL,DIRECT,,SUPPRESSED,,,,,,,NOT_APPLICABLE,UNCLAIMED,,,,,NOT_APPLICABLE,RETAINED,,,,,,,,,,NOT_APPLICABLE,BLOCKED_AMOUNT_UNAVAILABLE,BLS publishes this series and did not publish this cell. The amount is unknown and is not zero.
450220,Q3,New motorcycles,TRANS,Transportation,DIRECT_CONCORDANCE_UCC,PUBLISHED_CE_BASIS,LABSTAT_PUBLISHED,NOT_VERIFIED,NOT_ESTABLISHED,UNKNOWN,TA012,TRANSPORT_COMMODITIES_EX_MOTOR_FUEL,DIRECT,,SUPPRESSED,,,,,,,NOT_APPLICABLE,UNCLAIMED,,,,,NOT_APPLICABLE,RETAINED,,,,,,,,,,NOT_APPLICABLE,BLOCKED_AMOUNT_UNAVAILABLE,BLS publishes this series and did not publish this cell. The amount is unknown and is not zero.
450220,Q4,New motorcycles,TRANS,Transportation,DIRECT_CONCORDANCE_UCC,PUBLISHED_CE_BASIS,LABSTAT_PUBLISHED,NOT_VERIFIED,NOT_ESTABLISHED,UNKNOWN,TA012,TRANSPORT_COMMODITIES_EX_MOTOR_FUEL,DIRECT,863.000000,OBSERVED,66.840000,true,,,,,NOT_APPLICABLE,UNCLAIMED,,,,,NOT_APPLICABLE,RETAINED,863.000000,,,,,,,,,NOT_APPLICABLE,ELIGIBLE,
450220,Q5,New motorcycles,TRANS,Transportation,DIRECT_CONCORDANCE_UCC,PUBLISHED_CE_BASIS,LABSTAT_PUBLISHED,NOT_VERIFIED,NOT_ESTABLISHED,UNKNOWN,TA012,TRANSPORT_COMMODITIES_EX_MOTOR_FUEL,DIRECT,2693.000000,OBSERVED,87.660000,true,,,,,NOT_APPLICABLE,UNCLAIMED,,,,,NOT_APPLICABLE,RETAINED,2693.000000,,,,,,,,,NOT_APPLICABLE,ELIGIBLE,
450350,ALL_CU,Car/truck lease payments,TRANS,Transportation,DIRECT_CONCORDANCE_UCC,PUBLISHED_CE_BASIS,LABSTAT_PUBLISHED,NOT_VERIFIED,NOT_ESTABLISHED,UNKNOWN,TA031,TRANSPORT_SERVICES,DIRECT,30989.000000,OBSERVED,9.400000,false,,,,,NOT_APPLICABLE,UNCLAIMED,,,,,NOT_APPLICABLE,RETAINED,30989.000000,,,,,,,,,NOT_APPLICABLE,ELIGIBLE,
450350,Q1,Car/truck lease payments,TRANS,Transportation,DIRECT_CONCORDANCE_UCC,PUBLISHED_CE_BASIS,LABSTAT_PUBLISHED,NOT_VERIFIED,NOT_ESTABLISHED,UNKNOWN,TA031,TRANSPORT_SERVICES,DIRECT,1700.000000,OBSERVED,17.470000,false,,,,,NOT_APPLICABLE,UNCLAIMED,,,,,NOT_APPLICABLE,RETAINED,1700.000000,,,,,,,,,NOT_APPLICABLE,ELIGIBLE,
450350,Q2,Car/truck lease payments,TRANS,Transportation,DIRECT_CONCORDANCE_UCC,PUBLISHED_CE_BASIS,LABSTAT_PUBLISHED,NOT_VERIFIED,NOT_ESTABLISHED,UNKNOWN,TA031,TRANSPORT_SERVICES,DIRECT,3202.000000,OBSERVED,16.250000,false,,,,,NOT_APPLICABLE,UNCLAIMED,,,,,NOT_APPLICABLE,RETAINED,3202.000000,,,,,,,,,NOT_APPLICABLE,ELIGIBLE,
450350,Q3,Car/truck lease payments,TRANS,Transportation,DIRECT_CONCORDANCE_UCC,PUBLISHED_CE_BASIS,LABSTAT_PUBLISHED,NOT_VERIFIED,NOT_ESTABLISHED,UNKNOWN,TA031,TRANSPORT_SERVICES,DIRECT,4247.000000,OBSERVED,15.430000,false,,,,,NOT_APPLICABLE,UNCLAIMED,,,,,NOT_APPLICABLE,RETAINED,4247.000000,,,,,,,,,NOT_APPLICABLE,ELIGIBLE,
450350,Q4,Car/truck lease payments,TRANS,Transportation,DIRECT_CONCORDANCE_UCC,PUBLISHED_CE_BASIS,LABSTAT_PUBLISHED,NOT_VERIFIED,NOT_ESTABLISHED,UNKNOWN,TA031,TRANSPORT_SERVICES,DIRECT,8042.000000,OBSERVED,14.460000,false,,,,,NOT_APPLICABLE,UNCLAIMED,,,,,NOT_APPLICABLE,RETAINED,8042.000000,,,,,,,,,NOT_APPLICABLE,ELIGIBLE,
450350,Q5,Car/truck lease payments,TRANS,Transportation,DIRECT_CONCORDANCE_UCC,PUBLISHED_CE_BASIS,LABSTAT_PUBLISHED,NOT_VERIFIED,NOT_ESTABLISHED,UNKNOWN,TA031,TRANSPORT_SERVICES,DIRECT,13799.000000,OBSERVED,13.740000,false,,,,,NOT_APPLICABLE,UNCLAIMED,,,,,NOT_APPLICABLE,RETAINED,13799.000000,,,,,,,,,NOT_APPLICABLE,ELIGIBLE,
450351,ALL_CU,Extra fees for car/truck lease,TRANS,Transportation,PUBLISHED_CE_UCC,PUBLISHED_CE_BASIS,LABSTAT_PUBLISHED,NOT_VERIFIED,NOT_ESTABLISHED,UNKNOWN,,,UNRESOLVED,200.000000,OBSERVED,31.550000,true,UNRESOLVED_v0_2,CE_CPI_SCOPE_RULES_V0_3,UNRESOLVED,OPEN,CURRENT_OPEN,SOURCE,UNRESOLVED,UNRESOLVED,,,NOT_APPLICABLE,OPEN,,,,,,,200.000000,,,NOT_APPLICABLE,BLOCKED_UNRESOLVED_METHODOLOGY,
450351,Q1,Extra fees for car/truck lease,TRANS,Transportation,PUBLISHED_CE_UCC,PUBLISHED_CE_BASIS,LABSTAT_PUBLISHED,NOT_VERIFIED,NOT_ESTABLISHED,UNKNOWN,,,UNRESOLVED,16.000000,OBSERVED,36.280000,true,UNRESOLVED_v0_2,CE_CPI_SCOPE_RULES_V0_3,UNRESOLVED,OPEN,CURRENT_OPEN,SOURCE,UNRESOLVED,UNRESOLVED,,,NOT_APPLICABLE,OPEN,,,,,,,16.000000,,,NOT_APPLICABLE,BLOCKED_UNRESOLVED_METHODOLOGY,
450351,Q2,Extra fees for car/truck lease,TRANS,Transportation,PUBLISHED_CE_UCC,PUBLISHED_CE_BASIS,LABSTAT_PUBLISHED,NOT_VERIFIED,NOT_ESTABLISHED,UNKNOWN,,,UNRESOLVED,1.000000,OBSERVED,99.860000,true,UNRESOLVED_v0_2,CE_CPI_SCOPE_RULES_V0_3,UNRESOLVED,OPEN,CURRENT_OPEN,SOURCE,UNRESOLVED,UNRESOLVED,,,NOT_APPLICABLE,OPEN,,,,,,,1.000000,,,NOT_APPLICABLE,BLOCKED_UNRESOLVED_METHODOLOGY,
450351,Q3,Extra fees for car/truck lease,TRANS,Transportation,PUBLISHED_CE_UCC,PUBLISHED_CE_BASIS,LABSTAT_PUBLISHED,NOT_VERIFIED,NOT_ESTABLISHED,UNKNOWN,,,UNRESOLVED,26.000000,OBSERVED,93.770000,true,UNRESOLVED_v0_2,CE_CPI_SCOPE_RULES_V0_3,UNRESOLVED,OPEN,CURRENT_OPEN,SOURCE,UNRESOLVED,UNRESOLVED,,,NOT_APPLICABLE,OPEN,,,,,,,26.000000,,,NOT_APPLICABLE,BLOCKED_UNRESOLVED_METHODOLOGY,
450351,Q4,Extra fees for car/truck lease,TRANS,Transportation,PUBLISHED_CE_UCC,PUBLISHED_CE_BASIS,LABSTAT_PUBLISHED,NOT_VERIFIED,NOT_ESTABLISHED,UNKNOWN,,,UNRESOLVED,97.000000,OBSERVED,49.350000,true,UNRESOLVED_v0_2,CE_CPI_SCOPE_RULES_V0_3,UNRESOLVED,OPEN,CURRENT_OPEN,SOURCE,UNRESOLVED,UNRESOLVED,,,NOT_APPLICABLE,OPEN,,,,,,,97.000000,,,NOT_APPLICABLE,BLOCKED_UNRESOLVED_METHODOLOGY,
450351,Q5,Extra fees for car/truck lease,TRANS,Transportation,PUBLISHED_CE_UCC,PUBLISHED_CE_BASIS,LABSTAT_PUBLISHED,NOT_VERIFIED,NOT_ESTABLISHED,UNKNOWN,,,UNRESOLVED,61.000000,OBSERVED,45.350000,true,UNRESOLVED_v0_2,CE_CPI_SCOPE_RULES_V0_3,UNRESOLVED,OPEN,CURRENT_OPEN,SOURCE,UNRESOLVED,UNRESOLVED,,,NOT_APPLICABLE,OPEN,,,,,,,61.000000,,,NOT_APPLICABLE,BLOCKED_UNRESOLVED_METHODOLOGY,
450352,ALL_CU,Trade in allowance for car/truck lease,TRANS,Transportation,DIRECT_CONCORDANCE_UCC,PUBLISHED_CE_BASIS,LABSTAT_PUBLISHED,NOT_VERIFIED,NOT_ESTABLISHED,UNKNOWN,TA031,TRANSPORT_SERVICES,DIRECT,4462.000000,OBSERVED,45.240000,true,,,,,NOT_APPLICABLE,UNCLAIMED,,,,,NOT_APPLICABLE,RETAINED,4462.000000,,,,,,,,,NOT_APPLICABLE,ELIGIBLE,
450352,Q1,Trade in allowance for car/truck lease,TRANS,Transportation,DIRECT_CONCORDANCE_UCC,PUBLISHED_CE_BASIS,LABSTAT_PUBLISHED,NOT_VERIFIED,NOT_ESTABLISHED,UNKNOWN,TA031,TRANSPORT_SERVICES,DIRECT,,SUPPRESSED,,,,,,,NOT_APPLICABLE,UNCLAIMED,,,,,NOT_APPLICABLE,RETAINED,,,,,,,,,,NOT_APPLICABLE,BLOCKED_AMOUNT_UNAVAILABLE,BLS publishes this series and did not publish this cell. The amount is unknown and is not zero.
450352,Q2,Trade in allowance for car/truck lease,TRANS,Transportation,DIRECT_CONCORDANCE_UCC,PUBLISHED_CE_BASIS,LABSTAT_PUBLISHED,NOT_VERIFIED,NOT_ESTABLISHED,UNKNOWN,TA031,TRANSPORT_SERVICES,DIRECT,87.000000,OBSERVED,78.820000,true,,,,,NOT_APPLICABLE,UNCLAIMED,,,,,NOT_APPLICABLE,RETAINED,87.000000,,,,,,,,,NOT_APPLICABLE,ELIGIBLE,
450352,Q3,Trade in allowance for car/truck lease,TRANS,Transportation,DIRECT_CONCORDANCE_UCC,PUBLISHED_CE_BASIS,LABSTAT_PUBLISHED,NOT_VERIFIED,NOT_ESTABLISHED,UNKNOWN,TA031,TRANSPORT_SERVICES,DIRECT,652.000000,OBSERVED,85.260000,true,,,,,NOT_APPLICABLE,UNCLAIMED,,,,,NOT_APPLICABLE,RETAINED,652.000000,,,,,,,,,NOT_APPLICABLE,ELIGIBLE,
450352,Q4,Trade in allowance for car/truck lease,TRANS,Transportation,DIRECT_CONCORDANCE_UCC,PUBLISHED_CE_BASIS,LABSTAT_PUBLISHED,NOT_VERIFIED,NOT_ESTABLISHED,UNKNOWN,TA031,TRANSPORT_SERVICES,DIRECT,2203.000000,OBSERVED,77.700000,true,,,,,NOT_APPLICABLE,UNCLAIMED,,,,,NOT_APPLICABLE,RETAINED,2203.000000,,,,,,,,,NOT_APPLICABLE,ELIGIBLE,
450352,Q5,Trade in allowance for car/truck lease,TRANS,Transportation,DIRECT_CONCORDANCE_UCC,PUBLISHED_CE_BASIS,LABSTAT_PUBLISHED,NOT_VERIFIED,NOT_ESTABLISHED,UNKNOWN,TA031,TRANSPORT_SERVICES,DIRECT,1520.000000,OBSERVED,59.230000,true,,,,,NOT_APPLICABLE,UNCLAIMED,,,,,NOT_APPLICABLE,RETAINED,1520.000000,,,,,,,,,NOT_APPLICABLE,ELIGIBLE,
450353,ALL_CU,Cash down payment car/truck lease,TRANS,Transportation,DIRECT_CONCORDANCE_UCC,PUBLISHED_CE_BASIS,LABSTAT_PUBLISHED,NOT_VERIFIED,NOT_ESTABLISHED,UNKNOWN,TA031,TRANSPORT_SERVICES,DIRECT,5304.000000,OBSERVED,22.280000,false,,,,,NOT_APPLICABLE,UNCLAIMED,,,,,NOT_APPLICABLE,RETAINED,5304.000000,,,,,,,,,NOT_APPLICABLE,ELIGIBLE,
450353,Q1,Cash down payment car/truck lease,TRANS,Transportation,DIRECT_CONCORDANCE_UCC,PUBLISHED_CE_BASIS,LABSTAT_PUBLISHED,NOT_VERIFIED,NOT_ESTABLISHED,UNKNOWN,TA031,TRANSPORT_SERVICES,DIRECT,180.000000,OBSERVED,74.010000,true,,,,,NOT_APPLICABLE,UNCLAIMED,,,,,NOT_APPLICABLE,RETAINED,180.000000,,,,,,,,,NOT_APPLICABLE,ELIGIBLE,
450353,Q2,Cash down payment car/truck lease,TRANS,Transportation,DIRECT_CONCORDANCE_UCC,PUBLISHED_CE_BASIS,LABSTAT_PUBLISHED,NOT_VERIFIED,NOT_ESTABLISHED,UNKNOWN,TA031,TRANSPORT_SERVICES,DIRECT,161.000000,OBSERVED,70.070000,true,,,,,NOT_APPLICABLE,UNCLAIMED,,,,,NOT_APPLICABLE,RETAINED,161.000000,,,,,,,,,NOT_APPLICABLE,ELIGIBLE,
450353,Q3,Cash down payment car/truck lease,TRANS,Transportation,DIRECT_CONCORDANCE_UCC,PUBLISHED_CE_BASIS,LABSTAT_PUBLISHED,NOT_VERIFIED,NOT_ESTABLISHED,UNKNOWN,TA031,TRANSPORT_SERVICES,DIRECT,967.000000,OBSERVED,36.400000,true,,,,,NOT_APPLICABLE,UNCLAIMED,,,,,NOT_APPLICABLE,RETAINED,967.000000,,,,,,,,,NOT_APPLICABLE,ELIGIBLE,
450353,Q4,Cash down payment car/truck lease,TRANS,Transportation,DIRECT_CONCORDANCE_UCC,PUBLISHED_CE_BASIS,LABSTAT_PUBLISHED,NOT_VERIFIED,NOT_ESTABLISHED,UNKNOWN,TA031,TRANSPORT_SERVICES,DIRECT,1762.000000,OBSERVED,55.340000,true,,,,,NOT_APPLICABLE,UNCLAIMED,,,,,NOT_APPLICABLE,RETAINED,1762.000000,,,,,,,,,NOT_APPLICABLE,ELIGIBLE,
450353,Q5,Cash down payment car/truck lease,TRANS,Transportation,DIRECT_CONCORDANCE_UCC,PUBLISHED_CE_BASIS,LABSTAT_PUBLISHED,NOT_VERIFIED,NOT_ESTABLISHED,UNKNOWN,TA031,TRANSPORT_SERVICES,DIRECT,2234.000000,OBSERVED,26.100000,true,,,,,NOT_APPLICABLE,UNCLAIMED,,,,,NOT_APPLICABLE,RETAINED,2234.000000,,,,,,,,,NOT_APPLICABLE,ELIGIBLE,
450354,ALL_CU,Termination fee for car/truck lease,TRANS,Transportation,DIRECT_CONCORDANCE_UCC,PUBLISHED_CE_BASIS,LABSTAT_PUBLISHED,NOT_VERIFIED,NOT_ESTABLISHED,UNKNOWN,TA031,TRANSPORT_SERVICES,DIRECT,66.000000,OBSERVED,57.910000,true,,,,,NOT_APPLICABLE,UNCLAIMED,,,,,NOT_APPLICABLE,RETAINED,66.000000,,,,,,,,,NOT_APPLICABLE,ELIGIBLE,
450354,Q1,Termination fee for car/truck lease,TRANS,Transportation,DIRECT_CONCORDANCE_UCC,PUBLISHED_CE_BASIS,LABSTAT_PUBLISHED,NOT_VERIFIED,NOT_ESTABLISHED,UNKNOWN,TA031,TRANSPORT_SERVICES,DIRECT,,SUPPRESSED,,,,,,,NOT_APPLICABLE,UNCLAIMED,,,,,NOT_APPLICABLE,RETAINED,,,,,,,,,,NOT_APPLICABLE,BLOCKED_AMOUNT_UNAVAILABLE,BLS publishes this series and did not publish this cell. The amount is unknown and is not zero.
450354,Q2,Termination fee for car/truck lease,TRANS,Transportation,DIRECT_CONCORDANCE_UCC,PUBLISHED_CE_BASIS,LABSTAT_PUBLISHED,NOT_VERIFIED,NOT_ESTABLISHED,UNKNOWN,TA031,TRANSPORT_SERVICES,DIRECT,,SUPPRESSED,,,,,,,NOT_APPLICABLE,UNCLAIMED,,,,,NOT_APPLICABLE,RETAINED,,,,,,,,,,NOT_APPLICABLE,BLOCKED_AMOUNT_UNAVAILABLE,BLS publishes this series and did not publish this cell. The amount is unknown and is not zero.
450354,Q3,Termination fee for car/truck lease,TRANS,Transportation,DIRECT_CONCORDANCE_UCC,PUBLISHED_CE_BASIS,LABSTAT_PUBLISHED,NOT_VERIFIED,NOT_ESTABLISHED,UNKNOWN,TA031,TRANSPORT_SERVICES,DIRECT,,SUPPRESSED,,,,,,,NOT_APPLICABLE,UNCLAIMED,,,,,NOT_APPLICABLE,RETAINED,,,,,,,,,,NOT_APPLICABLE,BLOCKED_AMOUNT_UNAVAILABLE,BLS publishes this series and did not publish this cell. The amount is unknown and is not zero.
450354,Q4,Termination fee for car/truck lease,TRANS,Transportation,DIRECT_CONCORDANCE_UCC,PUBLISHED_CE_BASIS,LABSTAT_PUBLISHED,NOT_VERIFIED,NOT_ESTABLISHED,UNKNOWN,TA031,TRANSPORT_SERVICES,DIRECT,30.000000,OBSERVED,106.130000,true,,,,,NOT_APPLICABLE,UNCLAIMED,,,,,NOT_APPLICABLE,RETAINED,30.000000,,,,,,,,,NOT_APPLICABLE,ELIGIBLE,
450354,Q5,Termination fee for car/truck lease,TRANS,Transportation,DIRECT_CONCORDANCE_UCC,PUBLISHED_CE_BASIS,LABSTAT_PUBLISHED,NOT_VERIFIED,NOT_ESTABLISHED,UNKNOWN,TA031,TRANSPORT_SERVICES,DIRECT,36.000000,OBSERVED,63.640000,true,,,,,NOT_APPLICABLE,UNCLAIMED,,,,,NOT_APPLICABLE,RETAINED,36.000000,,,,,,,,,NOT_APPLICABLE,ELIGIBLE,
450900,ALL_CU,New aircraft,TRANS,Transportation,DIRECT_CONCORDANCE_UCC,PUBLISHED_CE_BASIS,LABSTAT_PUBLISHED,NOT_VERIFIED,NOT_ESTABLISHED,UNKNOWN,TA090,TRANSPORT_COMMODITIES_EX_MOTOR_FUEL,DIRECT,,SUPPRESSED,,,,,,,NOT_APPLICABLE,UNCLAIMED,,,,,NOT_APPLICABLE,RETAINED,,,,,,,,,,NOT_APPLICABLE,BLOCKED_AMOUNT_UNAVAILABLE,BLS publishes this series and did not publish this cell. The amount is unknown and is not zero.
450900,Q1,New aircraft,TRANS,Transportation,DIRECT_CONCORDANCE_UCC,PUBLISHED_CE_BASIS,LABSTAT_PUBLISHED,NOT_VERIFIED,NOT_ESTABLISHED,UNKNOWN,TA090,TRANSPORT_COMMODITIES_EX_MOTOR_FUEL,DIRECT,,SUPPRESSED,,,,,,,NOT_APPLICABLE,UNCLAIMED,,,,,NOT_APPLICABLE,RETAINED,,,,,,,,,,NOT_APPLICABLE,BLOCKED_AMOUNT_UNAVAILABLE,BLS publishes this series and did not publish this cell. The amount is unknown and is not zero.
450900,Q2,New aircraft,TRANS,Transportation,DIRECT_CONCORDANCE_UCC,PUBLISHED_CE_BASIS,LABSTAT_PUBLISHED,NOT_VERIFIED,NOT_ESTABLISHED,UNKNOWN,TA090,TRANSPORT_COMMODITIES_EX_MOTOR_FUEL,DIRECT,,SUPPRESSED,,,,,,,NOT_APPLICABLE,UNCLAIMED,,,,,NOT_APPLICABLE,RETAINED,,,,,,,,,,NOT_APPLICABLE,BLOCKED_AMOUNT_UNAVAILABLE,BLS publishes this series and did not publish this cell. The amount is unknown and is not zero.
450900,Q3,New aircraft,TRANS,Transportation,DIRECT_CONCORDANCE_UCC,PUBLISHED_CE_BASIS,LABSTAT_PUBLISHED,NOT_VERIFIED,NOT_ESTABLISHED,UNKNOWN,TA090,TRANSPORT_COMMODITIES_EX_MOTOR_FUEL,DIRECT,,SUPPRESSED,,,,,,,NOT_APPLICABLE,UNCLAIMED,,,,,NOT_APPLICABLE,RETAINED,,,,,,,,,,NOT_APPLICABLE,BLOCKED_AMOUNT_UNAVAILABLE,BLS publishes this series and did not publish this cell. The amount is unknown and is not zero.
450900,Q4,New aircraft,TRANS,Transportation,DIRECT_CONCORDANCE_UCC,PUBLISHED_CE_BASIS,LABSTAT_PUBLISHED,NOT_VERIFIED,NOT_ESTABLISHED,UNKNOWN,TA090,TRANSPORT_COMMODITIES_EX_MOTOR_FUEL,DIRECT,,SUPPRESSED,,,,,,,NOT_APPLICABLE,UNCLAIMED,,,,,NOT_APPLICABLE,RETAINED,,,,,,,,,,NOT_APPLICABLE,BLOCKED_AMOUNT_UNAVAILABLE,BLS publishes this series and did not publish this cell. The amount is unknown and is not zero.
450900,Q5,New aircraft,TRANS,Transportation,DIRECT_CONCORDANCE_UCC,PUBLISHED_CE_BASIS,LABSTAT_PUBLISHED,NOT_VERIFIED,NOT_ESTABLISHED,UNKNOWN,TA090,TRANSPORT_COMMODITIES_EX_MOTOR_FUEL,DIRECT,,SUPPRESSED,,,,,,,NOT_APPLICABLE,UNCLAIMED,,,,,NOT_APPLICABLE,RETAINED,,,,,,,,,,NOT_APPLICABLE,BLOCKED_AMOUNT_UNAVAILABLE,BLS publishes this series and did not publish this cell. The amount is unknown and is not zero.
460110,ALL_CU,Used cars,TRANS,Transportation,DIRECT_CONCORDANCE_UCC,PUBLISHED_CE_BASIS,LABSTAT_PUBLISHED,NOT_VERIFIED,NOT_ESTABLISHED,UNKNOWN,TA021,TRANSPORT_COMMODITIES_EX_MOTOR_FUEL,DIRECT,96415.000000,OBSERVED,11.670000,false,,,,,NOT_APPLICABLE,UNCLAIMED,,,,,NOT_APPLICABLE,RETAINED,96415.000000,,,,,,,,,NOT_APPLICABLE,ELIGIBLE,
460110,Q1,Used cars,TRANS,Transportation,DIRECT_CONCORDANCE_UCC,PUBLISHED_CE_BASIS,LABSTAT_PUBLISHED,NOT_VERIFIED,NOT_ESTABLISHED,UNKNOWN,TA021,TRANSPORT_COMMODITIES_EX_MOTOR_FUEL,DIRECT,7136.000000,OBSERVED,29.690000,true,,,,,NOT_APPLICABLE,UNCLAIMED,,,,,NOT_APPLICABLE,RETAINED,7136.000000,,,,,,,,,NOT_APPLICABLE,ELIGIBLE,
460110,Q2,Used cars,TRANS,Transportation,DIRECT_CONCORDANCE_UCC,PUBLISHED_CE_BASIS,LABSTAT_PUBLISHED,NOT_VERIFIED,NOT_ESTABLISHED,UNKNOWN,TA021,TRANSPORT_COMMODITIES_EX_MOTOR_FUEL,DIRECT,16110.000000,OBSERVED,28.120000,true,,,,,NOT_APPLICABLE,UNCLAIMED,,,,,NOT_APPLICABLE,RETAINED,16110.000000,,,,,,,,,NOT_APPLICABLE,ELIGIBLE,
460110,Q3,Used cars,TRANS,Transportation,DIRECT_CONCORDANCE_UCC,PUBLISHED_CE_BASIS,LABSTAT_PUBLISHED,NOT_VERIFIED,NOT_ESTABLISHED,UNKNOWN,TA021,TRANSPORT_COMMODITIES_EX_MOTOR_FUEL,DIRECT,15494.000000,OBSERVED,24.840000,false,,,,,NOT_APPLICABLE,UNCLAIMED,,,,,NOT_APPLICABLE,RETAINED,15494.000000,,,,,,,,,NOT_APPLICABLE,ELIGIBLE,
460110,Q4,Used cars,TRANS,Transportation,DIRECT_CONCORDANCE_UCC,PUBLISHED_CE_BASIS,LABSTAT_PUBLISHED,NOT_VERIFIED,NOT_ESTABLISHED,UNKNOWN,TA021,TRANSPORT_COMMODITIES_EX_MOTOR_FUEL,DIRECT,23338.000000,OBSERVED,20.640000,false,,,,,NOT_APPLICABLE,UNCLAIMED,,,,,NOT_APPLICABLE,RETAINED,23338.000000,,,,,,,,,NOT_APPLICABLE,ELIGIBLE,
460110,Q5,Used cars,TRANS,Transportation,DIRECT_CONCORDANCE_UCC,PUBLISHED_CE_BASIS,LABSTAT_PUBLISHED,NOT_VERIFIED,NOT_ESTABLISHED,UNKNOWN,TA021,TRANSPORT_COMMODITIES_EX_MOTOR_FUEL,DIRECT,34336.000000,OBSERVED,23.140000,false,,,,,NOT_APPLICABLE,UNCLAIMED,,,,,NOT_APPLICABLE,RETAINED,34336.000000,,,,,,,,,NOT_APPLICABLE,ELIGIBLE,
460901,ALL_CU,Used trucks,TRANS,Transportation,DIRECT_CONCORDANCE_UCC,PUBLISHED_CE_BASIS,LABSTAT_PUBLISHED,NOT_VERIFIED,NOT_ESTABLISHED,UNKNOWN,TA021,TRANSPORT_COMMODITIES_EX_MOTOR_FUEL,DIRECT,286118.000000,OBSERVED,5.880000,false,,,,,NOT_APPLICABLE,UNCLAIMED,,,,,NOT_APPLICABLE,RETAINED,286118.000000,,,,,,,,,NOT_APPLICABLE,ELIGIBLE,
460901,Q1,Used trucks,TRANS,Transportation,DIRECT_CONCORDANCE_UCC,PUBLISHED_CE_BASIS,LABSTAT_PUBLISHED,NOT_VERIFIED,NOT_ESTABLISHED,UNKNOWN,TA021,TRANSPORT_COMMODITIES_EX_MOTOR_FUEL,DIRECT,16823.000000,OBSERVED,22.930000,false,,,,,NOT_APPLICABLE,UNCLAIMED,,,,,NOT_APPLICABLE,RETAINED,16823.000000,,,,,,,,,NOT_APPLICABLE,ELIGIBLE,
460901,Q2,Used trucks,TRANS,Transportation,DIRECT_CONCORDANCE_UCC,PUBLISHED_CE_BASIS,LABSTAT_PUBLISHED,NOT_VERIFIED,NOT_ESTABLISHED,UNKNOWN,TA021,TRANSPORT_COMMODITIES_EX_MOTOR_FUEL,DIRECT,36677.000000,OBSERVED,21.180000,false,,,,,NOT_APPLICABLE,UNCLAIMED,,,,,NOT_APPLICABLE,RETAINED,36677.000000,,,,,,,,,NOT_APPLICABLE,ELIGIBLE,
460901,Q3,Used trucks,TRANS,Transportation,DIRECT_CONCORDANCE_UCC,PUBLISHED_CE_BASIS,LABSTAT_PUBLISHED,NOT_VERIFIED,NOT_ESTABLISHED,UNKNOWN,TA021,TRANSPORT_COMMODITIES_EX_MOTOR_FUEL,DIRECT,58653.000000,OBSERVED,14.030000,false,,,,,NOT_APPLICABLE,UNCLAIMED,,,,,NOT_APPLICABLE,RETAINED,58653.000000,,,,,,,,,NOT_APPLICABLE,ELIGIBLE,
460901,Q4,Used trucks,TRANS,Transportation,DIRECT_CONCORDANCE_UCC,PUBLISHED_CE_BASIS,LABSTAT_PUBLISHED,NOT_VERIFIED,NOT_ESTABLISHED,UNKNOWN,TA021,TRANSPORT_COMMODITIES_EX_MOTOR_FUEL,DIRECT,72231.000000,OBSERVED,13.430000,false,,,,,NOT_APPLICABLE,UNCLAIMED,,,,,NOT_APPLICABLE,RETAINED,72231.000000,,,,,,,,,NOT_APPLICABLE,ELIGIBLE,
460901,Q5,Used trucks,TRANS,Transportation,DIRECT_CONCORDANCE_UCC,PUBLISHED_CE_BASIS,LABSTAT_PUBLISHED,NOT_VERIFIED,NOT_ESTABLISHED,UNKNOWN,TA021,TRANSPORT_COMMODITIES_EX_MOTOR_FUEL,DIRECT,101734.000000,OBSERVED,12.400000,false,,,,,NOT_APPLICABLE,UNCLAIMED,,,,,NOT_APPLICABLE,RETAINED,101734.000000,,,,,,,,,NOT_APPLICABLE,ELIGIBLE,
460902,ALL_CU,Used motorcycles,TRANS,Transportation,DIRECT_CONCORDANCE_UCC,PUBLISHED_CE_BASIS,LABSTAT_PUBLISHED,NOT_VERIFIED,NOT_ESTABLISHED,UNKNOWN,TA090,TRANSPORT_COMMODITIES_EX_MOTOR_FUEL,DIRECT,2775.000000,OBSERVED,52.750000,true,,,,,NOT_APPLICABLE,UNCLAIMED,,,,,NOT_APPLICABLE,RETAINED,2775.000000,,,,,,,,,NOT_APPLICABLE,ELIGIBLE,
460902,Q1,Used motorcycles,TRANS,Transportation,DIRECT_CONCORDANCE_UCC,PUBLISHED_CE_BASIS,LABSTAT_PUBLISHED,NOT_VERIFIED,NOT_ESTABLISHED,UNKNOWN,TA090,TRANSPORT_COMMODITIES_EX_MOTOR_FUEL,DIRECT,14.000000,OBSERVED,103.420000,true,,,,,NOT_APPLICABLE,UNCLAIMED,,,,,NOT_APPLICABLE,RETAINED,14.000000,,,,,,,,,NOT_APPLICABLE,ELIGIBLE,
460902,Q2,Used motorcycles,TRANS,Transportation,DIRECT_CONCORDANCE_UCC,PUBLISHED_CE_BASIS,LABSTAT_PUBLISHED,NOT_VERIFIED,NOT_ESTABLISHED,UNKNOWN,TA090,TRANSPORT_COMMODITIES_EX_MOTOR_FUEL,DIRECT,29.000000,OBSERVED,98.740000,true,,,,,NOT_APPLICABLE,UNCLAIMED,,,,,NOT_APPLICABLE,RETAINED,29.000000,,,,,,,,,NOT_APPLICABLE,ELIGIBLE,
460902,Q3,Used motorcycles,TRANS,Transportation,DIRECT_CONCORDANCE_UCC,PUBLISHED_CE_BASIS,LABSTAT_PUBLISHED,NOT_VERIFIED,NOT_ESTABLISHED,UNKNOWN,TA090,TRANSPORT_COMMODITIES_EX_MOTOR_FUEL,DIRECT,153.000000,OBSERVED,71.310000,true,,,,,NOT_APPLICABLE,UNCLAIMED,,,,,NOT_APPLICABLE,RETAINED,153.000000,,,,,,,,,NOT_APPLICABLE,ELIGIBLE,
460902,Q4,Used motorcycles,TRANS,Transportation,DIRECT_CONCORDANCE_UCC,PUBLISHED_CE_BASIS,LABSTAT_PUBLISHED,NOT_VERIFIED,NOT_ESTABLISHED,UNKNOWN,TA090,TRANSPORT_COMMODITIES_EX_MOTOR_FUEL,DIRECT,1848.000000,OBSERVED,73.480000,true,,,,,NOT_APPLICABLE,UNCLAIMED,,,,,NOT_APPLICABLE,RETAINED,1848.000000,,,,,,,,,NOT_APPLICABLE,ELIGIBLE,
460902,Q5,Used motorcycles,TRANS,Transportation,DIRECT_CONCORDANCE_UCC,PUBLISHED_CE_BASIS,LABSTAT_PUBLISHED,NOT_VERIFIED,NOT_ESTABLISHED,UNKNOWN,TA090,TRANSPORT_COMMODITIES_EX_MOTOR_FUEL,DIRECT,730.000000,OBSERVED,73.600000,true,,,,,NOT_APPLICABLE,UNCLAIMED,,,,,NOT_APPLICABLE,RETAINED,730.000000,,,,,,,,,NOT_APPLICABLE,ELIGIBLE,
460903,ALL_CU,Used aircraft,TRANS,Transportation,DIRECT_CONCORDANCE_UCC,PUBLISHED_CE_BASIS,LABSTAT_PUBLISHED,NOT_VERIFIED,NOT_ESTABLISHED,UNKNOWN,TA090,TRANSPORT_COMMODITIES_EX_MOTOR_FUEL,DIRECT,,SUPPRESSED,,,,,,,NOT_APPLICABLE,UNCLAIMED,,,,,NOT_APPLICABLE,RETAINED,,,,,,,,,,NOT_APPLICABLE,BLOCKED_AMOUNT_UNAVAILABLE,BLS publishes this series and did not publish this cell. The amount is unknown and is not zero.
460903,Q1,Used aircraft,TRANS,Transportation,DIRECT_CONCORDANCE_UCC,PUBLISHED_CE_BASIS,LABSTAT_PUBLISHED,NOT_VERIFIED,NOT_ESTABLISHED,UNKNOWN,TA090,TRANSPORT_COMMODITIES_EX_MOTOR_FUEL,DIRECT,,SUPPRESSED,,,,,,,NOT_APPLICABLE,UNCLAIMED,,,,,NOT_APPLICABLE,RETAINED,,,,,,,,,,NOT_APPLICABLE,BLOCKED_AMOUNT_UNAVAILABLE,BLS publishes this series and did not publish this cell. The amount is unknown and is not zero.
460903,Q2,Used aircraft,TRANS,Transportation,DIRECT_CONCORDANCE_UCC,PUBLISHED_CE_BASIS,LABSTAT_PUBLISHED,NOT_VERIFIED,NOT_ESTABLISHED,UNKNOWN,TA090,TRANSPORT_COMMODITIES_EX_MOTOR_FUEL,DIRECT,,SUPPRESSED,,,,,,,NOT_APPLICABLE,UNCLAIMED,,,,,NOT_APPLICABLE,RETAINED,,,,,,,,,,NOT_APPLICABLE,BLOCKED_AMOUNT_UNAVAILABLE,BLS publishes this series and did not publish this cell. The amount is unknown and is not zero.
460903,Q3,Used aircraft,TRANS,Transportation,DIRECT_CONCORDANCE_UCC,PUBLISHED_CE_BASIS,LABSTAT_PUBLISHED,NOT_VERIFIED,NOT_ESTABLISHED,UNKNOWN,TA090,TRANSPORT_COMMODITIES_EX_MOTOR_FUEL,DIRECT,,SUPPRESSED,,,,,,,NOT_APPLICABLE,UNCLAIMED,,,,,NOT_APPLICABLE,RETAINED,,,,,,,,,,NOT_APPLICABLE,BLOCKED_AMOUNT_UNAVAILABLE,BLS publishes this series and did not publish this cell. The amount is unknown and is not zero.
460903,Q4,Used aircraft,TRANS,Transportation,DIRECT_CONCORDANCE_UCC,PUBLISHED_CE_BASIS,LABSTAT_PUBLISHED,NOT_VERIFIED,NOT_ESTABLISHED,UNKNOWN,TA090,TRANSPORT_COMMODITIES_EX_MOTOR_FUEL,DIRECT,,SUPPRESSED,,,,,,,NOT_APPLICABLE,UNCLAIMED,,,,,NOT_APPLICABLE,RETAINED,,,,,,,,,,NOT_APPLICABLE,BLOCKED_AMOUNT_UNAVAILABLE,BLS publishes this series and did not publish this cell. The amount is unknown and is not zero.
460903,Q5,Used aircraft,TRANS,Transportation,DIRECT_CONCORDANCE_UCC,PUBLISHED_CE_BASIS,LABSTAT_PUBLISHED,NOT_VERIFIED,NOT_ESTABLISHED,UNKNOWN,TA090,TRANSPORT_COMMODITIES_EX_MOTOR_FUEL,DIRECT,,SUPPRESSED,,,,,,,NOT_APPLICABLE,UNCLAIMED,,,,,NOT_APPLICABLE,RETAINED,,,,,,,,,,NOT_APPLICABLE,BLOCKED_AMOUNT_UNAVAILABLE,BLS publishes this series and did not publish this cell. The amount is unknown and is not zero.
470111,ALL_CU,Gasoline,TRANS,Transportation,DIRECT_CONCORDANCE_UCC,PUBLISHED_CE_BASIS,LABSTAT_PUBLISHED,NOT_VERIFIED,NOT_ESTABLISHED,UNKNOWN,TB011;TB012;TB013;TB021;TB022,MOTOR_FUEL,MULTI_SAME_NODE,327284.000000,OBSERVED,1.430000,false,,,,,NOT_APPLICABLE,UNCLAIMED,,,,,NOT_APPLICABLE,RETAINED,327284.000000,,,,,,,,,NOT_APPLICABLE,ELIGIBLE,
470111,Q1,Gasoline,TRANS,Transportation,DIRECT_CONCORDANCE_UCC,PUBLISHED_CE_BASIS,LABSTAT_PUBLISHED,NOT_VERIFIED,NOT_ESTABLISHED,UNKNOWN,TB011;TB012;TB013;TB021;TB022,MOTOR_FUEL,MULTI_SAME_NODE,31947.000000,OBSERVED,3.690000,false,,,,,NOT_APPLICABLE,UNCLAIMED,,,,,NOT_APPLICABLE,RETAINED,31947.000000,,,,,,,,,NOT_APPLICABLE,ELIGIBLE,
470111,Q2,Gasoline,TRANS,Transportation,DIRECT_CONCORDANCE_UCC,PUBLISHED_CE_BASIS,LABSTAT_PUBLISHED,NOT_VERIFIED,NOT_ESTABLISHED,UNKNOWN,TB011;TB012;TB013;TB021;TB022,MOTOR_FUEL,MULTI_SAME_NODE,51468.000000,OBSERVED,2.810000,false,,,,,NOT_APPLICABLE,UNCLAIMED,,,,,NOT_APPLICABLE,RETAINED,51468.000000,,,,,,,,,NOT_APPLICABLE,ELIGIBLE,
470111,Q3,Gasoline,TRANS,Transportation,DIRECT_CONCORDANCE_UCC,PUBLISHED_CE_BASIS,LABSTAT_PUBLISHED,NOT_VERIFIED,NOT_ESTABLISHED,UNKNOWN,TB011;TB012;TB013;TB021;TB022,MOTOR_FUEL,MULTI_SAME_NODE,65840.000000,OBSERVED,2.500000,false,,,,,NOT_APPLICABLE,UNCLAIMED,,,,,NOT_APPLICABLE,RETAINED,65840.000000,,,,,,,,,NOT_APPLICABLE,ELIGIBLE,
470111,Q4,Gasoline,TRANS,Transportation,DIRECT_CONCORDANCE_UCC,PUBLISHED_CE_BASIS,LABSTAT_PUBLISHED,NOT_VERIFIED,NOT_ESTABLISHED,UNKNOWN,TB011;TB012;TB013;TB021;TB022,MOTOR_FUEL,MULTI_SAME_NODE,83205.000000,OBSERVED,2.050000,false,,,,,NOT_APPLICABLE,UNCLAIMED,,,,,NOT_APPLICABLE,RETAINED,83205.000000,,,,,,,,,NOT_APPLICABLE,ELIGIBLE,
470111,Q5,Gasoline,TRANS,Transportation,DIRECT_CONCORDANCE_UCC,PUBLISHED_CE_BASIS,LABSTAT_PUBLISHED,NOT_VERIFIED,NOT_ESTABLISHED,UNKNOWN,TB011;TB012;TB013;TB021;TB022,MOTOR_FUEL,MULTI_SAME_NODE,94825.000000,OBSERVED,2.120000,false,,,,,NOT_APPLICABLE,UNCLAIMED,,,,,NOT_APPLICABLE,RETAINED,94825.000000,,,,,,,,,NOT_APPLICABLE,ELIGIBLE,
470112,ALL_CU,Diesel fuel,TRANS,Transportation,DIRECT_CONCORDANCE_UCC,PUBLISHED_CE_BASIS,LABSTAT_PUBLISHED,NOT_VERIFIED,NOT_ESTABLISHED,UNKNOWN,TB021,MOTOR_FUEL,DIRECT,10237.000000,OBSERVED,10.100000,false,,,,,NOT_APPLICABLE,UNCLAIMED,,,,,NOT_APPLICABLE,RETAINED,10237.000000,,,,,,,,,NOT_APPLICABLE,ELIGIBLE,
470112,Q1,Diesel fuel,TRANS,Transportation,DIRECT_CONCORDANCE_UCC,PUBLISHED_CE_BASIS,LABSTAT_PUBLISHED,NOT_VERIFIED,NOT_ESTABLISHED,UNKNOWN,TB021,MOTOR_FUEL,DIRECT,943.000000,OBSERVED,29.470000,true,,,,,NOT_APPLICABLE,UNCLAIMED,,,,,NOT_APPLICABLE,RETAINED,943.000000,,,,,,,,,NOT_APPLICABLE,ELIGIBLE,
470112,Q2,Diesel fuel,TRANS,Transportation,DIRECT_CONCORDANCE_UCC,PUBLISHED_CE_BASIS,LABSTAT_PUBLISHED,NOT_VERIFIED,NOT_ESTABLISHED,UNKNOWN,TB021,MOTOR_FUEL,DIRECT,868.000000,OBSERVED,21.000000,false,,,,,NOT_APPLICABLE,UNCLAIMED,,,,,NOT_APPLICABLE,RETAINED,868.000000,,,,,,,,,NOT_APPLICABLE,ELIGIBLE,
470112,Q3,Diesel fuel,TRANS,Transportation,DIRECT_CONCORDANCE_UCC,PUBLISHED_CE_BASIS,LABSTAT_PUBLISHED,NOT_VERIFIED,NOT_ESTABLISHED,UNKNOWN,TB021,MOTOR_FUEL,DIRECT,1812.000000,OBSERVED,18.800000,false,,,,,NOT_APPLICABLE,UNCLAIMED,,,,,NOT_APPLICABLE,RETAINED,1812.000000,,,,,,,,,NOT_APPLICABLE,ELIGIBLE,
470112,Q4,Diesel fuel,TRANS,Transportation,DIRECT_CONCORDANCE_UCC,PUBLISHED_CE_BASIS,LABSTAT_PUBLISHED,NOT_VERIFIED,NOT_ESTABLISHED,UNKNOWN,TB021,MOTOR_FUEL,DIRECT,2630.000000,OBSERVED,15.570000,false,,,,,NOT_APPLICABLE,UNCLAIMED,,,,,NOT_APPLICABLE,RETAINED,2630.000000,,,,,,,,,NOT_APPLICABLE,ELIGIBLE,
470112,Q5,Diesel fuel,TRANS,Transportation,DIRECT_CONCORDANCE_UCC,PUBLISHED_CE_BASIS,LABSTAT_PUBLISHED,NOT_VERIFIED,NOT_ESTABLISHED,UNKNOWN,TB021,MOTOR_FUEL,DIRECT,3984.000000,OBSERVED,13.230000,false,,,,,NOT_APPLICABLE,UNCLAIMED,,,,,NOT_APPLICABLE,RETAINED,3984.000000,,,,,,,,,NOT_APPLICABLE,ELIGIBLE,
470113,ALL_CU,Gasoline on out of town trips,TRANS,Transportation,DIRECT_CONCORDANCE_UCC,PUBLISHED_CE_BASIS,LABSTAT_PUBLISHED,NOT_VERIFIED,NOT_ESTABLISHED,UNKNOWN,TB011;TB012;TB013;TB021;TB022,MOTOR_FUEL,MULTI_SAME_NODE,20220.000000,OBSERVED,4.450000,false,,,,,NOT_APPLICABLE,UNCLAIMED,,,,,NOT_APPLICABLE,RETAINED,20220.000000,,,,,,,,,NOT_APPLICABLE,ELIGIBLE,
470113,Q1,Gasoline on out of town trips,TRANS,Transportation,DIRECT_CONCORDANCE_UCC,PUBLISHED_CE_BASIS,LABSTAT_PUBLISHED,NOT_VERIFIED,NOT_ESTABLISHED,UNKNOWN,TB011;TB012;TB013;TB021;TB022,MOTOR_FUEL,MULTI_SAME_NODE,1368.000000,OBSERVED,11.590000,false,,,,,NOT_APPLICABLE,UNCLAIMED,,,,,NOT_APPLICABLE,RETAINED,1368.000000,,,,,,,,,NOT_APPLICABLE,ELIGIBLE,
470113,Q2,Gasoline on out of town trips,TRANS,Transportation,DIRECT_CONCORDANCE_UCC,PUBLISHED_CE_BASIS,LABSTAT_PUBLISHED,NOT_VERIFIED,NOT_ESTABLISHED,UNKNOWN,TB011;TB012;TB013;TB021;TB022,MOTOR_FUEL,MULTI_SAME_NODE,2766.000000,OBSERVED,10.330000,false,,,,,NOT_APPLICABLE,UNCLAIMED,,,,,NOT_APPLICABLE,RETAINED,2766.000000,,,,,,,,,NOT_APPLICABLE,ELIGIBLE,
470113,Q3,Gasoline on out of town trips,TRANS,Transportation,DIRECT_CONCORDANCE_UCC,PUBLISHED_CE_BASIS,LABSTAT_PUBLISHED,NOT_VERIFIED,NOT_ESTABLISHED,UNKNOWN,TB011;TB012;TB013;TB021;TB022,MOTOR_FUEL,MULTI_SAME_NODE,3531.000000,OBSERVED,6.750000,false,,,,,NOT_APPLICABLE,UNCLAIMED,,,,,NOT_APPLICABLE,RETAINED,3531.000000,,,,,,,,,NOT_APPLICABLE,ELIGIBLE,
470113,Q4,Gasoline on out of town trips,TRANS,Transportation,DIRECT_CONCORDANCE_UCC,PUBLISHED_CE_BASIS,LABSTAT_PUBLISHED,NOT_VERIFIED,NOT_ESTABLISHED,UNKNOWN,TB011;TB012;TB013;TB021;TB022,MOTOR_FUEL,MULTI_SAME_NODE,5129.000000,OBSERVED,5.810000,false,,,,,NOT_APPLICABLE,UNCLAIMED,,,,,NOT_APPLICABLE,RETAINED,5129.000000,,,,,,,,,NOT_APPLICABLE,ELIGIBLE,
470113,Q5,Gasoline on out of town trips,TRANS,Transportation,DIRECT_CONCORDANCE_UCC,PUBLISHED_CE_BASIS,LABSTAT_PUBLISHED,NOT_VERIFIED,NOT_ESTABLISHED,UNKNOWN,TB011;TB012;TB013;TB021;TB022,MOTOR_FUEL,MULTI_SAME_NODE,7427.000000,OBSERVED,7.220000,false,,,,,NOT_APPLICABLE,UNCLAIMED,,,,,NOT_APPLICABLE,RETAINED,7427.000000,,,,,,,,,NOT_APPLICABLE,ELIGIBLE,
470212,ALL_CU,Motor oil on out of town trips,TRANS,Transportation,DIRECT_CONCORDANCE_UCC,PUBLISHED_CE_BASIS,LABSTAT_PUBLISHED,NOT_VERIFIED,NOT_ESTABLISHED,UNKNOWN,TC022,TRANSPORT_COMMODITIES_EX_MOTOR_FUEL,DIRECT,204.000000,OBSERVED,4.450000,false,,,,,NOT_APPLICABLE,UNCLAIMED,,,,,NOT_APPLICABLE,RETAINED,204.000000,,,,,,,,,NOT_APPLICABLE,ELIGIBLE,
470212,Q1,Motor oil on out of town trips,TRANS,Transportation,DIRECT_CONCORDANCE_UCC,PUBLISHED_CE_BASIS,LABSTAT_PUBLISHED,NOT_VERIFIED,NOT_ESTABLISHED,UNKNOWN,TC022,TRANSPORT_COMMODITIES_EX_MOTOR_FUEL,DIRECT,14.000000,OBSERVED,11.590000,false,,,,,NOT_APPLICABLE,UNCLAIMED,,,,,NOT_APPLICABLE,RETAINED,14.000000,,,,,,,,,NOT_APPLICABLE,ELIGIBLE,
470212,Q2,Motor oil on out of town trips,TRANS,Transportation,DIRECT_CONCORDANCE_UCC,PUBLISHED_CE_BASIS,LABSTAT_PUBLISHED,NOT_VERIFIED,NOT_ESTABLISHED,UNKNOWN,TC022,TRANSPORT_COMMODITIES_EX_MOTOR_FUEL,DIRECT,28.000000,OBSERVED,10.330000,false,,,,,NOT_APPLICABLE,UNCLAIMED,,,,,NOT_APPLICABLE,RETAINED,28.000000,,,,,,,,,NOT_APPLICABLE,ELIGIBLE,
470212,Q3,Motor oil on out of town trips,TRANS,Transportation,DIRECT_CONCORDANCE_UCC,PUBLISHED_CE_BASIS,LABSTAT_PUBLISHED,NOT_VERIFIED,NOT_ESTABLISHED,UNKNOWN,TC022,TRANSPORT_COMMODITIES_EX_MOTOR_FUEL,DIRECT,36.000000,OBSERVED,6.750000,false,,,,,NOT_APPLICABLE,UNCLAIMED,,,,,NOT_APPLICABLE,RETAINED,36.000000,,,,,,,,,NOT_APPLICABLE,ELIGIBLE,
470212,Q4,Motor oil on out of town trips,TRANS,Transportation,DIRECT_CONCORDANCE_UCC,PUBLISHED_CE_BASIS,LABSTAT_PUBLISHED,NOT_VERIFIED,NOT_ESTABLISHED,UNKNOWN,TC022,TRANSPORT_COMMODITIES_EX_MOTOR_FUEL,DIRECT,52.000000,OBSERVED,5.810000,false,,,,,NOT_APPLICABLE,UNCLAIMED,,,,,NOT_APPLICABLE,RETAINED,52.000000,,,,,,,,,NOT_APPLICABLE,ELIGIBLE,
470212,Q5,Motor oil on out of town trips,TRANS,Transportation,DIRECT_CONCORDANCE_UCC,PUBLISHED_CE_BASIS,LABSTAT_PUBLISHED,NOT_VERIFIED,NOT_ESTABLISHED,UNKNOWN,TC022,TRANSPORT_COMMODITIES_EX_MOTOR_FUEL,DIRECT,75.000000,OBSERVED,7.220000,false,,,,,NOT_APPLICABLE,UNCLAIMED,,,,,NOT_APPLICABLE,RETAINED,75.000000,,,,,,,,,NOT_APPLICABLE,ELIGIBLE,
470311,ALL_CU,Electric vehicle charging,TRANS,Transportation,PUBLISHED_CE_UCC,PUBLISHED_CE_BASIS,LABSTAT_PUBLISHED,NOT_VERIFIED,NOT_ESTABLISHED,UNKNOWN,,,UNRESOLVED,1352.000000,OBSERVED,14.560000,false,TR_EV_CHARGING_v0_1,CE_CPI_SCOPE_RULES_V0_3,REASSIGN,ACCEPTED,CURRENT_EFFECTIVE,SOURCE,TRANSFORMED,TRANSFORMED,,,NOT_APPLICABLE,TRANSFORMED,,,,,1352.000000,,,,,NOT_APPLICABLE,ELIGIBLE,
470311,Q1,Electric vehicle charging,TRANS,Transportation,PUBLISHED_CE_UCC,PUBLISHED_CE_BASIS,LABSTAT_PUBLISHED,NOT_VERIFIED,NOT_ESTABLISHED,UNKNOWN,,,UNRESOLVED,1.000000,OBSERVED,102.050000,true,TR_EV_CHARGING_v0_1,CE_CPI_SCOPE_RULES_V0_3,REASSIGN,ACCEPTED,CURRENT_EFFECTIVE,SOURCE,TRANSFORMED,TRANSFORMED,,,NOT_APPLICABLE,TRANSFORMED,,,,,1.000000,,,,,NOT_APPLICABLE,ELIGIBLE,
470311,Q2,Electric vehicle charging,TRANS,Transportation,PUBLISHED_CE_UCC,PUBLISHED_CE_BASIS,LABSTAT_PUBLISHED,NOT_VERIFIED,NOT_ESTABLISHED,UNKNOWN,,,UNRESOLVED,102.000000,OBSERVED,43.900000,true,TR_EV_CHARGING_v0_1,CE_CPI_SCOPE_RULES_V0_3,REASSIGN,ACCEPTED,CURRENT_EFFECTIVE,SOURCE,TRANSFORMED,TRANSFORMED,,,NOT_APPLICABLE,TRANSFORMED,,,,,102.000000,,,,,NOT_APPLICABLE,ELIGIBLE,
470311,Q3,Electric vehicle charging,TRANS,Transportation,PUBLISHED_CE_UCC,PUBLISHED_CE_BASIS,LABSTAT_PUBLISHED,NOT_VERIFIED,NOT_ESTABLISHED,UNKNOWN,,,UNRESOLVED,80.000000,OBSERVED,37.460000,true,TR_EV_CHARGING_v0_1,CE_CPI_SCOPE_RULES_V0_3,REASSIGN,ACCEPTED,CURRENT_EFFECTIVE,SOURCE,TRANSFORMED,TRANSFORMED,,,NOT_APPLICABLE,TRANSFORMED,,,,,80.000000,,,,,NOT_APPLICABLE,ELIGIBLE,
470311,Q4,Electric vehicle charging,TRANS,Transportation,PUBLISHED_CE_UCC,PUBLISHED_CE_BASIS,LABSTAT_PUBLISHED,NOT_VERIFIED,NOT_ESTABLISHED,UNKNOWN,,,UNRESOLVED,180.000000,OBSERVED,30.280000,true,TR_EV_CHARGING_v0_1,CE_CPI_SCOPE_RULES_V0_3,REASSIGN,ACCEPTED,CURRENT_EFFECTIVE,SOURCE,TRANSFORMED,TRANSFORMED,,,NOT_APPLICABLE,TRANSFORMED,,,,,180.000000,,,,,NOT_APPLICABLE,ELIGIBLE,
470311,Q5,Electric vehicle charging,TRANS,Transportation,PUBLISHED_CE_UCC,PUBLISHED_CE_BASIS,LABSTAT_PUBLISHED,NOT_VERIFIED,NOT_ESTABLISHED,UNKNOWN,,,UNRESOLVED,990.000000,OBSERVED,19.160000,false,TR_EV_CHARGING_v0_1,CE_CPI_SCOPE_RULES_V0_3,REASSIGN,ACCEPTED,CURRENT_EFFECTIVE,SOURCE,TRANSFORMED,TRANSFORMED,,,NOT_APPLICABLE,TRANSFORMED,,,,,990.000000,,,,,NOT_APPLICABLE,ELIGIBLE,
480100,ALL_CU,"Vehicle parts, accessories, fluid excluding tires",TRANS,Transportation,DIRECT_CONCORDANCE_UCC,PUBLISHED_CE_BASIS,LABSTAT_PUBLISHED,NOT_VERIFIED,NOT_ESTABLISHED,UNKNOWN,TC021;TC022,TRANSPORT_COMMODITIES_EX_MOTOR_FUEL,MULTI_SAME_NODE,6048.000000,OBSERVED,13.170000,false,,,,,NOT_APPLICABLE,UNCLAIMED,,,,,NOT_APPLICABLE,RETAINED,6048.000000,,,,,,,,,NOT_APPLICABLE,ELIGIBLE,
480100,Q1,"Vehicle parts, accessories, fluid excluding tires",TRANS,Transportation,DIRECT_CONCORDANCE_UCC,PUBLISHED_CE_BASIS,LABSTAT_PUBLISHED,NOT_VERIFIED,NOT_ESTABLISHED,UNKNOWN,TC021;TC022,TRANSPORT_COMMODITIES_EX_MOTOR_FUEL,MULTI_SAME_NODE,459.000000,OBSERVED,15.960000,false,,,,,NOT_APPLICABLE,UNCLAIMED,,,,,NOT_APPLICABLE,RETAINED,459.000000,,,,,,,,,NOT_APPLICABLE,ELIGIBLE,
480100,Q2,"Vehicle parts, accessories, fluid excluding tires",TRANS,Transportation,DIRECT_CONCORDANCE_UCC,PUBLISHED_CE_BASIS,LABSTAT_PUBLISHED,NOT_VERIFIED,NOT_ESTABLISHED,UNKNOWN,TC021;TC022,TRANSPORT_COMMODITIES_EX_MOTOR_FUEL,MULTI_SAME_NODE,710.000000,OBSERVED,17.870000,false,,,,,NOT_APPLICABLE,UNCLAIMED,,,,,NOT_APPLICABLE,RETAINED,710.000000,,,,,,,,,NOT_APPLICABLE,ELIGIBLE,
480100,Q3,"Vehicle parts, accessories, fluid excluding tires",TRANS,Transportation,DIRECT_CONCORDANCE_UCC,PUBLISHED_CE_BASIS,LABSTAT_PUBLISHED,NOT_VERIFIED,NOT_ESTABLISHED,UNKNOWN,TC021;TC022,TRANSPORT_COMMODITIES_EX_MOTOR_FUEL,MULTI_SAME_NODE,1266.000000,OBSERVED,23.300000,false,,,,,NOT_APPLICABLE,UNCLAIMED,,,,,NOT_APPLICABLE,RETAINED,1266.000000,,,,,,,,,NOT_APPLICABLE,ELIGIBLE,
480100,Q4,"Vehicle parts, accessories, fluid excluding tires",TRANS,Transportation,DIRECT_CONCORDANCE_UCC,PUBLISHED_CE_BASIS,LABSTAT_PUBLISHED,NOT_VERIFIED,NOT_ESTABLISHED,UNKNOWN,TC021;TC022,TRANSPORT_COMMODITIES_EX_MOTOR_FUEL,MULTI_SAME_NODE,1775.000000,OBSERVED,20.510000,false,,,,,NOT_APPLICABLE,UNCLAIMED,,,,,NOT_APPLICABLE,RETAINED,1775.000000,,,,,,,,,NOT_APPLICABLE,ELIGIBLE,
480100,Q5,"Vehicle parts, accessories, fluid excluding tires",TRANS,Transportation,DIRECT_CONCORDANCE_UCC,PUBLISHED_CE_BASIS,LABSTAT_PUBLISHED,NOT_VERIFIED,NOT_ESTABLISHED,UNKNOWN,TC021;TC022,TRANSPORT_COMMODITIES_EX_MOTOR_FUEL,MULTI_SAME_NODE,1838.000000,OBSERVED,17.470000,false,,,,,NOT_APPLICABLE,UNCLAIMED,,,,,NOT_APPLICABLE,RETAINED,1838.000000,,,,,,,,,NOT_APPLICABLE,ELIGIBLE,
480110,ALL_CU,"Tires - purchased, replaced, and installed",TRANS,Transportation,DIRECT_CONCORDANCE_UCC,PUBLISHED_CE_BASIS,LABSTAT_PUBLISHED,NOT_VERIFIED,NOT_ESTABLISHED,UNKNOWN,TC011,TRANSPORT_COMMODITIES_EX_MOTOR_FUEL,DIRECT,29518.000000,OBSERVED,4.240000,false,,,,,NOT_APPLICABLE,UNCLAIMED,,,,,NOT_APPLICABLE,RETAINED,29518.000000,,,,,,,,,NOT_APPLICABLE,ELIGIBLE,
480110,Q1,"Tires - purchased, replaced, and installed",TRANS,Transportation,DIRECT_CONCORDANCE_UCC,PUBLISHED_CE_BASIS,LABSTAT_PUBLISHED,NOT_VERIFIED,NOT_ESTABLISHED,UNKNOWN,TC011,TRANSPORT_COMMODITIES_EX_MOTOR_FUEL,DIRECT,2158.000000,OBSERVED,14.150000,false,,,,,NOT_APPLICABLE,UNCLAIMED,,,,,NOT_APPLICABLE,RETAINED,2158.000000,,,,,,,,,NOT_APPLICABLE,ELIGIBLE,
480110,Q2,"Tires - purchased, replaced, and installed",TRANS,Transportation,DIRECT_CONCORDANCE_UCC,PUBLISHED_CE_BASIS,LABSTAT_PUBLISHED,NOT_VERIFIED,NOT_ESTABLISHED,UNKNOWN,TC011,TRANSPORT_COMMODITIES_EX_MOTOR_FUEL,DIRECT,4153.000000,OBSERVED,9.740000,false,,,,,NOT_APPLICABLE,UNCLAIMED,,,,,NOT_APPLICABLE,RETAINED,4153.000000,,,,,,,,,NOT_APPLICABLE,ELIGIBLE,
480110,Q3,"Tires - purchased, replaced, and installed",TRANS,Transportation,DIRECT_CONCORDANCE_UCC,PUBLISHED_CE_BASIS,LABSTAT_PUBLISHED,NOT_VERIFIED,NOT_ESTABLISHED,UNKNOWN,TC011,TRANSPORT_COMMODITIES_EX_MOTOR_FUEL,DIRECT,5767.000000,OBSERVED,8.870000,false,,,,,NOT_APPLICABLE,UNCLAIMED,,,,,NOT_APPLICABLE,RETAINED,5767.000000,,,,,,,,,NOT_APPLICABLE,ELIGIBLE,
480110,Q4,"Tires - purchased, replaced, and installed",TRANS,Transportation,DIRECT_CONCORDANCE_UCC,PUBLISHED_CE_BASIS,LABSTAT_PUBLISHED,NOT_VERIFIED,NOT_ESTABLISHED,UNKNOWN,TC011,TRANSPORT_COMMODITIES_EX_MOTOR_FUEL,DIRECT,7289.000000,OBSERVED,8.290000,false,,,,,NOT_APPLICABLE,UNCLAIMED,,,,,NOT_APPLICABLE,RETAINED,7289.000000,,,,,,,,,NOT_APPLICABLE,ELIGIBLE,
480110,Q5,"Tires - purchased, replaced, and installed",TRANS,Transportation,DIRECT_CONCORDANCE_UCC,PUBLISHED_CE_BASIS,LABSTAT_PUBLISHED,NOT_VERIFIED,NOT_ESTABLISHED,UNKNOWN,TC011,TRANSPORT_COMMODITIES_EX_MOTOR_FUEL,DIRECT,10151.000000,OBSERVED,8.440000,false,,,,,NOT_APPLICABLE,UNCLAIMED,,,,,NOT_APPLICABLE,RETAINED,10151.000000,,,,,,,,,NOT_APPLICABLE,ELIGIBLE,
490100,ALL_CU,Vehicle maintenance/repair excluding tire purchase,TRANS,Transportation,DIRECT_CONCORDANCE_UCC,PUBLISHED_CE_BASIS,LABSTAT_PUBLISHED,NOT_VERIFIED,NOT_ESTABLISHED,UNKNOWN,TD011;TD021;TD031,TRANSPORT_SERVICES,MULTI_SAME_NODE,90885.000000,OBSERVED,3.260000,false,,,,,NOT_APPLICABLE,UNCLAIMED,,,,,NOT_APPLICABLE,RETAINED,90885.000000,,,,,,,,,NOT_APPLICABLE,ELIGIBLE,
490100,Q1,Vehicle maintenance/repair excluding tire purchase,TRANS,Transportation,DIRECT_CONCORDANCE_UCC,PUBLISHED_CE_BASIS,LABSTAT_PUBLISHED,NOT_VERIFIED,NOT_ESTABLISHED,UNKNOWN,TD011;TD021;TD031,TRANSPORT_SERVICES,MULTI_SAME_NODE,7140.000000,OBSERVED,8.870000,false,,,,,NOT_APPLICABLE,UNCLAIMED,,,,,NOT_APPLICABLE,RETAINED,7140.000000,,,,,,,,,NOT_APPLICABLE,ELIGIBLE,
490100,Q2,Vehicle maintenance/repair excluding tire purchase,TRANS,Transportation,DIRECT_CONCORDANCE_UCC,PUBLISHED_CE_BASIS,LABSTAT_PUBLISHED,NOT_VERIFIED,NOT_ESTABLISHED,UNKNOWN,TD011;TD021;TD031,TRANSPORT_SERVICES,MULTI_SAME_NODE,13311.000000,OBSERVED,7.790000,false,,,,,NOT_APPLICABLE,UNCLAIMED,,,,,NOT_APPLICABLE,RETAINED,13311.000000,,,,,,,,,NOT_APPLICABLE,ELIGIBLE,
490100,Q3,Vehicle maintenance/repair excluding tire purchase,TRANS,Transportation,DIRECT_CONCORDANCE_UCC,PUBLISHED_CE_BASIS,LABSTAT_PUBLISHED,NOT_VERIFIED,NOT_ESTABLISHED,UNKNOWN,TD011;TD021;TD031,TRANSPORT_SERVICES,MULTI_SAME_NODE,17066.000000,OBSERVED,7.500000,false,,,,,NOT_APPLICABLE,UNCLAIMED,,,,,NOT_APPLICABLE,RETAINED,17066.000000,,,,,,,,,NOT_APPLICABLE,ELIGIBLE,
490100,Q4,Vehicle maintenance/repair excluding tire purchase,TRANS,Transportation,DIRECT_CONCORDANCE_UCC,PUBLISHED_CE_BASIS,LABSTAT_PUBLISHED,NOT_VERIFIED,NOT_ESTABLISHED,UNKNOWN,TD011;TD021;TD031,TRANSPORT_SERVICES,MULTI_SAME_NODE,21123.000000,OBSERVED,5.530000,false,,,,,NOT_APPLICABLE,UNCLAIMED,,,,,NOT_APPLICABLE,RETAINED,21123.000000,,,,,,,,,NOT_APPLICABLE,ELIGIBLE,
490100,Q5,Vehicle maintenance/repair excluding tire purchase,TRANS,Transportation,DIRECT_CONCORDANCE_UCC,PUBLISHED_CE_BASIS,LABSTAT_PUBLISHED,NOT_VERIFIED,NOT_ESTABLISHED,UNKNOWN,TD011;TD021;TD031,TRANSPORT_SERVICES,MULTI_SAME_NODE,32244.000000,OBSERVED,5.410000,false,,,,,NOT_APPLICABLE,UNCLAIMED,,,,,NOT_APPLICABLE,RETAINED,32244.000000,,,,,,,,,NOT_APPLICABLE,ELIGIBLE,
490900,ALL_CU,Auto repair service policy,TRANS,Transportation,DIRECT_CONCORDANCE_UCC,PUBLISHED_CE_BASIS,LABSTAT_PUBLISHED,NOT_VERIFIED,NOT_ESTABLISHED,UNKNOWN,TD090,TRANSPORT_SERVICES,DIRECT,6985.000000,OBSERVED,15.330000,false,,,,,NOT_APPLICABLE,UNCLAIMED,,,,,NOT_APPLICABLE,RETAINED,6985.000000,,,,,,,,,NOT_APPLICABLE,ELIGIBLE,
490900,Q1,Auto repair service policy,TRANS,Transportation,DIRECT_CONCORDANCE_UCC,PUBLISHED_CE_BASIS,LABSTAT_PUBLISHED,NOT_VERIFIED,NOT_ESTABLISHED,UNKNOWN,TD090,TRANSPORT_SERVICES,DIRECT,922.000000,OBSERVED,47.390000,true,,,,,NOT_APPLICABLE,UNCLAIMED,,,,,NOT_APPLICABLE,RETAINED,922.000000,,,,,,,,,NOT_APPLICABLE,ELIGIBLE,
490900,Q2,Auto repair service policy,TRANS,Transportation,DIRECT_CONCORDANCE_UCC,PUBLISHED_CE_BASIS,LABSTAT_PUBLISHED,NOT_VERIFIED,NOT_ESTABLISHED,UNKNOWN,TD090,TRANSPORT_SERVICES,DIRECT,640.000000,OBSERVED,26.010000,true,,,,,NOT_APPLICABLE,UNCLAIMED,,,,,NOT_APPLICABLE,RETAINED,640.000000,,,,,,,,,NOT_APPLICABLE,ELIGIBLE,
490900,Q3,Auto repair service policy,TRANS,Transportation,DIRECT_CONCORDANCE_UCC,PUBLISHED_CE_BASIS,LABSTAT_PUBLISHED,NOT_VERIFIED,NOT_ESTABLISHED,UNKNOWN,TD090,TRANSPORT_SERVICES,DIRECT,1477.000000,OBSERVED,25.190000,true,,,,,NOT_APPLICABLE,UNCLAIMED,,,,,NOT_APPLICABLE,RETAINED,1477.000000,,,,,,,,,NOT_APPLICABLE,ELIGIBLE,
490900,Q4,Auto repair service policy,TRANS,Transportation,DIRECT_CONCORDANCE_UCC,PUBLISHED_CE_BASIS,LABSTAT_PUBLISHED,NOT_VERIFIED,NOT_ESTABLISHED,UNKNOWN,TD090,TRANSPORT_SERVICES,DIRECT,1692.000000,OBSERVED,33.370000,true,,,,,NOT_APPLICABLE,UNCLAIMED,,,,,NOT_APPLICABLE,RETAINED,1692.000000,,,,,,,,,NOT_APPLICABLE,ELIGIBLE,
490900,Q5,Auto repair service policy,TRANS,Transportation,DIRECT_CONCORDANCE_UCC,PUBLISHED_CE_BASIS,LABSTAT_PUBLISHED,NOT_VERIFIED,NOT_ESTABLISHED,UNKNOWN,TD090,TRANSPORT_SERVICES,DIRECT,2254.000000,OBSERVED,23.290000,false,,,,,NOT_APPLICABLE,UNCLAIMED,,,,,NOT_APPLICABLE,RETAINED,2254.000000,,,,,,,,,NOT_APPLICABLE,ELIGIBLE,
500110,ALL_CU,Vehicle insurance,TRANS,Transportation,DIRECT_CONCORDANCE_UCC,PUBLISHED_CE_BASIS,LABSTAT_PUBLISHED,NOT_VERIFIED,NOT_ESTABLISHED,UNKNOWN,TE011,TRANSPORT_SERVICES,DIRECT,270566.000000,OBSERVED,1.290000,false,,,,,NOT_APPLICABLE,UNCLAIMED,,,,,NOT_APPLICABLE,RETAINED,270566.000000,,,,,,,,,NOT_APPLICABLE,ELIGIBLE,
500110,Q1,Vehicle insurance,TRANS,Transportation,DIRECT_CONCORDANCE_UCC,PUBLISHED_CE_BASIS,LABSTAT_PUBLISHED,NOT_VERIFIED,NOT_ESTABLISHED,UNKNOWN,TE011,TRANSPORT_SERVICES,DIRECT,24286.000000,OBSERVED,3.200000,false,,,,,NOT_APPLICABLE,UNCLAIMED,,,,,NOT_APPLICABLE,RETAINED,24286.000000,,,,,,,,,NOT_APPLICABLE,ELIGIBLE,
500110,Q2,Vehicle insurance,TRANS,Transportation,DIRECT_CONCORDANCE_UCC,PUBLISHED_CE_BASIS,LABSTAT_PUBLISHED,NOT_VERIFIED,NOT_ESTABLISHED,UNKNOWN,TE011,TRANSPORT_SERVICES,DIRECT,45649.000000,OBSERVED,4.090000,false,,,,,NOT_APPLICABLE,UNCLAIMED,,,,,NOT_APPLICABLE,RETAINED,45649.000000,,,,,,,,,NOT_APPLICABLE,ELIGIBLE,
500110,Q3,Vehicle insurance,TRANS,Transportation,DIRECT_CONCORDANCE_UCC,PUBLISHED_CE_BASIS,LABSTAT_PUBLISHED,NOT_VERIFIED,NOT_ESTABLISHED,UNKNOWN,TE011,TRANSPORT_SERVICES,DIRECT,54677.000000,OBSERVED,2.510000,false,,,,,NOT_APPLICABLE,UNCLAIMED,,,,,NOT_APPLICABLE,RETAINED,54677.000000,,,,,,,,,NOT_APPLICABLE,ELIGIBLE,
500110,Q4,Vehicle insurance,TRANS,Transportation,DIRECT_CONCORDANCE_UCC,PUBLISHED_CE_BASIS,LABSTAT_PUBLISHED,NOT_VERIFIED,NOT_ESTABLISHED,UNKNOWN,TE011,TRANSPORT_SERVICES,DIRECT,68515.000000,OBSERVED,2.160000,false,,,,,NOT_APPLICABLE,UNCLAIMED,,,,,NOT_APPLICABLE,RETAINED,68515.000000,,,,,,,,,NOT_APPLICABLE,ELIGIBLE,
500110,Q5,Vehicle insurance,TRANS,Transportation,DIRECT_CONCORDANCE_UCC,PUBLISHED_CE_BASIS,LABSTAT_PUBLISHED,NOT_VERIFIED,NOT_ESTABLISHED,UNKNOWN,TE011,TRANSPORT_SERVICES,DIRECT,77439.000000,OBSERVED,2.130000,false,,,,,NOT_APPLICABLE,UNCLAIMED,,,,,NOT_APPLICABLE,RETAINED,77439.000000,,,,,,,,,NOT_APPLICABLE,ELIGIBLE,
510110,ALL_CU,Automobile finance charges,TRANS,Transportation,PUBLISHED_CE_UCC,PUBLISHED_CE_BASIS,LABSTAT_PUBLISHED,NOT_VERIFIED,NOT_ESTABLISHED,UNKNOWN,,,UNRESOLVED,12858.000000,OBSERVED,5.370000,false,OS_CPI_VEHICLE_FINANCE_CHARGES_v0_1,CE_CPI_SCOPE_RULES_V0_3,EXCLUDE,ACCEPTED,CURRENT_EFFECTIVE,SOURCE,OUT_OF_SCOPE,OUT_OF_SCOPE,,,NOT_APPLICABLE,EXCLUDED,,12858.000000,,,,,,,,NOT_APPLICABLE,EXCLUDED_FROM_BASIS,
510110,Q1,Automobile finance charges,TRANS,Transportation,PUBLISHED_CE_UCC,PUBLISHED_CE_BASIS,LABSTAT_PUBLISHED,NOT_VERIFIED,NOT_ESTABLISHED,UNKNOWN,,,UNRESOLVED,768.000000,OBSERVED,17.580000,false,OS_CPI_VEHICLE_FINANCE_CHARGES_v0_1,CE_CPI_SCOPE_RULES_V0_3,EXCLUDE,ACCEPTED,CURRENT_EFFECTIVE,SOURCE,OUT_OF_SCOPE,OUT_OF_SCOPE,,,NOT_APPLICABLE,EXCLUDED,,768.000000,,,,,,,,NOT_APPLICABLE,EXCLUDED_FROM_BASIS,
510110,Q2,Automobile finance charges,TRANS,Transportation,PUBLISHED_CE_UCC,PUBLISHED_CE_BASIS,LABSTAT_PUBLISHED,NOT_VERIFIED,NOT_ESTABLISHED,UNKNOWN,,,UNRESOLVED,1798.000000,OBSERVED,11.140000,false,OS_CPI_VEHICLE_FINANCE_CHARGES_v0_1,CE_CPI_SCOPE_RULES_V0_3,EXCLUDE,ACCEPTED,CURRENT_EFFECTIVE,SOURCE,OUT_OF_SCOPE,OUT_OF_SCOPE,,,NOT_APPLICABLE,EXCLUDED,,1798.000000,,,,,,,,NOT_APPLICABLE,EXCLUDED_FROM_BASIS,
510110,Q3,Automobile finance charges,TRANS,Transportation,PUBLISHED_CE_UCC,PUBLISHED_CE_BASIS,LABSTAT_PUBLISHED,NOT_VERIFIED,NOT_ESTABLISHED,UNKNOWN,,,UNRESOLVED,2560.000000,OBSERVED,9.690000,false,OS_CPI_VEHICLE_FINANCE_CHARGES_v0_1,CE_CPI_SCOPE_RULES_V0_3,EXCLUDE,ACCEPTED,CURRENT_EFFECTIVE,SOURCE,OUT_OF_SCOPE,OUT_OF_SCOPE,,,NOT_APPLICABLE,EXCLUDED,,2560.000000,,,,,,,,NOT_APPLICABLE,EXCLUDED_FROM_BASIS,
510110,Q4,Automobile finance charges,TRANS,Transportation,PUBLISHED_CE_UCC,PUBLISHED_CE_BASIS,LABSTAT_PUBLISHED,NOT_VERIFIED,NOT_ESTABLISHED,UNKNOWN,,,UNRESOLVED,3719.000000,OBSERVED,8.560000,false,OS_CPI_VEHICLE_FINANCE_CHARGES_v0_1,CE_CPI_SCOPE_RULES_V0_3,EXCLUDE,ACCEPTED,CURRENT_EFFECTIVE,SOURCE,OUT_OF_SCOPE,OUT_OF_SCOPE,,,NOT_APPLICABLE,EXCLUDED,,3719.000000,,,,,,,,NOT_APPLICABLE,EXCLUDED_FROM_BASIS,
510110,Q5,Automobile finance charges,TRANS,Transportation,PUBLISHED_CE_UCC,PUBLISHED_CE_BASIS,LABSTAT_PUBLISHED,NOT_VERIFIED,NOT_ESTABLISHED,UNKNOWN,,,UNRESOLVED,4013.000000,OBSERVED,9.900000,false,OS_CPI_VEHICLE_FINANCE_CHARGES_v0_1,CE_CPI_SCOPE_RULES_V0_3,EXCLUDE,ACCEPTED,CURRENT_EFFECTIVE,SOURCE,OUT_OF_SCOPE,OUT_OF_SCOPE,,,NOT_APPLICABLE,EXCLUDED,,4013.000000,,,,,,,,NOT_APPLICABLE,EXCLUDED_FROM_BASIS,
510115,ALL_CU,Veh Registration Incl Prop Tax,,,CONCORDANCE_ONLY_UCC,TRANSFORMATION_DESTINATION,DERIVED_TRANSFORMATION,VERIFIED,NOT_ESTABLISHED,UNKNOWN,TF011,TRANSPORT_SERVICES,,,NOT_APPLICABLE,,,TR_VEHICLE_REGISTRATION_FEES_v0_1,CE_CPI_SCOPE_RULES_V0_3,COMBINE,ACCEPTED,CURRENT_EFFECTIVE,OUTPUT_ONLY,TRANSFORMED,TRANSFORMED,,,NOT_APPLICABLE,NOT_APPLICABLE,,,,,,,,,,NOT_APPLICABLE,NOT_APPLICABLE,"Transformation destination. The amount is carried on the rows of the UCCs it is combined from, so that it appears once."
510115,Q1,Veh Registration Incl Prop Tax,,,CONCORDANCE_ONLY_UCC,TRANSFORMATION_DESTINATION,DERIVED_TRANSFORMATION,VERIFIED,NOT_ESTABLISHED,UNKNOWN,TF011,TRANSPORT_SERVICES,,,NOT_APPLICABLE,,,TR_VEHICLE_REGISTRATION_FEES_v0_1,CE_CPI_SCOPE_RULES_V0_3,COMBINE,ACCEPTED,CURRENT_EFFECTIVE,OUTPUT_ONLY,TRANSFORMED,TRANSFORMED,,,NOT_APPLICABLE,NOT_APPLICABLE,,,,,,,,,,NOT_APPLICABLE,NOT_APPLICABLE,"Transformation destination. The amount is carried on the rows of the UCCs it is combined from, so that it appears once."
510115,Q2,Veh Registration Incl Prop Tax,,,CONCORDANCE_ONLY_UCC,TRANSFORMATION_DESTINATION,DERIVED_TRANSFORMATION,VERIFIED,NOT_ESTABLISHED,UNKNOWN,TF011,TRANSPORT_SERVICES,,,NOT_APPLICABLE,,,TR_VEHICLE_REGISTRATION_FEES_v0_1,CE_CPI_SCOPE_RULES_V0_3,COMBINE,ACCEPTED,CURRENT_EFFECTIVE,OUTPUT_ONLY,TRANSFORMED,TRANSFORMED,,,NOT_APPLICABLE,NOT_APPLICABLE,,,,,,,,,,NOT_APPLICABLE,NOT_APPLICABLE,"Transformation destination. The amount is carried on the rows of the UCCs it is combined from, so that it appears once."
510115,Q3,Veh Registration Incl Prop Tax,,,CONCORDANCE_ONLY_UCC,TRANSFORMATION_DESTINATION,DERIVED_TRANSFORMATION,VERIFIED,NOT_ESTABLISHED,UNKNOWN,TF011,TRANSPORT_SERVICES,,,NOT_APPLICABLE,,,TR_VEHICLE_REGISTRATION_FEES_v0_1,CE_CPI_SCOPE_RULES_V0_3,COMBINE,ACCEPTED,CURRENT_EFFECTIVE,OUTPUT_ONLY,TRANSFORMED,TRANSFORMED,,,NOT_APPLICABLE,NOT_APPLICABLE,,,,,,,,,,NOT_APPLICABLE,NOT_APPLICABLE,"Transformation destination. The amount is carried on the rows of the UCCs it is combined from, so that it appears once."
510115,Q4,Veh Registration Incl Prop Tax,,,CONCORDANCE_ONLY_UCC,TRANSFORMATION_DESTINATION,DERIVED_TRANSFORMATION,VERIFIED,NOT_ESTABLISHED,UNKNOWN,TF011,TRANSPORT_SERVICES,,,NOT_APPLICABLE,,,TR_VEHICLE_REGISTRATION_FEES_v0_1,CE_CPI_SCOPE_RULES_V0_3,COMBINE,ACCEPTED,CURRENT_EFFECTIVE,OUTPUT_ONLY,TRANSFORMED,TRANSFORMED,,,NOT_APPLICABLE,NOT_APPLICABLE,,,,,,,,,,NOT_APPLICABLE,NOT_APPLICABLE,"Transformation destination. The amount is carried on the rows of the UCCs it is combined from, so that it appears once."
510115,Q5,Veh Registration Incl Prop Tax,,,CONCORDANCE_ONLY_UCC,TRANSFORMATION_DESTINATION,DERIVED_TRANSFORMATION,VERIFIED,NOT_ESTABLISHED,UNKNOWN,TF011,TRANSPORT_SERVICES,,,NOT_APPLICABLE,,,TR_VEHICLE_REGISTRATION_FEES_v0_1,CE_CPI_SCOPE_RULES_V0_3,COMBINE,ACCEPTED,CURRENT_EFFECTIVE,OUTPUT_ONLY,TRANSFORMED,TRANSFORMED,,,NOT_APPLICABLE,NOT_APPLICABLE,,,,,,,,,,NOT_APPLICABLE,NOT_APPLICABLE,"Transformation destination. The amount is carried on the rows of the UCCs it is combined from, so that it appears once."
510901,ALL_CU,Truck finance charges,TRANS,Transportation,PUBLISHED_CE_UCC,PUBLISHED_CE_BASIS,LABSTAT_PUBLISHED,NOT_VERIFIED,NOT_ESTABLISHED,UNKNOWN,,,UNRESOLVED,40315.000000,OBSERVED,4.010000,false,OS_CPI_VEHICLE_FINANCE_CHARGES_v0_1,CE_CPI_SCOPE_RULES_V0_3,EXCLUDE,ACCEPTED,CURRENT_EFFECTIVE,SOURCE,OUT_OF_SCOPE,OUT_OF_SCOPE,,,NOT_APPLICABLE,EXCLUDED,,40315.000000,,,,,,,,NOT_APPLICABLE,EXCLUDED_FROM_BASIS,
510901,Q1,Truck finance charges,TRANS,Transportation,PUBLISHED_CE_UCC,PUBLISHED_CE_BASIS,LABSTAT_PUBLISHED,NOT_VERIFIED,NOT_ESTABLISHED,UNKNOWN,,,UNRESOLVED,1929.000000,OBSERVED,16.930000,false,OS_CPI_VEHICLE_FINANCE_CHARGES_v0_1,CE_CPI_SCOPE_RULES_V0_3,EXCLUDE,ACCEPTED,CURRENT_EFFECTIVE,SOURCE,OUT_OF_SCOPE,OUT_OF_SCOPE,,,NOT_APPLICABLE,EXCLUDED,,1929.000000,,,,,,,,NOT_APPLICABLE,EXCLUDED_FROM_BASIS,
510901,Q2,Truck finance charges,TRANS,Transportation,PUBLISHED_CE_UCC,PUBLISHED_CE_BASIS,LABSTAT_PUBLISHED,NOT_VERIFIED,NOT_ESTABLISHED,UNKNOWN,,,UNRESOLVED,4535.000000,OBSERVED,8.970000,false,OS_CPI_VEHICLE_FINANCE_CHARGES_v0_1,CE_CPI_SCOPE_RULES_V0_3,EXCLUDE,ACCEPTED,CURRENT_EFFECTIVE,SOURCE,OUT_OF_SCOPE,OUT_OF_SCOPE,,,NOT_APPLICABLE,EXCLUDED,,4535.000000,,,,,,,,NOT_APPLICABLE,EXCLUDED_FROM_BASIS,
510901,Q3,Truck finance charges,TRANS,Transportation,PUBLISHED_CE_UCC,PUBLISHED_CE_BASIS,LABSTAT_PUBLISHED,NOT_VERIFIED,NOT_ESTABLISHED,UNKNOWN,,,UNRESOLVED,7103.000000,OBSERVED,6.610000,false,OS_CPI_VEHICLE_FINANCE_CHARGES_v0_1,CE_CPI_SCOPE_RULES_V0_3,EXCLUDE,ACCEPTED,CURRENT_EFFECTIVE,SOURCE,OUT_OF_SCOPE,OUT_OF_SCOPE,,,NOT_APPLICABLE,EXCLUDED,,7103.000000,,,,,,,,NOT_APPLICABLE,EXCLUDED_FROM_BASIS,
510901,Q4,Truck finance charges,TRANS,Transportation,PUBLISHED_CE_UCC,PUBLISHED_CE_BASIS,LABSTAT_PUBLISHED,NOT_VERIFIED,NOT_ESTABLISHED,UNKNOWN,,,UNRESOLVED,12503.000000,OBSERVED,6.360000,false,OS_CPI_VEHICLE_FINANCE_CHARGES_v0_1,CE_CPI_SCOPE_RULES_V0_3,EXCLUDE,ACCEPTED,CURRENT_EFFECTIVE,SOURCE,OUT_OF_SCOPE,OUT_OF_SCOPE,,,NOT_APPLICABLE,EXCLUDED,,12503.000000,,,,,,,,NOT_APPLICABLE,EXCLUDED_FROM_BASIS,
510901,Q5,Truck finance charges,TRANS,Transportation,PUBLISHED_CE_UCC,PUBLISHED_CE_BASIS,LABSTAT_PUBLISHED,NOT_VERIFIED,NOT_ESTABLISHED,UNKNOWN,,,UNRESOLVED,14244.000000,OBSERVED,5.580000,false,OS_CPI_VEHICLE_FINANCE_CHARGES_v0_1,CE_CPI_SCOPE_RULES_V0_3,EXCLUDE,ACCEPTED,CURRENT_EFFECTIVE,SOURCE,OUT_OF_SCOPE,OUT_OF_SCOPE,,,NOT_APPLICABLE,EXCLUDED,,14244.000000,,,,,,,,NOT_APPLICABLE,EXCLUDED_FROM_BASIS,
510902,ALL_CU,Motorcycle and plane finance charges,TRANS,Transportation,PUBLISHED_CE_UCC,PUBLISHED_CE_BASIS,LABSTAT_PUBLISHED,NOT_VERIFIED,NOT_ESTABLISHED,UNKNOWN,,,UNRESOLVED,471.000000,OBSERVED,25.490000,true,OS_CPI_VEHICLE_FINANCE_CHARGES_v0_1,CE_CPI_SCOPE_RULES_V0_3,EXCLUDE,ACCEPTED,CURRENT_EFFECTIVE,SOURCE,OUT_OF_SCOPE,OUT_OF_SCOPE,,,NOT_APPLICABLE,EXCLUDED,,471.000000,,,,,,,,NOT_APPLICABLE,EXCLUDED_FROM_BASIS,
510902,Q1,Motorcycle and plane finance charges,TRANS,Transportation,PUBLISHED_CE_UCC,PUBLISHED_CE_BASIS,LABSTAT_PUBLISHED,NOT_VERIFIED,NOT_ESTABLISHED,UNKNOWN,,,UNRESOLVED,10.000000,OBSERVED,71.700000,true,OS_CPI_VEHICLE_FINANCE_CHARGES_v0_1,CE_CPI_SCOPE_RULES_V0_3,EXCLUDE,ACCEPTED,CURRENT_EFFECTIVE,SOURCE,OUT_OF_SCOPE,OUT_OF_SCOPE,,,NOT_APPLICABLE,EXCLUDED,,10.000000,,,,,,,,NOT_APPLICABLE,EXCLUDED_FROM_BASIS,
510902,Q2,Motorcycle and plane finance charges,TRANS,Transportation,PUBLISHED_CE_UCC,PUBLISHED_CE_BASIS,LABSTAT_PUBLISHED,NOT_VERIFIED,NOT_ESTABLISHED,UNKNOWN,,,UNRESOLVED,35.000000,OBSERVED,56.200000,true,OS_CPI_VEHICLE_FINANCE_CHARGES_v0_1,CE_CPI_SCOPE_RULES_V0_3,EXCLUDE,ACCEPTED,CURRENT_EFFECTIVE,SOURCE,OUT_OF_SCOPE,OUT_OF_SCOPE,,,NOT_APPLICABLE,EXCLUDED,,35.000000,,,,,,,,NOT_APPLICABLE,EXCLUDED_FROM_BASIS,
510902,Q3,Motorcycle and plane finance charges,TRANS,Transportation,PUBLISHED_CE_UCC,PUBLISHED_CE_BASIS,LABSTAT_PUBLISHED,NOT_VERIFIED,NOT_ESTABLISHED,UNKNOWN,,,UNRESOLVED,83.000000,OBSERVED,30.790000,true,OS_CPI_VEHICLE_FINANCE_CHARGES_v0_1,CE_CPI_SCOPE_RULES_V0_3,EXCLUDE,ACCEPTED,CURRENT_EFFECTIVE,SOURCE,OUT_OF_SCOPE,OUT_OF_SCOPE,,,NOT_APPLICABLE,EXCLUDED,,83.000000,,,,,,,,NOT_APPLICABLE,EXCLUDED_FROM_BASIS,
510902,Q4,Motorcycle and plane finance charges,TRANS,Transportation,PUBLISHED_CE_UCC,PUBLISHED_CE_BASIS,LABSTAT_PUBLISHED,NOT_VERIFIED,NOT_ESTABLISHED,UNKNOWN,,,UNRESOLVED,129.000000,OBSERVED,31.170000,true,OS_CPI_VEHICLE_FINANCE_CHARGES_v0_1,CE_CPI_SCOPE_RULES_V0_3,EXCLUDE,ACCEPTED,CURRENT_EFFECTIVE,SOURCE,OUT_OF_SCOPE,OUT_OF_SCOPE,,,NOT_APPLICABLE,EXCLUDED,,129.000000,,,,,,,,NOT_APPLICABLE,EXCLUDED_FROM_BASIS,
510902,Q5,Motorcycle and plane finance charges,TRANS,Transportation,PUBLISHED_CE_UCC,PUBLISHED_CE_BASIS,LABSTAT_PUBLISHED,NOT_VERIFIED,NOT_ESTABLISHED,UNKNOWN,,,UNRESOLVED,214.000000,OBSERVED,53.080000,true,OS_CPI_VEHICLE_FINANCE_CHARGES_v0_1,CE_CPI_SCOPE_RULES_V0_3,EXCLUDE,ACCEPTED,CURRENT_EFFECTIVE,SOURCE,OUT_OF_SCOPE,OUT_OF_SCOPE,,,NOT_APPLICABLE,EXCLUDED,,214.000000,,,,,,,,NOT_APPLICABLE,EXCLUDED_FROM_BASIS,
520110,ALL_CU,State and local vehicle registration,TRANS,Transportation,PUBLISHED_CE_UCC,PUBLISHED_CE_BASIS,LABSTAT_PUBLISHED,NOT_VERIFIED,NOT_ESTABLISHED,UNKNOWN,,,UNRESOLVED,20114.000000,OBSERVED,5.690000,false,TR_VEHICLE_REGISTRATION_FEES_v0_1,CE_CPI_SCOPE_RULES_V0_3,COMBINE,ACCEPTED,CURRENT_EFFECTIVE,SOURCE,TRANSFORMED,TRANSFORMED,,,NOT_APPLICABLE,TRANSFORMED,,,,,20114.000000,,,,,NOT_APPLICABLE,ELIGIBLE,
520110,Q1,State and local vehicle registration,TRANS,Transportation,PUBLISHED_CE_UCC,PUBLISHED_CE_BASIS,LABSTAT_PUBLISHED,NOT_VERIFIED,NOT_ESTABLISHED,UNKNOWN,,,UNRESOLVED,1689.000000,OBSERVED,9.540000,false,TR_VEHICLE_REGISTRATION_FEES_v0_1,CE_CPI_SCOPE_RULES_V0_3,COMBINE,ACCEPTED,CURRENT_EFFECTIVE,SOURCE,TRANSFORMED,TRANSFORMED,,,NOT_APPLICABLE,TRANSFORMED,,,,,1689.000000,,,,,NOT_APPLICABLE,ELIGIBLE,
520110,Q2,State and local vehicle registration,TRANS,Transportation,PUBLISHED_CE_UCC,PUBLISHED_CE_BASIS,LABSTAT_PUBLISHED,NOT_VERIFIED,NOT_ESTABLISHED,UNKNOWN,,,UNRESOLVED,2730.000000,OBSERVED,8.410000,false,TR_VEHICLE_REGISTRATION_FEES_v0_1,CE_CPI_SCOPE_RULES_V0_3,COMBINE,ACCEPTED,CURRENT_EFFECTIVE,SOURCE,TRANSFORMED,TRANSFORMED,,,NOT_APPLICABLE,TRANSFORMED,,,,,2730.000000,,,,,NOT_APPLICABLE,ELIGIBLE,
520110,Q3,State and local vehicle registration,TRANS,Transportation,PUBLISHED_CE_UCC,PUBLISHED_CE_BASIS,LABSTAT_PUBLISHED,NOT_VERIFIED,NOT_ESTABLISHED,UNKNOWN,,,UNRESOLVED,3726.000000,OBSERVED,9.140000,false,TR_VEHICLE_REGISTRATION_FEES_v0_1,CE_CPI_SCOPE_RULES_V0_3,COMBINE,ACCEPTED,CURRENT_EFFECTIVE,SOURCE,TRANSFORMED,TRANSFORMED,,,NOT_APPLICABLE,TRANSFORMED,,,,,3726.000000,,,,,NOT_APPLICABLE,ELIGIBLE,
520110,Q4,State and local vehicle registration,TRANS,Transportation,PUBLISHED_CE_UCC,PUBLISHED_CE_BASIS,LABSTAT_PUBLISHED,NOT_VERIFIED,NOT_ESTABLISHED,UNKNOWN,,,UNRESOLVED,4953.000000,OBSERVED,7.570000,false,TR_VEHICLE_REGISTRATION_FEES_v0_1,CE_CPI_SCOPE_RULES_V0_3,COMBINE,ACCEPTED,CURRENT_EFFECTIVE,SOURCE,TRANSFORMED,TRANSFORMED,,,NOT_APPLICABLE,TRANSFORMED,,,,,4953.000000,,,,,NOT_APPLICABLE,ELIGIBLE,
520110,Q5,State and local vehicle registration,TRANS,Transportation,PUBLISHED_CE_UCC,PUBLISHED_CE_BASIS,LABSTAT_PUBLISHED,NOT_VERIFIED,NOT_ESTABLISHED,UNKNOWN,,,UNRESOLVED,7016.000000,OBSERVED,9.960000,false,TR_VEHICLE_REGISTRATION_FEES_v0_1,CE_CPI_SCOPE_RULES_V0_3,COMBINE,ACCEPTED,CURRENT_EFFECTIVE,SOURCE,TRANSFORMED,TRANSFORMED,,,NOT_APPLICABLE,TRANSFORMED,,,,,7016.000000,,,,,NOT_APPLICABLE,ELIGIBLE,
520310,ALL_CU,Drivers' licenses,TRANS,Transportation,DIRECT_CONCORDANCE_UCC,PUBLISHED_CE_BASIS,LABSTAT_PUBLISHED,NOT_VERIFIED,NOT_ESTABLISHED,UNKNOWN,TF011,TRANSPORT_SERVICES,DIRECT,1664.000000,OBSERVED,5.690000,false,,,,,NOT_APPLICABLE,UNCLAIMED,,,,,NOT_APPLICABLE,RETAINED,1664.000000,,,,,,,,,NOT_APPLICABLE,ELIGIBLE,
520310,Q1,Drivers' licenses,TRANS,Transportation,DIRECT_CONCORDANCE_UCC,PUBLISHED_CE_BASIS,LABSTAT_PUBLISHED,NOT_VERIFIED,NOT_ESTABLISHED,UNKNOWN,TF011,TRANSPORT_SERVICES,DIRECT,185.000000,OBSERVED,10.740000,false,,,,,NOT_APPLICABLE,UNCLAIMED,,,,,NOT_APPLICABLE,RETAINED,185.000000,,,,,,,,,NOT_APPLICABLE,ELIGIBLE,
520310,Q2,Drivers' licenses,TRANS,Transportation,DIRECT_CONCORDANCE_UCC,PUBLISHED_CE_BASIS,LABSTAT_PUBLISHED,NOT_VERIFIED,NOT_ESTABLISHED,UNKNOWN,TF011,TRANSPORT_SERVICES,DIRECT,273.000000,OBSERVED,11.560000,false,,,,,NOT_APPLICABLE,UNCLAIMED,,,,,NOT_APPLICABLE,RETAINED,273.000000,,,,,,,,,NOT_APPLICABLE,ELIGIBLE,
520310,Q3,Drivers' licenses,TRANS,Transportation,DIRECT_CONCORDANCE_UCC,PUBLISHED_CE_BASIS,LABSTAT_PUBLISHED,NOT_VERIFIED,NOT_ESTABLISHED,UNKNOWN,TF011,TRANSPORT_SERVICES,DIRECT,334.000000,OBSERVED,10.860000,false,,,,,NOT_APPLICABLE,UNCLAIMED,,,,,NOT_APPLICABLE,RETAINED,334.000000,,,,,,,,,NOT_APPLICABLE,ELIGIBLE,
520310,Q4,Drivers' licenses,TRANS,Transportation,DIRECT_CONCORDANCE_UCC,PUBLISHED_CE_BASIS,LABSTAT_PUBLISHED,NOT_VERIFIED,NOT_ESTABLISHED,UNKNOWN,TF011,TRANSPORT_SERVICES,DIRECT,357.000000,OBSERVED,10.600000,false,,,,,NOT_APPLICABLE,UNCLAIMED,,,,,NOT_APPLICABLE,RETAINED,357.000000,,,,,,,,,NOT_APPLICABLE,ELIGIBLE,
520310,Q5,Drivers' licenses,TRANS,Transportation,DIRECT_CONCORDANCE_UCC,PUBLISHED_CE_BASIS,LABSTAT_PUBLISHED,NOT_VERIFIED,NOT_ESTABLISHED,UNKNOWN,TF011,TRANSPORT_SERVICES,DIRECT,515.000000,OBSERVED,10.360000,false,,,,,NOT_APPLICABLE,UNCLAIMED,,,,,NOT_APPLICABLE,RETAINED,515.000000,,,,,,,,,NOT_APPLICABLE,ELIGIBLE,
520410,ALL_CU,Vehicle inspections,TRANS,Transportation,DIRECT_CONCORDANCE_UCC,PUBLISHED_CE_BASIS,LABSTAT_PUBLISHED,NOT_VERIFIED,NOT_ESTABLISHED,UNKNOWN,TD021,TRANSPORT_SERVICES,DIRECT,1916.000000,OBSERVED,8.310000,false,,,,,NOT_APPLICABLE,UNCLAIMED,,,,,NOT_APPLICABLE,RETAINED,1916.000000,,,,,,,,,NOT_APPLICABLE,ELIGIBLE,
520410,Q1,Vehicle inspections,TRANS,Transportation,DIRECT_CONCORDANCE_UCC,PUBLISHED_CE_BASIS,LABSTAT_PUBLISHED,NOT_VERIFIED,NOT_ESTABLISHED,UNKNOWN,TD021,TRANSPORT_SERVICES,DIRECT,175.000000,OBSERVED,14.100000,false,,,,,NOT_APPLICABLE,UNCLAIMED,,,,,NOT_APPLICABLE,RETAINED,175.000000,,,,,,,,,NOT_APPLICABLE,ELIGIBLE,
520410,Q2,Vehicle inspections,TRANS,Transportation,DIRECT_CONCORDANCE_UCC,PUBLISHED_CE_BASIS,LABSTAT_PUBLISHED,NOT_VERIFIED,NOT_ESTABLISHED,UNKNOWN,TD021,TRANSPORT_SERVICES,DIRECT,324.000000,OBSERVED,16.000000,false,,,,,NOT_APPLICABLE,UNCLAIMED,,,,,NOT_APPLICABLE,RETAINED,324.000000,,,,,,,,,NOT_APPLICABLE,ELIGIBLE,
520410,Q3,Vehicle inspections,TRANS,Transportation,DIRECT_CONCORDANCE_UCC,PUBLISHED_CE_BASIS,LABSTAT_PUBLISHED,NOT_VERIFIED,NOT_ESTABLISHED,UNKNOWN,TD021,TRANSPORT_SERVICES,DIRECT,334.000000,OBSERVED,11.480000,false,,,,,NOT_APPLICABLE,UNCLAIMED,,,,,NOT_APPLICABLE,RETAINED,334.000000,,,,,,,,,NOT_APPLICABLE,ELIGIBLE,
520410,Q4,Vehicle inspections,TRANS,Transportation,DIRECT_CONCORDANCE_UCC,PUBLISHED_CE_BASIS,LABSTAT_PUBLISHED,NOT_VERIFIED,NOT_ESTABLISHED,UNKNOWN,TD021,TRANSPORT_SERVICES,DIRECT,483.000000,OBSERVED,12.380000,false,,,,,NOT_APPLICABLE,UNCLAIMED,,,,,NOT_APPLICABLE,RETAINED,483.000000,,,,,,,,,NOT_APPLICABLE,ELIGIBLE,
520410,Q5,Vehicle inspections,TRANS,Transportation,DIRECT_CONCORDANCE_UCC,PUBLISHED_CE_BASIS,LABSTAT_PUBLISHED,NOT_VERIFIED,NOT_ESTABLISHED,UNKNOWN,TD021,TRANSPORT_SERVICES,DIRECT,601.000000,OBSERVED,8.550000,false,,,,,NOT_APPLICABLE,UNCLAIMED,,,,,NOT_APPLICABLE,RETAINED,601.000000,,,,,,,,,NOT_APPLICABLE,ELIGIBLE,
520516,ALL_CU,Auto/truck rental,TRANS,Transportation,DIRECT_CONCORDANCE_UCC,PUBLISHED_CE_BASIS,LABSTAT_PUBLISHED,NOT_VERIFIED,NOT_ESTABLISHED,UNKNOWN,TA041,TRANSPORT_SERVICES,DIRECT,15282.000000,OBSERVED,6.330000,false,,,,,NOT_APPLICABLE,UNCLAIMED,,,,,NOT_APPLICABLE,RETAINED,15282.000000,,,,,,,,,NOT_APPLICABLE,ELIGIBLE,
520516,Q1,Auto/truck rental,TRANS,Transportation,DIRECT_CONCORDANCE_UCC,PUBLISHED_CE_BASIS,LABSTAT_PUBLISHED,NOT_VERIFIED,NOT_ESTABLISHED,UNKNOWN,TA041,TRANSPORT_SERVICES,DIRECT,1068.000000,OBSERVED,19.900000,false,,,,,NOT_APPLICABLE,UNCLAIMED,,,,,NOT_APPLICABLE,RETAINED,1068.000000,,,,,,,,,NOT_APPLICABLE,ELIGIBLE,
520516,Q2,Auto/truck rental,TRANS,Transportation,DIRECT_CONCORDANCE_UCC,PUBLISHED_CE_BASIS,LABSTAT_PUBLISHED,NOT_VERIFIED,NOT_ESTABLISHED,UNKNOWN,TA041,TRANSPORT_SERVICES,DIRECT,1123.000000,OBSERVED,14.810000,false,,,,,NOT_APPLICABLE,UNCLAIMED,,,,,NOT_APPLICABLE,RETAINED,1123.000000,,,,,,,,,NOT_APPLICABLE,ELIGIBLE,
520516,Q3,Auto/truck rental,TRANS,Transportation,DIRECT_CONCORDANCE_UCC,PUBLISHED_CE_BASIS,LABSTAT_PUBLISHED,NOT_VERIFIED,NOT_ESTABLISHED,UNKNOWN,TA041,TRANSPORT_SERVICES,DIRECT,2216.000000,OBSERVED,22.180000,false,,,,,NOT_APPLICABLE,UNCLAIMED,,,,,NOT_APPLICABLE,RETAINED,2216.000000,,,,,,,,,NOT_APPLICABLE,ELIGIBLE,
520516,Q4,Auto/truck rental,TRANS,Transportation,DIRECT_CONCORDANCE_UCC,PUBLISHED_CE_BASIS,LABSTAT_PUBLISHED,NOT_VERIFIED,NOT_ESTABLISHED,UNKNOWN,TA041,TRANSPORT_SERVICES,DIRECT,4194.000000,OBSERVED,12.480000,false,,,,,NOT_APPLICABLE,UNCLAIMED,,,,,NOT_APPLICABLE,RETAINED,4194.000000,,,,,,,,,NOT_APPLICABLE,ELIGIBLE,
520516,Q5,Auto/truck rental,TRANS,Transportation,DIRECT_CONCORDANCE_UCC,PUBLISHED_CE_BASIS,LABSTAT_PUBLISHED,NOT_VERIFIED,NOT_ESTABLISHED,UNKNOWN,TA041,TRANSPORT_SERVICES,DIRECT,6682.000000,OBSERVED,8.330000,false,,,,,NOT_APPLICABLE,UNCLAIMED,,,,,NOT_APPLICABLE,RETAINED,6682.000000,,,,,,,,,NOT_APPLICABLE,ELIGIBLE,
520517,ALL_CU,Auto/truck rental on out of town trips,TRANS,Transportation,DIRECT_CONCORDANCE_UCC,PUBLISHED_CE_BASIS,LABSTAT_PUBLISHED,NOT_VERIFIED,NOT_ESTABLISHED,UNKNOWN,TA041,TRANSPORT_SERVICES,DIRECT,725.000000,OBSERVED,16.360000,false,,,,,NOT_APPLICABLE,UNCLAIMED,,,,,NOT_APPLICABLE,RETAINED,725.000000,,,,,,,,,NOT_APPLICABLE,ELIGIBLE,
520517,Q1,Auto/truck rental on out of town trips,TRANS,Transportation,DIRECT_CONCORDANCE_UCC,PUBLISHED_CE_BASIS,LABSTAT_PUBLISHED,NOT_VERIFIED,NOT_ESTABLISHED,UNKNOWN,TA041,TRANSPORT_SERVICES,DIRECT,45.000000,OBSERVED,67.310000,true,,,,,NOT_APPLICABLE,UNCLAIMED,,,,,NOT_APPLICABLE,RETAINED,45.000000,,,,,,,,,NOT_APPLICABLE,ELIGIBLE,
520517,Q2,Auto/truck rental on out of town trips,TRANS,Transportation,DIRECT_CONCORDANCE_UCC,PUBLISHED_CE_BASIS,LABSTAT_PUBLISHED,NOT_VERIFIED,NOT_ESTABLISHED,UNKNOWN,TA041,TRANSPORT_SERVICES,DIRECT,77.000000,OBSERVED,65.350000,true,,,,,NOT_APPLICABLE,UNCLAIMED,,,,,NOT_APPLICABLE,RETAINED,77.000000,,,,,,,,,NOT_APPLICABLE,ELIGIBLE,
520517,Q3,Auto/truck rental on out of town trips,TRANS,Transportation,DIRECT_CONCORDANCE_UCC,PUBLISHED_CE_BASIS,LABSTAT_PUBLISHED,NOT_VERIFIED,NOT_ESTABLISHED,UNKNOWN,TA041,TRANSPORT_SERVICES,DIRECT,112.000000,OBSERVED,34.540000,true,,,,,NOT_APPLICABLE,UNCLAIMED,,,,,NOT_APPLICABLE,RETAINED,112.000000,,,,,,,,,NOT_APPLICABLE,ELIGIBLE,
520517,Q4,Auto/truck rental on out of town trips,TRANS,Transportation,DIRECT_CONCORDANCE_UCC,PUBLISHED_CE_BASIS,LABSTAT_PUBLISHED,NOT_VERIFIED,NOT_ESTABLISHED,UNKNOWN,TA041,TRANSPORT_SERVICES,DIRECT,116.000000,OBSERVED,31.970000,true,,,,,NOT_APPLICABLE,UNCLAIMED,,,,,NOT_APPLICABLE,RETAINED,116.000000,,,,,,,,,NOT_APPLICABLE,ELIGIBLE,
520517,Q5,Auto/truck rental on out of town trips,TRANS,Transportation,DIRECT_CONCORDANCE_UCC,PUBLISHED_CE_BASIS,LABSTAT_PUBLISHED,NOT_VERIFIED,NOT_ESTABLISHED,UNKNOWN,TA041,TRANSPORT_SERVICES,DIRECT,375.000000,OBSERVED,20.820000,false,,,,,NOT_APPLICABLE,UNCLAIMED,,,,,NOT_APPLICABLE,RETAINED,375.000000,,,,,,,,,NOT_APPLICABLE,ELIGIBLE,
520531,ALL_CU,"Parking fees in home city, excluding residence",TRANS,Transportation,DIRECT_CONCORDANCE_UCC,PUBLISHED_CE_BASIS,LABSTAT_PUBLISHED,NOT_VERIFIED,NOT_ESTABLISHED,UNKNOWN,TF031,TRANSPORT_SERVICES,DIRECT,6077.000000,OBSERVED,8.660000,false,,,,,NOT_APPLICABLE,UNCLAIMED,,,,,NOT_APPLICABLE,RETAINED,6077.000000,,,,,,,,,NOT_APPLICABLE,ELIGIBLE,
520531,Q1,"Parking fees in home city, excluding residence",TRANS,Transportation,DIRECT_CONCORDANCE_UCC,PUBLISHED_CE_BASIS,LABSTAT_PUBLISHED,NOT_VERIFIED,NOT_ESTABLISHED,UNKNOWN,TF031,TRANSPORT_SERVICES,DIRECT,487.000000,OBSERVED,30.060000,true,,,,,NOT_APPLICABLE,UNCLAIMED,,,,,NOT_APPLICABLE,RETAINED,487.000000,,,,,,,,,NOT_APPLICABLE,ELIGIBLE,
520531,Q2,"Parking fees in home city, excluding residence",TRANS,Transportation,DIRECT_CONCORDANCE_UCC,PUBLISHED_CE_BASIS,LABSTAT_PUBLISHED,NOT_VERIFIED,NOT_ESTABLISHED,UNKNOWN,TF031,TRANSPORT_SERVICES,DIRECT,536.000000,OBSERVED,17.800000,false,,,,,NOT_APPLICABLE,UNCLAIMED,,,,,NOT_APPLICABLE,RETAINED,536.000000,,,,,,,,,NOT_APPLICABLE,ELIGIBLE,
520531,Q3,"Parking fees in home city, excluding residence",TRANS,Transportation,DIRECT_CONCORDANCE_UCC,PUBLISHED_CE_BASIS,LABSTAT_PUBLISHED,NOT_VERIFIED,NOT_ESTABLISHED,UNKNOWN,TF031,TRANSPORT_SERVICES,DIRECT,698.000000,OBSERVED,12.710000,false,,,,,NOT_APPLICABLE,UNCLAIMED,,,,,NOT_APPLICABLE,RETAINED,698.000000,,,,,,,,,NOT_APPLICABLE,ELIGIBLE,
520531,Q4,"Parking fees in home city, excluding residence",TRANS,Transportation,DIRECT_CONCORDANCE_UCC,PUBLISHED_CE_BASIS,LABSTAT_PUBLISHED,NOT_VERIFIED,NOT_ESTABLISHED,UNKNOWN,TF031,TRANSPORT_SERVICES,DIRECT,1760.000000,OBSERVED,17.480000,false,,,,,NOT_APPLICABLE,UNCLAIMED,,,,,NOT_APPLICABLE,RETAINED,1760.000000,,,,,,,,,NOT_APPLICABLE,ELIGIBLE,
520531,Q5,"Parking fees in home city, excluding residence",TRANS,Transportation,DIRECT_CONCORDANCE_UCC,PUBLISHED_CE_BASIS,LABSTAT_PUBLISHED,NOT_VERIFIED,NOT_ESTABLISHED,UNKNOWN,TF031,TRANSPORT_SERVICES,DIRECT,2597.000000,OBSERVED,11.000000,false,,,,,NOT_APPLICABLE,UNCLAIMED,,,,,NOT_APPLICABLE,RETAINED,2597.000000,,,,,,,,,NOT_APPLICABLE,ELIGIBLE,
520532,ALL_CU,Parking fees on out of town trips,TRANS,Transportation,DIRECT_CONCORDANCE_UCC,PUBLISHED_CE_BASIS,LABSTAT_PUBLISHED,NOT_VERIFIED,NOT_ESTABLISHED,UNKNOWN,TF031,TRANSPORT_SERVICES,DIRECT,1796.000000,OBSERVED,7.520000,false,,,,,NOT_APPLICABLE,UNCLAIMED,,,,,NOT_APPLICABLE,RETAINED,1796.000000,,,,,,,,,NOT_APPLICABLE,ELIGIBLE,
520532,Q1,Parking fees on out of town trips,TRANS,Transportation,DIRECT_CONCORDANCE_UCC,PUBLISHED_CE_BASIS,LABSTAT_PUBLISHED,NOT_VERIFIED,NOT_ESTABLISHED,UNKNOWN,TF031,TRANSPORT_SERVICES,DIRECT,68.000000,OBSERVED,20.000000,false,,,,,NOT_APPLICABLE,UNCLAIMED,,,,,NOT_APPLICABLE,RETAINED,68.000000,,,,,,,,,NOT_APPLICABLE,ELIGIBLE,
520532,Q2,Parking fees on out of town trips,TRANS,Transportation,DIRECT_CONCORDANCE_UCC,PUBLISHED_CE_BASIS,LABSTAT_PUBLISHED,NOT_VERIFIED,NOT_ESTABLISHED,UNKNOWN,TF031,TRANSPORT_SERVICES,DIRECT,142.000000,OBSERVED,19.660000,false,,,,,NOT_APPLICABLE,UNCLAIMED,,,,,NOT_APPLICABLE,RETAINED,142.000000,,,,,,,,,NOT_APPLICABLE,ELIGIBLE,
520532,Q3,Parking fees on out of town trips,TRANS,Transportation,DIRECT_CONCORDANCE_UCC,PUBLISHED_CE_BASIS,LABSTAT_PUBLISHED,NOT_VERIFIED,NOT_ESTABLISHED,UNKNOWN,TF031,TRANSPORT_SERVICES,DIRECT,316.000000,OBSERVED,18.170000,false,,,,,NOT_APPLICABLE,UNCLAIMED,,,,,NOT_APPLICABLE,RETAINED,316.000000,,,,,,,,,NOT_APPLICABLE,ELIGIBLE,
520532,Q4,Parking fees on out of town trips,TRANS,Transportation,DIRECT_CONCORDANCE_UCC,PUBLISHED_CE_BASIS,LABSTAT_PUBLISHED,NOT_VERIFIED,NOT_ESTABLISHED,UNKNOWN,TF031,TRANSPORT_SERVICES,DIRECT,468.000000,OBSERVED,10.430000,false,,,,,NOT_APPLICABLE,UNCLAIMED,,,,,NOT_APPLICABLE,RETAINED,468.000000,,,,,,,,,NOT_APPLICABLE,ELIGIBLE,
520532,Q5,Parking fees on out of town trips,TRANS,Transportation,DIRECT_CONCORDANCE_UCC,PUBLISHED_CE_BASIS,LABSTAT_PUBLISHED,NOT_VERIFIED,NOT_ESTABLISHED,UNKNOWN,TF031,TRANSPORT_SERVICES,DIRECT,802.000000,OBSERVED,13.140000,false,,,,,NOT_APPLICABLE,UNCLAIMED,,,,,NOT_APPLICABLE,RETAINED,802.000000,,,,,,,,,NOT_APPLICABLE,ELIGIBLE,
520541,ALL_CU,Tolls or electronic toll passes,TRANS,Transportation,DIRECT_CONCORDANCE_UCC,PUBLISHED_CE_BASIS,LABSTAT_PUBLISHED,NOT_VERIFIED,NOT_ESTABLISHED,UNKNOWN,TF031,TRANSPORT_SERVICES,DIRECT,8141.000000,OBSERVED,9.370000,false,,,,,NOT_APPLICABLE,UNCLAIMED,,,,,NOT_APPLICABLE,RETAINED,8141.000000,,,,,,,,,NOT_APPLICABLE,ELIGIBLE,
520541,Q1,Tolls or electronic toll passes,TRANS,Transportation,DIRECT_CONCORDANCE_UCC,PUBLISHED_CE_BASIS,LABSTAT_PUBLISHED,NOT_VERIFIED,NOT_ESTABLISHED,UNKNOWN,TF031,TRANSPORT_SERVICES,DIRECT,378.000000,OBSERVED,16.140000,false,,,,,NOT_APPLICABLE,UNCLAIMED,,,,,NOT_APPLICABLE,RETAINED,378.000000,,,,,,,,,NOT_APPLICABLE,ELIGIBLE,
520541,Q2,Tolls or electronic toll passes,TRANS,Transportation,DIRECT_CONCORDANCE_UCC,PUBLISHED_CE_BASIS,LABSTAT_PUBLISHED,NOT_VERIFIED,NOT_ESTABLISHED,UNKNOWN,TF031,TRANSPORT_SERVICES,DIRECT,692.000000,OBSERVED,21.750000,false,,,,,NOT_APPLICABLE,UNCLAIMED,,,,,NOT_APPLICABLE,RETAINED,692.000000,,,,,,,,,NOT_APPLICABLE,ELIGIBLE,
520541,Q3,Tolls or electronic toll passes,TRANS,Transportation,DIRECT_CONCORDANCE_UCC,PUBLISHED_CE_BASIS,LABSTAT_PUBLISHED,NOT_VERIFIED,NOT_ESTABLISHED,UNKNOWN,TF031,TRANSPORT_SERVICES,DIRECT,1530.000000,OBSERVED,16.050000,false,,,,,NOT_APPLICABLE,UNCLAIMED,,,,,NOT_APPLICABLE,RETAINED,1530.000000,,,,,,,,,NOT_APPLICABLE,ELIGIBLE,
520541,Q4,Tolls or electronic toll passes,TRANS,Transportation,DIRECT_CONCORDANCE_UCC,PUBLISHED_CE_BASIS,LABSTAT_PUBLISHED,NOT_VERIFIED,NOT_ESTABLISHED,UNKNOWN,TF031,TRANSPORT_SERVICES,DIRECT,1901.000000,OBSERVED,12.610000,false,,,,,NOT_APPLICABLE,UNCLAIMED,,,,,NOT_APPLICABLE,RETAINED,1901.000000,,,,,,,,,NOT_APPLICABLE,ELIGIBLE,
520541,Q5,Tolls or electronic toll passes,TRANS,Transportation,DIRECT_CONCORDANCE_UCC,PUBLISHED_CE_BASIS,LABSTAT_PUBLISHED,NOT_VERIFIED,NOT_ESTABLISHED,UNKNOWN,TF031,TRANSPORT_SERVICES,DIRECT,3639.000000,OBSERVED,10.240000,false,,,,,NOT_APPLICABLE,UNCLAIMED,,,,,NOT_APPLICABLE,RETAINED,3639.000000,,,,,,,,,NOT_APPLICABLE,ELIGIBLE,
520542,ALL_CU,Tolls on out of town trips,TRANS,Transportation,DIRECT_CONCORDANCE_UCC,PUBLISHED_CE_BASIS,LABSTAT_PUBLISHED,NOT_VERIFIED,NOT_ESTABLISHED,UNKNOWN,TF031,TRANSPORT_SERVICES,DIRECT,756.000000,OBSERVED,6.140000,false,,,,,NOT_APPLICABLE,UNCLAIMED,,,,,NOT_APPLICABLE,RETAINED,756.000000,,,,,,,,,NOT_APPLICABLE,ELIGIBLE,
520542,Q1,Tolls on out of town trips,TRANS,Transportation,DIRECT_CONCORDANCE_UCC,PUBLISHED_CE_BASIS,LABSTAT_PUBLISHED,NOT_VERIFIED,NOT_ESTABLISHED,UNKNOWN,TF031,TRANSPORT_SERVICES,DIRECT,54.000000,OBSERVED,18.940000,false,,,,,NOT_APPLICABLE,UNCLAIMED,,,,,NOT_APPLICABLE,RETAINED,54.000000,,,,,,,,,NOT_APPLICABLE,ELIGIBLE,
520542,Q2,Tolls on out of town trips,TRANS,Transportation,DIRECT_CONCORDANCE_UCC,PUBLISHED_CE_BASIS,LABSTAT_PUBLISHED,NOT_VERIFIED,NOT_ESTABLISHED,UNKNOWN,TF031,TRANSPORT_SERVICES,DIRECT,60.000000,OBSERVED,13.890000,false,,,,,NOT_APPLICABLE,UNCLAIMED,,,,,NOT_APPLICABLE,RETAINED,60.000000,,,,,,,,,NOT_APPLICABLE,ELIGIBLE,
520542,Q3,Tolls on out of town trips,TRANS,Transportation,DIRECT_CONCORDANCE_UCC,PUBLISHED_CE_BASIS,LABSTAT_PUBLISHED,NOT_VERIFIED,NOT_ESTABLISHED,UNKNOWN,TF031,TRANSPORT_SERVICES,DIRECT,113.000000,OBSERVED,11.530000,false,,,,,NOT_APPLICABLE,UNCLAIMED,,,,,NOT_APPLICABLE,RETAINED,113.000000,,,,,,,,,NOT_APPLICABLE,ELIGIBLE,
520542,Q4,Tolls on out of town trips,TRANS,Transportation,DIRECT_CONCORDANCE_UCC,PUBLISHED_CE_BASIS,LABSTAT_PUBLISHED,NOT_VERIFIED,NOT_ESTABLISHED,UNKNOWN,TF031,TRANSPORT_SERVICES,DIRECT,170.000000,OBSERVED,7.190000,false,,,,,NOT_APPLICABLE,UNCLAIMED,,,,,NOT_APPLICABLE,RETAINED,170.000000,,,,,,,,,NOT_APPLICABLE,ELIGIBLE,
520542,Q5,Tolls on out of town trips,TRANS,Transportation,DIRECT_CONCORDANCE_UCC,PUBLISHED_CE_BASIS,LABSTAT_PUBLISHED,NOT_VERIFIED,NOT_ESTABLISHED,UNKNOWN,TF031,TRANSPORT_SERVICES,DIRECT,360.000000,OBSERVED,10.720000,false,,,,,NOT_APPLICABLE,UNCLAIMED,,,,,NOT_APPLICABLE,RETAINED,360.000000,,,,,,,,,NOT_APPLICABLE,ELIGIBLE,
520550,ALL_CU,Towing charges,TRANS,Transportation,DIRECT_CONCORDANCE_UCC,PUBLISHED_CE_BASIS,LABSTAT_PUBLISHED,NOT_VERIFIED,NOT_ESTABLISHED,UNKNOWN,TD021,TRANSPORT_SERVICES,DIRECT,814.000000,OBSERVED,19.060000,false,,,,,NOT_APPLICABLE,UNCLAIMED,,,,,NOT_APPLICABLE,RETAINED,814.000000,,,,,,,,,NOT_APPLICABLE,ELIGIBLE,
520550,Q1,Towing charges,TRANS,Transportation,DIRECT_CONCORDANCE_UCC,PUBLISHED_CE_BASIS,LABSTAT_PUBLISHED,NOT_VERIFIED,NOT_ESTABLISHED,UNKNOWN,TD021,TRANSPORT_SERVICES,DIRECT,123.000000,OBSERVED,50.760000,true,,,,,NOT_APPLICABLE,UNCLAIMED,,,,,NOT_APPLICABLE,RETAINED,123.000000,,,,,,,,,NOT_APPLICABLE,ELIGIBLE,
520550,Q2,Towing charges,TRANS,Transportation,DIRECT_CONCORDANCE_UCC,PUBLISHED_CE_BASIS,LABSTAT_PUBLISHED,NOT_VERIFIED,NOT_ESTABLISHED,UNKNOWN,TD021,TRANSPORT_SERVICES,DIRECT,109.000000,OBSERVED,29.300000,true,,,,,NOT_APPLICABLE,UNCLAIMED,,,,,NOT_APPLICABLE,RETAINED,109.000000,,,,,,,,,NOT_APPLICABLE,ELIGIBLE,
520550,Q3,Towing charges,TRANS,Transportation,DIRECT_CONCORDANCE_UCC,PUBLISHED_CE_BASIS,LABSTAT_PUBLISHED,NOT_VERIFIED,NOT_ESTABLISHED,UNKNOWN,TD021,TRANSPORT_SERVICES,DIRECT,142.000000,OBSERVED,22.980000,false,,,,,NOT_APPLICABLE,UNCLAIMED,,,,,NOT_APPLICABLE,RETAINED,142.000000,,,,,,,,,NOT_APPLICABLE,ELIGIBLE,
520550,Q4,Towing charges,TRANS,Transportation,DIRECT_CONCORDANCE_UCC,PUBLISHED_CE_BASIS,LABSTAT_PUBLISHED,NOT_VERIFIED,NOT_ESTABLISHED,UNKNOWN,TD021,TRANSPORT_SERVICES,DIRECT,192.000000,OBSERVED,29.080000,true,,,,,NOT_APPLICABLE,UNCLAIMED,,,,,NOT_APPLICABLE,RETAINED,192.000000,,,,,,,,,NOT_APPLICABLE,ELIGIBLE,
520550,Q5,Towing charges,TRANS,Transportation,DIRECT_CONCORDANCE_UCC,PUBLISHED_CE_BASIS,LABSTAT_PUBLISHED,NOT_VERIFIED,NOT_ESTABLISHED,UNKNOWN,TD021,TRANSPORT_SERVICES,DIRECT,248.000000,OBSERVED,35.870000,true,,,,,NOT_APPLICABLE,UNCLAIMED,,,,,NOT_APPLICABLE,RETAINED,248.000000,,,,,,,,,NOT_APPLICABLE,ELIGIBLE,
520902,ALL_CU,Motorcycle rental,TRANS,Transportation,DIRECT_CONCORDANCE_UCC,PUBLISHED_CE_BASIS,LABSTAT_PUBLISHED,NOT_VERIFIED,NOT_ESTABLISHED,UNKNOWN,TA090,TRANSPORT_COMMODITIES_EX_MOTOR_FUEL,DIRECT,66.000000,OBSERVED,92.360000,true,,,,,NOT_APPLICABLE,UNCLAIMED,,,,,NOT_APPLICABLE,RETAINED,66.000000,,,,,,,,,NOT_APPLICABLE,ELIGIBLE,
520902,Q1,Motorcycle rental,TRANS,Transportation,DIRECT_CONCORDANCE_UCC,PUBLISHED_CE_BASIS,LABSTAT_PUBLISHED,NOT_VERIFIED,NOT_ESTABLISHED,UNKNOWN,TA090,TRANSPORT_COMMODITIES_EX_MOTOR_FUEL,DIRECT,1.000000,OBSERVED,99.690000,true,,,,,NOT_APPLICABLE,UNCLAIMED,,,,,NOT_APPLICABLE,RETAINED,1.000000,,,,,,,,,NOT_APPLICABLE,ELIGIBLE,
520902,Q2,Motorcycle rental,TRANS,Transportation,DIRECT_CONCORDANCE_UCC,PUBLISHED_CE_BASIS,LABSTAT_PUBLISHED,NOT_VERIFIED,NOT_ESTABLISHED,UNKNOWN,TA090,TRANSPORT_COMMODITIES_EX_MOTOR_FUEL,DIRECT,,SUPPRESSED,,,,,,,NOT_APPLICABLE,UNCLAIMED,,,,,NOT_APPLICABLE,RETAINED,,,,,,,,,,NOT_APPLICABLE,BLOCKED_AMOUNT_UNAVAILABLE,BLS publishes this series and did not publish this cell. The amount is unknown and is not zero.
520902,Q3,Motorcycle rental,TRANS,Transportation,DIRECT_CONCORDANCE_UCC,PUBLISHED_CE_BASIS,LABSTAT_PUBLISHED,NOT_VERIFIED,NOT_ESTABLISHED,UNKNOWN,TA090,TRANSPORT_COMMODITIES_EX_MOTOR_FUEL,DIRECT,,SUPPRESSED,,,,,,,NOT_APPLICABLE,UNCLAIMED,,,,,NOT_APPLICABLE,RETAINED,,,,,,,,,,NOT_APPLICABLE,BLOCKED_AMOUNT_UNAVAILABLE,BLS publishes this series and did not publish this cell. The amount is unknown and is not zero.
520902,Q4,Motorcycle rental,TRANS,Transportation,DIRECT_CONCORDANCE_UCC,PUBLISHED_CE_BASIS,LABSTAT_PUBLISHED,NOT_VERIFIED,NOT_ESTABLISHED,UNKNOWN,TA090,TRANSPORT_COMMODITIES_EX_MOTOR_FUEL,DIRECT,58.000000,OBSERVED,102.900000,true,,,,,NOT_APPLICABLE,UNCLAIMED,,,,,NOT_APPLICABLE,RETAINED,58.000000,,,,,,,,,NOT_APPLICABLE,ELIGIBLE,
520902,Q5,Motorcycle rental,TRANS,Transportation,DIRECT_CONCORDANCE_UCC,PUBLISHED_CE_BASIS,LABSTAT_PUBLISHED,NOT_VERIFIED,NOT_ESTABLISHED,UNKNOWN,TA090,TRANSPORT_COMMODITIES_EX_MOTOR_FUEL,DIRECT,6.000000,OBSERVED,103.250000,true,,,,,NOT_APPLICABLE,UNCLAIMED,,,,,NOT_APPLICABLE,RETAINED,6.000000,,,,,,,,,NOT_APPLICABLE,ELIGIBLE,
520903,ALL_CU,Aircraft rental,TRANS,Transportation,DIRECT_CONCORDANCE_UCC,PUBLISHED_CE_BASIS,LABSTAT_PUBLISHED,NOT_VERIFIED,NOT_ESTABLISHED,UNKNOWN,TA090,TRANSPORT_COMMODITIES_EX_MOTOR_FUEL,DIRECT,408.000000,OBSERVED,79.510000,true,,,,,NOT_APPLICABLE,UNCLAIMED,,,,,NOT_APPLICABLE,RETAINED,408.000000,,,,,,,,,NOT_APPLICABLE,ELIGIBLE,
520903,Q1,Aircraft rental,TRANS,Transportation,DIRECT_CONCORDANCE_UCC,PUBLISHED_CE_BASIS,LABSTAT_PUBLISHED,NOT_VERIFIED,NOT_ESTABLISHED,UNKNOWN,TA090,TRANSPORT_COMMODITIES_EX_MOTOR_FUEL,DIRECT,,SUPPRESSED,,,,,,,NOT_APPLICABLE,UNCLAIMED,,,,,NOT_APPLICABLE,RETAINED,,,,,,,,,,NOT_APPLICABLE,BLOCKED_AMOUNT_UNAVAILABLE,BLS publishes this series and did not publish this cell. The amount is unknown and is not zero.
520903,Q2,Aircraft rental,TRANS,Transportation,DIRECT_CONCORDANCE_UCC,PUBLISHED_CE_BASIS,LABSTAT_PUBLISHED,NOT_VERIFIED,NOT_ESTABLISHED,UNKNOWN,TA090,TRANSPORT_COMMODITIES_EX_MOTOR_FUEL,DIRECT,8.000000,OBSERVED,99.080000,true,,,,,NOT_APPLICABLE,UNCLAIMED,,,,,NOT_APPLICABLE,RETAINED,8.000000,,,,,,,,,NOT_APPLICABLE,ELIGIBLE,
520903,Q3,Aircraft rental,TRANS,Transportation,DIRECT_CONCORDANCE_UCC,PUBLISHED_CE_BASIS,LABSTAT_PUBLISHED,NOT_VERIFIED,NOT_ESTABLISHED,UNKNOWN,TA090,TRANSPORT_COMMODITIES_EX_MOTOR_FUEL,DIRECT,323.000000,OBSERVED,98.630000,true,,,,,NOT_APPLICABLE,UNCLAIMED,,,,,NOT_APPLICABLE,RETAINED,323.000000,,,,,,,,,NOT_APPLICABLE,ELIGIBLE,
520903,Q4,Aircraft rental,TRANS,Transportation,DIRECT_CONCORDANCE_UCC,PUBLISHED_CE_BASIS,LABSTAT_PUBLISHED,NOT_VERIFIED,NOT_ESTABLISHED,UNKNOWN,TA090,TRANSPORT_COMMODITIES_EX_MOTOR_FUEL,DIRECT,3.000000,OBSERVED,62.650000,true,,,,,NOT_APPLICABLE,UNCLAIMED,,,,,NOT_APPLICABLE,RETAINED,3.000000,,,,,,,,,NOT_APPLICABLE,ELIGIBLE,
520903,Q5,Aircraft rental,TRANS,Transportation,DIRECT_CONCORDANCE_UCC,PUBLISHED_CE_BASIS,LABSTAT_PUBLISHED,NOT_VERIFIED,NOT_ESTABLISHED,UNKNOWN,TA090,TRANSPORT_COMMODITIES_EX_MOTOR_FUEL,DIRECT,74.000000,OBSERVED,73.650000,true,,,,,NOT_APPLICABLE,UNCLAIMED,,,,,NOT_APPLICABLE,RETAINED,74.000000,,,,,,,,,NOT_APPLICABLE,ELIGIBLE,
520905,ALL_CU,Motorcycle rental on out of town trips,TRANS,Transportation,DIRECT_CONCORDANCE_UCC,PUBLISHED_CE_BASIS,LABSTAT_PUBLISHED,NOT_VERIFIED,NOT_ESTABLISHED,UNKNOWN,TA090,TRANSPORT_COMMODITIES_EX_MOTOR_FUEL,DIRECT,2.000000,OBSERVED,101.260000,true,,,,,NOT_APPLICABLE,UNCLAIMED,,,,,NOT_APPLICABLE,RETAINED,2.000000,,,,,,,,,NOT_APPLICABLE,ELIGIBLE,
520905,Q1,Motorcycle rental on out of town trips,TRANS,Transportation,DIRECT_CONCORDANCE_UCC,PUBLISHED_CE_BASIS,LABSTAT_PUBLISHED,NOT_VERIFIED,NOT_ESTABLISHED,UNKNOWN,TA090,TRANSPORT_COMMODITIES_EX_MOTOR_FUEL,DIRECT,,SUPPRESSED,,,,,,,NOT_APPLICABLE,UNCLAIMED,,,,,NOT_APPLICABLE,RETAINED,,,,,,,,,,NOT_APPLICABLE,BLOCKED_AMOUNT_UNAVAILABLE,BLS publishes this series and did not publish this cell. The amount is unknown and is not zero.
520905,Q2,Motorcycle rental on out of town trips,TRANS,Transportation,DIRECT_CONCORDANCE_UCC,PUBLISHED_CE_BASIS,LABSTAT_PUBLISHED,NOT_VERIFIED,NOT_ESTABLISHED,UNKNOWN,TA090,TRANSPORT_COMMODITIES_EX_MOTOR_FUEL,DIRECT,,SUPPRESSED,,,,,,,NOT_APPLICABLE,UNCLAIMED,,,,,NOT_APPLICABLE,RETAINED,,,,,,,,,,NOT_APPLICABLE,BLOCKED_AMOUNT_UNAVAILABLE,BLS publishes this series and did not publish this cell. The amount is unknown and is not zero.
520905,Q3,Motorcycle rental on out of town trips,TRANS,Transportation,DIRECT_CONCORDANCE_UCC,PUBLISHED_CE_BASIS,LABSTAT_PUBLISHED,NOT_VERIFIED,NOT_ESTABLISHED,UNKNOWN,TA090,TRANSPORT_COMMODITIES_EX_MOTOR_FUEL,DIRECT,,SUPPRESSED,,,,,,,NOT_APPLICABLE,UNCLAIMED,,,,,NOT_APPLICABLE,RETAINED,,,,,,,,,,NOT_APPLICABLE,BLOCKED_AMOUNT_UNAVAILABLE,BLS publishes this series and did not publish this cell. The amount is unknown and is not zero.
520905,Q4,Motorcycle rental on out of town trips,TRANS,Transportation,DIRECT_CONCORDANCE_UCC,PUBLISHED_CE_BASIS,LABSTAT_PUBLISHED,NOT_VERIFIED,NOT_ESTABLISHED,UNKNOWN,TA090,TRANSPORT_COMMODITIES_EX_MOTOR_FUEL,DIRECT,,SUPPRESSED,,,,,,,NOT_APPLICABLE,UNCLAIMED,,,,,NOT_APPLICABLE,RETAINED,,,,,,,,,,NOT_APPLICABLE,BLOCKED_AMOUNT_UNAVAILABLE,BLS publishes this series and did not publish this cell. The amount is unknown and is not zero.
520905,Q5,Motorcycle rental on out of town trips,TRANS,Transportation,DIRECT_CONCORDANCE_UCC,PUBLISHED_CE_BASIS,LABSTAT_PUBLISHED,NOT_VERIFIED,NOT_ESTABLISHED,UNKNOWN,TA090,TRANSPORT_COMMODITIES_EX_MOTOR_FUEL,DIRECT,2.000000,OBSERVED,101.280000,true,,,,,NOT_APPLICABLE,UNCLAIMED,,,,,NOT_APPLICABLE,RETAINED,2.000000,,,,,,,,,NOT_APPLICABLE,ELIGIBLE,
520906,ALL_CU,Aircraft rental on out of town trips,TRANS,Transportation,DIRECT_CONCORDANCE_UCC,PUBLISHED_CE_BASIS,LABSTAT_PUBLISHED,NOT_VERIFIED,NOT_ESTABLISHED,UNKNOWN,TA090,TRANSPORT_COMMODITIES_EX_MOTOR_FUEL,DIRECT,,SUPPRESSED,,,,,,,NOT_APPLICABLE,UNCLAIMED,,,,,NOT_APPLICABLE,RETAINED,,,,,,,,,,NOT_APPLICABLE,BLOCKED_AMOUNT_UNAVAILABLE,BLS publishes this series and did not publish this cell. The amount is unknown and is not zero.
520906,Q1,Aircraft rental on out of town trips,TRANS,Transportation,DIRECT_CONCORDANCE_UCC,PUBLISHED_CE_BASIS,LABSTAT_PUBLISHED,NOT_VERIFIED,NOT_ESTABLISHED,UNKNOWN,TA090,TRANSPORT_COMMODITIES_EX_MOTOR_FUEL,DIRECT,,SUPPRESSED,,,,,,,NOT_APPLICABLE,UNCLAIMED,,,,,NOT_APPLICABLE,RETAINED,,,,,,,,,,NOT_APPLICABLE,BLOCKED_AMOUNT_UNAVAILABLE,BLS publishes this series and did not publish this cell. The amount is unknown and is not zero.
520906,Q2,Aircraft rental on out of town trips,TRANS,Transportation,DIRECT_CONCORDANCE_UCC,PUBLISHED_CE_BASIS,LABSTAT_PUBLISHED,NOT_VERIFIED,NOT_ESTABLISHED,UNKNOWN,TA090,TRANSPORT_COMMODITIES_EX_MOTOR_FUEL,DIRECT,,SUPPRESSED,,,,,,,NOT_APPLICABLE,UNCLAIMED,,,,,NOT_APPLICABLE,RETAINED,,,,,,,,,,NOT_APPLICABLE,BLOCKED_AMOUNT_UNAVAILABLE,BLS publishes this series and did not publish this cell. The amount is unknown and is not zero.
520906,Q3,Aircraft rental on out of town trips,TRANS,Transportation,DIRECT_CONCORDANCE_UCC,PUBLISHED_CE_BASIS,LABSTAT_PUBLISHED,NOT_VERIFIED,NOT_ESTABLISHED,UNKNOWN,TA090,TRANSPORT_COMMODITIES_EX_MOTOR_FUEL,DIRECT,,SUPPRESSED,,,,,,,NOT_APPLICABLE,UNCLAIMED,,,,,NOT_APPLICABLE,RETAINED,,,,,,,,,,NOT_APPLICABLE,BLOCKED_AMOUNT_UNAVAILABLE,BLS publishes this series and did not publish this cell. The amount is unknown and is not zero.
520906,Q4,Aircraft rental on out of town trips,TRANS,Transportation,DIRECT_CONCORDANCE_UCC,PUBLISHED_CE_BASIS,LABSTAT_PUBLISHED,NOT_VERIFIED,NOT_ESTABLISHED,UNKNOWN,TA090,TRANSPORT_COMMODITIES_EX_MOTOR_FUEL,DIRECT,,SUPPRESSED,,,,,,,NOT_APPLICABLE,UNCLAIMED,,,,,NOT_APPLICABLE,RETAINED,,,,,,,,,,NOT_APPLICABLE,BLOCKED_AMOUNT_UNAVAILABLE,BLS publishes this series and did not publish this cell. The amount is unknown and is not zero.
520906,Q5,Aircraft rental on out of town trips,TRANS,Transportation,DIRECT_CONCORDANCE_UCC,PUBLISHED_CE_BASIS,LABSTAT_PUBLISHED,NOT_VERIFIED,NOT_ESTABLISHED,UNKNOWN,TA090,TRANSPORT_COMMODITIES_EX_MOTOR_FUEL,DIRECT,,SUPPRESSED,,,,,,,NOT_APPLICABLE,UNCLAIMED,,,,,NOT_APPLICABLE,RETAINED,,,,,,,,,,NOT_APPLICABLE,BLOCKED_AMOUNT_UNAVAILABLE,BLS publishes this series and did not publish this cell. The amount is unknown and is not zero.
530110,ALL_CU,Airline fares,TRANS,Transportation,DIRECT_CONCORDANCE_UCC,PUBLISHED_CE_BASIS,LABSTAT_PUBLISHED,NOT_VERIFIED,NOT_ESTABLISHED,UNKNOWN,TG011,TRANSPORT_SERVICES,DIRECT,92565.000000,OBSERVED,3.680000,false,,,,,NOT_APPLICABLE,UNCLAIMED,,,,,NOT_APPLICABLE,RETAINED,92565.000000,,,,,,,,,NOT_APPLICABLE,ELIGIBLE,
530110,Q1,Airline fares,TRANS,Transportation,DIRECT_CONCORDANCE_UCC,PUBLISHED_CE_BASIS,LABSTAT_PUBLISHED,NOT_VERIFIED,NOT_ESTABLISHED,UNKNOWN,TG011,TRANSPORT_SERVICES,DIRECT,5464.000000,OBSERVED,11.590000,false,,,,,NOT_APPLICABLE,UNCLAIMED,,,,,NOT_APPLICABLE,RETAINED,5464.000000,,,,,,,,,NOT_APPLICABLE,ELIGIBLE,
530110,Q2,Airline fares,TRANS,Transportation,DIRECT_CONCORDANCE_UCC,PUBLISHED_CE_BASIS,LABSTAT_PUBLISHED,NOT_VERIFIED,NOT_ESTABLISHED,UNKNOWN,TG011,TRANSPORT_SERVICES,DIRECT,6975.000000,OBSERVED,10.120000,false,,,,,NOT_APPLICABLE,UNCLAIMED,,,,,NOT_APPLICABLE,RETAINED,6975.000000,,,,,,,,,NOT_APPLICABLE,ELIGIBLE,
530110,Q3,Airline fares,TRANS,Transportation,DIRECT_CONCORDANCE_UCC,PUBLISHED_CE_BASIS,LABSTAT_PUBLISHED,NOT_VERIFIED,NOT_ESTABLISHED,UNKNOWN,TG011,TRANSPORT_SERVICES,DIRECT,11597.000000,OBSERVED,8.020000,false,,,,,NOT_APPLICABLE,UNCLAIMED,,,,,NOT_APPLICABLE,RETAINED,11597.000000,,,,,,,,,NOT_APPLICABLE,ELIGIBLE,
530110,Q4,Airline fares,TRANS,Transportation,DIRECT_CONCORDANCE_UCC,PUBLISHED_CE_BASIS,LABSTAT_PUBLISHED,NOT_VERIFIED,NOT_ESTABLISHED,UNKNOWN,TG011,TRANSPORT_SERVICES,DIRECT,21655.000000,OBSERVED,7.490000,false,,,,,NOT_APPLICABLE,UNCLAIMED,,,,,NOT_APPLICABLE,RETAINED,21655.000000,,,,,,,,,NOT_APPLICABLE,ELIGIBLE,
530110,Q5,Airline fares,TRANS,Transportation,DIRECT_CONCORDANCE_UCC,PUBLISHED_CE_BASIS,LABSTAT_PUBLISHED,NOT_VERIFIED,NOT_ESTABLISHED,UNKNOWN,TG011,TRANSPORT_SERVICES,DIRECT,46873.000000,OBSERVED,6.210000,false,,,,,NOT_APPLICABLE,UNCLAIMED,,,,,NOT_APPLICABLE,RETAINED,46873.000000,,,,,,,,,NOT_APPLICABLE,ELIGIBLE,
530210,ALL_CU,Intercity bus fares,TRANS,Transportation,DIRECT_CONCORDANCE_UCC,PUBLISHED_CE_BASIS,LABSTAT_PUBLISHED,NOT_VERIFIED,NOT_ESTABLISHED,UNKNOWN,TG021,TRANSPORT_SERVICES,DIRECT,1597.000000,OBSERVED,8.330000,false,,,,,NOT_APPLICABLE,UNCLAIMED,,,,,NOT_APPLICABLE,RETAINED,1597.000000,,,,,,,,,NOT_APPLICABLE,ELIGIBLE,
530210,Q1,Intercity bus fares,TRANS,Transportation,DIRECT_CONCORDANCE_UCC,PUBLISHED_CE_BASIS,LABSTAT_PUBLISHED,NOT_VERIFIED,NOT_ESTABLISHED,UNKNOWN,TG021,TRANSPORT_SERVICES,DIRECT,158.000000,OBSERVED,25.010000,true,,,,,NOT_APPLICABLE,UNCLAIMED,,,,,NOT_APPLICABLE,RETAINED,158.000000,,,,,,,,,NOT_APPLICABLE,ELIGIBLE,
530210,Q2,Intercity bus fares,TRANS,Transportation,DIRECT_CONCORDANCE_UCC,PUBLISHED_CE_BASIS,LABSTAT_PUBLISHED,NOT_VERIFIED,NOT_ESTABLISHED,UNKNOWN,TG021,TRANSPORT_SERVICES,DIRECT,170.000000,OBSERVED,24.360000,false,,,,,NOT_APPLICABLE,UNCLAIMED,,,,,NOT_APPLICABLE,RETAINED,170.000000,,,,,,,,,NOT_APPLICABLE,ELIGIBLE,
530210,Q3,Intercity bus fares,TRANS,Transportation,DIRECT_CONCORDANCE_UCC,PUBLISHED_CE_BASIS,LABSTAT_PUBLISHED,NOT_VERIFIED,NOT_ESTABLISHED,UNKNOWN,TG021,TRANSPORT_SERVICES,DIRECT,274.000000,OBSERVED,19.530000,false,,,,,NOT_APPLICABLE,UNCLAIMED,,,,,NOT_APPLICABLE,RETAINED,274.000000,,,,,,,,,NOT_APPLICABLE,ELIGIBLE,
530210,Q4,Intercity bus fares,TRANS,Transportation,DIRECT_CONCORDANCE_UCC,PUBLISHED_CE_BASIS,LABSTAT_PUBLISHED,NOT_VERIFIED,NOT_ESTABLISHED,UNKNOWN,TG021,TRANSPORT_SERVICES,DIRECT,361.000000,OBSERVED,20.200000,false,,,,,NOT_APPLICABLE,UNCLAIMED,,,,,NOT_APPLICABLE,RETAINED,361.000000,,,,,,,,,NOT_APPLICABLE,ELIGIBLE,
530210,Q5,Intercity bus fares,TRANS,Transportation,DIRECT_CONCORDANCE_UCC,PUBLISHED_CE_BASIS,LABSTAT_PUBLISHED,NOT_VERIFIED,NOT_ESTABLISHED,UNKNOWN,TG021,TRANSPORT_SERVICES,DIRECT,635.000000,OBSERVED,15.910000,false,,,,,NOT_APPLICABLE,UNCLAIMED,,,,,NOT_APPLICABLE,RETAINED,635.000000,,,,,,,,,NOT_APPLICABLE,ELIGIBLE,
530311,ALL_CU,Intracity mass transit fares,TRANS,Transportation,DIRECT_CONCORDANCE_UCC,PUBLISHED_CE_BASIS,LABSTAT_PUBLISHED,NOT_VERIFIED,NOT_ESTABLISHED,UNKNOWN,TG031,TRANSPORT_SERVICES,DIRECT,14778.000000,OBSERVED,4.940000,false,,,,,NOT_APPLICABLE,UNCLAIMED,,,,,NOT_APPLICABLE,RETAINED,14778.000000,,,,,,,,,NOT_APPLICABLE,ELIGIBLE,
530311,Q1,Intracity mass transit fares,TRANS,Transportation,DIRECT_CONCORDANCE_UCC,PUBLISHED_CE_BASIS,LABSTAT_PUBLISHED,NOT_VERIFIED,NOT_ESTABLISHED,UNKNOWN,TG031,TRANSPORT_SERVICES,DIRECT,2239.000000,OBSERVED,8.570000,false,,,,,NOT_APPLICABLE,UNCLAIMED,,,,,NOT_APPLICABLE,RETAINED,2239.000000,,,,,,,,,NOT_APPLICABLE,ELIGIBLE,
530311,Q2,Intracity mass transit fares,TRANS,Transportation,DIRECT_CONCORDANCE_UCC,PUBLISHED_CE_BASIS,LABSTAT_PUBLISHED,NOT_VERIFIED,NOT_ESTABLISHED,UNKNOWN,TG031,TRANSPORT_SERVICES,DIRECT,1765.000000,OBSERVED,9.140000,false,,,,,NOT_APPLICABLE,UNCLAIMED,,,,,NOT_APPLICABLE,RETAINED,1765.000000,,,,,,,,,NOT_APPLICABLE,ELIGIBLE,
530311,Q3,Intracity mass transit fares,TRANS,Transportation,DIRECT_CONCORDANCE_UCC,PUBLISHED_CE_BASIS,LABSTAT_PUBLISHED,NOT_VERIFIED,NOT_ESTABLISHED,UNKNOWN,TG031,TRANSPORT_SERVICES,DIRECT,2543.000000,OBSERVED,13.110000,false,,,,,NOT_APPLICABLE,UNCLAIMED,,,,,NOT_APPLICABLE,RETAINED,2543.000000,,,,,,,,,NOT_APPLICABLE,ELIGIBLE,
530311,Q4,Intracity mass transit fares,TRANS,Transportation,DIRECT_CONCORDANCE_UCC,PUBLISHED_CE_BASIS,LABSTAT_PUBLISHED,NOT_VERIFIED,NOT_ESTABLISHED,UNKNOWN,TG031,TRANSPORT_SERVICES,DIRECT,3478.000000,OBSERVED,15.870000,false,,,,,NOT_APPLICABLE,UNCLAIMED,,,,,NOT_APPLICABLE,RETAINED,3478.000000,,,,,,,,,NOT_APPLICABLE,ELIGIBLE,
530311,Q5,Intracity mass transit fares,TRANS,Transportation,DIRECT_CONCORDANCE_UCC,PUBLISHED_CE_BASIS,LABSTAT_PUBLISHED,NOT_VERIFIED,NOT_ESTABLISHED,UNKNOWN,TG031,TRANSPORT_SERVICES,DIRECT,4753.000000,OBSERVED,9.700000,false,,,,,NOT_APPLICABLE,UNCLAIMED,,,,,NOT_APPLICABLE,RETAINED,4753.000000,,,,,,,,,NOT_APPLICABLE,ELIGIBLE,
530312,ALL_CU,Local transportation on out of town trips,TRANS,Transportation,DIRECT_CONCORDANCE_UCC,PUBLISHED_CE_BASIS,LABSTAT_PUBLISHED,NOT_VERIFIED,NOT_ESTABLISHED,UNKNOWN,TG031,TRANSPORT_SERVICES,DIRECT,228.000000,OBSERVED,20.170000,false,,,,,NOT_APPLICABLE,UNCLAIMED,,,,,NOT_APPLICABLE,RETAINED,228.000000,,,,,,,,,NOT_APPLICABLE,ELIGIBLE,
530312,Q1,Local transportation on out of town trips,TRANS,Transportation,DIRECT_CONCORDANCE_UCC,PUBLISHED_CE_BASIS,LABSTAT_PUBLISHED,NOT_VERIFIED,NOT_ESTABLISHED,UNKNOWN,TG031,TRANSPORT_SERVICES,DIRECT,9.000000,OBSERVED,44.510000,true,,,,,NOT_APPLICABLE,UNCLAIMED,,,,,NOT_APPLICABLE,RETAINED,9.000000,,,,,,,,,NOT_APPLICABLE,ELIGIBLE,
530312,Q2,Local transportation on out of town trips,TRANS,Transportation,DIRECT_CONCORDANCE_UCC,PUBLISHED_CE_BASIS,LABSTAT_PUBLISHED,NOT_VERIFIED,NOT_ESTABLISHED,UNKNOWN,TG031,TRANSPORT_SERVICES,DIRECT,7.000000,OBSERVED,64.190000,true,,,,,NOT_APPLICABLE,UNCLAIMED,,,,,NOT_APPLICABLE,RETAINED,7.000000,,,,,,,,,NOT_APPLICABLE,ELIGIBLE,
530312,Q3,Local transportation on out of town trips,TRANS,Transportation,DIRECT_CONCORDANCE_UCC,PUBLISHED_CE_BASIS,LABSTAT_PUBLISHED,NOT_VERIFIED,NOT_ESTABLISHED,UNKNOWN,TG031,TRANSPORT_SERVICES,DIRECT,14.000000,OBSERVED,41.720000,true,,,,,NOT_APPLICABLE,UNCLAIMED,,,,,NOT_APPLICABLE,RETAINED,14.000000,,,,,,,,,NOT_APPLICABLE,ELIGIBLE,
530312,Q4,Local transportation on out of town trips,TRANS,Transportation,DIRECT_CONCORDANCE_UCC,PUBLISHED_CE_BASIS,LABSTAT_PUBLISHED,NOT_VERIFIED,NOT_ESTABLISHED,UNKNOWN,TG031,TRANSPORT_SERVICES,DIRECT,84.000000,OBSERVED,29.550000,true,,,,,NOT_APPLICABLE,UNCLAIMED,,,,,NOT_APPLICABLE,RETAINED,84.000000,,,,,,,,,NOT_APPLICABLE,ELIGIBLE,
530312,Q5,Local transportation on out of town trips,TRANS,Transportation,DIRECT_CONCORDANCE_UCC,PUBLISHED_CE_BASIS,LABSTAT_PUBLISHED,NOT_VERIFIED,NOT_ESTABLISHED,UNKNOWN,TG031,TRANSPORT_SERVICES,DIRECT,114.000000,OBSERVED,34.420000,true,,,,,NOT_APPLICABLE,UNCLAIMED,,,,,NOT_APPLICABLE,RETAINED,114.000000,,,,,,,,,NOT_APPLICABLE,ELIGIBLE,
530411,ALL_CU,Taxi fares and limousine services on trips,TRANS,Transportation,DIRECT_CONCORDANCE_UCC,PUBLISHED_CE_BASIS,LABSTAT_PUBLISHED,NOT_VERIFIED,NOT_ESTABLISHED,UNKNOWN,TG032,TRANSPORT_SERVICES,DIRECT,134.000000,OBSERVED,20.170000,false,,,,,NOT_APPLICABLE,UNCLAIMED,,,,,NOT_APPLICABLE,RETAINED,134.000000,,,,,,,,,NOT_APPLICABLE,ELIGIBLE,
530411,Q1,Taxi fares and limousine services on trips,TRANS,Transportation,DIRECT_CONCORDANCE_UCC,PUBLISHED_CE_BASIS,LABSTAT_PUBLISHED,NOT_VERIFIED,NOT_ESTABLISHED,UNKNOWN,TG032,TRANSPORT_SERVICES,DIRECT,5.000000,OBSERVED,44.510000,true,,,,,NOT_APPLICABLE,UNCLAIMED,,,,,NOT_APPLICABLE,RETAINED,5.000000,,,,,,,,,NOT_APPLICABLE,ELIGIBLE,
530411,Q2,Taxi fares and limousine services on trips,TRANS,Transportation,DIRECT_CONCORDANCE_UCC,PUBLISHED_CE_BASIS,LABSTAT_PUBLISHED,NOT_VERIFIED,NOT_ESTABLISHED,UNKNOWN,TG032,TRANSPORT_SERVICES,DIRECT,4.000000,OBSERVED,64.190000,true,,,,,NOT_APPLICABLE,UNCLAIMED,,,,,NOT_APPLICABLE,RETAINED,4.000000,,,,,,,,,NOT_APPLICABLE,ELIGIBLE,
530411,Q3,Taxi fares and limousine services on trips,TRANS,Transportation,DIRECT_CONCORDANCE_UCC,PUBLISHED_CE_BASIS,LABSTAT_PUBLISHED,NOT_VERIFIED,NOT_ESTABLISHED,UNKNOWN,TG032,TRANSPORT_SERVICES,DIRECT,8.000000,OBSERVED,41.720000,true,,,,,NOT_APPLICABLE,UNCLAIMED,,,,,NOT_APPLICABLE,RETAINED,8.000000,,,,,,,,,NOT_APPLICABLE,ELIGIBLE,
530411,Q4,Taxi fares and limousine services on trips,TRANS,Transportation,DIRECT_CONCORDANCE_UCC,PUBLISHED_CE_BASIS,LABSTAT_PUBLISHED,NOT_VERIFIED,NOT_ESTABLISHED,UNKNOWN,TG032,TRANSPORT_SERVICES,DIRECT,50.000000,OBSERVED,29.550000,true,,,,,NOT_APPLICABLE,UNCLAIMED,,,,,NOT_APPLICABLE,RETAINED,50.000000,,,,,,,,,NOT_APPLICABLE,ELIGIBLE,
530411,Q5,Taxi fares and limousine services on trips,TRANS,Transportation,DIRECT_CONCORDANCE_UCC,PUBLISHED_CE_BASIS,LABSTAT_PUBLISHED,NOT_VERIFIED,NOT_ESTABLISHED,UNKNOWN,TG032,TRANSPORT_SERVICES,DIRECT,67.000000,OBSERVED,34.420000,true,,,,,NOT_APPLICABLE,UNCLAIMED,,,,,NOT_APPLICABLE,RETAINED,67.000000,,,,,,,,,NOT_APPLICABLE,ELIGIBLE,
530412,ALL_CU,Taxi fares and limousine services,TRANS,Transportation,DIRECT_CONCORDANCE_UCC,PUBLISHED_CE_BASIS,LABSTAT_PUBLISHED,NOT_VERIFIED,NOT_ESTABLISHED,UNKNOWN,TG032,TRANSPORT_SERVICES,DIRECT,18363.000000,OBSERVED,5.020000,false,,,,,NOT_APPLICABLE,UNCLAIMED,,,,,NOT_APPLICABLE,RETAINED,18363.000000,,,,,,,,,NOT_APPLICABLE,ELIGIBLE,
530412,Q1,Taxi fares and limousine services,TRANS,Transportation,DIRECT_CONCORDANCE_UCC,PUBLISHED_CE_BASIS,LABSTAT_PUBLISHED,NOT_VERIFIED,NOT_ESTABLISHED,UNKNOWN,TG032,TRANSPORT_SERVICES,DIRECT,2661.000000,OBSERVED,11.740000,false,,,,,NOT_APPLICABLE,UNCLAIMED,,,,,NOT_APPLICABLE,RETAINED,2661.000000,,,,,,,,,NOT_APPLICABLE,ELIGIBLE,
530412,Q2,Taxi fares and limousine services,TRANS,Transportation,DIRECT_CONCORDANCE_UCC,PUBLISHED_CE_BASIS,LABSTAT_PUBLISHED,NOT_VERIFIED,NOT_ESTABLISHED,UNKNOWN,TG032,TRANSPORT_SERVICES,DIRECT,2298.000000,OBSERVED,8.690000,false,,,,,NOT_APPLICABLE,UNCLAIMED,,,,,NOT_APPLICABLE,RETAINED,2298.000000,,,,,,,,,NOT_APPLICABLE,ELIGIBLE,
530412,Q3,Taxi fares and limousine services,TRANS,Transportation,DIRECT_CONCORDANCE_UCC,PUBLISHED_CE_BASIS,LABSTAT_PUBLISHED,NOT_VERIFIED,NOT_ESTABLISHED,UNKNOWN,TG032,TRANSPORT_SERVICES,DIRECT,3603.000000,OBSERVED,14.550000,false,,,,,NOT_APPLICABLE,UNCLAIMED,,,,,NOT_APPLICABLE,RETAINED,3603.000000,,,,,,,,,NOT_APPLICABLE,ELIGIBLE,
530412,Q4,Taxi fares and limousine services,TRANS,Transportation,DIRECT_CONCORDANCE_UCC,PUBLISHED_CE_BASIS,LABSTAT_PUBLISHED,NOT_VERIFIED,NOT_ESTABLISHED,UNKNOWN,TG032,TRANSPORT_SERVICES,DIRECT,3369.000000,OBSERVED,9.040000,false,,,,,NOT_APPLICABLE,UNCLAIMED,,,,,NOT_APPLICABLE,RETAINED,3369.000000,,,,,,,,,NOT_APPLICABLE,ELIGIBLE,
530412,Q5,Taxi fares and limousine services,TRANS,Transportation,DIRECT_CONCORDANCE_UCC,PUBLISHED_CE_BASIS,LABSTAT_PUBLISHED,NOT_VERIFIED,NOT_ESTABLISHED,UNKNOWN,TG032,TRANSPORT_SERVICES,DIRECT,6432.000000,OBSERVED,7.520000,false,,,,,NOT_APPLICABLE,UNCLAIMED,,,,,NOT_APPLICABLE,RETAINED,6432.000000,,,,,,,,,NOT_APPLICABLE,ELIGIBLE,
530510,ALL_CU,Intercity train fares,TRANS,Transportation,DIRECT_CONCORDANCE_UCC,PUBLISHED_CE_BASIS,LABSTAT_PUBLISHED,NOT_VERIFIED,NOT_ESTABLISHED,UNKNOWN,TG022,TRANSPORT_SERVICES,DIRECT,3526.000000,OBSERVED,6.920000,false,,,,,NOT_APPLICABLE,UNCLAIMED,,,,,NOT_APPLICABLE,RETAINED,3526.000000,,,,,,,,,NOT_APPLICABLE,ELIGIBLE,
530510,Q1,Intercity train fares,TRANS,Transportation,DIRECT_CONCORDANCE_UCC,PUBLISHED_CE_BASIS,LABSTAT_PUBLISHED,NOT_VERIFIED,NOT_ESTABLISHED,UNKNOWN,TG022,TRANSPORT_SERVICES,DIRECT,222.000000,OBSERVED,24.100000,false,,,,,NOT_APPLICABLE,UNCLAIMED,,,,,NOT_APPLICABLE,RETAINED,222.000000,,,,,,,,,NOT_APPLICABLE,ELIGIBLE,
530510,Q2,Intercity train fares,TRANS,Transportation,DIRECT_CONCORDANCE_UCC,PUBLISHED_CE_BASIS,LABSTAT_PUBLISHED,NOT_VERIFIED,NOT_ESTABLISHED,UNKNOWN,TG022,TRANSPORT_SERVICES,DIRECT,280.000000,OBSERVED,20.370000,false,,,,,NOT_APPLICABLE,UNCLAIMED,,,,,NOT_APPLICABLE,RETAINED,280.000000,,,,,,,,,NOT_APPLICABLE,ELIGIBLE,
530510,Q3,Intercity train fares,TRANS,Transportation,DIRECT_CONCORDANCE_UCC,PUBLISHED_CE_BASIS,LABSTAT_PUBLISHED,NOT_VERIFIED,NOT_ESTABLISHED,UNKNOWN,TG022,TRANSPORT_SERVICES,DIRECT,711.000000,OBSERVED,16.750000,false,,,,,NOT_APPLICABLE,UNCLAIMED,,,,,NOT_APPLICABLE,RETAINED,711.000000,,,,,,,,,NOT_APPLICABLE,ELIGIBLE,
530510,Q4,Intercity train fares,TRANS,Transportation,DIRECT_CONCORDANCE_UCC,PUBLISHED_CE_BASIS,LABSTAT_PUBLISHED,NOT_VERIFIED,NOT_ESTABLISHED,UNKNOWN,TG022,TRANSPORT_SERVICES,DIRECT,755.000000,OBSERVED,15.040000,false,,,,,NOT_APPLICABLE,UNCLAIMED,,,,,NOT_APPLICABLE,RETAINED,755.000000,,,,,,,,,NOT_APPLICABLE,ELIGIBLE,
530510,Q5,Intercity train fares,TRANS,Transportation,DIRECT_CONCORDANCE_UCC,PUBLISHED_CE_BASIS,LABSTAT_PUBLISHED,NOT_VERIFIED,NOT_ESTABLISHED,UNKNOWN,TG022,TRANSPORT_SERVICES,DIRECT,1558.000000,OBSERVED,11.260000,false,,,,,NOT_APPLICABLE,UNCLAIMED,,,,,NOT_APPLICABLE,RETAINED,1558.000000,,,,,,,,,NOT_APPLICABLE,ELIGIBLE,
530901,ALL_CU,Ship fares,TRANS,Transportation,DIRECT_CONCORDANCE_UCC,PUBLISHED_CE_BASIS,LABSTAT_PUBLISHED,NOT_VERIFIED,NOT_ESTABLISHED,UNKNOWN,TG023,TRANSPORT_SERVICES,DIRECT,21955.000000,OBSERVED,12.520000,false,,,,,NOT_APPLICABLE,UNCLAIMED,,,,,NOT_APPLICABLE,RETAINED,21955.000000,,,,,,,,,NOT_APPLICABLE,ELIGIBLE,
530901,Q1,Ship fares,TRANS,Transportation,DIRECT_CONCORDANCE_UCC,PUBLISHED_CE_BASIS,LABSTAT_PUBLISHED,NOT_VERIFIED,NOT_ESTABLISHED,UNKNOWN,TG023,TRANSPORT_SERVICES,DIRECT,2040.000000,OBSERVED,67.070000,true,,,,,NOT_APPLICABLE,UNCLAIMED,,,,,NOT_APPLICABLE,RETAINED,2040.000000,,,,,,,,,NOT_APPLICABLE,ELIGIBLE,
530901,Q2,Ship fares,TRANS,Transportation,DIRECT_CONCORDANCE_UCC,PUBLISHED_CE_BASIS,LABSTAT_PUBLISHED,NOT_VERIFIED,NOT_ESTABLISHED,UNKNOWN,TG023,TRANSPORT_SERVICES,DIRECT,849.000000,OBSERVED,35.420000,true,,,,,NOT_APPLICABLE,UNCLAIMED,,,,,NOT_APPLICABLE,RETAINED,849.000000,,,,,,,,,NOT_APPLICABLE,ELIGIBLE,
530901,Q3,Ship fares,TRANS,Transportation,DIRECT_CONCORDANCE_UCC,PUBLISHED_CE_BASIS,LABSTAT_PUBLISHED,NOT_VERIFIED,NOT_ESTABLISHED,UNKNOWN,TG023,TRANSPORT_SERVICES,DIRECT,4779.000000,OBSERVED,36.900000,true,,,,,NOT_APPLICABLE,UNCLAIMED,,,,,NOT_APPLICABLE,RETAINED,4779.000000,,,,,,,,,NOT_APPLICABLE,ELIGIBLE,
530901,Q4,Ship fares,TRANS,Transportation,DIRECT_CONCORDANCE_UCC,PUBLISHED_CE_BASIS,LABSTAT_PUBLISHED,NOT_VERIFIED,NOT_ESTABLISHED,UNKNOWN,TG023,TRANSPORT_SERVICES,DIRECT,4211.000000,OBSERVED,35.780000,true,,,,,NOT_APPLICABLE,UNCLAIMED,,,,,NOT_APPLICABLE,RETAINED,4211.000000,,,,,,,,,NOT_APPLICABLE,ELIGIBLE,
530901,Q5,Ship fares,TRANS,Transportation,DIRECT_CONCORDANCE_UCC,PUBLISHED_CE_BASIS,LABSTAT_PUBLISHED,NOT_VERIFIED,NOT_ESTABLISHED,UNKNOWN,TG023,TRANSPORT_SERVICES,DIRECT,10076.000000,OBSERVED,16.980000,false,,,,,NOT_APPLICABLE,UNCLAIMED,,,,,NOT_APPLICABLE,RETAINED,10076.000000,,,,,,,,,NOT_APPLICABLE,ELIGIBLE,
530902,ALL_CU,School bus,TRANS,Transportation,DIRECT_CONCORDANCE_UCC,PUBLISHED_CE_BASIS,LABSTAT_PUBLISHED,NOT_VERIFIED,NOT_ESTABLISHED,UNKNOWN,TG090,TRANSPORT_SERVICES,DIRECT,341.000000,OBSERVED,42.720000,true,,,,,NOT_APPLICABLE,UNCLAIMED,,,,,NOT_APPLICABLE,RETAINED,341.000000,,,,,,,,,NOT_APPLICABLE,ELIGIBLE,
530902,Q1,School bus,TRANS,Transportation,DIRECT_CONCORDANCE_UCC,PUBLISHED_CE_BASIS,LABSTAT_PUBLISHED,NOT_VERIFIED,NOT_ESTABLISHED,UNKNOWN,TG090,TRANSPORT_SERVICES,DIRECT,8.000000,OBSERVED,109.720000,true,,,,,NOT_APPLICABLE,UNCLAIMED,,,,,NOT_APPLICABLE,RETAINED,8.000000,,,,,,,,,NOT_APPLICABLE,ELIGIBLE,
530902,Q2,School bus,TRANS,Transportation,DIRECT_CONCORDANCE_UCC,PUBLISHED_CE_BASIS,LABSTAT_PUBLISHED,NOT_VERIFIED,NOT_ESTABLISHED,UNKNOWN,TG090,TRANSPORT_SERVICES,DIRECT,42.000000,OBSERVED,70.210000,true,,,,,NOT_APPLICABLE,UNCLAIMED,,,,,NOT_APPLICABLE,RETAINED,42.000000,,,,,,,,,NOT_APPLICABLE,ELIGIBLE,
530902,Q3,School bus,TRANS,Transportation,DIRECT_CONCORDANCE_UCC,PUBLISHED_CE_BASIS,LABSTAT_PUBLISHED,NOT_VERIFIED,NOT_ESTABLISHED,UNKNOWN,TG090,TRANSPORT_SERVICES,DIRECT,63.000000,OBSERVED,83.680000,true,,,,,NOT_APPLICABLE,UNCLAIMED,,,,,NOT_APPLICABLE,RETAINED,63.000000,,,,,,,,,NOT_APPLICABLE,ELIGIBLE,
530902,Q4,School bus,TRANS,Transportation,DIRECT_CONCORDANCE_UCC,PUBLISHED_CE_BASIS,LABSTAT_PUBLISHED,NOT_VERIFIED,NOT_ESTABLISHED,UNKNOWN,TG090,TRANSPORT_SERVICES,DIRECT,30.000000,OBSERVED,77.080000,true,,,,,NOT_APPLICABLE,UNCLAIMED,,,,,NOT_APPLICABLE,RETAINED,30.000000,,,,,,,,,NOT_APPLICABLE,ELIGIBLE,
530902,Q5,School bus,TRANS,Transportation,DIRECT_CONCORDANCE_UCC,PUBLISHED_CE_BASIS,LABSTAT_PUBLISHED,NOT_VERIFIED,NOT_ESTABLISHED,UNKNOWN,TG090,TRANSPORT_SERVICES,DIRECT,197.000000,OBSERVED,60.420000,true,,,,,NOT_APPLICABLE,UNCLAIMED,,,,,NOT_APPLICABLE,RETAINED,197.000000,,,,,,,,,NOT_APPLICABLE,ELIGIBLE,
620114,ALL_CU,Automobile service clubs and GPS services,TRANS,Transportation,DIRECT_CONCORDANCE_UCC,PUBLISHED_CE_BASIS,LABSTAT_PUBLISHED,NOT_VERIFIED,NOT_ESTABLISHED,UNKNOWN,TF032,TRANSPORT_SERVICES,DIRECT,2639.000000,OBSERVED,5.400000,false,,,,,NOT_APPLICABLE,UNCLAIMED,,,,,NOT_APPLICABLE,RETAINED,2639.000000,,,,,,,,,NOT_APPLICABLE,ELIGIBLE,
620114,Q1,Automobile service clubs and GPS services,TRANS,Transportation,DIRECT_CONCORDANCE_UCC,PUBLISHED_CE_BASIS,LABSTAT_PUBLISHED,NOT_VERIFIED,NOT_ESTABLISHED,UNKNOWN,TF032,TRANSPORT_SERVICES,DIRECT,240.000000,OBSERVED,14.830000,false,,,,,NOT_APPLICABLE,UNCLAIMED,,,,,NOT_APPLICABLE,RETAINED,240.000000,,,,,,,,,NOT_APPLICABLE,ELIGIBLE,
620114,Q2,Automobile service clubs and GPS services,TRANS,Transportation,DIRECT_CONCORDANCE_UCC,PUBLISHED_CE_BASIS,LABSTAT_PUBLISHED,NOT_VERIFIED,NOT_ESTABLISHED,UNKNOWN,TF032,TRANSPORT_SERVICES,DIRECT,391.000000,OBSERVED,13.490000,false,,,,,NOT_APPLICABLE,UNCLAIMED,,,,,NOT_APPLICABLE,RETAINED,391.000000,,,,,,,,,NOT_APPLICABLE,ELIGIBLE,
620114,Q3,Automobile service clubs and GPS services,TRANS,Transportation,DIRECT_CONCORDANCE_UCC,PUBLISHED_CE_BASIS,LABSTAT_PUBLISHED,NOT_VERIFIED,NOT_ESTABLISHED,UNKNOWN,TF032,TRANSPORT_SERVICES,DIRECT,579.000000,OBSERVED,16.080000,false,,,,,NOT_APPLICABLE,UNCLAIMED,,,,,NOT_APPLICABLE,RETAINED,579.000000,,,,,,,,,NOT_APPLICABLE,ELIGIBLE,
620114,Q4,Automobile service clubs and GPS services,TRANS,Transportation,DIRECT_CONCORDANCE_UCC,PUBLISHED_CE_BASIS,LABSTAT_PUBLISHED,NOT_VERIFIED,NOT_ESTABLISHED,UNKNOWN,TF032,TRANSPORT_SERVICES,DIRECT,553.000000,OBSERVED,11.080000,false,,,,,NOT_APPLICABLE,UNCLAIMED,,,,,NOT_APPLICABLE,RETAINED,553.000000,,,,,,,,,NOT_APPLICABLE,ELIGIBLE,
620114,Q5,Automobile service clubs and GPS services,TRANS,Transportation,DIRECT_CONCORDANCE_UCC,PUBLISHED_CE_BASIS,LABSTAT_PUBLISHED,NOT_VERIFIED,NOT_ESTABLISHED,UNKNOWN,TF032,TRANSPORT_SERVICES,DIRECT,877.000000,OBSERVED,9.210000,false,,,,,NOT_APPLICABLE,UNCLAIMED,,,,,NOT_APPLICABLE,RETAINED,877.000000,,,,,,,,,NOT_APPLICABLE,ELIGIBLE,
670320,ALL_CU,"Babysitting, childcare, daycare, preschool",HOUSING,Housing,DIRECT_CONCORDANCE_UCC,PUBLISHED_CE_BASIS,LABSTAT_PUBLISHED,NOT_VERIFIED,NOT_ESTABLISHED,UNKNOWN,EB031,EDUCATION_COMMUNICATION,DIRECT,63869.000000,OBSERVED,6.860000,false,,,,,NOT_APPLICABLE,UNCLAIMED,,,,,NOT_APPLICABLE,RETAINED,63869.000000,,,,,,,,,NOT_APPLICABLE,ELIGIBLE,
670320,Q1,"Babysitting, childcare, daycare, preschool",HOUSING,Housing,DIRECT_CONCORDANCE_UCC,PUBLISHED_CE_BASIS,LABSTAT_PUBLISHED,NOT_VERIFIED,NOT_ESTABLISHED,UNKNOWN,EB031,EDUCATION_COMMUNICATION,DIRECT,1232.000000,OBSERVED,32.470000,true,,,,,NOT_APPLICABLE,UNCLAIMED,,,,,NOT_APPLICABLE,RETAINED,1232.000000,,,,,,,,,NOT_APPLICABLE,ELIGIBLE,
670320,Q2,"Babysitting, childcare, daycare, preschool",HOUSING,Housing,DIRECT_CONCORDANCE_UCC,PUBLISHED_CE_BASIS,LABSTAT_PUBLISHED,NOT_VERIFIED,NOT_ESTABLISHED,UNKNOWN,EB031,EDUCATION_COMMUNICATION,DIRECT,2071.000000,OBSERVED,25.020000,true,,,,,NOT_APPLICABLE,UNCLAIMED,,,,,NOT_APPLICABLE,RETAINED,2071.000000,,,,,,,,,NOT_APPLICABLE,ELIGIBLE,
670320,Q3,"Babysitting, childcare, daycare, preschool",HOUSING,Housing,DIRECT_CONCORDANCE_UCC,PUBLISHED_CE_BASIS,LABSTAT_PUBLISHED,NOT_VERIFIED,NOT_ESTABLISHED,UNKNOWN,EB031,EDUCATION_COMMUNICATION,DIRECT,6219.000000,OBSERVED,16.990000,false,,,,,NOT_APPLICABLE,UNCLAIMED,,,,,NOT_APPLICABLE,RETAINED,6219.000000,,,,,,,,,NOT_APPLICABLE,ELIGIBLE,
670320,Q4,"Babysitting, childcare, daycare, preschool",HOUSING,Housing,DIRECT_CONCORDANCE_UCC,PUBLISHED_CE_BASIS,LABSTAT_PUBLISHED,NOT_VERIFIED,NOT_ESTABLISHED,UNKNOWN,EB031,EDUCATION_COMMUNICATION,DIRECT,14013.000000,OBSERVED,11.940000,false,,,,,NOT_APPLICABLE,UNCLAIMED,,,,,NOT_APPLICABLE,RETAINED,14013.000000,,,,,,,,,NOT_APPLICABLE,ELIGIBLE,
670320,Q5,"Babysitting, childcare, daycare, preschool",HOUSING,Housing,DIRECT_CONCORDANCE_UCC,PUBLISHED_CE_BASIS,LABSTAT_PUBLISHED,NOT_VERIFIED,NOT_ESTABLISHED,UNKNOWN,EB031,EDUCATION_COMMUNICATION,DIRECT,40335.000000,OBSERVED,9.670000,false,,,,,NOT_APPLICABLE,UNCLAIMED,,,,,NOT_APPLICABLE,RETAINED,40335.000000,,,,,,,,,NOT_APPLICABLE,ELIGIBLE,
690111,ALL_CU,Computers and computer hardware for nonbusiness use,HOUSING,Housing,DIRECT_CONCORDANCE_UCC,PUBLISHED_CE_BASIS,LABSTAT_PUBLISHED,NOT_VERIFIED,NOT_ESTABLISHED,UNKNOWN,EE011,EDUCATION_COMMUNICATION,DIRECT,24175.000000,OBSERVED,5.340000,false,,,,,NOT_APPLICABLE,UNCLAIMED,,,,,NOT_APPLICABLE,RETAINED,24175.000000,,,,,,,,,NOT_APPLICABLE,ELIGIBLE,
690111,Q1,Computers and computer hardware for nonbusiness use,HOUSING,Housing,DIRECT_CONCORDANCE_UCC,PUBLISHED_CE_BASIS,LABSTAT_PUBLISHED,NOT_VERIFIED,NOT_ESTABLISHED,UNKNOWN,EE011,EDUCATION_COMMUNICATION,DIRECT,2373.000000,OBSERVED,9.610000,false,,,,,NOT_APPLICABLE,UNCLAIMED,,,,,NOT_APPLICABLE,RETAINED,2373.000000,,,,,,,,,NOT_APPLICABLE,ELIGIBLE,
690111,Q2,Computers and computer hardware for nonbusiness use,HOUSING,Housing,DIRECT_CONCORDANCE_UCC,PUBLISHED_CE_BASIS,LABSTAT_PUBLISHED,NOT_VERIFIED,NOT_ESTABLISHED,UNKNOWN,EE011,EDUCATION_COMMUNICATION,DIRECT,1941.000000,OBSERVED,15.060000,false,,,,,NOT_APPLICABLE,UNCLAIMED,,,,,NOT_APPLICABLE,RETAINED,1941.000000,,,,,,,,,NOT_APPLICABLE,ELIGIBLE,
690111,Q3,Computers and computer hardware for nonbusiness use,HOUSING,Housing,DIRECT_CONCORDANCE_UCC,PUBLISHED_CE_BASIS,LABSTAT_PUBLISHED,NOT_VERIFIED,NOT_ESTABLISHED,UNKNOWN,EE011,EDUCATION_COMMUNICATION,DIRECT,3798.000000,OBSERVED,9.850000,false,,,,,NOT_APPLICABLE,UNCLAIMED,,,,,NOT_APPLICABLE,RETAINED,3798.000000,,,,,,,,,NOT_APPLICABLE,ELIGIBLE,
690111,Q4,Computers and computer hardware for nonbusiness use,HOUSING,Housing,DIRECT_CONCORDANCE_UCC,PUBLISHED_CE_BASIS,LABSTAT_PUBLISHED,NOT_VERIFIED,NOT_ESTABLISHED,UNKNOWN,EE011,EDUCATION_COMMUNICATION,DIRECT,4794.000000,OBSERVED,11.660000,false,,,,,NOT_APPLICABLE,UNCLAIMED,,,,,NOT_APPLICABLE,RETAINED,4794.000000,,,,,,,,,NOT_APPLICABLE,ELIGIBLE,
690111,Q5,Computers and computer hardware for nonbusiness use,HOUSING,Housing,DIRECT_CONCORDANCE_UCC,PUBLISHED_CE_BASIS,LABSTAT_PUBLISHED,NOT_VERIFIED,NOT_ESTABLISHED,UNKNOWN,EE011,EDUCATION_COMMUNICATION,DIRECT,11269.000000,OBSERVED,8.370000,false,,,,,NOT_APPLICABLE,UNCLAIMED,,,,,NOT_APPLICABLE,RETAINED,11269.000000,,,,,,,,,NOT_APPLICABLE,ELIGIBLE,
690113,ALL_CU,Repair of computer systems for nonbusiness use,HOUSING,Housing,DIRECT_CONCORDANCE_UCC,PUBLISHED_CE_BASIS,LABSTAT_PUBLISHED,NOT_VERIFIED,NOT_ESTABLISHED,UNKNOWN,EE090,EDUCATION_COMMUNICATION,DIRECT,1022.000000,OBSERVED,15.600000,false,,,,,NOT_APPLICABLE,UNCLAIMED,,,,,NOT_APPLICABLE,RETAINED,1022.000000,,,,,,,,,NOT_APPLICABLE,ELIGIBLE,
690113,Q1,Repair of computer systems for nonbusiness use,HOUSING,Housing,DIRECT_CONCORDANCE_UCC,PUBLISHED_CE_BASIS,LABSTAT_PUBLISHED,NOT_VERIFIED,NOT_ESTABLISHED,UNKNOWN,EE090,EDUCATION_COMMUNICATION,DIRECT,110.000000,OBSERVED,31.970000,true,,,,,NOT_APPLICABLE,UNCLAIMED,,,,,NOT_APPLICABLE,RETAINED,110.000000,,,,,,,,,NOT_APPLICABLE,ELIGIBLE,
690113,Q2,Repair of computer systems for nonbusiness use,HOUSING,Housing,DIRECT_CONCORDANCE_UCC,PUBLISHED_CE_BASIS,LABSTAT_PUBLISHED,NOT_VERIFIED,NOT_ESTABLISHED,UNKNOWN,EE090,EDUCATION_COMMUNICATION,DIRECT,149.000000,OBSERVED,26.070000,true,,,,,NOT_APPLICABLE,UNCLAIMED,,,,,NOT_APPLICABLE,RETAINED,149.000000,,,,,,,,,NOT_APPLICABLE,ELIGIBLE,
690113,Q3,Repair of computer systems for nonbusiness use,HOUSING,Housing,DIRECT_CONCORDANCE_UCC,PUBLISHED_CE_BASIS,LABSTAT_PUBLISHED,NOT_VERIFIED,NOT_ESTABLISHED,UNKNOWN,EE090,EDUCATION_COMMUNICATION,DIRECT,134.000000,OBSERVED,22.730000,false,,,,,NOT_APPLICABLE,UNCLAIMED,,,,,NOT_APPLICABLE,RETAINED,134.000000,,,,,,,,,NOT_APPLICABLE,ELIGIBLE,
690113,Q4,Repair of computer systems for nonbusiness use,HOUSING,Housing,DIRECT_CONCORDANCE_UCC,PUBLISHED_CE_BASIS,LABSTAT_PUBLISHED,NOT_VERIFIED,NOT_ESTABLISHED,UNKNOWN,EE090,EDUCATION_COMMUNICATION,DIRECT,266.000000,OBSERVED,28.170000,true,,,,,NOT_APPLICABLE,UNCLAIMED,,,,,NOT_APPLICABLE,RETAINED,266.000000,,,,,,,,,NOT_APPLICABLE,ELIGIBLE,
690113,Q5,Repair of computer systems for nonbusiness use,HOUSING,Housing,DIRECT_CONCORDANCE_UCC,PUBLISHED_CE_BASIS,LABSTAT_PUBLISHED,NOT_VERIFIED,NOT_ESTABLISHED,UNKNOWN,EE090,EDUCATION_COMMUNICATION,DIRECT,363.000000,OBSERVED,20.540000,false,,,,,NOT_APPLICABLE,UNCLAIMED,,,,,NOT_APPLICABLE,RETAINED,363.000000,,,,,,,,,NOT_APPLICABLE,ELIGIBLE,
690114,ALL_CU,Computer information services (internet),HOUSING,Housing,DIRECT_CONCORDANCE_UCC,PUBLISHED_CE_BASIS,LABSTAT_PUBLISHED,NOT_VERIFIED,NOT_ESTABLISHED,UNKNOWN,EE031,EDUCATION_COMMUNICATION,DIRECT,94747.000000,OBSERVED,1.450000,false,,,,,NOT_APPLICABLE,UNCLAIMED,,,,,NOT_APPLICABLE,RETAINED,94747.000000,,,,,,,,,NOT_APPLICABLE,ELIGIBLE,
690114,Q1,Computer information services (internet),HOUSING,Housing,DIRECT_CONCORDANCE_UCC,PUBLISHED_CE_BASIS,LABSTAT_PUBLISHED,NOT_VERIFIED,NOT_ESTABLISHED,UNKNOWN,EE031,EDUCATION_COMMUNICATION,DIRECT,11220.000000,OBSERVED,3.420000,false,,,,,NOT_APPLICABLE,UNCLAIMED,,,,,NOT_APPLICABLE,RETAINED,11220.000000,,,,,,,,,NOT_APPLICABLE,ELIGIBLE,
690114,Q2,Computer information services (internet),HOUSING,Housing,DIRECT_CONCORDANCE_UCC,PUBLISHED_CE_BASIS,LABSTAT_PUBLISHED,NOT_VERIFIED,NOT_ESTABLISHED,UNKNOWN,EE031,EDUCATION_COMMUNICATION,DIRECT,16441.000000,OBSERVED,2.410000,false,,,,,NOT_APPLICABLE,UNCLAIMED,,,,,NOT_APPLICABLE,RETAINED,16441.000000,,,,,,,,,NOT_APPLICABLE,ELIGIBLE,
690114,Q3,Computer information services (internet),HOUSING,Housing,DIRECT_CONCORDANCE_UCC,PUBLISHED_CE_BASIS,LABSTAT_PUBLISHED,NOT_VERIFIED,NOT_ESTABLISHED,UNKNOWN,EE031,EDUCATION_COMMUNICATION,DIRECT,19582.000000,OBSERVED,2.260000,false,,,,,NOT_APPLICABLE,UNCLAIMED,,,,,NOT_APPLICABLE,RETAINED,19582.000000,,,,,,,,,NOT_APPLICABLE,ELIGIBLE,
690114,Q4,Computer information services (internet),HOUSING,Housing,DIRECT_CONCORDANCE_UCC,PUBLISHED_CE_BASIS,LABSTAT_PUBLISHED,NOT_VERIFIED,NOT_ESTABLISHED,UNKNOWN,EE031,EDUCATION_COMMUNICATION,DIRECT,22210.000000,OBSERVED,1.740000,false,,,,,NOT_APPLICABLE,UNCLAIMED,,,,,NOT_APPLICABLE,RETAINED,22210.000000,,,,,,,,,NOT_APPLICABLE,ELIGIBLE,
690114,Q5,Computer information services (internet),HOUSING,Housing,DIRECT_CONCORDANCE_UCC,PUBLISHED_CE_BASIS,LABSTAT_PUBLISHED,NOT_VERIFIED,NOT_ESTABLISHED,UNKNOWN,EE031,EDUCATION_COMMUNICATION,DIRECT,25294.000000,OBSERVED,1.400000,false,,,,,NOT_APPLICABLE,UNCLAIMED,,,,,NOT_APPLICABLE,RETAINED,25294.000000,,,,,,,,,NOT_APPLICABLE,ELIGIBLE,
690116,ALL_CU,Internet services away from home,HOUSING,Housing,DIRECT_CONCORDANCE_UCC,PUBLISHED_CE_BASIS,LABSTAT_PUBLISHED,NOT_VERIFIED,NOT_ESTABLISHED,UNKNOWN,EE031,EDUCATION_COMMUNICATION,DIRECT,494.000000,OBSERVED,10.850000,false,,,,,NOT_APPLICABLE,UNCLAIMED,,,,,NOT_APPLICABLE,RETAINED,494.000000,,,,,,,,,NOT_APPLICABLE,ELIGIBLE,
690116,Q1,Internet services away from home,HOUSING,Housing,DIRECT_CONCORDANCE_UCC,PUBLISHED_CE_BASIS,LABSTAT_PUBLISHED,NOT_VERIFIED,NOT_ESTABLISHED,UNKNOWN,EE031,EDUCATION_COMMUNICATION,DIRECT,33.000000,OBSERVED,40.600000,true,,,,,NOT_APPLICABLE,UNCLAIMED,,,,,NOT_APPLICABLE,RETAINED,33.000000,,,,,,,,,NOT_APPLICABLE,ELIGIBLE,
690116,Q2,Internet services away from home,HOUSING,Housing,DIRECT_CONCORDANCE_UCC,PUBLISHED_CE_BASIS,LABSTAT_PUBLISHED,NOT_VERIFIED,NOT_ESTABLISHED,UNKNOWN,EE031,EDUCATION_COMMUNICATION,DIRECT,34.000000,OBSERVED,29.440000,true,,,,,NOT_APPLICABLE,UNCLAIMED,,,,,NOT_APPLICABLE,RETAINED,34.000000,,,,,,,,,NOT_APPLICABLE,ELIGIBLE,
690116,Q3,Internet services away from home,HOUSING,Housing,DIRECT_CONCORDANCE_UCC,PUBLISHED_CE_BASIS,LABSTAT_PUBLISHED,NOT_VERIFIED,NOT_ESTABLISHED,UNKNOWN,EE031,EDUCATION_COMMUNICATION,DIRECT,112.000000,OBSERVED,30.190000,true,,,,,NOT_APPLICABLE,UNCLAIMED,,,,,NOT_APPLICABLE,RETAINED,112.000000,,,,,,,,,NOT_APPLICABLE,ELIGIBLE,
690116,Q4,Internet services away from home,HOUSING,Housing,DIRECT_CONCORDANCE_UCC,PUBLISHED_CE_BASIS,LABSTAT_PUBLISHED,NOT_VERIFIED,NOT_ESTABLISHED,UNKNOWN,EE031,EDUCATION_COMMUNICATION,DIRECT,113.000000,OBSERVED,12.750000,false,,,,,NOT_APPLICABLE,UNCLAIMED,,,,,NOT_APPLICABLE,RETAINED,113.000000,,,,,,,,,NOT_APPLICABLE,ELIGIBLE,
690116,Q5,Internet services away from home,HOUSING,Housing,DIRECT_CONCORDANCE_UCC,PUBLISHED_CE_BASIS,LABSTAT_PUBLISHED,NOT_VERIFIED,NOT_ESTABLISHED,UNKNOWN,EE031,EDUCATION_COMMUNICATION,DIRECT,202.000000,OBSERVED,15.640000,false,,,,,NOT_APPLICABLE,UNCLAIMED,,,,,NOT_APPLICABLE,RETAINED,202.000000,,,,,,,,,NOT_APPLICABLE,ELIGIBLE,
690117,ALL_CU,Portable memory,HOUSING,Housing,DIRECT_CONCORDANCE_UCC,PUBLISHED_CE_BASIS,LABSTAT_PUBLISHED,NOT_VERIFIED,NOT_ESTABLISHED,UNKNOWN,EE021,EDUCATION_COMMUNICATION,DIRECT,510.000000,OBSERVED,11.000000,false,,,,,NOT_APPLICABLE,UNCLAIMED,,,,,NOT_APPLICABLE,RETAINED,510.000000,,,,,,,,,NOT_APPLICABLE,ELIGIBLE,
690117,Q1,Portable memory,HOUSING,Housing,DIRECT_CONCORDANCE_UCC,PUBLISHED_CE_BASIS,LABSTAT_PUBLISHED,NOT_VERIFIED,NOT_ESTABLISHED,UNKNOWN,EE021,EDUCATION_COMMUNICATION,DIRECT,70.000000,OBSERVED,25.790000,true,,,,,NOT_APPLICABLE,UNCLAIMED,,,,,NOT_APPLICABLE,RETAINED,70.000000,,,,,,,,,NOT_APPLICABLE,ELIGIBLE,
690117,Q2,Portable memory,HOUSING,Housing,DIRECT_CONCORDANCE_UCC,PUBLISHED_CE_BASIS,LABSTAT_PUBLISHED,NOT_VERIFIED,NOT_ESTABLISHED,UNKNOWN,EE021,EDUCATION_COMMUNICATION,DIRECT,49.000000,OBSERVED,25.740000,true,,,,,NOT_APPLICABLE,UNCLAIMED,,,,,NOT_APPLICABLE,RETAINED,49.000000,,,,,,,,,NOT_APPLICABLE,ELIGIBLE,
690117,Q3,Portable memory,HOUSING,Housing,DIRECT_CONCORDANCE_UCC,PUBLISHED_CE_BASIS,LABSTAT_PUBLISHED,NOT_VERIFIED,NOT_ESTABLISHED,UNKNOWN,EE021,EDUCATION_COMMUNICATION,DIRECT,127.000000,OBSERVED,36.140000,true,,,,,NOT_APPLICABLE,UNCLAIMED,,,,,NOT_APPLICABLE,RETAINED,127.000000,,,,,,,,,NOT_APPLICABLE,ELIGIBLE,
690117,Q4,Portable memory,HOUSING,Housing,DIRECT_CONCORDANCE_UCC,PUBLISHED_CE_BASIS,LABSTAT_PUBLISHED,NOT_VERIFIED,NOT_ESTABLISHED,UNKNOWN,EE021,EDUCATION_COMMUNICATION,DIRECT,59.000000,OBSERVED,18.880000,false,,,,,NOT_APPLICABLE,UNCLAIMED,,,,,NOT_APPLICABLE,RETAINED,59.000000,,,,,,,,,NOT_APPLICABLE,ELIGIBLE,
690117,Q5,Portable memory,HOUSING,Housing,DIRECT_CONCORDANCE_UCC,PUBLISHED_CE_BASIS,LABSTAT_PUBLISHED,NOT_VERIFIED,NOT_ESTABLISHED,UNKNOWN,EE021,EDUCATION_COMMUNICATION,DIRECT,204.000000,OBSERVED,17.260000,false,,,,,NOT_APPLICABLE,UNCLAIMED,,,,,NOT_APPLICABLE,RETAINED,204.000000,,,,,,,,,NOT_APPLICABLE,ELIGIBLE,
690119,ALL_CU,Computer software,HOUSING,Housing,DIRECT_CONCORDANCE_UCC,PUBLISHED_CE_BASIS,LABSTAT_PUBLISHED,NOT_VERIFIED,NOT_ESTABLISHED,UNKNOWN,EE021,EDUCATION_COMMUNICATION,DIRECT,3724.000000,OBSERVED,12.510000,false,,,,,NOT_APPLICABLE,UNCLAIMED,,,,,NOT_APPLICABLE,RETAINED,3724.000000,,,,,,,,,NOT_APPLICABLE,ELIGIBLE,
690119,Q1,Computer software,HOUSING,Housing,DIRECT_CONCORDANCE_UCC,PUBLISHED_CE_BASIS,LABSTAT_PUBLISHED,NOT_VERIFIED,NOT_ESTABLISHED,UNKNOWN,EE021,EDUCATION_COMMUNICATION,DIRECT,319.000000,OBSERVED,50.420000,true,,,,,NOT_APPLICABLE,UNCLAIMED,,,,,NOT_APPLICABLE,RETAINED,319.000000,,,,,,,,,NOT_APPLICABLE,ELIGIBLE,
690119,Q2,Computer software,HOUSING,Housing,DIRECT_CONCORDANCE_UCC,PUBLISHED_CE_BASIS,LABSTAT_PUBLISHED,NOT_VERIFIED,NOT_ESTABLISHED,UNKNOWN,EE021,EDUCATION_COMMUNICATION,DIRECT,374.000000,OBSERVED,27.660000,true,,,,,NOT_APPLICABLE,UNCLAIMED,,,,,NOT_APPLICABLE,RETAINED,374.000000,,,,,,,,,NOT_APPLICABLE,ELIGIBLE,
690119,Q3,Computer software,HOUSING,Housing,DIRECT_CONCORDANCE_UCC,PUBLISHED_CE_BASIS,LABSTAT_PUBLISHED,NOT_VERIFIED,NOT_ESTABLISHED,UNKNOWN,EE021,EDUCATION_COMMUNICATION,DIRECT,706.000000,OBSERVED,31.900000,true,,,,,NOT_APPLICABLE,UNCLAIMED,,,,,NOT_APPLICABLE,RETAINED,706.000000,,,,,,,,,NOT_APPLICABLE,ELIGIBLE,
690119,Q4,Computer software,HOUSING,Housing,DIRECT_CONCORDANCE_UCC,PUBLISHED_CE_BASIS,LABSTAT_PUBLISHED,NOT_VERIFIED,NOT_ESTABLISHED,UNKNOWN,EE021,EDUCATION_COMMUNICATION,DIRECT,647.000000,OBSERVED,27.670000,true,,,,,NOT_APPLICABLE,UNCLAIMED,,,,,NOT_APPLICABLE,RETAINED,647.000000,,,,,,,,,NOT_APPLICABLE,ELIGIBLE,
690119,Q5,Computer software,HOUSING,Housing,DIRECT_CONCORDANCE_UCC,PUBLISHED_CE_BASIS,LABSTAT_PUBLISHED,NOT_VERIFIED,NOT_ESTABLISHED,UNKNOWN,EE021,EDUCATION_COMMUNICATION,DIRECT,1678.000000,OBSERVED,19.300000,false,,,,,NOT_APPLICABLE,UNCLAIMED,,,,,NOT_APPLICABLE,RETAINED,1678.000000,,,,,,,,,NOT_APPLICABLE,ELIGIBLE,
690120,ALL_CU,Computer accessories,HOUSING,Housing,DIRECT_CONCORDANCE_UCC,PUBLISHED_CE_BASIS,LABSTAT_PUBLISHED,NOT_VERIFIED,NOT_ESTABLISHED,UNKNOWN,EE011,EDUCATION_COMMUNICATION,DIRECT,3820.000000,OBSERVED,13.850000,false,,,,,NOT_APPLICABLE,UNCLAIMED,,,,,NOT_APPLICABLE,RETAINED,3820.000000,,,,,,,,,NOT_APPLICABLE,ELIGIBLE,
690120,Q1,Computer accessories,HOUSING,Housing,DIRECT_CONCORDANCE_UCC,PUBLISHED_CE_BASIS,LABSTAT_PUBLISHED,NOT_VERIFIED,NOT_ESTABLISHED,UNKNOWN,EE011,EDUCATION_COMMUNICATION,DIRECT,413.000000,OBSERVED,36.430000,true,,,,,NOT_APPLICABLE,UNCLAIMED,,,,,NOT_APPLICABLE,RETAINED,413.000000,,,,,,,,,NOT_APPLICABLE,ELIGIBLE,
690120,Q2,Computer accessories,HOUSING,Housing,DIRECT_CONCORDANCE_UCC,PUBLISHED_CE_BASIS,LABSTAT_PUBLISHED,NOT_VERIFIED,NOT_ESTABLISHED,UNKNOWN,EE011,EDUCATION_COMMUNICATION,DIRECT,956.000000,OBSERVED,25.580000,true,,,,,NOT_APPLICABLE,UNCLAIMED,,,,,NOT_APPLICABLE,RETAINED,956.000000,,,,,,,,,NOT_APPLICABLE,ELIGIBLE,
690120,Q3,Computer accessories,HOUSING,Housing,DIRECT_CONCORDANCE_UCC,PUBLISHED_CE_BASIS,LABSTAT_PUBLISHED,NOT_VERIFIED,NOT_ESTABLISHED,UNKNOWN,EE011,EDUCATION_COMMUNICATION,DIRECT,753.000000,OBSERVED,40.000000,true,,,,,NOT_APPLICABLE,UNCLAIMED,,,,,NOT_APPLICABLE,RETAINED,753.000000,,,,,,,,,NOT_APPLICABLE,ELIGIBLE,
690120,Q4,Computer accessories,HOUSING,Housing,DIRECT_CONCORDANCE_UCC,PUBLISHED_CE_BASIS,LABSTAT_PUBLISHED,NOT_VERIFIED,NOT_ESTABLISHED,UNKNOWN,EE011,EDUCATION_COMMUNICATION,DIRECT,540.000000,OBSERVED,24.710000,false,,,,,NOT_APPLICABLE,UNCLAIMED,,,,,NOT_APPLICABLE,RETAINED,540.000000,,,,,,,,,NOT_APPLICABLE,ELIGIBLE,
690120,Q5,Computer accessories,HOUSING,Housing,DIRECT_CONCORDANCE_UCC,PUBLISHED_CE_BASIS,LABSTAT_PUBLISHED,NOT_VERIFIED,NOT_ESTABLISHED,UNKNOWN,EE011,EDUCATION_COMMUNICATION,DIRECT,1158.000000,OBSERVED,22.960000,false,,,,,NOT_APPLICABLE,UNCLAIMED,,,,,NOT_APPLICABLE,RETAINED,1158.000000,,,,,,,,,NOT_APPLICABLE,ELIGIBLE,
690230,ALL_CU,Business equipment for home use,HOUSING,Housing,DIRECT_CONCORDANCE_UCC,PUBLISHED_CE_BASIS,LABSTAT_PUBLISHED,NOT_VERIFIED,NOT_ESTABLISHED,UNKNOWN,EE042,EDUCATION_COMMUNICATION,DIRECT,353.000000,OBSERVED,21.410000,false,,,,,NOT_APPLICABLE,UNCLAIMED,,,,,NOT_APPLICABLE,RETAINED,353.000000,,,,,,,,,NOT_APPLICABLE,ELIGIBLE,
690230,Q1,Business equipment for home use,HOUSING,Housing,DIRECT_CONCORDANCE_UCC,PUBLISHED_CE_BASIS,LABSTAT_PUBLISHED,NOT_VERIFIED,NOT_ESTABLISHED,UNKNOWN,EE042,EDUCATION_COMMUNICATION,DIRECT,16.000000,OBSERVED,37.040000,true,,,,,NOT_APPLICABLE,UNCLAIMED,,,,,NOT_APPLICABLE,RETAINED,16.000000,,,,,,,,,NOT_APPLICABLE,ELIGIBLE,
690230,Q2,Business equipment for home use,HOUSING,Housing,DIRECT_CONCORDANCE_UCC,PUBLISHED_CE_BASIS,LABSTAT_PUBLISHED,NOT_VERIFIED,NOT_ESTABLISHED,UNKNOWN,EE042,EDUCATION_COMMUNICATION,DIRECT,28.000000,OBSERVED,53.530000,true,,,,,NOT_APPLICABLE,UNCLAIMED,,,,,NOT_APPLICABLE,RETAINED,28.000000,,,,,,,,,NOT_APPLICABLE,ELIGIBLE,
690230,Q3,Business equipment for home use,HOUSING,Housing,DIRECT_CONCORDANCE_UCC,PUBLISHED_CE_BASIS,LABSTAT_PUBLISHED,NOT_VERIFIED,NOT_ESTABLISHED,UNKNOWN,EE042,EDUCATION_COMMUNICATION,DIRECT,62.000000,OBSERVED,39.190000,true,,,,,NOT_APPLICABLE,UNCLAIMED,,,,,NOT_APPLICABLE,RETAINED,62.000000,,,,,,,,,NOT_APPLICABLE,ELIGIBLE,
690230,Q4,Business equipment for home use,HOUSING,Housing,DIRECT_CONCORDANCE_UCC,PUBLISHED_CE_BASIS,LABSTAT_PUBLISHED,NOT_VERIFIED,NOT_ESTABLISHED,UNKNOWN,EE042,EDUCATION_COMMUNICATION,DIRECT,96.000000,OBSERVED,46.810000,true,,,,,NOT_APPLICABLE,UNCLAIMED,,,,,NOT_APPLICABLE,RETAINED,96.000000,,,,,,,,,NOT_APPLICABLE,ELIGIBLE,
690230,Q5,Business equipment for home use,HOUSING,Housing,DIRECT_CONCORDANCE_UCC,PUBLISHED_CE_BASIS,LABSTAT_PUBLISHED,NOT_VERIFIED,NOT_ESTABLISHED,UNKNOWN,EE042,EDUCATION_COMMUNICATION,DIRECT,151.000000,OBSERVED,27.820000,true,,,,,NOT_APPLICABLE,UNCLAIMED,,,,,NOT_APPLICABLE,RETAINED,151.000000,,,,,,,,,NOT_APPLICABLE,ELIGIBLE,
690244,ALL_CU,Other household appliances (renter),HOUSING,Housing,DIRECT_CONCORDANCE_UCC,PUBLISHED_CE_BASIS,LABSTAT_PUBLISHED,NOT_VERIFIED,NOT_ESTABLISHED,UNKNOWN,HK023,HOUSEHOLD_FURNISHINGS_OPERATIONS,DIRECT,421.000000,OBSERVED,17.490000,false,,,,,NOT_APPLICABLE,UNCLAIMED,,,,,NOT_APPLICABLE,RETAINED,421.000000,,,,,,,,,NOT_APPLICABLE,ELIGIBLE,
690244,Q1,Other household appliances (renter),HOUSING,Housing,DIRECT_CONCORDANCE_UCC,PUBLISHED_CE_BASIS,LABSTAT_PUBLISHED,NOT_VERIFIED,NOT_ESTABLISHED,UNKNOWN,HK023,HOUSEHOLD_FURNISHINGS_OPERATIONS,DIRECT,69.000000,OBSERVED,33.180000,true,,,,,NOT_APPLICABLE,UNCLAIMED,,,,,NOT_APPLICABLE,RETAINED,69.000000,,,,,,,,,NOT_APPLICABLE,ELIGIBLE,
690244,Q2,Other household appliances (renter),HOUSING,Housing,DIRECT_CONCORDANCE_UCC,PUBLISHED_CE_BASIS,LABSTAT_PUBLISHED,NOT_VERIFIED,NOT_ESTABLISHED,UNKNOWN,HK023,HOUSEHOLD_FURNISHINGS_OPERATIONS,DIRECT,95.000000,OBSERVED,35.720000,true,,,,,NOT_APPLICABLE,UNCLAIMED,,,,,NOT_APPLICABLE,RETAINED,95.000000,,,,,,,,,NOT_APPLICABLE,ELIGIBLE,
690244,Q3,Other household appliances (renter),HOUSING,Housing,DIRECT_CONCORDANCE_UCC,PUBLISHED_CE_BASIS,LABSTAT_PUBLISHED,NOT_VERIFIED,NOT_ESTABLISHED,UNKNOWN,HK023,HOUSEHOLD_FURNISHINGS_OPERATIONS,DIRECT,63.000000,OBSERVED,35.490000,true,,,,,NOT_APPLICABLE,UNCLAIMED,,,,,NOT_APPLICABLE,RETAINED,63.000000,,,,,,,,,NOT_APPLICABLE,ELIGIBLE,
690244,Q4,Other household appliances (renter),HOUSING,Housing,DIRECT_CONCORDANCE_UCC,PUBLISHED_CE_BASIS,LABSTAT_PUBLISHED,NOT_VERIFIED,NOT_ESTABLISHED,UNKNOWN,HK023,HOUSEHOLD_FURNISHINGS_OPERATIONS,DIRECT,133.000000,OBSERVED,35.320000,true,,,,,NOT_APPLICABLE,UNCLAIMED,,,,,NOT_APPLICABLE,RETAINED,133.000000,,,,,,,,,NOT_APPLICABLE,ELIGIBLE,
690244,Q5,Other household appliances (renter),HOUSING,Housing,DIRECT_CONCORDANCE_UCC,PUBLISHED_CE_BASIS,LABSTAT_PUBLISHED,NOT_VERIFIED,NOT_ESTABLISHED,UNKNOWN,HK023,HOUSEHOLD_FURNISHINGS_OPERATIONS,DIRECT,62.000000,OBSERVED,43.760000,true,,,,,NOT_APPLICABLE,UNCLAIMED,,,,,NOT_APPLICABLE,RETAINED,62.000000,,,,,,,,,NOT_APPLICABLE,ELIGIBLE,
690245,ALL_CU,Other household appliances (owned home),HOUSING,Housing,DIRECT_CONCORDANCE_UCC,PUBLISHED_CE_BASIS,LABSTAT_PUBLISHED,NOT_VERIFIED,NOT_ESTABLISHED,UNKNOWN,HK023,HOUSEHOLD_FURNISHINGS_OPERATIONS,DIRECT,1672.000000,OBSERVED,19.240000,false,,,,,NOT_APPLICABLE,UNCLAIMED,,,,,NOT_APPLICABLE,RETAINED,1672.000000,,,,,,,,,NOT_APPLICABLE,ELIGIBLE,
690245,Q1,Other household appliances (owned home),HOUSING,Housing,DIRECT_CONCORDANCE_UCC,PUBLISHED_CE_BASIS,LABSTAT_PUBLISHED,NOT_VERIFIED,NOT_ESTABLISHED,UNKNOWN,HK023,HOUSEHOLD_FURNISHINGS_OPERATIONS,DIRECT,275.000000,OBSERVED,76.970000,true,,,,,NOT_APPLICABLE,UNCLAIMED,,,,,NOT_APPLICABLE,RETAINED,275.000000,,,,,,,,,NOT_APPLICABLE,ELIGIBLE,
690245,Q2,Other household appliances (owned home),HOUSING,Housing,DIRECT_CONCORDANCE_UCC,PUBLISHED_CE_BASIS,LABSTAT_PUBLISHED,NOT_VERIFIED,NOT_ESTABLISHED,UNKNOWN,HK023,HOUSEHOLD_FURNISHINGS_OPERATIONS,DIRECT,181.000000,OBSERVED,26.080000,true,,,,,NOT_APPLICABLE,UNCLAIMED,,,,,NOT_APPLICABLE,RETAINED,181.000000,,,,,,,,,NOT_APPLICABLE,ELIGIBLE,
690245,Q3,Other household appliances (owned home),HOUSING,Housing,DIRECT_CONCORDANCE_UCC,PUBLISHED_CE_BASIS,LABSTAT_PUBLISHED,NOT_VERIFIED,NOT_ESTABLISHED,UNKNOWN,HK023,HOUSEHOLD_FURNISHINGS_OPERATIONS,DIRECT,258.000000,OBSERVED,30.410000,true,,,,,NOT_APPLICABLE,UNCLAIMED,,,,,NOT_APPLICABLE,RETAINED,258.000000,,,,,,,,,NOT_APPLICABLE,ELIGIBLE,
690245,Q4,Other household appliances (owned home),HOUSING,Housing,DIRECT_CONCORDANCE_UCC,PUBLISHED_CE_BASIS,LABSTAT_PUBLISHED,NOT_VERIFIED,NOT_ESTABLISHED,UNKNOWN,HK023,HOUSEHOLD_FURNISHINGS_OPERATIONS,DIRECT,319.000000,OBSERVED,27.010000,true,,,,,NOT_APPLICABLE,UNCLAIMED,,,,,NOT_APPLICABLE,RETAINED,319.000000,,,,,,,,,NOT_APPLICABLE,ELIGIBLE,
690245,Q5,Other household appliances (owned home),HOUSING,Housing,DIRECT_CONCORDANCE_UCC,PUBLISHED_CE_BASIS,LABSTAT_PUBLISHED,NOT_VERIFIED,NOT_ESTABLISHED,UNKNOWN,HK023,HOUSEHOLD_FURNISHINGS_OPERATIONS,DIRECT,640.000000,OBSERVED,29.650000,true,,,,,NOT_APPLICABLE,UNCLAIMED,,,,,NOT_APPLICABLE,RETAINED,640.000000,,,,,,,,,NOT_APPLICABLE,ELIGIBLE,
690310,ALL_CU,Installation of computers,HOUSING,Housing,DIRECT_CONCORDANCE_UCC,PUBLISHED_CE_BASIS,LABSTAT_PUBLISHED,NOT_VERIFIED,NOT_ESTABLISHED,UNKNOWN,EE011,EDUCATION_COMMUNICATION,DIRECT,25.000000,OBSERVED,51.980000,true,,,,,NOT_APPLICABLE,UNCLAIMED,,,,,NOT_APPLICABLE,RETAINED,25.000000,,,,,,,,,NOT_APPLICABLE,ELIGIBLE,
690310,Q1,Installation of computers,HOUSING,Housing,DIRECT_CONCORDANCE_UCC,PUBLISHED_CE_BASIS,LABSTAT_PUBLISHED,NOT_VERIFIED,NOT_ESTABLISHED,UNKNOWN,EE011,EDUCATION_COMMUNICATION,DIRECT,,SUPPRESSED,,,,,,,NOT_APPLICABLE,UNCLAIMED,,,,,NOT_APPLICABLE,RETAINED,,,,,,,,,,NOT_APPLICABLE,BLOCKED_AMOUNT_UNAVAILABLE,BLS publishes this series and did not publish this cell. The amount is unknown and is not zero.
690310,Q2,Installation of computers,HOUSING,Housing,DIRECT_CONCORDANCE_UCC,PUBLISHED_CE_BASIS,LABSTAT_PUBLISHED,NOT_VERIFIED,NOT_ESTABLISHED,UNKNOWN,EE011,EDUCATION_COMMUNICATION,DIRECT,3.000000,OBSERVED,101.280000,true,,,,,NOT_APPLICABLE,UNCLAIMED,,,,,NOT_APPLICABLE,RETAINED,3.000000,,,,,,,,,NOT_APPLICABLE,ELIGIBLE,
690310,Q3,Installation of computers,HOUSING,Housing,DIRECT_CONCORDANCE_UCC,PUBLISHED_CE_BASIS,LABSTAT_PUBLISHED,NOT_VERIFIED,NOT_ESTABLISHED,UNKNOWN,EE011,EDUCATION_COMMUNICATION,DIRECT,16.000000,OBSERVED,74.270000,true,,,,,NOT_APPLICABLE,UNCLAIMED,,,,,NOT_APPLICABLE,RETAINED,16.000000,,,,,,,,,NOT_APPLICABLE,ELIGIBLE,
690310,Q4,Installation of computers,HOUSING,Housing,DIRECT_CONCORDANCE_UCC,PUBLISHED_CE_BASIS,LABSTAT_PUBLISHED,NOT_VERIFIED,NOT_ESTABLISHED,UNKNOWN,EE011,EDUCATION_COMMUNICATION,DIRECT,6.000000,OBSERVED,75.630000,true,,,,,NOT_APPLICABLE,UNCLAIMED,,,,,NOT_APPLICABLE,RETAINED,6.000000,,,,,,,,,NOT_APPLICABLE,ELIGIBLE,
690310,Q5,Installation of computers,HOUSING,Housing,DIRECT_CONCORDANCE_UCC,PUBLISHED_CE_BASIS,LABSTAT_PUBLISHED,NOT_VERIFIED,NOT_ESTABLISHED,UNKNOWN,EE011,EDUCATION_COMMUNICATION,DIRECT,0.000000,OBSERVED,105.900000,true,,,,,NOT_APPLICABLE,UNCLAIMED,,,,,NOT_APPLICABLE,RETAINED,0.000000,,,,,,,,,NOT_APPLICABLE,ELIGIBLE,
790420,ALL_CU,"Alcoholic beverages at restaurants, taverns",ALCBEVG,Alcoholic beverages,DIRECT_CONCORDANCE_UCC,PUBLISHED_CE_BASIS,LABSTAT_PUBLISHED,NOT_VERIFIED,NOT_ESTABLISHED,UNKNOWN,FX011,ALCOHOLIC_BEVERAGES,DIRECT,37731.000000,OBSERVED,4.570000,false,,,,,NOT_APPLICABLE,UNCLAIMED,,,,,NOT_APPLICABLE,RETAINED,37731.000000,,,,,,,,,NOT_APPLICABLE,ELIGIBLE,
790420,Q1,"Alcoholic beverages at restaurants, taverns",ALCBEVG,Alcoholic beverages,DIRECT_CONCORDANCE_UCC,PUBLISHED_CE_BASIS,LABSTAT_PUBLISHED,NOT_VERIFIED,NOT_ESTABLISHED,UNKNOWN,FX011,ALCOHOLIC_BEVERAGES,DIRECT,2724.000000,OBSERVED,18.240000,false,,,,,NOT_APPLICABLE,UNCLAIMED,,,,,NOT_APPLICABLE,RETAINED,2724.000000,,,,,,,,,NOT_APPLICABLE,ELIGIBLE,
790420,Q2,"Alcoholic beverages at restaurants, taverns",ALCBEVG,Alcoholic beverages,DIRECT_CONCORDANCE_UCC,PUBLISHED_CE_BASIS,LABSTAT_PUBLISHED,NOT_VERIFIED,NOT_ESTABLISHED,UNKNOWN,FX011,ALCOHOLIC_BEVERAGES,DIRECT,4000.000000,OBSERVED,12.100000,false,,,,,NOT_APPLICABLE,UNCLAIMED,,,,,NOT_APPLICABLE,RETAINED,4000.000000,,,,,,,,,NOT_APPLICABLE,ELIGIBLE,
790420,Q3,"Alcoholic beverages at restaurants, taverns",ALCBEVG,Alcoholic beverages,DIRECT_CONCORDANCE_UCC,PUBLISHED_CE_BASIS,LABSTAT_PUBLISHED,NOT_VERIFIED,NOT_ESTABLISHED,UNKNOWN,FX011,ALCOHOLIC_BEVERAGES,DIRECT,5698.000000,OBSERVED,9.370000,false,,,,,NOT_APPLICABLE,UNCLAIMED,,,,,NOT_APPLICABLE,RETAINED,5698.000000,,,,,,,,,NOT_APPLICABLE,ELIGIBLE,
790420,Q4,"Alcoholic beverages at restaurants, taverns",ALCBEVG,Alcoholic beverages,DIRECT_CONCORDANCE_UCC,PUBLISHED_CE_BASIS,LABSTAT_PUBLISHED,NOT_VERIFIED,NOT_ESTABLISHED,UNKNOWN,FX011,ALCOHOLIC_BEVERAGES,DIRECT,8082.000000,OBSERVED,9.630000,false,,,,,NOT_APPLICABLE,UNCLAIMED,,,,,NOT_APPLICABLE,RETAINED,8082.000000,,,,,,,,,NOT_APPLICABLE,ELIGIBLE,
790420,Q5,"Alcoholic beverages at restaurants, taverns",ALCBEVG,Alcoholic beverages,DIRECT_CONCORDANCE_UCC,PUBLISHED_CE_BASIS,LABSTAT_PUBLISHED,NOT_VERIFIED,NOT_ESTABLISHED,UNKNOWN,FX011,ALCOHOLIC_BEVERAGES,DIRECT,17226.000000,OBSERVED,6.910000,false,,,,,NOT_APPLICABLE,UNCLAIMED,,,,,NOT_APPLICABLE,RETAINED,17226.000000,,,,,,,,,NOT_APPLICABLE,ELIGIBLE,
790690,ALL_CU,Construction materials for jobs not started,HOUSING,Housing,PUBLISHED_CE_UCC,PUBLISHED_CE_BASIS,LABSTAT_PUBLISHED,NOT_VERIFIED,NOT_ESTABLISHED,UNKNOWN,,,UNRESOLVED,386.000000,OBSERVED,46.890000,true,OS_CPI_CAPITAL_IMPROVEMENT_v0_1,CE_CPI_SCOPE_RULES_V0_3,EXCLUDE,ACCEPTED,CURRENT_EFFECTIVE,SOURCE,OUT_OF_SCOPE,OUT_OF_SCOPE,,,NOT_APPLICABLE,EXCLUDED,,386.000000,,,,,,,,NOT_APPLICABLE,EXCLUDED_FROM_BASIS,
790690,Q1,Construction materials for jobs not started,HOUSING,Housing,PUBLISHED_CE_UCC,PUBLISHED_CE_BASIS,LABSTAT_PUBLISHED,NOT_VERIFIED,NOT_ESTABLISHED,UNKNOWN,,,UNRESOLVED,34.000000,OBSERVED,29.370000,true,OS_CPI_CAPITAL_IMPROVEMENT_v0_1,CE_CPI_SCOPE_RULES_V0_3,EXCLUDE,ACCEPTED,CURRENT_EFFECTIVE,SOURCE,OUT_OF_SCOPE,OUT_OF_SCOPE,,,NOT_APPLICABLE,EXCLUDED,,34.000000,,,,,,,,NOT_APPLICABLE,EXCLUDED_FROM_BASIS,
790690,Q2,Construction materials for jobs not started,HOUSING,Housing,PUBLISHED_CE_UCC,PUBLISHED_CE_BASIS,LABSTAT_PUBLISHED,NOT_VERIFIED,NOT_ESTABLISHED,UNKNOWN,,,UNRESOLVED,49.000000,OBSERVED,32.910000,true,OS_CPI_CAPITAL_IMPROVEMENT_v0_1,CE_CPI_SCOPE_RULES_V0_3,EXCLUDE,ACCEPTED,CURRENT_EFFECTIVE,SOURCE,OUT_OF_SCOPE,OUT_OF_SCOPE,,,NOT_APPLICABLE,EXCLUDED,,49.000000,,,,,,,,NOT_APPLICABLE,EXCLUDED_FROM_BASIS,
790690,Q3,Construction materials for jobs not started,HOUSING,Housing,PUBLISHED_CE_UCC,PUBLISHED_CE_BASIS,LABSTAT_PUBLISHED,NOT_VERIFIED,NOT_ESTABLISHED,UNKNOWN,,,UNRESOLVED,54.000000,OBSERVED,35.020000,true,OS_CPI_CAPITAL_IMPROVEMENT_v0_1,CE_CPI_SCOPE_RULES_V0_3,EXCLUDE,ACCEPTED,CURRENT_EFFECTIVE,SOURCE,OUT_OF_SCOPE,OUT_OF_SCOPE,,,NOT_APPLICABLE,EXCLUDED,,54.000000,,,,,,,,NOT_APPLICABLE,EXCLUDED_FROM_BASIS,
790690,Q4,Construction materials for jobs not started,HOUSING,Housing,PUBLISHED_CE_UCC,PUBLISHED_CE_BASIS,LABSTAT_PUBLISHED,NOT_VERIFIED,NOT_ESTABLISHED,UNKNOWN,,,UNRESOLVED,27.000000,OBSERVED,24.760000,false,OS_CPI_CAPITAL_IMPROVEMENT_v0_1,CE_CPI_SCOPE_RULES_V0_3,EXCLUDE,ACCEPTED,CURRENT_EFFECTIVE,SOURCE,OUT_OF_SCOPE,OUT_OF_SCOPE,,,NOT_APPLICABLE,EXCLUDED,,27.000000,,,,,,,,NOT_APPLICABLE,EXCLUDED_FROM_BASIS,
790690,Q5,Construction materials for jobs not started,HOUSING,Housing,PUBLISHED_CE_UCC,PUBLISHED_CE_BASIS,LABSTAT_PUBLISHED,NOT_VERIFIED,NOT_ESTABLISHED,UNKNOWN,,,UNRESOLVED,222.000000,OBSERVED,82.320000,true,OS_CPI_CAPITAL_IMPROVEMENT_v0_1,CE_CPI_SCOPE_RULES_V0_3,EXCLUDE,ACCEPTED,CURRENT_EFFECTIVE,SOURCE,OUT_OF_SCOPE,OUT_OF_SCOPE,,,NOT_APPLICABLE,EXCLUDED,,222.000000,,,,,,,,NOT_APPLICABLE,EXCLUDED_FROM_BASIS,
800700,ALL_CU,Meals as pay,FOODTOTL,Food,DIRECT_CONCORDANCE_UCC,PUBLISHED_CE_BASIS,LABSTAT_PUBLISHED,NOT_VERIFIED,NOT_ESTABLISHED,UNKNOWN,FV051,FOOD,DIRECT,6175.000000,OBSERVED,15.440000,false,,,,,NOT_APPLICABLE,UNCLAIMED,,,,,NOT_APPLICABLE,RETAINED,6175.000000,,,,,,,,,NOT_APPLICABLE,ELIGIBLE,
800700,Q1,Meals as pay,FOODTOTL,Food,DIRECT_CONCORDANCE_UCC,PUBLISHED_CE_BASIS,LABSTAT_PUBLISHED,NOT_VERIFIED,NOT_ESTABLISHED,UNKNOWN,FV051,FOOD,DIRECT,1023.000000,OBSERVED,26.210000,true,,,,,NOT_APPLICABLE,UNCLAIMED,,,,,NOT_APPLICABLE,RETAINED,1023.000000,,,,,,,,,NOT_APPLICABLE,ELIGIBLE,
800700,Q2,Meals as pay,FOODTOTL,Food,DIRECT_CONCORDANCE_UCC,PUBLISHED_CE_BASIS,LABSTAT_PUBLISHED,NOT_VERIFIED,NOT_ESTABLISHED,UNKNOWN,FV051,FOOD,DIRECT,1570.000000,OBSERVED,32.010000,true,,,,,NOT_APPLICABLE,UNCLAIMED,,,,,NOT_APPLICABLE,RETAINED,1570.000000,,,,,,,,,NOT_APPLICABLE,ELIGIBLE,
800700,Q3,Meals as pay,FOODTOTL,Food,DIRECT_CONCORDANCE_UCC,PUBLISHED_CE_BASIS,LABSTAT_PUBLISHED,NOT_VERIFIED,NOT_ESTABLISHED,UNKNOWN,FV051,FOOD,DIRECT,983.000000,OBSERVED,24.230000,false,,,,,NOT_APPLICABLE,UNCLAIMED,,,,,NOT_APPLICABLE,RETAINED,983.000000,,,,,,,,,NOT_APPLICABLE,ELIGIBLE,
800700,Q4,Meals as pay,FOODTOTL,Food,DIRECT_CONCORDANCE_UCC,PUBLISHED_CE_BASIS,LABSTAT_PUBLISHED,NOT_VERIFIED,NOT_ESTABLISHED,UNKNOWN,FV051,FOOD,DIRECT,919.000000,OBSERVED,36.300000,true,,,,,NOT_APPLICABLE,UNCLAIMED,,,,,NOT_APPLICABLE,RETAINED,919.000000,,,,,,,,,NOT_APPLICABLE,ELIGIBLE,
800700,Q5,Meals as pay,FOODTOTL,Food,DIRECT_CONCORDANCE_UCC,PUBLISHED_CE_BASIS,LABSTAT_PUBLISHED,NOT_VERIFIED,NOT_ESTABLISHED,UNKNOWN,FV051,FOOD,DIRECT,1681.000000,OBSERVED,24.250000,false,,,,,NOT_APPLICABLE,UNCLAIMED,,,,,NOT_APPLICABLE,RETAINED,1681.000000,,,,,,,,,NOT_APPLICABLE,ELIGIBLE,
800710,ALL_CU,Rent as pay,HOUSING,Housing,DIRECT_CONCORDANCE_UCC,PUBLISHED_CE_BASIS,LABSTAT_PUBLISHED,NOT_VERIFIED,NOT_ESTABLISHED,UNKNOWN,HA011,SHELTER,DIRECT,10282.000000,OBSERVED,14.080000,false,,,,,NOT_APPLICABLE,UNCLAIMED,,,,,NOT_APPLICABLE,RETAINED,10282.000000,,,,,,,,,NOT_APPLICABLE,ELIGIBLE,
800710,Q1,Rent as pay,HOUSING,Housing,DIRECT_CONCORDANCE_UCC,PUBLISHED_CE_BASIS,LABSTAT_PUBLISHED,NOT_VERIFIED,NOT_ESTABLISHED,UNKNOWN,HA011,SHELTER,DIRECT,3755.000000,OBSERVED,20.590000,false,,,,,NOT_APPLICABLE,UNCLAIMED,,,,,NOT_APPLICABLE,RETAINED,3755.000000,,,,,,,,,NOT_APPLICABLE,ELIGIBLE,
800710,Q2,Rent as pay,HOUSING,Housing,DIRECT_CONCORDANCE_UCC,PUBLISHED_CE_BASIS,LABSTAT_PUBLISHED,NOT_VERIFIED,NOT_ESTABLISHED,UNKNOWN,HA011,SHELTER,DIRECT,1778.000000,OBSERVED,27.710000,true,,,,,NOT_APPLICABLE,UNCLAIMED,,,,,NOT_APPLICABLE,RETAINED,1778.000000,,,,,,,,,NOT_APPLICABLE,ELIGIBLE,
800710,Q3,Rent as pay,HOUSING,Housing,DIRECT_CONCORDANCE_UCC,PUBLISHED_CE_BASIS,LABSTAT_PUBLISHED,NOT_VERIFIED,NOT_ESTABLISHED,UNKNOWN,HA011,SHELTER,DIRECT,2066.000000,OBSERVED,29.370000,true,,,,,NOT_APPLICABLE,UNCLAIMED,,,,,NOT_APPLICABLE,RETAINED,2066.000000,,,,,,,,,NOT_APPLICABLE,ELIGIBLE,
800710,Q4,Rent as pay,HOUSING,Housing,DIRECT_CONCORDANCE_UCC,PUBLISHED_CE_BASIS,LABSTAT_PUBLISHED,NOT_VERIFIED,NOT_ESTABLISHED,UNKNOWN,HA011,SHELTER,DIRECT,2242.000000,OBSERVED,38.330000,true,,,,,NOT_APPLICABLE,UNCLAIMED,,,,,NOT_APPLICABLE,RETAINED,2242.000000,,,,,,,,,NOT_APPLICABLE,ELIGIBLE,
800710,Q5,Rent as pay,HOUSING,Housing,DIRECT_CONCORDANCE_UCC,PUBLISHED_CE_BASIS,LABSTAT_PUBLISHED,NOT_VERIFIED,NOT_ESTABLISHED,UNKNOWN,HA011,SHELTER,DIRECT,440.000000,OBSERVED,55.340000,true,,,,,NOT_APPLICABLE,UNCLAIMED,,,,,NOT_APPLICABLE,RETAINED,440.000000,,,,,,,,,NOT_APPLICABLE,ELIGIBLE,
830111,ALL_CU,Late fee mortgage pay (owned home),HOUSING,Housing,PUBLISHED_CE_UCC,PUBLISHED_CE_BASIS,LABSTAT_PUBLISHED,NOT_VERIFIED,NOT_ESTABLISHED,UNKNOWN,,,UNRESOLVED,21.000000,OBSERVED,61.230000,true,OS_CPI_MORTGAGE_INTEREST_AND_CHARGES_v0_1,CE_CPI_SCOPE_RULES_V0_3,EXCLUDE,ACCEPTED,CURRENT_EFFECTIVE,SOURCE,OUT_OF_SCOPE,OUT_OF_SCOPE,,,NOT_APPLICABLE,EXCLUDED,,21.000000,,,,,,,,NOT_APPLICABLE,EXCLUDED_FROM_BASIS,
830111,Q1,Late fee mortgage pay (owned home),HOUSING,Housing,PUBLISHED_CE_UCC,PUBLISHED_CE_BASIS,LABSTAT_PUBLISHED,NOT_VERIFIED,NOT_ESTABLISHED,UNKNOWN,,,UNRESOLVED,,SUPPRESSED,,,OS_CPI_MORTGAGE_INTEREST_AND_CHARGES_v0_1,CE_CPI_SCOPE_RULES_V0_3,EXCLUDE,ACCEPTED,CURRENT_EFFECTIVE,SOURCE,OUT_OF_SCOPE,OUT_OF_SCOPE,,,NOT_APPLICABLE,EXCLUDED,,,,,,,,,,NOT_APPLICABLE,EXCLUDED_FROM_BASIS,BLS publishes this series and did not publish this cell. The amount is unknown and is not zero.
830111,Q2,Late fee mortgage pay (owned home),HOUSING,Housing,PUBLISHED_CE_UCC,PUBLISHED_CE_BASIS,LABSTAT_PUBLISHED,NOT_VERIFIED,NOT_ESTABLISHED,UNKNOWN,,,UNRESOLVED,7.000000,OBSERVED,93.590000,true,OS_CPI_MORTGAGE_INTEREST_AND_CHARGES_v0_1,CE_CPI_SCOPE_RULES_V0_3,EXCLUDE,ACCEPTED,CURRENT_EFFECTIVE,SOURCE,OUT_OF_SCOPE,OUT_OF_SCOPE,,,NOT_APPLICABLE,EXCLUDED,,7.000000,,,,,,,,NOT_APPLICABLE,EXCLUDED_FROM_BASIS,
830111,Q3,Late fee mortgage pay (owned home),HOUSING,Housing,PUBLISHED_CE_UCC,PUBLISHED_CE_BASIS,LABSTAT_PUBLISHED,NOT_VERIFIED,NOT_ESTABLISHED,UNKNOWN,,,UNRESOLVED,,SUPPRESSED,,,OS_CPI_MORTGAGE_INTEREST_AND_CHARGES_v0_1,CE_CPI_SCOPE_RULES_V0_3,EXCLUDE,ACCEPTED,CURRENT_EFFECTIVE,SOURCE,OUT_OF_SCOPE,OUT_OF_SCOPE,,,NOT_APPLICABLE,EXCLUDED,,,,,,,,,,NOT_APPLICABLE,EXCLUDED_FROM_BASIS,BLS publishes this series and did not publish this cell. The amount is unknown and is not zero.
830111,Q4,Late fee mortgage pay (owned home),HOUSING,Housing,PUBLISHED_CE_UCC,PUBLISHED_CE_BASIS,LABSTAT_PUBLISHED,NOT_VERIFIED,NOT_ESTABLISHED,UNKNOWN,,,UNRESOLVED,4.000000,OBSERVED,94.270000,true,OS_CPI_MORTGAGE_INTEREST_AND_CHARGES_v0_1,CE_CPI_SCOPE_RULES_V0_3,EXCLUDE,ACCEPTED,CURRENT_EFFECTIVE,SOURCE,OUT_OF_SCOPE,OUT_OF_SCOPE,,,NOT_APPLICABLE,EXCLUDED,,4.000000,,,,,,,,NOT_APPLICABLE,EXCLUDED_FROM_BASIS,
830111,Q5,Late fee mortgage pay (owned home),HOUSING,Housing,PUBLISHED_CE_UCC,PUBLISHED_CE_BASIS,LABSTAT_PUBLISHED,NOT_VERIFIED,NOT_ESTABLISHED,UNKNOWN,,,UNRESOLVED,10.000000,OBSERVED,98.680000,true,OS_CPI_MORTGAGE_INTEREST_AND_CHARGES_v0_1,CE_CPI_SCOPE_RULES_V0_3,EXCLUDE,ACCEPTED,CURRENT_EFFECTIVE,SOURCE,OUT_OF_SCOPE,OUT_OF_SCOPE,,,NOT_APPLICABLE,EXCLUDED,,10.000000,,,,,,,,NOT_APPLICABLE,EXCLUDED_FROM_BASIS,
830112,ALL_CU,Late fee mortgage pay (owned vacation),HOUSING,Housing,PUBLISHED_CE_UCC,PUBLISHED_CE_BASIS,LABSTAT_PUBLISHED,NOT_VERIFIED,NOT_ESTABLISHED,UNKNOWN,,,UNRESOLVED,,SUPPRESSED,,,OS_CPI_MORTGAGE_INTEREST_AND_CHARGES_v0_1,CE_CPI_SCOPE_RULES_V0_3,EXCLUDE,ACCEPTED,CURRENT_EFFECTIVE,SOURCE,OUT_OF_SCOPE,OUT_OF_SCOPE,,,NOT_APPLICABLE,EXCLUDED,,,,,,,,,,NOT_APPLICABLE,EXCLUDED_FROM_BASIS,BLS publishes this series and did not publish this cell. The amount is unknown and is not zero.
830112,Q1,Late fee mortgage pay (owned vacation),HOUSING,Housing,PUBLISHED_CE_UCC,PUBLISHED_CE_BASIS,LABSTAT_PUBLISHED,NOT_VERIFIED,NOT_ESTABLISHED,UNKNOWN,,,UNRESOLVED,,SUPPRESSED,,,OS_CPI_MORTGAGE_INTEREST_AND_CHARGES_v0_1,CE_CPI_SCOPE_RULES_V0_3,EXCLUDE,ACCEPTED,CURRENT_EFFECTIVE,SOURCE,OUT_OF_SCOPE,OUT_OF_SCOPE,,,NOT_APPLICABLE,EXCLUDED,,,,,,,,,,NOT_APPLICABLE,EXCLUDED_FROM_BASIS,BLS publishes this series and did not publish this cell. The amount is unknown and is not zero.
830112,Q2,Late fee mortgage pay (owned vacation),HOUSING,Housing,PUBLISHED_CE_UCC,PUBLISHED_CE_BASIS,LABSTAT_PUBLISHED,NOT_VERIFIED,NOT_ESTABLISHED,UNKNOWN,,,UNRESOLVED,,SUPPRESSED,,,OS_CPI_MORTGAGE_INTEREST_AND_CHARGES_v0_1,CE_CPI_SCOPE_RULES_V0_3,EXCLUDE,ACCEPTED,CURRENT_EFFECTIVE,SOURCE,OUT_OF_SCOPE,OUT_OF_SCOPE,,,NOT_APPLICABLE,EXCLUDED,,,,,,,,,,NOT_APPLICABLE,EXCLUDED_FROM_BASIS,BLS publishes this series and did not publish this cell. The amount is unknown and is not zero.
830112,Q3,Late fee mortgage pay (owned vacation),HOUSING,Housing,PUBLISHED_CE_UCC,PUBLISHED_CE_BASIS,LABSTAT_PUBLISHED,NOT_VERIFIED,NOT_ESTABLISHED,UNKNOWN,,,UNRESOLVED,,SUPPRESSED,,,OS_CPI_MORTGAGE_INTEREST_AND_CHARGES_v0_1,CE_CPI_SCOPE_RULES_V0_3,EXCLUDE,ACCEPTED,CURRENT_EFFECTIVE,SOURCE,OUT_OF_SCOPE,OUT_OF_SCOPE,,,NOT_APPLICABLE,EXCLUDED,,,,,,,,,,NOT_APPLICABLE,EXCLUDED_FROM_BASIS,BLS publishes this series and did not publish this cell. The amount is unknown and is not zero.
830112,Q4,Late fee mortgage pay (owned vacation),HOUSING,Housing,PUBLISHED_CE_UCC,PUBLISHED_CE_BASIS,LABSTAT_PUBLISHED,NOT_VERIFIED,NOT_ESTABLISHED,UNKNOWN,,,UNRESOLVED,,SUPPRESSED,,,OS_CPI_MORTGAGE_INTEREST_AND_CHARGES_v0_1,CE_CPI_SCOPE_RULES_V0_3,EXCLUDE,ACCEPTED,CURRENT_EFFECTIVE,SOURCE,OUT_OF_SCOPE,OUT_OF_SCOPE,,,NOT_APPLICABLE,EXCLUDED,,,,,,,,,,NOT_APPLICABLE,EXCLUDED_FROM_BASIS,BLS publishes this series and did not publish this cell. The amount is unknown and is not zero.
830112,Q5,Late fee mortgage pay (owned vacation),HOUSING,Housing,PUBLISHED_CE_UCC,PUBLISHED_CE_BASIS,LABSTAT_PUBLISHED,NOT_VERIFIED,NOT_ESTABLISHED,UNKNOWN,,,UNRESOLVED,,SUPPRESSED,,,OS_CPI_MORTGAGE_INTEREST_AND_CHARGES_v0_1,CE_CPI_SCOPE_RULES_V0_3,EXCLUDE,ACCEPTED,CURRENT_EFFECTIVE,SOURCE,OUT_OF_SCOPE,OUT_OF_SCOPE,,,NOT_APPLICABLE,EXCLUDED,,,,,,,,,,NOT_APPLICABLE,EXCLUDED_FROM_BASIS,BLS publishes this series and did not publish this cell. The amount is unknown and is not zero.
850300,ALL_CU,Other vehicle finance charges,TRANS,Transportation,PUBLISHED_CE_UCC,PUBLISHED_CE_BASIS,LABSTAT_PUBLISHED,NOT_VERIFIED,NOT_ESTABLISHED,UNKNOWN,,,UNRESOLVED,3069.000000,OBSERVED,18.790000,false,OS_CPI_VEHICLE_FINANCE_CHARGES_v0_1,CE_CPI_SCOPE_RULES_V0_3,EXCLUDE,ACCEPTED,CURRENT_EFFECTIVE,SOURCE,OUT_OF_SCOPE,OUT_OF_SCOPE,,,NOT_APPLICABLE,EXCLUDED,,3069.000000,,,,,,,,NOT_APPLICABLE,EXCLUDED_FROM_BASIS,
850300,Q1,Other vehicle finance charges,TRANS,Transportation,PUBLISHED_CE_UCC,PUBLISHED_CE_BASIS,LABSTAT_PUBLISHED,NOT_VERIFIED,NOT_ESTABLISHED,UNKNOWN,,,UNRESOLVED,40.000000,OBSERVED,84.100000,true,OS_CPI_VEHICLE_FINANCE_CHARGES_v0_1,CE_CPI_SCOPE_RULES_V0_3,EXCLUDE,ACCEPTED,CURRENT_EFFECTIVE,SOURCE,OUT_OF_SCOPE,OUT_OF_SCOPE,,,NOT_APPLICABLE,EXCLUDED,,40.000000,,,,,,,,NOT_APPLICABLE,EXCLUDED_FROM_BASIS,
850300,Q2,Other vehicle finance charges,TRANS,Transportation,PUBLISHED_CE_UCC,PUBLISHED_CE_BASIS,LABSTAT_PUBLISHED,NOT_VERIFIED,NOT_ESTABLISHED,UNKNOWN,,,UNRESOLVED,130.000000,OBSERVED,37.470000,true,OS_CPI_VEHICLE_FINANCE_CHARGES_v0_1,CE_CPI_SCOPE_RULES_V0_3,EXCLUDE,ACCEPTED,CURRENT_EFFECTIVE,SOURCE,OUT_OF_SCOPE,OUT_OF_SCOPE,,,NOT_APPLICABLE,EXCLUDED,,130.000000,,,,,,,,NOT_APPLICABLE,EXCLUDED_FROM_BASIS,
850300,Q3,Other vehicle finance charges,TRANS,Transportation,PUBLISHED_CE_UCC,PUBLISHED_CE_BASIS,LABSTAT_PUBLISHED,NOT_VERIFIED,NOT_ESTABLISHED,UNKNOWN,,,UNRESOLVED,382.000000,OBSERVED,29.090000,true,OS_CPI_VEHICLE_FINANCE_CHARGES_v0_1,CE_CPI_SCOPE_RULES_V0_3,EXCLUDE,ACCEPTED,CURRENT_EFFECTIVE,SOURCE,OUT_OF_SCOPE,OUT_OF_SCOPE,,,NOT_APPLICABLE,EXCLUDED,,382.000000,,,,,,,,NOT_APPLICABLE,EXCLUDED_FROM_BASIS,
850300,Q4,Other vehicle finance charges,TRANS,Transportation,PUBLISHED_CE_UCC,PUBLISHED_CE_BASIS,LABSTAT_PUBLISHED,NOT_VERIFIED,NOT_ESTABLISHED,UNKNOWN,,,UNRESOLVED,837.000000,OBSERVED,23.240000,false,OS_CPI_VEHICLE_FINANCE_CHARGES_v0_1,CE_CPI_SCOPE_RULES_V0_3,EXCLUDE,ACCEPTED,CURRENT_EFFECTIVE,SOURCE,OUT_OF_SCOPE,OUT_OF_SCOPE,,,NOT_APPLICABLE,EXCLUDED,,837.000000,,,,,,,,NOT_APPLICABLE,EXCLUDED_FROM_BASIS,
850300,Q5,Other vehicle finance charges,TRANS,Transportation,PUBLISHED_CE_UCC,PUBLISHED_CE_BASIS,LABSTAT_PUBLISHED,NOT_VERIFIED,NOT_ESTABLISHED,UNKNOWN,,,UNRESOLVED,1681.000000,OBSERVED,28.130000,true,OS_CPI_VEHICLE_FINANCE_CHARGES_v0_1,CE_CPI_SCOPE_RULES_V0_3,EXCLUDE,ACCEPTED,CURRENT_EFFECTIVE,SOURCE,OUT_OF_SCOPE,OUT_OF_SCOPE,,,NOT_APPLICABLE,EXCLUDED,,1681.000000,,,,,,,,NOT_APPLICABLE,EXCLUDED_FROM_BASIS,
880110,ALL_CU,"Interest paid, home equity line of credit",HOUSING,Housing,PUBLISHED_CE_UCC,PUBLISHED_CE_BASIS,LABSTAT_PUBLISHED,NOT_VERIFIED,NOT_ESTABLISHED,UNKNOWN,,,UNRESOLVED,17641.000000,OBSERVED,11.060000,false,OS_CPI_MORTGAGE_INTEREST_AND_CHARGES_v0_1,CE_CPI_SCOPE_RULES_V0_3,EXCLUDE,ACCEPTED,CURRENT_EFFECTIVE,SOURCE,OUT_OF_SCOPE,OUT_OF_SCOPE,,,NOT_APPLICABLE,EXCLUDED,,17641.000000,,,,,,,,NOT_APPLICABLE,EXCLUDED_FROM_BASIS,
880110,Q1,"Interest paid, home equity line of credit",HOUSING,Housing,PUBLISHED_CE_UCC,PUBLISHED_CE_BASIS,LABSTAT_PUBLISHED,NOT_VERIFIED,NOT_ESTABLISHED,UNKNOWN,,,UNRESOLVED,717.000000,OBSERVED,28.160000,true,OS_CPI_MORTGAGE_INTEREST_AND_CHARGES_v0_1,CE_CPI_SCOPE_RULES_V0_3,EXCLUDE,ACCEPTED,CURRENT_EFFECTIVE,SOURCE,OUT_OF_SCOPE,OUT_OF_SCOPE,,,NOT_APPLICABLE,EXCLUDED,,717.000000,,,,,,,,NOT_APPLICABLE,EXCLUDED_FROM_BASIS,
880110,Q2,"Interest paid, home equity line of credit",HOUSING,Housing,PUBLISHED_CE_UCC,PUBLISHED_CE_BASIS,LABSTAT_PUBLISHED,NOT_VERIFIED,NOT_ESTABLISHED,UNKNOWN,,,UNRESOLVED,1162.000000,OBSERVED,20.780000,false,OS_CPI_MORTGAGE_INTEREST_AND_CHARGES_v0_1,CE_CPI_SCOPE_RULES_V0_3,EXCLUDE,ACCEPTED,CURRENT_EFFECTIVE,SOURCE,OUT_OF_SCOPE,OUT_OF_SCOPE,,,NOT_APPLICABLE,EXCLUDED,,1162.000000,,,,,,,,NOT_APPLICABLE,EXCLUDED_FROM_BASIS,
880110,Q3,"Interest paid, home equity line of credit",HOUSING,Housing,PUBLISHED_CE_UCC,PUBLISHED_CE_BASIS,LABSTAT_PUBLISHED,NOT_VERIFIED,NOT_ESTABLISHED,UNKNOWN,,,UNRESOLVED,3176.000000,OBSERVED,22.880000,false,OS_CPI_MORTGAGE_INTEREST_AND_CHARGES_v0_1,CE_CPI_SCOPE_RULES_V0_3,EXCLUDE,ACCEPTED,CURRENT_EFFECTIVE,SOURCE,OUT_OF_SCOPE,OUT_OF_SCOPE,,,NOT_APPLICABLE,EXCLUDED,,3176.000000,,,,,,,,NOT_APPLICABLE,EXCLUDED_FROM_BASIS,
880110,Q4,"Interest paid, home equity line of credit",HOUSING,Housing,PUBLISHED_CE_UCC,PUBLISHED_CE_BASIS,LABSTAT_PUBLISHED,NOT_VERIFIED,NOT_ESTABLISHED,UNKNOWN,,,UNRESOLVED,3853.000000,OBSERVED,19.270000,false,OS_CPI_MORTGAGE_INTEREST_AND_CHARGES_v0_1,CE_CPI_SCOPE_RULES_V0_3,EXCLUDE,ACCEPTED,CURRENT_EFFECTIVE,SOURCE,OUT_OF_SCOPE,OUT_OF_SCOPE,,,NOT_APPLICABLE,EXCLUDED,,3853.000000,,,,,,,,NOT_APPLICABLE,EXCLUDED_FROM_BASIS,
880110,Q5,"Interest paid, home equity line of credit",HOUSING,Housing,PUBLISHED_CE_UCC,PUBLISHED_CE_BASIS,LABSTAT_PUBLISHED,NOT_VERIFIED,NOT_ESTABLISHED,UNKNOWN,,,UNRESOLVED,8733.000000,OBSERVED,17.760000,false,OS_CPI_MORTGAGE_INTEREST_AND_CHARGES_v0_1,CE_CPI_SCOPE_RULES_V0_3,EXCLUDE,ACCEPTED,CURRENT_EFFECTIVE,SOURCE,OUT_OF_SCOPE,OUT_OF_SCOPE,,,NOT_APPLICABLE,EXCLUDED,,8733.000000,,,,,,,,NOT_APPLICABLE,EXCLUDED_FROM_BASIS,
880310,ALL_CU,"Interest paid, home equity line of credit",HOUSING,Housing,PUBLISHED_CE_UCC,PUBLISHED_CE_BASIS,LABSTAT_PUBLISHED,NOT_VERIFIED,NOT_ESTABLISHED,UNKNOWN,,,UNRESOLVED,151.000000,OBSERVED,102.660000,true,OS_CPI_MORTGAGE_INTEREST_AND_CHARGES_v0_1,CE_CPI_SCOPE_RULES_V0_3,EXCLUDE,ACCEPTED,CURRENT_EFFECTIVE,SOURCE,OUT_OF_SCOPE,OUT_OF_SCOPE,,,NOT_APPLICABLE,EXCLUDED,,151.000000,,,,,,,,NOT_APPLICABLE,EXCLUDED_FROM_BASIS,
880310,Q1,"Interest paid, home equity line of credit",HOUSING,Housing,PUBLISHED_CE_UCC,PUBLISHED_CE_BASIS,LABSTAT_PUBLISHED,NOT_VERIFIED,NOT_ESTABLISHED,UNKNOWN,,,UNRESOLVED,,SUPPRESSED,,,OS_CPI_MORTGAGE_INTEREST_AND_CHARGES_v0_1,CE_CPI_SCOPE_RULES_V0_3,EXCLUDE,ACCEPTED,CURRENT_EFFECTIVE,SOURCE,OUT_OF_SCOPE,OUT_OF_SCOPE,,,NOT_APPLICABLE,EXCLUDED,,,,,,,,,,NOT_APPLICABLE,EXCLUDED_FROM_BASIS,BLS publishes this series and did not publish this cell. The amount is unknown and is not zero.
880310,Q2,"Interest paid, home equity line of credit",HOUSING,Housing,PUBLISHED_CE_UCC,PUBLISHED_CE_BASIS,LABSTAT_PUBLISHED,NOT_VERIFIED,NOT_ESTABLISHED,UNKNOWN,,,UNRESOLVED,,SUPPRESSED,,,OS_CPI_MORTGAGE_INTEREST_AND_CHARGES_v0_1,CE_CPI_SCOPE_RULES_V0_3,EXCLUDE,ACCEPTED,CURRENT_EFFECTIVE,SOURCE,OUT_OF_SCOPE,OUT_OF_SCOPE,,,NOT_APPLICABLE,EXCLUDED,,,,,,,,,,NOT_APPLICABLE,EXCLUDED_FROM_BASIS,BLS publishes this series and did not publish this cell. The amount is unknown and is not zero.
880310,Q3,"Interest paid, home equity line of credit",HOUSING,Housing,PUBLISHED_CE_UCC,PUBLISHED_CE_BASIS,LABSTAT_PUBLISHED,NOT_VERIFIED,NOT_ESTABLISHED,UNKNOWN,,,UNRESOLVED,,SUPPRESSED,,,OS_CPI_MORTGAGE_INTEREST_AND_CHARGES_v0_1,CE_CPI_SCOPE_RULES_V0_3,EXCLUDE,ACCEPTED,CURRENT_EFFECTIVE,SOURCE,OUT_OF_SCOPE,OUT_OF_SCOPE,,,NOT_APPLICABLE,EXCLUDED,,,,,,,,,,NOT_APPLICABLE,EXCLUDED_FROM_BASIS,BLS publishes this series and did not publish this cell. The amount is unknown and is not zero.
880310,Q4,"Interest paid, home equity line of credit",HOUSING,Housing,PUBLISHED_CE_UCC,PUBLISHED_CE_BASIS,LABSTAT_PUBLISHED,NOT_VERIFIED,NOT_ESTABLISHED,UNKNOWN,,,UNRESOLVED,,SUPPRESSED,,,OS_CPI_MORTGAGE_INTEREST_AND_CHARGES_v0_1,CE_CPI_SCOPE_RULES_V0_3,EXCLUDE,ACCEPTED,CURRENT_EFFECTIVE,SOURCE,OUT_OF_SCOPE,OUT_OF_SCOPE,,,NOT_APPLICABLE,EXCLUDED,,,,,,,,,,NOT_APPLICABLE,EXCLUDED_FROM_BASIS,BLS publishes this series and did not publish this cell. The amount is unknown and is not zero.
880310,Q5,"Interest paid, home equity line of credit",HOUSING,Housing,PUBLISHED_CE_UCC,PUBLISHED_CE_BASIS,LABSTAT_PUBLISHED,NOT_VERIFIED,NOT_ESTABLISHED,UNKNOWN,,,UNRESOLVED,151.000000,OBSERVED,103.180000,true,OS_CPI_MORTGAGE_INTEREST_AND_CHARGES_v0_1,CE_CPI_SCOPE_RULES_V0_3,EXCLUDE,ACCEPTED,CURRENT_EFFECTIVE,SOURCE,OUT_OF_SCOPE,OUT_OF_SCOPE,,,NOT_APPLICABLE,EXCLUDED,,151.000000,,,,,,,,NOT_APPLICABLE,EXCLUDED_FROM_BASIS,
910050,ALL_CU,Estimated monthly rental value of owned home,,,PUBLISHED_CE_UCC,PUBLISHED_ADDENDUM_OUTSIDE_BASIS,NOT_ADMISSIBLE_VALIDATION_ONLY,NOT_VERIFIED,NOT_ESTABLISHED,UNKNOWN,,,,,NOT_APPLICABLE,,,,,,,NOT_APPLICABLE,UNCLAIMED,,,,,NOT_APPLICABLE,NOT_APPLICABLE,,,,,,,,,,NOT_APPLICABLE,NOT_APPLICABLE,Published CE addendum. The governing provenance registry states that no Track-A amount may be taken from it; it is a validation counterpart to the concordance-side code for the same concept.
910050,Q1,Estimated monthly rental value of owned home,,,PUBLISHED_CE_UCC,PUBLISHED_ADDENDUM_OUTSIDE_BASIS,NOT_ADMISSIBLE_VALIDATION_ONLY,NOT_VERIFIED,NOT_ESTABLISHED,UNKNOWN,,,,,NOT_APPLICABLE,,,,,,,NOT_APPLICABLE,UNCLAIMED,,,,,NOT_APPLICABLE,NOT_APPLICABLE,,,,,,,,,,NOT_APPLICABLE,NOT_APPLICABLE,Published CE addendum. The governing provenance registry states that no Track-A amount may be taken from it; it is a validation counterpart to the concordance-side code for the same concept.
910050,Q2,Estimated monthly rental value of owned home,,,PUBLISHED_CE_UCC,PUBLISHED_ADDENDUM_OUTSIDE_BASIS,NOT_ADMISSIBLE_VALIDATION_ONLY,NOT_VERIFIED,NOT_ESTABLISHED,UNKNOWN,,,,,NOT_APPLICABLE,,,,,,,NOT_APPLICABLE,UNCLAIMED,,,,,NOT_APPLICABLE,NOT_APPLICABLE,,,,,,,,,,NOT_APPLICABLE,NOT_APPLICABLE,Published CE addendum. The governing provenance registry states that no Track-A amount may be taken from it; it is a validation counterpart to the concordance-side code for the same concept.
910050,Q3,Estimated monthly rental value of owned home,,,PUBLISHED_CE_UCC,PUBLISHED_ADDENDUM_OUTSIDE_BASIS,NOT_ADMISSIBLE_VALIDATION_ONLY,NOT_VERIFIED,NOT_ESTABLISHED,UNKNOWN,,,,,NOT_APPLICABLE,,,,,,,NOT_APPLICABLE,UNCLAIMED,,,,,NOT_APPLICABLE,NOT_APPLICABLE,,,,,,,,,,NOT_APPLICABLE,NOT_APPLICABLE,Published CE addendum. The governing provenance registry states that no Track-A amount may be taken from it; it is a validation counterpart to the concordance-side code for the same concept.
910050,Q4,Estimated monthly rental value of owned home,,,PUBLISHED_CE_UCC,PUBLISHED_ADDENDUM_OUTSIDE_BASIS,NOT_ADMISSIBLE_VALIDATION_ONLY,NOT_VERIFIED,NOT_ESTABLISHED,UNKNOWN,,,,,NOT_APPLICABLE,,,,,,,NOT_APPLICABLE,UNCLAIMED,,,,,NOT_APPLICABLE,NOT_APPLICABLE,,,,,,,,,,NOT_APPLICABLE,NOT_APPLICABLE,Published CE addendum. The governing provenance registry states that no Track-A amount may be taken from it; it is a validation counterpart to the concordance-side code for the same concept.
910050,Q5,Estimated monthly rental value of owned home,,,PUBLISHED_CE_UCC,PUBLISHED_ADDENDUM_OUTSIDE_BASIS,NOT_ADMISSIBLE_VALIDATION_ONLY,NOT_VERIFIED,NOT_ESTABLISHED,UNKNOWN,,,,,NOT_APPLICABLE,,,,,,,NOT_APPLICABLE,UNCLAIMED,,,,,NOT_APPLICABLE,NOT_APPLICABLE,,,,,,,,,,NOT_APPLICABLE,NOT_APPLICABLE,Published CE addendum. The governing provenance registry states that no Track-A amount may be taken from it; it is a validation counterpart to the concordance-side code for the same concept.
910101,ALL_CU,Estimated monthly rental value of vacation home not available for rent,,,PUBLISHED_CE_UCC,PUBLISHED_ADDENDUM_OUTSIDE_BASIS,NOT_ADMISSIBLE_VALIDATION_ONLY,NOT_VERIFIED,NOT_ESTABLISHED,UNKNOWN,,,,,NOT_APPLICABLE,,,,,,,NOT_APPLICABLE,UNCLAIMED,,,,,NOT_APPLICABLE,NOT_APPLICABLE,,,,,,,,,,NOT_APPLICABLE,NOT_APPLICABLE,Published CE addendum. The governing provenance registry states that no Track-A amount may be taken from it; it is a validation counterpart to the concordance-side code for the same concept.
910101,Q1,Estimated monthly rental value of vacation home not available for rent,,,PUBLISHED_CE_UCC,PUBLISHED_ADDENDUM_OUTSIDE_BASIS,NOT_ADMISSIBLE_VALIDATION_ONLY,NOT_VERIFIED,NOT_ESTABLISHED,UNKNOWN,,,,,NOT_APPLICABLE,,,,,,,NOT_APPLICABLE,UNCLAIMED,,,,,NOT_APPLICABLE,NOT_APPLICABLE,,,,,,,,,,NOT_APPLICABLE,NOT_APPLICABLE,Published CE addendum. The governing provenance registry states that no Track-A amount may be taken from it; it is a validation counterpart to the concordance-side code for the same concept.
910101,Q2,Estimated monthly rental value of vacation home not available for rent,,,PUBLISHED_CE_UCC,PUBLISHED_ADDENDUM_OUTSIDE_BASIS,NOT_ADMISSIBLE_VALIDATION_ONLY,NOT_VERIFIED,NOT_ESTABLISHED,UNKNOWN,,,,,NOT_APPLICABLE,,,,,,,NOT_APPLICABLE,UNCLAIMED,,,,,NOT_APPLICABLE,NOT_APPLICABLE,,,,,,,,,,NOT_APPLICABLE,NOT_APPLICABLE,Published CE addendum. The governing provenance registry states that no Track-A amount may be taken from it; it is a validation counterpart to the concordance-side code for the same concept.
910101,Q3,Estimated monthly rental value of vacation home not available for rent,,,PUBLISHED_CE_UCC,PUBLISHED_ADDENDUM_OUTSIDE_BASIS,NOT_ADMISSIBLE_VALIDATION_ONLY,NOT_VERIFIED,NOT_ESTABLISHED,UNKNOWN,,,,,NOT_APPLICABLE,,,,,,,NOT_APPLICABLE,UNCLAIMED,,,,,NOT_APPLICABLE,NOT_APPLICABLE,,,,,,,,,,NOT_APPLICABLE,NOT_APPLICABLE,Published CE addendum. The governing provenance registry states that no Track-A amount may be taken from it; it is a validation counterpart to the concordance-side code for the same concept.
910101,Q4,Estimated monthly rental value of vacation home not available for rent,,,PUBLISHED_CE_UCC,PUBLISHED_ADDENDUM_OUTSIDE_BASIS,NOT_ADMISSIBLE_VALIDATION_ONLY,NOT_VERIFIED,NOT_ESTABLISHED,UNKNOWN,,,,,NOT_APPLICABLE,,,,,,,NOT_APPLICABLE,UNCLAIMED,,,,,NOT_APPLICABLE,NOT_APPLICABLE,,,,,,,,,,NOT_APPLICABLE,NOT_APPLICABLE,Published CE addendum. The governing provenance registry states that no Track-A amount may be taken from it; it is a validation counterpart to the concordance-side code for the same concept.
910101,Q5,Estimated monthly rental value of vacation home not available for rent,,,PUBLISHED_CE_UCC,PUBLISHED_ADDENDUM_OUTSIDE_BASIS,NOT_ADMISSIBLE_VALIDATION_ONLY,NOT_VERIFIED,NOT_ESTABLISHED,UNKNOWN,,,,,NOT_APPLICABLE,,,,,,,NOT_APPLICABLE,UNCLAIMED,,,,,NOT_APPLICABLE,NOT_APPLICABLE,,,,,,,,,,NOT_APPLICABLE,NOT_APPLICABLE,Published CE addendum. The governing provenance registry states that no Track-A amount may be taken from it; it is a validation counterpart to the concordance-side code for the same concept.
910102,ALL_CU,Estimated monthly rental value of vacation home available for rent,,,PUBLISHED_CE_UCC,PUBLISHED_ADDENDUM_OUTSIDE_BASIS,NOT_ADMISSIBLE_VALIDATION_ONLY,NOT_VERIFIED,NOT_ESTABLISHED,UNKNOWN,,,,,NOT_APPLICABLE,,,,,,,NOT_APPLICABLE,UNCLAIMED,,,,,NOT_APPLICABLE,NOT_APPLICABLE,,,,,,,,,,NOT_APPLICABLE,NOT_APPLICABLE,Published CE addendum. The governing provenance registry states that no Track-A amount may be taken from it; it is a validation counterpart to the concordance-side code for the same concept.
910102,Q1,Estimated monthly rental value of vacation home available for rent,,,PUBLISHED_CE_UCC,PUBLISHED_ADDENDUM_OUTSIDE_BASIS,NOT_ADMISSIBLE_VALIDATION_ONLY,NOT_VERIFIED,NOT_ESTABLISHED,UNKNOWN,,,,,NOT_APPLICABLE,,,,,,,NOT_APPLICABLE,UNCLAIMED,,,,,NOT_APPLICABLE,NOT_APPLICABLE,,,,,,,,,,NOT_APPLICABLE,NOT_APPLICABLE,Published CE addendum. The governing provenance registry states that no Track-A amount may be taken from it; it is a validation counterpart to the concordance-side code for the same concept.
910102,Q2,Estimated monthly rental value of vacation home available for rent,,,PUBLISHED_CE_UCC,PUBLISHED_ADDENDUM_OUTSIDE_BASIS,NOT_ADMISSIBLE_VALIDATION_ONLY,NOT_VERIFIED,NOT_ESTABLISHED,UNKNOWN,,,,,NOT_APPLICABLE,,,,,,,NOT_APPLICABLE,UNCLAIMED,,,,,NOT_APPLICABLE,NOT_APPLICABLE,,,,,,,,,,NOT_APPLICABLE,NOT_APPLICABLE,Published CE addendum. The governing provenance registry states that no Track-A amount may be taken from it; it is a validation counterpart to the concordance-side code for the same concept.
910102,Q3,Estimated monthly rental value of vacation home available for rent,,,PUBLISHED_CE_UCC,PUBLISHED_ADDENDUM_OUTSIDE_BASIS,NOT_ADMISSIBLE_VALIDATION_ONLY,NOT_VERIFIED,NOT_ESTABLISHED,UNKNOWN,,,,,NOT_APPLICABLE,,,,,,,NOT_APPLICABLE,UNCLAIMED,,,,,NOT_APPLICABLE,NOT_APPLICABLE,,,,,,,,,,NOT_APPLICABLE,NOT_APPLICABLE,Published CE addendum. The governing provenance registry states that no Track-A amount may be taken from it; it is a validation counterpart to the concordance-side code for the same concept.
910102,Q4,Estimated monthly rental value of vacation home available for rent,,,PUBLISHED_CE_UCC,PUBLISHED_ADDENDUM_OUTSIDE_BASIS,NOT_ADMISSIBLE_VALIDATION_ONLY,NOT_VERIFIED,NOT_ESTABLISHED,UNKNOWN,,,,,NOT_APPLICABLE,,,,,,,NOT_APPLICABLE,UNCLAIMED,,,,,NOT_APPLICABLE,NOT_APPLICABLE,,,,,,,,,,NOT_APPLICABLE,NOT_APPLICABLE,Published CE addendum. The governing provenance registry states that no Track-A amount may be taken from it; it is a validation counterpart to the concordance-side code for the same concept.
910102,Q5,Estimated monthly rental value of vacation home available for rent,,,PUBLISHED_CE_UCC,PUBLISHED_ADDENDUM_OUTSIDE_BASIS,NOT_ADMISSIBLE_VALIDATION_ONLY,NOT_VERIFIED,NOT_ESTABLISHED,UNKNOWN,,,,,NOT_APPLICABLE,,,,,,,NOT_APPLICABLE,UNCLAIMED,,,,,NOT_APPLICABLE,NOT_APPLICABLE,,,,,,,,,,NOT_APPLICABLE,NOT_APPLICABLE,Published CE addendum. The governing provenance registry states that no Track-A amount may be taken from it; it is a validation counterpart to the concordance-side code for the same concept.
910103,ALL_CU,Estimated annual rental value of timeshare,,,PUBLISHED_CE_UCC,PUBLISHED_ADDENDUM_OUTSIDE_BASIS,NOT_ADMISSIBLE_VALIDATION_ONLY,NOT_VERIFIED,NOT_ESTABLISHED,UNKNOWN,,,,,NOT_APPLICABLE,,,,,,,NOT_APPLICABLE,UNCLAIMED,,,,,NOT_APPLICABLE,NOT_APPLICABLE,,,,,,,,,,NOT_APPLICABLE,NOT_APPLICABLE,Published CE addendum. The governing provenance registry states that no Track-A amount may be taken from it; it is a validation counterpart to the concordance-side code for the same concept.
910103,Q1,Estimated annual rental value of timeshare,,,PUBLISHED_CE_UCC,PUBLISHED_ADDENDUM_OUTSIDE_BASIS,NOT_ADMISSIBLE_VALIDATION_ONLY,NOT_VERIFIED,NOT_ESTABLISHED,UNKNOWN,,,,,NOT_APPLICABLE,,,,,,,NOT_APPLICABLE,UNCLAIMED,,,,,NOT_APPLICABLE,NOT_APPLICABLE,,,,,,,,,,NOT_APPLICABLE,NOT_APPLICABLE,Published CE addendum. The governing provenance registry states that no Track-A amount may be taken from it; it is a validation counterpart to the concordance-side code for the same concept.
910103,Q2,Estimated annual rental value of timeshare,,,PUBLISHED_CE_UCC,PUBLISHED_ADDENDUM_OUTSIDE_BASIS,NOT_ADMISSIBLE_VALIDATION_ONLY,NOT_VERIFIED,NOT_ESTABLISHED,UNKNOWN,,,,,NOT_APPLICABLE,,,,,,,NOT_APPLICABLE,UNCLAIMED,,,,,NOT_APPLICABLE,NOT_APPLICABLE,,,,,,,,,,NOT_APPLICABLE,NOT_APPLICABLE,Published CE addendum. The governing provenance registry states that no Track-A amount may be taken from it; it is a validation counterpart to the concordance-side code for the same concept.
910103,Q3,Estimated annual rental value of timeshare,,,PUBLISHED_CE_UCC,PUBLISHED_ADDENDUM_OUTSIDE_BASIS,NOT_ADMISSIBLE_VALIDATION_ONLY,NOT_VERIFIED,NOT_ESTABLISHED,UNKNOWN,,,,,NOT_APPLICABLE,,,,,,,NOT_APPLICABLE,UNCLAIMED,,,,,NOT_APPLICABLE,NOT_APPLICABLE,,,,,,,,,,NOT_APPLICABLE,NOT_APPLICABLE,Published CE addendum. The governing provenance registry states that no Track-A amount may be taken from it; it is a validation counterpart to the concordance-side code for the same concept.
910103,Q4,Estimated annual rental value of timeshare,,,PUBLISHED_CE_UCC,PUBLISHED_ADDENDUM_OUTSIDE_BASIS,NOT_ADMISSIBLE_VALIDATION_ONLY,NOT_VERIFIED,NOT_ESTABLISHED,UNKNOWN,,,,,NOT_APPLICABLE,,,,,,,NOT_APPLICABLE,UNCLAIMED,,,,,NOT_APPLICABLE,NOT_APPLICABLE,,,,,,,,,,NOT_APPLICABLE,NOT_APPLICABLE,Published CE addendum. The governing provenance registry states that no Track-A amount may be taken from it; it is a validation counterpart to the concordance-side code for the same concept.
910103,Q5,Estimated annual rental value of timeshare,,,PUBLISHED_CE_UCC,PUBLISHED_ADDENDUM_OUTSIDE_BASIS,NOT_ADMISSIBLE_VALIDATION_ONLY,NOT_VERIFIED,NOT_ESTABLISHED,UNKNOWN,,,,,NOT_APPLICABLE,,,,,,,NOT_APPLICABLE,UNCLAIMED,,,,,NOT_APPLICABLE,NOT_APPLICABLE,,,,,,,,,,NOT_APPLICABLE,NOT_APPLICABLE,Published CE addendum. The governing provenance registry states that no Track-A amount may be taken from it; it is a validation counterpart to the concordance-side code for the same concept.
910104,ALL_CU,Rental Equivalence Of Owned Home,,,CONCORDANCE_ONLY_UCC,CONCORDANCE_ONLY_ESTIMATED,PUMD_BENCHMARKED,VERIFIED,BENCHMARKED,INFERRED,HC011,SHELTER,,2493830.812994,OBSERVED,1.298156,false,TA_OWNER_RENTAL_EQUIVALENCE_PRIMARY_v0_1,CE_CPI_SCOPE_RULES_V0_3,INTRODUCE,ACCEPTED,CURRENT_EFFECTIVE,SOURCE,INTRODUCED,INTRODUCED,,,NOT_APPLICABLE,REPLACEMENT,,,,2493830.812994,,,,,RG_PRIMARY_RESIDENCE_RENTAL_EQUIVALENCE,REPLACEMENT,ELIGIBLE,
910104,Q1,Rental Equivalence Of Owned Home,,,CONCORDANCE_ONLY_UCC,CONCORDANCE_ONLY_ESTIMATED,PUMD_BENCHMARKED,VERIFIED,BENCHMARKED,INFERRED,HC011,SHELTER,,238213.442108,OBSERVED,4.258642,false,TA_OWNER_RENTAL_EQUIVALENCE_PRIMARY_v0_1,CE_CPI_SCOPE_RULES_V0_3,INTRODUCE,ACCEPTED,CURRENT_EFFECTIVE,SOURCE,INTRODUCED,INTRODUCED,,,NOT_APPLICABLE,REPLACEMENT,,,,238213.442108,,,,,RG_PRIMARY_RESIDENCE_RENTAL_EQUIVALENCE,REPLACEMENT,ELIGIBLE,
910104,Q2,Rental Equivalence Of Owned Home,,,CONCORDANCE_ONLY_UCC,CONCORDANCE_ONLY_ESTIMATED,PUMD_BENCHMARKED,VERIFIED,BENCHMARKED,INFERRED,HC011,SHELTER,,348688.881735,OBSERVED,3.351296,false,TA_OWNER_RENTAL_EQUIVALENCE_PRIMARY_v0_1,CE_CPI_SCOPE_RULES_V0_3,INTRODUCE,ACCEPTED,CURRENT_EFFECTIVE,SOURCE,INTRODUCED,INTRODUCED,,,NOT_APPLICABLE,REPLACEMENT,,,,348688.881735,,,,,RG_PRIMARY_RESIDENCE_RENTAL_EQUIVALENCE,REPLACEMENT,ELIGIBLE,
910104,Q3,Rental Equivalence Of Owned Home,,,CONCORDANCE_ONLY_UCC,CONCORDANCE_ONLY_ESTIMATED,PUMD_BENCHMARKED,VERIFIED,BENCHMARKED,INFERRED,HC011,SHELTER,,409607.013756,OBSERVED,2.913547,false,TA_OWNER_RENTAL_EQUIVALENCE_PRIMARY_v0_1,CE_CPI_SCOPE_RULES_V0_3,INTRODUCE,ACCEPTED,CURRENT_EFFECTIVE,SOURCE,INTRODUCED,INTRODUCED,,,NOT_APPLICABLE,REPLACEMENT,,,,409607.013756,,,,,RG_PRIMARY_RESIDENCE_RENTAL_EQUIVALENCE,REPLACEMENT,ELIGIBLE,
910104,Q4,Rental Equivalence Of Owned Home,,,CONCORDANCE_ONLY_UCC,CONCORDANCE_ONLY_ESTIMATED,PUMD_BENCHMARKED,VERIFIED,BENCHMARKED,INFERRED,HC011,SHELTER,,565762.947078,OBSERVED,1.973389,false,TA_OWNER_RENTAL_EQUIVALENCE_PRIMARY_v0_1,CE_CPI_SCOPE_RULES_V0_3,INTRODUCE,ACCEPTED,CURRENT_EFFECTIVE,SOURCE,INTRODUCED,INTRODUCED,,,NOT_APPLICABLE,REPLACEMENT,,,,565762.947078,,,,,RG_PRIMARY_RESIDENCE_RENTAL_EQUIVALENCE,REPLACEMENT,ELIGIBLE,
910104,Q5,Rental Equivalence Of Owned Home,,,CONCORDANCE_ONLY_UCC,CONCORDANCE_ONLY_ESTIMATED,PUMD_BENCHMARKED,VERIFIED,BENCHMARKED,INFERRED,HC011,SHELTER,,931558.528318,OBSERVED,1.390650,false,TA_OWNER_RENTAL_EQUIVALENCE_PRIMARY_v0_1,CE_CPI_SCOPE_RULES_V0_3,INTRODUCE,ACCEPTED,CURRENT_EFFECTIVE,SOURCE,INTRODUCED,INTRODUCED,,,NOT_APPLICABLE,REPLACEMENT,,,,931558.528318,,,,,RG_PRIMARY_RESIDENCE_RENTAL_EQUIVALENCE,REPLACEMENT,ELIGIBLE,
910105,ALL_CU,Rent Equiv Vac Home Not Avail Rnt,,,CONCORDANCE_ONLY_UCC,CONCORDANCE_ONLY_ESTIMATED,PUMD_BENCHMARKED,VERIFIED,BENCHMARKED,INFERRED,HC090,SHELTER,,93019.253122,OBSERVED,8.339150,false,TA_OWNER_RENTAL_EQUIVALENCE_SECONDARY_v0_1,CE_CPI_SCOPE_RULES_V0_3,INTRODUCE,PROPOSED,CURRENT_PENDING,SOURCE,INTRODUCED,UNRESOLVED,,,AMOUNT_HELD_IN_PENDING_BUCKET,PENDING,,,,,,93019.253122,,,RG_SECONDARY_RESIDENCE_RENTAL_EQUIVALENCE,REPLACEMENT,BLOCKED_PENDING_ADJUDICATION,
910105,Q1,Rent Equiv Vac Home Not Avail Rnt,,,CONCORDANCE_ONLY_UCC,CONCORDANCE_ONLY_ESTIMATED,PUMD_BENCHMARKED,VERIFIED,BENCHMARKED,INFERRED,HC090,SHELTER,,5439.708943,OBSERVED,24.789174,false,TA_OWNER_RENTAL_EQUIVALENCE_SECONDARY_v0_1,CE_CPI_SCOPE_RULES_V0_3,INTRODUCE,PROPOSED,CURRENT_PENDING,SOURCE,INTRODUCED,UNRESOLVED,,,AMOUNT_HELD_IN_PENDING_BUCKET,PENDING,,,,,,5439.708943,,,RG_SECONDARY_RESIDENCE_RENTAL_EQUIVALENCE,REPLACEMENT,BLOCKED_PENDING_ADJUDICATION,
910105,Q2,Rent Equiv Vac Home Not Avail Rnt,,,CONCORDANCE_ONLY_UCC,CONCORDANCE_ONLY_ESTIMATED,PUMD_BENCHMARKED,VERIFIED,BENCHMARKED,INFERRED,HC090,SHELTER,,10812.810128,OBSERVED,18.683477,false,TA_OWNER_RENTAL_EQUIVALENCE_SECONDARY_v0_1,CE_CPI_SCOPE_RULES_V0_3,INTRODUCE,PROPOSED,CURRENT_PENDING,SOURCE,INTRODUCED,UNRESOLVED,,,AMOUNT_HELD_IN_PENDING_BUCKET,PENDING,,,,,,10812.810128,,,RG_SECONDARY_RESIDENCE_RENTAL_EQUIVALENCE,REPLACEMENT,BLOCKED_PENDING_ADJUDICATION,
910105,Q3,Rent Equiv Vac Home Not Avail Rnt,,,CONCORDANCE_ONLY_UCC,CONCORDANCE_ONLY_ESTIMATED,PUMD_BENCHMARKED,VERIFIED,BENCHMARKED,INFERRED,HC090,SHELTER,,9788.623805,OBSERVED,24.446664,false,TA_OWNER_RENTAL_EQUIVALENCE_SECONDARY_v0_1,CE_CPI_SCOPE_RULES_V0_3,INTRODUCE,PROPOSED,CURRENT_PENDING,SOURCE,INTRODUCED,UNRESOLVED,,,AMOUNT_HELD_IN_PENDING_BUCKET,PENDING,,,,,,9788.623805,,,RG_SECONDARY_RESIDENCE_RENTAL_EQUIVALENCE,REPLACEMENT,BLOCKED_PENDING_ADJUDICATION,
910105,Q4,Rent Equiv Vac Home Not Avail Rnt,,,CONCORDANCE_ONLY_UCC,CONCORDANCE_ONLY_ESTIMATED,PUMD_BENCHMARKED,VERIFIED,BENCHMARKED,INFERRED,HC090,SHELTER,,19895.582679,OBSERVED,17.992693,false,TA_OWNER_RENTAL_EQUIVALENCE_SECONDARY_v0_1,CE_CPI_SCOPE_RULES_V0_3,INTRODUCE,PROPOSED,CURRENT_PENDING,SOURCE,INTRODUCED,UNRESOLVED,,,AMOUNT_HELD_IN_PENDING_BUCKET,PENDING,,,,,,19895.582679,,,RG_SECONDARY_RESIDENCE_RENTAL_EQUIVALENCE,REPLACEMENT,BLOCKED_PENDING_ADJUDICATION,
910105,Q5,Rent Equiv Vac Home Not Avail Rnt,,,CONCORDANCE_ONLY_UCC,CONCORDANCE_ONLY_ESTIMATED,PUMD_BENCHMARKED,VERIFIED,BENCHMARKED,INFERRED,HC090,SHELTER,,47082.527568,OBSERVED,12.743257,false,TA_OWNER_RENTAL_EQUIVALENCE_SECONDARY_v0_1,CE_CPI_SCOPE_RULES_V0_3,INTRODUCE,PROPOSED,CURRENT_PENDING,SOURCE,INTRODUCED,UNRESOLVED,,,AMOUNT_HELD_IN_PENDING_BUCKET,PENDING,,,,,,47082.527568,,,RG_SECONDARY_RESIDENCE_RENTAL_EQUIVALENCE,REPLACEMENT,BLOCKED_PENDING_ADJUDICATION,
910106,ALL_CU,Rent Equiv Vac Home Avail For Rnt,,,CONCORDANCE_ONLY_UCC,CONCORDANCE_ONLY_ESTIMATED,PUMD_NOT_BENCHMARKED,VERIFIED,NOT_ESTABLISHED,INFERRED,HC090,SHELTER,,665.471372,WITHHELD,60.641188,true,TA_OWNER_RENTAL_EQUIVALENCE_SECONDARY_v0_1,CE_CPI_SCOPE_RULES_V0_3,INTRODUCE,PROPOSED,CURRENT_PENDING,SOURCE,INTRODUCED,UNRESOLVED,,,NOT_APPLICABLE,WITHHELD,,,,,,,,665.471372,RG_SECONDARY_RESIDENCE_RENTAL_EQUIVALENCE,REPLACEMENT,BLOCKED_AMOUNT_NOT_ADMITTED,"An estimate exists and the governing rule withholds it. The amount is shown because withheld means not admitted, not unknown."
910106,Q1,Rent Equiv Vac Home Avail For Rnt,,,CONCORDANCE_ONLY_UCC,CONCORDANCE_ONLY_ESTIMATED,PUMD_NOT_BENCHMARKED,VERIFIED,NOT_ESTABLISHED,INFERRED,HC090,SHELTER,,,NOT_AVAILABLE,,false,TA_OWNER_RENTAL_EQUIVALENCE_SECONDARY_v0_1,CE_CPI_SCOPE_RULES_V0_3,INTRODUCE,PROPOSED,CURRENT_PENDING,SOURCE,INTRODUCED,UNRESOLVED,,,NOT_APPLICABLE,WITHHELD,,,,,,,,,RG_SECONDARY_RESIDENCE_RENTAL_EQUIVALENCE,REPLACEMENT,BLOCKED_AMOUNT_UNAVAILABLE,No estimate exists for this cell (cell_status NO_RECORDS). The amount is unavailable and is not zero.
910106,Q2,Rent Equiv Vac Home Avail For Rnt,,,CONCORDANCE_ONLY_UCC,CONCORDANCE_ONLY_ESTIMATED,PUMD_NOT_BENCHMARKED,VERIFIED,NOT_ESTABLISHED,INFERRED,HC090,SHELTER,,9.807815,WITHHELD,100.376512,true,TA_OWNER_RENTAL_EQUIVALENCE_SECONDARY_v0_1,CE_CPI_SCOPE_RULES_V0_3,INTRODUCE,PROPOSED,CURRENT_PENDING,SOURCE,INTRODUCED,UNRESOLVED,,,NOT_APPLICABLE,WITHHELD,,,,,,,,9.807815,RG_SECONDARY_RESIDENCE_RENTAL_EQUIVALENCE,REPLACEMENT,BLOCKED_AMOUNT_NOT_ADMITTED,"An estimate exists and the governing rule withholds it. The amount is shown because withheld means not admitted, not unknown."
910106,Q3,Rent Equiv Vac Home Avail For Rnt,,,CONCORDANCE_ONLY_UCC,CONCORDANCE_ONLY_ESTIMATED,PUMD_NOT_BENCHMARKED,VERIFIED,NOT_ESTABLISHED,INFERRED,HC090,SHELTER,,99.075314,WITHHELD,181.223978,true,TA_OWNER_RENTAL_EQUIVALENCE_SECONDARY_v0_1,CE_CPI_SCOPE_RULES_V0_3,INTRODUCE,PROPOSED,CURRENT_PENDING,SOURCE,INTRODUCED,UNRESOLVED,,,NOT_APPLICABLE,WITHHELD,,,,,,,,99.075314,RG_SECONDARY_RESIDENCE_RENTAL_EQUIVALENCE,REPLACEMENT,BLOCKED_AMOUNT_NOT_ADMITTED,"An estimate exists and the governing rule withholds it. The amount is shown because withheld means not admitted, not unknown."
910106,Q4,Rent Equiv Vac Home Avail For Rnt,,,CONCORDANCE_ONLY_UCC,CONCORDANCE_ONLY_ESTIMATED,PUMD_NOT_BENCHMARKED,VERIFIED,NOT_ESTABLISHED,INFERRED,HC090,SHELTER,,120.808528,WITHHELD,63.739159,true,TA_OWNER_RENTAL_EQUIVALENCE_SECONDARY_v0_1,CE_CPI_SCOPE_RULES_V0_3,INTRODUCE,PROPOSED,CURRENT_PENDING,SOURCE,INTRODUCED,UNRESOLVED,,,NOT_APPLICABLE,WITHHELD,,,,,,,,120.808528,RG_SECONDARY_RESIDENCE_RENTAL_EQUIVALENCE,REPLACEMENT,BLOCKED_AMOUNT_NOT_ADMITTED,"An estimate exists and the governing rule withholds it. The amount is shown because withheld means not admitted, not unknown."
910106,Q5,Rent Equiv Vac Home Avail For Rnt,,,CONCORDANCE_ONLY_UCC,CONCORDANCE_ONLY_ESTIMATED,PUMD_NOT_BENCHMARKED,VERIFIED,NOT_ESTABLISHED,INFERRED,HC090,SHELTER,,435.779715,WITHHELD,75.092538,true,TA_OWNER_RENTAL_EQUIVALENCE_SECONDARY_v0_1,CE_CPI_SCOPE_RULES_V0_3,INTRODUCE,PROPOSED,CURRENT_PENDING,SOURCE,INTRODUCED,UNRESOLVED,,,NOT_APPLICABLE,WITHHELD,,,,,,,,435.779715,RG_SECONDARY_RESIDENCE_RENTAL_EQUIVALENCE,REPLACEMENT,BLOCKED_AMOUNT_NOT_ADMITTED,"An estimate exists and the governing rule withholds it. The amount is shown because withheld means not admitted, not unknown."
910107,ALL_CU,Rental Equivalence For Timeshares,,,CONCORDANCE_ONLY_UCC,CONCORDANCE_ONLY_ESTIMATED,PUMD_BENCHMARKED,VERIFIED,BENCHMARKED,INFERRED,HC090,SHELTER,,9215.562566,OBSERVED,31.788507,true,TA_OWNER_RENTAL_EQUIVALENCE_SECONDARY_v0_1,CE_CPI_SCOPE_RULES_V0_3,INTRODUCE,PROPOSED,CURRENT_PENDING,SOURCE,INTRODUCED,UNRESOLVED,,,AMOUNT_HELD_IN_PENDING_BUCKET,PENDING,,,,,,9215.562566,,,RG_SECONDARY_RESIDENCE_RENTAL_EQUIVALENCE,REPLACEMENT,BLOCKED_PENDING_ADJUDICATION,
910107,Q1,Rental Equivalence For Timeshares,,,CONCORDANCE_ONLY_UCC,CONCORDANCE_ONLY_ESTIMATED,PUMD_BENCHMARKED,VERIFIED,BENCHMARKED,INFERRED,HC090,SHELTER,,205.269605,OBSERVED,43.582619,true,TA_OWNER_RENTAL_EQUIVALENCE_SECONDARY_v0_1,CE_CPI_SCOPE_RULES_V0_3,INTRODUCE,PROPOSED,CURRENT_PENDING,SOURCE,INTRODUCED,UNRESOLVED,,,AMOUNT_HELD_IN_PENDING_BUCKET,PENDING,,,,,,205.269605,,,RG_SECONDARY_RESIDENCE_RENTAL_EQUIVALENCE,REPLACEMENT,BLOCKED_PENDING_ADJUDICATION,
910107,Q2,Rental Equivalence For Timeshares,,,CONCORDANCE_ONLY_UCC,CONCORDANCE_ONLY_ESTIMATED,PUMD_BENCHMARKED,VERIFIED,BENCHMARKED,INFERRED,HC090,SHELTER,,301.491211,OBSERVED,46.104949,true,TA_OWNER_RENTAL_EQUIVALENCE_SECONDARY_v0_1,CE_CPI_SCOPE_RULES_V0_3,INTRODUCE,PROPOSED,CURRENT_PENDING,SOURCE,INTRODUCED,UNRESOLVED,,,AMOUNT_HELD_IN_PENDING_BUCKET,PENDING,,,,,,301.491211,,,RG_SECONDARY_RESIDENCE_RENTAL_EQUIVALENCE,REPLACEMENT,BLOCKED_PENDING_ADJUDICATION,
910107,Q3,Rental Equivalence For Timeshares,,,CONCORDANCE_ONLY_UCC,CONCORDANCE_ONLY_ESTIMATED,PUMD_BENCHMARKED,VERIFIED,BENCHMARKED,INFERRED,HC090,SHELTER,,1294.464990,OBSERVED,80.540423,true,TA_OWNER_RENTAL_EQUIVALENCE_SECONDARY_v0_1,CE_CPI_SCOPE_RULES_V0_3,INTRODUCE,PROPOSED,CURRENT_PENDING,SOURCE,INTRODUCED,UNRESOLVED,,,AMOUNT_HELD_IN_PENDING_BUCKET,PENDING,,,,,,1294.464990,,,RG_SECONDARY_RESIDENCE_RENTAL_EQUIVALENCE,REPLACEMENT,BLOCKED_PENDING_ADJUDICATION,
910107,Q4,Rental Equivalence For Timeshares,,,CONCORDANCE_ONLY_UCC,CONCORDANCE_ONLY_ESTIMATED,PUMD_BENCHMARKED,VERIFIED,BENCHMARKED,INFERRED,HC090,SHELTER,,1053.260749,OBSERVED,25.616838,true,TA_OWNER_RENTAL_EQUIVALENCE_SECONDARY_v0_1,CE_CPI_SCOPE_RULES_V0_3,INTRODUCE,PROPOSED,CURRENT_PENDING,SOURCE,INTRODUCED,UNRESOLVED,,,AMOUNT_HELD_IN_PENDING_BUCKET,PENDING,,,,,,1053.260749,,,RG_SECONDARY_RESIDENCE_RENTAL_EQUIVALENCE,REPLACEMENT,BLOCKED_PENDING_ADJUDICATION,
910107,Q5,Rental Equivalence For Timeshares,,,CONCORDANCE_ONLY_UCC,CONCORDANCE_ONLY_ESTIMATED,PUMD_BENCHMARKED,VERIFIED,BENCHMARKED,INFERRED,HC090,SHELTER,,6361.076011,OBSERVED,40.265006,true,TA_OWNER_RENTAL_EQUIVALENCE_SECONDARY_v0_1,CE_CPI_SCOPE_RULES_V0_3,INTRODUCE,PROPOSED,CURRENT_PENDING,SOURCE,INTRODUCED,UNRESOLVED,,,AMOUNT_HELD_IN_PENDING_BUCKET,PENDING,,,,,,6361.076011,,,RG_SECONDARY_RESIDENCE_RENTAL_EQUIVALENCE,REPLACEMENT,BLOCKED_PENDING_ADJUDICATION,
950024,ALL_CU,Vehicle personal property taxes,TRANS,Transportation,PUBLISHED_CE_UCC,PUBLISHED_CE_BASIS,LABSTAT_PUBLISHED,NOT_VERIFIED,NOT_ESTABLISHED,UNKNOWN,,,UNRESOLVED,8620.000000,OBSERVED,5.690000,false,TR_VEHICLE_REGISTRATION_FEES_v0_1,CE_CPI_SCOPE_RULES_V0_3,COMBINE,ACCEPTED,CURRENT_EFFECTIVE,SOURCE,TRANSFORMED,TRANSFORMED,,,NOT_APPLICABLE,TRANSFORMED,,,,,8620.000000,,,,,NOT_APPLICABLE,ELIGIBLE,
950024,Q1,Vehicle personal property taxes,TRANS,Transportation,PUBLISHED_CE_UCC,PUBLISHED_CE_BASIS,LABSTAT_PUBLISHED,NOT_VERIFIED,NOT_ESTABLISHED,UNKNOWN,,,UNRESOLVED,724.000000,OBSERVED,9.540000,false,TR_VEHICLE_REGISTRATION_FEES_v0_1,CE_CPI_SCOPE_RULES_V0_3,COMBINE,ACCEPTED,CURRENT_EFFECTIVE,SOURCE,TRANSFORMED,TRANSFORMED,,,NOT_APPLICABLE,TRANSFORMED,,,,,724.000000,,,,,NOT_APPLICABLE,ELIGIBLE,
950024,Q2,Vehicle personal property taxes,TRANS,Transportation,PUBLISHED_CE_UCC,PUBLISHED_CE_BASIS,LABSTAT_PUBLISHED,NOT_VERIFIED,NOT_ESTABLISHED,UNKNOWN,,,UNRESOLVED,1170.000000,OBSERVED,8.410000,false,TR_VEHICLE_REGISTRATION_FEES_v0_1,CE_CPI_SCOPE_RULES_V0_3,COMBINE,ACCEPTED,CURRENT_EFFECTIVE,SOURCE,TRANSFORMED,TRANSFORMED,,,NOT_APPLICABLE,TRANSFORMED,,,,,1170.000000,,,,,NOT_APPLICABLE,ELIGIBLE,
950024,Q3,Vehicle personal property taxes,TRANS,Transportation,PUBLISHED_CE_UCC,PUBLISHED_CE_BASIS,LABSTAT_PUBLISHED,NOT_VERIFIED,NOT_ESTABLISHED,UNKNOWN,,,UNRESOLVED,1597.000000,OBSERVED,9.140000,false,TR_VEHICLE_REGISTRATION_FEES_v0_1,CE_CPI_SCOPE_RULES_V0_3,COMBINE,ACCEPTED,CURRENT_EFFECTIVE,SOURCE,TRANSFORMED,TRANSFORMED,,,NOT_APPLICABLE,TRANSFORMED,,,,,1597.000000,,,,,NOT_APPLICABLE,ELIGIBLE,
950024,Q4,Vehicle personal property taxes,TRANS,Transportation,PUBLISHED_CE_UCC,PUBLISHED_CE_BASIS,LABSTAT_PUBLISHED,NOT_VERIFIED,NOT_ESTABLISHED,UNKNOWN,,,UNRESOLVED,2123.000000,OBSERVED,7.570000,false,TR_VEHICLE_REGISTRATION_FEES_v0_1,CE_CPI_SCOPE_RULES_V0_3,COMBINE,ACCEPTED,CURRENT_EFFECTIVE,SOURCE,TRANSFORMED,TRANSFORMED,,,NOT_APPLICABLE,TRANSFORMED,,,,,2123.000000,,,,,NOT_APPLICABLE,ELIGIBLE,
950024,Q5,Vehicle personal property taxes,TRANS,Transportation,PUBLISHED_CE_UCC,PUBLISHED_CE_BASIS,LABSTAT_PUBLISHED,NOT_VERIFIED,NOT_ESTABLISHED,UNKNOWN,,,UNRESOLVED,3007.000000,OBSERVED,9.960000,false,TR_VEHICLE_REGISTRATION_FEES_v0_1,CE_CPI_SCOPE_RULES_V0_3,COMBINE,ACCEPTED,CURRENT_EFFECTIVE,SOURCE,TRANSFORMED,TRANSFORMED,,,NOT_APPLICABLE,TRANSFORMED,,,,,3007.000000,,,,,NOT_APPLICABLE,ELIGIBLE,
990900,ALL_CU,"Rental and installation of dishwashers, range hoods, and garbage disposals",HOUSING,Housing,PUBLISHED_CE_UCC,PUBLISHED_CE_BASIS,LABSTAT_PUBLISHED,NOT_VERIFIED,NOT_ESTABLISHED,UNKNOWN,,,UNRESOLVED,,SUPPRESSED,,,UNRESOLVED_v0_2,CE_CPI_SCOPE_RULES_V0_3,UNRESOLVED,OPEN,CURRENT_OPEN,SOURCE,UNRESOLVED,UNRESOLVED,,,NOT_APPLICABLE,OPEN,,,,,,,,,,NOT_APPLICABLE,BLOCKED_UNRESOLVED_METHODOLOGY,BLS publishes this series and did not publish this cell. The amount is unknown and is not zero.
990900,Q1,"Rental and installation of dishwashers, range hoods, and garbage disposals",HOUSING,Housing,PUBLISHED_CE_UCC,PUBLISHED_CE_BASIS,LABSTAT_PUBLISHED,NOT_VERIFIED,NOT_ESTABLISHED,UNKNOWN,,,UNRESOLVED,,SUPPRESSED,,,UNRESOLVED_v0_2,CE_CPI_SCOPE_RULES_V0_3,UNRESOLVED,OPEN,CURRENT_OPEN,SOURCE,UNRESOLVED,UNRESOLVED,,,NOT_APPLICABLE,OPEN,,,,,,,,,,NOT_APPLICABLE,BLOCKED_UNRESOLVED_METHODOLOGY,BLS publishes this series and did not publish this cell. The amount is unknown and is not zero.
990900,Q2,"Rental and installation of dishwashers, range hoods, and garbage disposals",HOUSING,Housing,PUBLISHED_CE_UCC,PUBLISHED_CE_BASIS,LABSTAT_PUBLISHED,NOT_VERIFIED,NOT_ESTABLISHED,UNKNOWN,,,UNRESOLVED,,SUPPRESSED,,,UNRESOLVED_v0_2,CE_CPI_SCOPE_RULES_V0_3,UNRESOLVED,OPEN,CURRENT_OPEN,SOURCE,UNRESOLVED,UNRESOLVED,,,NOT_APPLICABLE,OPEN,,,,,,,,,,NOT_APPLICABLE,BLOCKED_UNRESOLVED_METHODOLOGY,BLS publishes this series and did not publish this cell. The amount is unknown and is not zero.
990900,Q3,"Rental and installation of dishwashers, range hoods, and garbage disposals",HOUSING,Housing,PUBLISHED_CE_UCC,PUBLISHED_CE_BASIS,LABSTAT_PUBLISHED,NOT_VERIFIED,NOT_ESTABLISHED,UNKNOWN,,,UNRESOLVED,,SUPPRESSED,,,UNRESOLVED_v0_2,CE_CPI_SCOPE_RULES_V0_3,UNRESOLVED,OPEN,CURRENT_OPEN,SOURCE,UNRESOLVED,UNRESOLVED,,,NOT_APPLICABLE,OPEN,,,,,,,,,,NOT_APPLICABLE,BLOCKED_UNRESOLVED_METHODOLOGY,BLS publishes this series and did not publish this cell. The amount is unknown and is not zero.
990900,Q4,"Rental and installation of dishwashers, range hoods, and garbage disposals",HOUSING,Housing,PUBLISHED_CE_UCC,PUBLISHED_CE_BASIS,LABSTAT_PUBLISHED,NOT_VERIFIED,NOT_ESTABLISHED,UNKNOWN,,,UNRESOLVED,,SUPPRESSED,,,UNRESOLVED_v0_2,CE_CPI_SCOPE_RULES_V0_3,UNRESOLVED,OPEN,CURRENT_OPEN,SOURCE,UNRESOLVED,UNRESOLVED,,,NOT_APPLICABLE,OPEN,,,,,,,,,,NOT_APPLICABLE,BLOCKED_UNRESOLVED_METHODOLOGY,BLS publishes this series and did not publish this cell. The amount is unknown and is not zero.
990900,Q5,"Rental and installation of dishwashers, range hoods, and garbage disposals",HOUSING,Housing,PUBLISHED_CE_UCC,PUBLISHED_CE_BASIS,LABSTAT_PUBLISHED,NOT_VERIFIED,NOT_ESTABLISHED,UNKNOWN,,,UNRESOLVED,,SUPPRESSED,,,UNRESOLVED_v0_2,CE_CPI_SCOPE_RULES_V0_3,UNRESOLVED,OPEN,CURRENT_OPEN,SOURCE,UNRESOLVED,UNRESOLVED,,,NOT_APPLICABLE,OPEN,,,,,,,,,,NOT_APPLICABLE,BLOCKED_UNRESOLVED_METHODOLOGY,BLS publishes this series and did not publish this cell. The amount is unknown and is not zero.
990920,ALL_CU,"Materials for additions, finishing basements, and remodeling rooms",HOUSING,Housing,PUBLISHED_CE_UCC,PUBLISHED_CE_BASIS,LABSTAT_PUBLISHED,NOT_VERIFIED,NOT_ESTABLISHED,UNKNOWN,,,UNRESOLVED,255.000000,OBSERVED,39.970000,true,OS_CPI_CAPITAL_IMPROVEMENT_v0_1,CE_CPI_SCOPE_RULES_V0_3,EXCLUDE,ACCEPTED,CURRENT_EFFECTIVE,SOURCE,OUT_OF_SCOPE,OUT_OF_SCOPE,,,NOT_APPLICABLE,EXCLUDED,,255.000000,,,,,,,,NOT_APPLICABLE,EXCLUDED_FROM_BASIS,
990920,Q1,"Materials for additions, finishing basements, and remodeling rooms",HOUSING,Housing,PUBLISHED_CE_UCC,PUBLISHED_CE_BASIS,LABSTAT_PUBLISHED,NOT_VERIFIED,NOT_ESTABLISHED,UNKNOWN,,,UNRESOLVED,55.000000,OBSERVED,105.670000,true,OS_CPI_CAPITAL_IMPROVEMENT_v0_1,CE_CPI_SCOPE_RULES_V0_3,EXCLUDE,ACCEPTED,CURRENT_EFFECTIVE,SOURCE,OUT_OF_SCOPE,OUT_OF_SCOPE,,,NOT_APPLICABLE,EXCLUDED,,55.000000,,,,,,,,NOT_APPLICABLE,EXCLUDED_FROM_BASIS,
990920,Q2,"Materials for additions, finishing basements, and remodeling rooms",HOUSING,Housing,PUBLISHED_CE_UCC,PUBLISHED_CE_BASIS,LABSTAT_PUBLISHED,NOT_VERIFIED,NOT_ESTABLISHED,UNKNOWN,,,UNRESOLVED,56.000000,OBSERVED,63.550000,true,OS_CPI_CAPITAL_IMPROVEMENT_v0_1,CE_CPI_SCOPE_RULES_V0_3,EXCLUDE,ACCEPTED,CURRENT_EFFECTIVE,SOURCE,OUT_OF_SCOPE,OUT_OF_SCOPE,,,NOT_APPLICABLE,EXCLUDED,,56.000000,,,,,,,,NOT_APPLICABLE,EXCLUDED_FROM_BASIS,
990920,Q3,"Materials for additions, finishing basements, and remodeling rooms",HOUSING,Housing,PUBLISHED_CE_UCC,PUBLISHED_CE_BASIS,LABSTAT_PUBLISHED,NOT_VERIFIED,NOT_ESTABLISHED,UNKNOWN,,,UNRESOLVED,91.000000,OBSERVED,55.310000,true,OS_CPI_CAPITAL_IMPROVEMENT_v0_1,CE_CPI_SCOPE_RULES_V0_3,EXCLUDE,ACCEPTED,CURRENT_EFFECTIVE,SOURCE,OUT_OF_SCOPE,OUT_OF_SCOPE,,,NOT_APPLICABLE,EXCLUDED,,91.000000,,,,,,,,NOT_APPLICABLE,EXCLUDED_FROM_BASIS,
990920,Q4,"Materials for additions, finishing basements, and remodeling rooms",HOUSING,Housing,PUBLISHED_CE_UCC,PUBLISHED_CE_BASIS,LABSTAT_PUBLISHED,NOT_VERIFIED,NOT_ESTABLISHED,UNKNOWN,,,UNRESOLVED,53.000000,OBSERVED,73.380000,true,OS_CPI_CAPITAL_IMPROVEMENT_v0_1,CE_CPI_SCOPE_RULES_V0_3,EXCLUDE,ACCEPTED,CURRENT_EFFECTIVE,SOURCE,OUT_OF_SCOPE,OUT_OF_SCOPE,,,NOT_APPLICABLE,EXCLUDED,,53.000000,,,,,,,,NOT_APPLICABLE,EXCLUDED_FROM_BASIS,
990920,Q5,"Materials for additions, finishing basements, and remodeling rooms",HOUSING,Housing,PUBLISHED_CE_UCC,PUBLISHED_CE_BASIS,LABSTAT_PUBLISHED,NOT_VERIFIED,NOT_ESTABLISHED,UNKNOWN,,,UNRESOLVED,,SUPPRESSED,,,OS_CPI_CAPITAL_IMPROVEMENT_v0_1,CE_CPI_SCOPE_RULES_V0_3,EXCLUDE,ACCEPTED,CURRENT_EFFECTIVE,SOURCE,OUT_OF_SCOPE,OUT_OF_SCOPE,,,NOT_APPLICABLE,EXCLUDED,,,,,,,,,,NOT_APPLICABLE,EXCLUDED_FROM_BASIS,BLS publishes this series and did not publish this cell. The amount is unknown and is not zero.
990930,ALL_CU,"Materials to finish basements, remodel rooms, or build patios or walkways",HOUSING,Housing,PUBLISHED_CE_UCC,PUBLISHED_CE_BASIS,LABSTAT_PUBLISHED,NOT_VERIFIED,NOT_ESTABLISHED,UNKNOWN,,,UNRESOLVED,,SUPPRESSED,,,OS_CPI_CAPITAL_IMPROVEMENT_v0_1,CE_CPI_SCOPE_RULES_V0_3,EXCLUDE,ACCEPTED,CURRENT_EFFECTIVE,SOURCE,OUT_OF_SCOPE,OUT_OF_SCOPE,,,NOT_APPLICABLE,EXCLUDED,,,,,,,,,,NOT_APPLICABLE,EXCLUDED_FROM_BASIS,BLS publishes this series and did not publish this cell. The amount is unknown and is not zero.
990930,Q1,"Materials to finish basements, remodel rooms, or build patios or walkways",HOUSING,Housing,PUBLISHED_CE_UCC,PUBLISHED_CE_BASIS,LABSTAT_PUBLISHED,NOT_VERIFIED,NOT_ESTABLISHED,UNKNOWN,,,UNRESOLVED,,SUPPRESSED,,,OS_CPI_CAPITAL_IMPROVEMENT_v0_1,CE_CPI_SCOPE_RULES_V0_3,EXCLUDE,ACCEPTED,CURRENT_EFFECTIVE,SOURCE,OUT_OF_SCOPE,OUT_OF_SCOPE,,,NOT_APPLICABLE,EXCLUDED,,,,,,,,,,NOT_APPLICABLE,EXCLUDED_FROM_BASIS,BLS publishes this series and did not publish this cell. The amount is unknown and is not zero.
990930,Q2,"Materials to finish basements, remodel rooms, or build patios or walkways",HOUSING,Housing,PUBLISHED_CE_UCC,PUBLISHED_CE_BASIS,LABSTAT_PUBLISHED,NOT_VERIFIED,NOT_ESTABLISHED,UNKNOWN,,,UNRESOLVED,,SUPPRESSED,,,OS_CPI_CAPITAL_IMPROVEMENT_v0_1,CE_CPI_SCOPE_RULES_V0_3,EXCLUDE,ACCEPTED,CURRENT_EFFECTIVE,SOURCE,OUT_OF_SCOPE,OUT_OF_SCOPE,,,NOT_APPLICABLE,EXCLUDED,,,,,,,,,,NOT_APPLICABLE,EXCLUDED_FROM_BASIS,BLS publishes this series and did not publish this cell. The amount is unknown and is not zero.
990930,Q3,"Materials to finish basements, remodel rooms, or build patios or walkways",HOUSING,Housing,PUBLISHED_CE_UCC,PUBLISHED_CE_BASIS,LABSTAT_PUBLISHED,NOT_VERIFIED,NOT_ESTABLISHED,UNKNOWN,,,UNRESOLVED,,SUPPRESSED,,,OS_CPI_CAPITAL_IMPROVEMENT_v0_1,CE_CPI_SCOPE_RULES_V0_3,EXCLUDE,ACCEPTED,CURRENT_EFFECTIVE,SOURCE,OUT_OF_SCOPE,OUT_OF_SCOPE,,,NOT_APPLICABLE,EXCLUDED,,,,,,,,,,NOT_APPLICABLE,EXCLUDED_FROM_BASIS,BLS publishes this series and did not publish this cell. The amount is unknown and is not zero.
990930,Q4,"Materials to finish basements, remodel rooms, or build patios or walkways",HOUSING,Housing,PUBLISHED_CE_UCC,PUBLISHED_CE_BASIS,LABSTAT_PUBLISHED,NOT_VERIFIED,NOT_ESTABLISHED,UNKNOWN,,,UNRESOLVED,,SUPPRESSED,,,OS_CPI_CAPITAL_IMPROVEMENT_v0_1,CE_CPI_SCOPE_RULES_V0_3,EXCLUDE,ACCEPTED,CURRENT_EFFECTIVE,SOURCE,OUT_OF_SCOPE,OUT_OF_SCOPE,,,NOT_APPLICABLE,EXCLUDED,,,,,,,,,,NOT_APPLICABLE,EXCLUDED_FROM_BASIS,BLS publishes this series and did not publish this cell. The amount is unknown and is not zero.
990930,Q5,"Materials to finish basements, remodel rooms, or build patios or walkways",HOUSING,Housing,PUBLISHED_CE_UCC,PUBLISHED_CE_BASIS,LABSTAT_PUBLISHED,NOT_VERIFIED,NOT_ESTABLISHED,UNKNOWN,,,UNRESOLVED,,SUPPRESSED,,,OS_CPI_CAPITAL_IMPROVEMENT_v0_1,CE_CPI_SCOPE_RULES_V0_3,EXCLUDE,ACCEPTED,CURRENT_EFFECTIVE,SOURCE,OUT_OF_SCOPE,OUT_OF_SCOPE,,,NOT_APPLICABLE,EXCLUDED,,,,,,,,,,NOT_APPLICABLE,EXCLUDED_FROM_BASIS,BLS publishes this series and did not publish this cell. The amount is unknown and is not zero.
990940,ALL_CU,Material for finishing basements and remodeling rooms,HOUSING,Housing,PUBLISHED_CE_UCC,PUBLISHED_CE_BASIS,LABSTAT_PUBLISHED,NOT_VERIFIED,NOT_ESTABLISHED,UNKNOWN,,,UNRESOLVED,,SUPPRESSED,,,OS_CPI_CAPITAL_IMPROVEMENT_v0_1,CE_CPI_SCOPE_RULES_V0_3,EXCLUDE,ACCEPTED,CURRENT_EFFECTIVE,SOURCE,OUT_OF_SCOPE,OUT_OF_SCOPE,,,NOT_APPLICABLE,EXCLUDED,,,,,,,,,,NOT_APPLICABLE,EXCLUDED_FROM_BASIS,BLS publishes this series and did not publish this cell. The amount is unknown and is not zero.
990940,Q1,Material for finishing basements and remodeling rooms,HOUSING,Housing,PUBLISHED_CE_UCC,PUBLISHED_CE_BASIS,LABSTAT_PUBLISHED,NOT_VERIFIED,NOT_ESTABLISHED,UNKNOWN,,,UNRESOLVED,,SUPPRESSED,,,OS_CPI_CAPITAL_IMPROVEMENT_v0_1,CE_CPI_SCOPE_RULES_V0_3,EXCLUDE,ACCEPTED,CURRENT_EFFECTIVE,SOURCE,OUT_OF_SCOPE,OUT_OF_SCOPE,,,NOT_APPLICABLE,EXCLUDED,,,,,,,,,,NOT_APPLICABLE,EXCLUDED_FROM_BASIS,BLS publishes this series and did not publish this cell. The amount is unknown and is not zero.
990940,Q2,Material for finishing basements and remodeling rooms,HOUSING,Housing,PUBLISHED_CE_UCC,PUBLISHED_CE_BASIS,LABSTAT_PUBLISHED,NOT_VERIFIED,NOT_ESTABLISHED,UNKNOWN,,,UNRESOLVED,,SUPPRESSED,,,OS_CPI_CAPITAL_IMPROVEMENT_v0_1,CE_CPI_SCOPE_RULES_V0_3,EXCLUDE,ACCEPTED,CURRENT_EFFECTIVE,SOURCE,OUT_OF_SCOPE,OUT_OF_SCOPE,,,NOT_APPLICABLE,EXCLUDED,,,,,,,,,,NOT_APPLICABLE,EXCLUDED_FROM_BASIS,BLS publishes this series and did not publish this cell. The amount is unknown and is not zero.
990940,Q3,Material for finishing basements and remodeling rooms,HOUSING,Housing,PUBLISHED_CE_UCC,PUBLISHED_CE_BASIS,LABSTAT_PUBLISHED,NOT_VERIFIED,NOT_ESTABLISHED,UNKNOWN,,,UNRESOLVED,,SUPPRESSED,,,OS_CPI_CAPITAL_IMPROVEMENT_v0_1,CE_CPI_SCOPE_RULES_V0_3,EXCLUDE,ACCEPTED,CURRENT_EFFECTIVE,SOURCE,OUT_OF_SCOPE,OUT_OF_SCOPE,,,NOT_APPLICABLE,EXCLUDED,,,,,,,,,,NOT_APPLICABLE,EXCLUDED_FROM_BASIS,BLS publishes this series and did not publish this cell. The amount is unknown and is not zero.
990940,Q4,Material for finishing basements and remodeling rooms,HOUSING,Housing,PUBLISHED_CE_UCC,PUBLISHED_CE_BASIS,LABSTAT_PUBLISHED,NOT_VERIFIED,NOT_ESTABLISHED,UNKNOWN,,,UNRESOLVED,,SUPPRESSED,,,OS_CPI_CAPITAL_IMPROVEMENT_v0_1,CE_CPI_SCOPE_RULES_V0_3,EXCLUDE,ACCEPTED,CURRENT_EFFECTIVE,SOURCE,OUT_OF_SCOPE,OUT_OF_SCOPE,,,NOT_APPLICABLE,EXCLUDED,,,,,,,,,,NOT_APPLICABLE,EXCLUDED_FROM_BASIS,BLS publishes this series and did not publish this cell. The amount is unknown and is not zero.
990940,Q5,Material for finishing basements and remodeling rooms,HOUSING,Housing,PUBLISHED_CE_UCC,PUBLISHED_CE_BASIS,LABSTAT_PUBLISHED,NOT_VERIFIED,NOT_ESTABLISHED,UNKNOWN,,,UNRESOLVED,,SUPPRESSED,,,OS_CPI_CAPITAL_IMPROVEMENT_v0_1,CE_CPI_SCOPE_RULES_V0_3,EXCLUDE,ACCEPTED,CURRENT_EFFECTIVE,SOURCE,OUT_OF_SCOPE,OUT_OF_SCOPE,,,NOT_APPLICABLE,EXCLUDED,,,,,,,,,,NOT_APPLICABLE,EXCLUDED_FROM_BASIS,BLS publishes this series and did not publish this cell. The amount is unknown and is not zero.
