population,characteristics_code,subcategory_code,domain_label,ucc,item_text,display_level,series_id,aggregate_expenditure,mean_expenditure,rse,high_rse
All Consumer Units,01,ALCBEVG,Alcoholic beverages,200119,"Beer, ale, and other malt beverage",2,CXU200119LB0101M,12193.0,90.0,5.36,false
All Consumer Units,01,ALCBEVG,Alcoholic beverages,200219,Distilled spirits,2,CXU200219LB0101M,8281.0,61.0,8.46,false
All Consumer Units,01,ALCBEVG,Alcoholic beverages,200310,Wine,2,CXU200310LB0101M,15888.0,117.0,8.15,false
All Consumer Units,01,ALCBEVG,Alcoholic beverages,200900,Alcoholic beverages purchased on trips,2,CXU200900LB0101M,12919.0,95.0,5.16,false
All Consumer Units,01,ALCBEVG,Alcoholic beverages,790420,"Alcoholic beverages at restaurants, taverns",2,CXU790420LB0101M,37731.0,279.0,4.57,false
All Consumer Units,01,FOODTOTL,Food,010119,Flour and prepared flour mixes,2,CXU010119LB0101M,4181.0,31.0,5.01,false
All Consumer Units,01,FOODTOTL,Food,010210,"Cereal, breakfast, and granola bars",4,CXU010210LB0101M,13691.0,101.0,3.23,false
All Consumer Units,01,FOODTOTL,Food,010310,Rice,4,CXU010310LB0101M,6332.0,47.0,4.3,false
All Consumer Units,01,FOODTOTL,Food,010320,"Pasta, cornmeal, and other cereal products",4,CXU010320LB0101M,8245.0,61.0,3.05,false
All Consumer Units,01,FOODTOTL,Food,020219,Bread,2,CXU020219LB0101M,17821.0,132.0,2.68,false
All Consumer Units,01,FOODTOTL,Food,020310,Biscuits and rolls,5,CXU020310LB0101M,11963.0,88.0,3.01,false
All Consumer Units,01,FOODTOTL,Food,020410,Cakes and cupcakes,5,CXU020410LB0101M,8679.0,64.0,5.04,false
All Consumer Units,01,FOODTOTL,Food,020510,Cookies,5,CXU020510LB0101M,12004.0,89.0,4.11,false
All Consumer Units,01,FOODTOTL,Food,020610,Crackers,5,CXU020610LB0101M,7146.0,53.0,3.06,false
All Consumer Units,01,FOODTOTL,Food,020620,Bread and cracker products,5,CXU020620LB0101M,1033.0,8.0,6.04,false
All Consumer Units,01,FOODTOTL,Food,020710,"Sweetrolls, coffee cakes, and doughnuts",5,CXU020710LB0101M,5161.0,38.0,3.73,false
All Consumer Units,01,FOODTOTL,Food,020810,Frozen and refrigerated bakery products,4,CXU020810LB0101M,6223.0,46.0,3.74,false
All Consumer Units,01,FOODTOTL,Food,020820,"Pies, tarts, and turnovers",5,CXU020820LB0101M,2881.0,21.0,13.06,false
All Consumer Units,01,FOODTOTL,Food,030110,Ground beef,4,CXU030110LB0101M,20755.0,153.0,5.06,false
All Consumer Units,01,FOODTOTL,Food,030219,Roasts,2,CXU030219LB0101M,7613.0,56.0,7.89,false
All Consumer Units,01,FOODTOTL,Food,030519,Steak,2,CXU030519LB0101M,20365.0,151.0,4.63,false
All Consumer Units,01,FOODTOTL,Food,030810,Other beef,4,CXU030810LB0101M,6509.0,48.0,9.4,false
All Consumer Units,01,FOODTOTL,Food,040119,"Bacon, breakfast sausage, and related products",2,CXU040119LB0101M,13639.0,101.0,2.27,false
All Consumer Units,01,FOODTOTL,Food,040210,Pork chops,4,CXU040210LB0101M,4752.0,35.0,6.82,false
All Consumer Units,01,FOODTOTL,Food,040319,Ham,2,CXU040319LB0101M,6992.0,52.0,5.07,false
All Consumer Units,01,FOODTOTL,Food,040410,Other pork,4,CXU040410LB0101M,9751.0,72.0,4.93,false
All Consumer Units,01,FOODTOTL,Food,050110,Frankfurters,4,CXU050110LB0101M,3361.0,25.0,5.79,false
All Consumer Units,01,FOODTOTL,Food,050319,Lunchmeats,2,CXU050319LB0101M,14115.0,104.0,3.23,false
All Consumer Units,01,FOODTOTL,Food,050419,"Lamb, organ meat, and game",2,CXU050419LB0101M,2799.0,21.0,10.71,false
All Consumer Units,01,FOODTOTL,Food,060119,Chicken,2,CXU060119LB0101M,28910.0,214.0,3.12,false
All Consumer Units,01,FOODTOTL,Food,060310,Other poultry,4,CXU060310LB0101M,7270.0,54.0,5.39,false
All Consumer Units,01,FOODTOTL,Food,070119,Processed fish and seafood,2,CXU070119LB0101M,14335.0,106.0,4.19,false
All Consumer Units,01,FOODTOTL,Food,070230,Fresh fish and shellfish,4,CXU070230LB0101M,15959.0,118.0,4.94,false
All Consumer Units,01,FOODTOTL,Food,080110,Eggs,3,CXU080110LB0101M,14257.0,105.0,3.4,false
All Consumer Units,01,FOODTOTL,Food,090110,"Fresh milk, all types",4,CXU090110LB0101M,19108.0,141.0,2.05,false
All Consumer Units,01,FOODTOTL,Food,100119,Butter and margarine,2,CXU100119LB0101M,7149.0,53.0,4.03,false
All Consumer Units,01,FOODTOTL,Food,100210,Cheese,4,CXU100210LB0101M,27210.0,201.0,2.62,false
All Consumer Units,01,FOODTOTL,Food,100410,Ice cream and related products,4,CXU100410LB0101M,11824.0,87.0,3.72,false
All Consumer Units,01,FOODTOTL,Food,100519,Other dairy and related products,2,CXU100519LB0101M,20142.0,149.0,2.59,false
All Consumer Units,01,FOODTOTL,Food,110110,Apples,4,CXU110110LB0101M,7147.0,53.0,4.03,false
All Consumer Units,01,FOODTOTL,Food,110210,Bananas,4,CXU110210LB0101M,5803.0,43.0,3.23,false
All Consumer Units,01,FOODTOTL,Food,110319,Citrus fruits,2,CXU110319LB0101M,7935.0,59.0,3.44,false
All Consumer Units,01,FOODTOTL,Food,110410,Other fresh fruits,4,CXU110410LB0101M,32492.0,240.0,3.06,false
All Consumer Units,01,FOODTOTL,Food,120110,Potatoes,4,CXU120110LB0101M,6987.0,52.0,3.67,false
All Consumer Units,01,FOODTOTL,Food,120210,Lettuce,4,CXU120210LB0101M,4145.0,31.0,4.48,false
All Consumer Units,01,FOODTOTL,Food,120310,Tomatoes,4,CXU120310LB0101M,6524.0,48.0,3.95,false
All Consumer Units,01,FOODTOTL,Food,120410,Other fresh vegetables,4,CXU120410LB0101M,30357.0,224.0,2.92,false
All Consumer Units,01,FOODTOTL,Food,130119,Frozen noncarbonated juices and drinks,2,CXU130119LB0101M,409.0,3.0,14.17,false
All Consumer Units,01,FOODTOTL,Food,130129,Frozen fruits and vegetables,2,CXU130129LB0101M,8824.0,65.0,3.16,false
All Consumer Units,01,FOODTOTL,Food,140219,Canned fruits and vegetables,2,CXU140219LB0101M,9936.0,73.0,2.33,false
All Consumer Units,01,FOODTOTL,Food,140349,Dried fruits and vegetables,2,CXU140349LB0101M,8343.0,62.0,3.51,false
All Consumer Units,01,FOODTOTL,Food,150110,Candy and chewing gum,4,CXU150110LB0101M,21867.0,162.0,3.46,false
All Consumer Units,01,FOODTOTL,Food,150219,Sugar and artificial sweeteners,2,CXU150219LB0101M,3423.0,25.0,4.92,false
All Consumer Units,01,FOODTOTL,Food,150310,"Jams, preserves, and other sweets",4,CXU150310LB0101M,5812.0,43.0,3.99,false
All Consumer Units,01,FOODTOTL,Food,160211,Fats and oils,4,CXU160211LB0101M,7748.0,57.0,3.98,false
All Consumer Units,01,FOODTOTL,Food,160212,Salad dressings,4,CXU160212LB0101M,5485.0,41.0,4.07,false
All Consumer Units,01,FOODTOTL,Food,160320,Peanut butter,4,CXU160320LB0101M,3700.0,27.0,5.02,false
All Consumer Units,01,FOODTOTL,Food,170110,Cola,4,CXU170110LB0101M,12902.0,95.0,4.38,false
All Consumer Units,01,FOODTOTL,Food,170210,Other carbonated drinks,4,CXU170210LB0101M,20579.0,152.0,4.17,false
All Consumer Units,01,FOODTOTL,Food,170319,Coffee,2,CXU170319LB0101M,18521.0,137.0,3.28,false
All Consumer Units,01,FOODTOTL,Food,170520,Tea,4,CXU170520LB0101M,6913.0,51.0,3.63,false
All Consumer Units,01,FOODTOTL,Food,170531,Other noncarbonated beverages and ice,4,CXU170531LB0101M,2909.0,21.0,6.28,false
All Consumer Units,01,FOODTOTL,Food,170539,Nonfrozen noncarbonated juices and drinks,2,CXU170539LB0101M,34780.0,257.0,2.66,false
All Consumer Units,01,FOODTOTL,Food,180110,Canned and packaged soups,4,CXU180110LB0101M,8841.0,65.0,3.54,false
All Consumer Units,01,FOODTOTL,Food,180210,Frozen meals,5,CXU180210LB0101M,9085.0,67.0,6.91,false
All Consumer Units,01,FOODTOTL,Food,180220,Other frozen prepared foods,5,CXU180220LB0101M,22082.0,163.0,3.47,false
All Consumer Units,01,FOODTOTL,Food,180310,Potato chips and other snacks,5,CXU180310LB0101M,28925.0,214.0,2.52,false
All Consumer Units,01,FOODTOTL,Food,180320,Nuts,5,CXU180320LB0101M,9094.0,67.0,4.67,false
All Consumer Units,01,FOODTOTL,Food,180410,"Salt, spices, and other seasonings",5,CXU180410LB0101M,10089.0,75.0,2.68,false
All Consumer Units,01,FOODTOTL,Food,180420,"Olives, pickles, and relishes",5,CXU180420LB0101M,3009.0,22.0,3.66,false
All Consumer Units,01,FOODTOTL,Food,180510,Sauces and gravies,5,CXU180510LB0101M,13279.0,98.0,2.97,false
All Consumer Units,01,FOODTOTL,Food,180520,Baking needs and miscellaneous products,5,CXU180520LB0101M,6007.0,44.0,3.45,false
All Consumer Units,01,FOODTOTL,Food,180611,Prepared salads,5,CXU180611LB0101M,10108.0,75.0,3.55,false
All Consumer Units,01,FOODTOTL,Food,180612,Prepared desserts,5,CXU180612LB0101M,2272.0,17.0,9.53,false
All Consumer Units,01,FOODTOTL,Food,180620,Baby food,5,CXU180620LB0101M,5450.0,40.0,12.32,false
All Consumer Units,01,FOODTOTL,Food,180710,Miscellaneous prepared foods,5,CXU180710LB0101M,45533.0,336.0,2.83,false
All Consumer Units,01,FOODTOTL,Food,190400,Food and nonalcoholic beverages at fast food,2,CXU190400LB0101M,234196.0,1731.0,2.52,false
All Consumer Units,01,FOODTOTL,Food,190500,Food and nonalcoholic beverages at full service restaurants,2,CXU190500LB0101M,205911.0,1522.0,2.69,false
All Consumer Units,01,FOODTOTL,Food,190600,Food and nonalcoholic beverages at vending machines and mobile vendors,2,CXU190600LB0101M,4914.0,36.0,11.86,false
All Consumer Units,01,FOODTOTL,Food,190700,Food and nonalcoholic beverages at employer,2,CXU190700LB0101M,5900.0,44.0,9.3,false
All Consumer Units,01,FOODTOTL,Food,190902,Catered affairs,2,CXU190902LB0101M,6510.0,48.0,23.49,false
All Consumer Units,01,FOODTOTL,Food,190903,Food on out of town trips,2,CXU190903LB0101M,65028.0,479.0,2.85,false
All Consumer Units,01,FOODTOTL,Food,190904,Food prepared by consumer unit on out of town trips,3,CXU190904LB0101M,12770.0,94.0,4.88,false
All Consumer Units,01,FOODTOTL,Food,190905,School meals and board,2,CXU190905LB0101M,5452.0,40.0,9.54,false
All Consumer Units,01,FOODTOTL,Food,800700,Meals as pay,1,CXU800700LB0101M,6175.0,45.0,15.44,false
All Consumer Units,01,HOUSING,Housing,210110,Rent,3,CXU210110LB0101M,739923.0,5450.0,1.45,false
All Consumer Units,01,HOUSING,Housing,210210,Lodging on out of town trips,3,CXU210210LB0101M,122961.0,906.0,3.78,false
All Consumer Units,01,HOUSING,Housing,210310,Housing while attending school,3,CXU210310LB0101M,21689.0,160.0,13.55,false
All Consumer Units,01,HOUSING,Housing,210901,Ground rent,4,CXU210901LB0101M,10318.0,76.0,9.57,false
All Consumer Units,01,HOUSING,Housing,210902,Ground rent,5,CXU210902LB0101M,702.0,5.0,69.72,true
All Consumer Units,01,HOUSING,Housing,220121,Homeowners insurance,4,CXU220121LB0101M,100026.0,737.0,3.07,false
All Consumer Units,01,HOUSING,Housing,220122,Homeowners insurance,5,CXU220122LB0101M,1935.0,14.0,15.76,false
All Consumer Units,01,HOUSING,Housing,220211,Property taxes,3,CXU220211LB0101M,371669.0,2738.0,2.17,false
All Consumer Units,01,HOUSING,Housing,220212,Property taxes,4,CXU220212LB0101M,15769.0,116.0,9.05,false
All Consumer Units,01,HOUSING,Housing,220311,Mortgage interest,4,CXU220311LB0101M,471125.0,3470.0,2.25,false
All Consumer Units,01,HOUSING,Housing,220312,Mortgage interest,5,CXU220312LB0101M,9623.0,71.0,15.45,false
All Consumer Units,01,HOUSING,Housing,220313,"Interest paid, home equity loan",4,CXU220313LB0101M,6130.0,45.0,15.59,false
All Consumer Units,01,HOUSING,Housing,220314,"Interest paid, home equity loan",5,CXU220314LB0101M,4.0,,98.91,true
All Consumer Units,01,HOUSING,Housing,220901,Parking,4,CXU220901LB0101M,2256.0,17.0,9.87,false
All Consumer Units,01,HOUSING,Housing,220902,Parking,5,CXU220902LB0101M,410.0,3.0,28.21,true
All Consumer Units,01,HOUSING,Housing,230112,Painting and papering,5,CXU230112LB0101M,17098.0,126.0,18.91,false
All Consumer Units,01,HOUSING,Housing,230113,Plumbing and water heating,5,CXU230113LB0101M,24576.0,181.0,10.57,false
All Consumer Units,01,HOUSING,Housing,230114,"Heat, a/c, and electrical work",5,CXU230114LB0101M,60914.0,449.0,10.86,false
All Consumer Units,01,HOUSING,Housing,230115,Roofing and gutters,5,CXU230115LB0101M,50846.0,375.0,12.27,false
All Consumer Units,01,HOUSING,Housing,230117,"Dishwashers (built-in), garbage disposals, and range hoods (renter)",3,CXU230117LB0101M,153.0,1.0,53.4,true
All Consumer Units,01,HOUSING,Housing,230118,"Dishwashers (built-in), garbage disposals, and range hoods (owned home)",3,CXU230118LB0101M,4462.0,33.0,11.75,false
All Consumer Units,01,HOUSING,Housing,230141,Repair of built-in appliances,5,CXU230141LB0101M,0.0,,105.14,true
All Consumer Units,01,HOUSING,Housing,230142,Repair of built-in appliances,5,CXU230142LB0101M,40.0,,27.52,true
All Consumer Units,01,HOUSING,Housing,230143,"Home warranties, maintenance, repairs, or services contracts on household appliances (owner)",5,CXU230143LB0101M,2827.0,21.0,8.89,false
All Consumer Units,01,HOUSING,Housing,230144,"Home warranties, maintenance, repairs, or services contracts on household appliances (owner)",5,CXU230144LB0101M,146.0,1.0,37.39,true
All Consumer Units,01,HOUSING,Housing,230150,Repair or maintenance services,5,CXU230150LB0101M,7603.0,56.0,32.75,true
All Consumer Units,01,HOUSING,Housing,230151,Other repair and maintenance services,5,CXU230151LB0101M,62743.0,462.0,12.95,false
All Consumer Units,01,HOUSING,Housing,230152,Repair and remodeling services,6,CXU230152LB0101M,7151.0,53.0,47.04,true
All Consumer Units,01,HOUSING,Housing,230901,Property management,5,CXU230901LB0101M,17688.0,130.0,8.86,false
All Consumer Units,01,HOUSING,Housing,230902,Property management,6,CXU230902LB0101M,1665.0,12.0,14.53,false
All Consumer Units,01,HOUSING,Housing,240111,"Paint, wallpaper, and supplies",5,CXU240111LB0101M,641.0,5.0,38.29,true
All Consumer Units,01,HOUSING,Housing,240112,"Paints, wallpaper, and supplies",5,CXU240112LB0101M,5248.0,39.0,13.61,false
All Consumer Units,01,HOUSING,Housing,240113,"Paints, wallpaper, and supplies",6,CXU240113LB0101M,87.0,1.0,63.69,true
All Consumer Units,01,HOUSING,Housing,240121,Tools and equipment for painting and wallpapering,5,CXU240121LB0101M,69.0,1.0,38.27,true
All Consumer Units,01,HOUSING,Housing,240122,Tools and equipment for painting and wallpapering,5,CXU240122LB0101M,564.0,4.0,13.6,false
All Consumer Units,01,HOUSING,Housing,240123,Tools and equipment for painting and wallpapering,6,CXU240123LB0101M,9.0,,63.69,true
All Consumer Units,01,HOUSING,Housing,240211,"Materials for plastering, panels, roofing, and gutters, etc.",5,CXU240211LB0101M,164.0,1.0,33.29,true
All Consumer Units,01,HOUSING,Housing,240212,"Materials for plaster, panel, siding, windows, doors, screens, and awnings",5,CXU240212LB0101M,6634.0,49.0,27.69,true
All Consumer Units,01,HOUSING,Housing,240213,Materials and equipment for roofs and gutters,5,CXU240213LB0101M,3440.0,25.0,22.27,false
All Consumer Units,01,HOUSING,Housing,240214,"Materials for plastering, paneling, roofing, gutters, downspouts, siding, windows, doors, screens, and awnings",6,CXU240214LB0101M,129.0,1.0,45.12,true
All Consumer Units,01,HOUSING,Housing,240221,"Materials for patio, walk, fence, driveway, masonry, brick and stucco work",5,CXU240221LB0101M,14.0,,36.43,true
All Consumer Units,01,HOUSING,Housing,240222,"Materials for patio, walk, fence, driveway, masonry, brick, and stucco work",5,CXU240222LB0101M,540.0,4.0,17.06,false
All Consumer Units,01,HOUSING,Housing,240223,"Material for patio, walk, fence, drive, masonry, brick, and stucco",6,CXU240223LB0101M,9.0,,64.06,true
All Consumer Units,01,HOUSING,Housing,240311,Plumbing supplies and equipment,5,CXU240311LB0101M,297.0,2.0,53.31,true
All Consumer Units,01,HOUSING,Housing,240312,Plumbing supplies and equipment,5,CXU240312LB0101M,3224.0,24.0,12.52,false
All Consumer Units,01,HOUSING,Housing,240313,Plumbing supplies and equipment,6,CXU240313LB0101M,34.0,,60.62,true
All Consumer Units,01,HOUSING,Housing,240321,"Electrical supplies, heating, and cooling equipment",5,CXU240321LB0101M,55.0,,39.71,true
All Consumer Units,01,HOUSING,Housing,240322,"Electrical supplies, heating, and cooling equipment",5,CXU240322LB0101M,1394.0,10.0,13.83,false
All Consumer Units,01,HOUSING,Housing,240323,"Electrical supplies, heating, and cooling equipment",6,CXU240323LB0101M,6.0,,71.31,true
All Consumer Units,01,HOUSING,Housing,250111,Fuel oil (renter),4,CXU250111LB0101M,516.0,4.0,46.93,true
All Consumer Units,01,HOUSING,Housing,250112,Fuel oil (owned home),4,CXU250112LB0101M,7904.0,58.0,7.2,false
All Consumer Units,01,HOUSING,Housing,250113,Fuel oil (owned vacation),4,CXU250113LB0101M,50.0,,70.47,true
All Consumer Units,01,HOUSING,Housing,250114,Fuel oil (rented vacation),4,CXU250114LB0101M,,,,
All Consumer Units,01,HOUSING,Housing,250211,"Gas, bottled/tank (renter)",4,CXU250211LB0101M,412.0,3.0,21.45,false
All Consumer Units,01,HOUSING,Housing,250212,"Gas, bottled/tank (owned home)",4,CXU250212LB0101M,6177.0,45.0,12.25,false
All Consumer Units,01,HOUSING,Housing,250213,"Gas, bottled/tank (owned vacation)",4,CXU250213LB0101M,622.0,5.0,11.98,false
All Consumer Units,01,HOUSING,Housing,250214,"Gas, bottled/tank (rented vacation)",4,CXU250214LB0101M,,,,
All Consumer Units,01,HOUSING,Housing,250911,"Coal, wood, and other fuels (renter)",4,CXU250911LB0101M,38.0,,35.34,true
All Consumer Units,01,HOUSING,Housing,250912,"Coal, wood, and other fuels (owned home)",4,CXU250912LB0101M,1295.0,10.0,18.73,false
All Consumer Units,01,HOUSING,Housing,250913,"Coal, wood, and other fuels (owned vacation)",4,CXU250913LB0101M,,,,
All Consumer Units,01,HOUSING,Housing,250914,"Coal, wood, and other fuels (rented vacation)",4,CXU250914LB0101M,,,,
All Consumer Units,01,HOUSING,Housing,260111,Electricity (renter),3,CXU260111LB0101M,62285.0,459.0,2.96,false
All Consumer Units,01,HOUSING,Housing,260112,Electricity (owned home),3,CXU260112LB0101M,184485.0,1359.0,1.61,false
All Consumer Units,01,HOUSING,Housing,260113,Electricity (owned vacation),3,CXU260113LB0101M,1572.0,12.0,20.2,false
All Consumer Units,01,HOUSING,Housing,260114,Electricity (rented vacation),3,CXU260114LB0101M,491.0,4.0,16.94,false
All Consumer Units,01,HOUSING,Housing,260211,Natural gas (renter),3,CXU260211LB0101M,11854.0,87.0,4.41,false
All Consumer Units,01,HOUSING,Housing,260212,Natural gas (owned home),3,CXU260212LB0101M,54409.0,401.0,3.59,false
All Consumer Units,01,HOUSING,Housing,260213,Natural gas (owned vacation),3,CXU260213LB0101M,465.0,3.0,18.24,false
All Consumer Units,01,HOUSING,Housing,260214,Natural gas (rented vacation),3,CXU260214LB0101M,143.0,1.0,36.8,true
All Consumer Units,01,HOUSING,Housing,270102,Cellular phone service,3,CXU270102LB0101M,184551.0,1359.0,1.45,false
All Consumer Units,01,HOUSING,Housing,270104,Phone cards,4,CXU270104LB0101M,,,,
All Consumer Units,01,HOUSING,Housing,270106,Residential telephone including VOIP,4,CXU270106LB0101M,13615.0,100.0,4.24,false
All Consumer Units,01,HOUSING,Housing,270211,Water/sewer maintenance (renter),4,CXU270211LB0101M,12700.0,94.0,4.87,false
All Consumer Units,01,HOUSING,Housing,270212,Water/sewer maintenance (owned home),4,CXU270212LB0101M,62656.0,462.0,2.65,false
All Consumer Units,01,HOUSING,Housing,270213,Water/sewer maintenance (owned vacation),4,CXU270213LB0101M,483.0,4.0,16.08,false
All Consumer Units,01,HOUSING,Housing,270214,Water/sewer maintenance (rented vacation),4,CXU270214LB0101M,116.0,1.0,30.65,true
All Consumer Units,01,HOUSING,Housing,270411,Trash/garbage collection (renter),4,CXU270411LB0101M,3434.0,25.0,5.26,false
All Consumer Units,01,HOUSING,Housing,270412,Trash/garbage collection (owned home),4,CXU270412LB0101M,30482.0,225.0,2.74,false
All Consumer Units,01,HOUSING,Housing,270413,Trash/garbage collection (owned vacation),4,CXU270413LB0101M,1027.0,8.0,17.24,false
All Consumer Units,01,HOUSING,Housing,270414,Trash/garbage collection (rented vacation),4,CXU270414LB0101M,65.0,,29.35,true
All Consumer Units,01,HOUSING,Housing,270901,Septic tank cleaning (renter),4,CXU270901LB0101M,,,,
All Consumer Units,01,HOUSING,Housing,270902,Septic tank cleaning (owned home),4,CXU270902LB0101M,33.0,,65.67,true
All Consumer Units,01,HOUSING,Housing,270903,Septic tank cleaning (owned vacation),4,CXU270903LB0101M,,,,
All Consumer Units,01,HOUSING,Housing,270904,Septic tank cleaning (rented vacation),4,CXU270904LB0101M,,,,
All Consumer Units,01,HOUSING,Housing,270906,Septic tank cleaning (renter),4,CXU270906LB0101M,31.0,,61.07,true
All Consumer Units,01,HOUSING,Housing,270907,Septic tank cleaning (owner),4,CXU270907LB0101M,1116.0,8.0,16.95,false
All Consumer Units,01,HOUSING,Housing,280110,Bathroom linens,3,CXU280110LB0101M,3345.0,25.0,9.98,false
All Consumer Units,01,HOUSING,Housing,280120,Bedroom linens,3,CXU280120LB0101M,8142.0,60.0,12.25,false
All Consumer Units,01,HOUSING,Housing,280140,"Kitchen, dining room, and other linens",3,CXU280140LB0101M,762.0,6.0,15.1,false
All Consumer Units,01,HOUSING,Housing,280210,Curtains and draperies,3,CXU280210LB0101M,1407.0,10.0,11.91,false
All Consumer Units,01,HOUSING,Housing,280220,Slipcovers and decorative pillows,3,CXU280220LB0101M,774.0,6.0,10.26,false
All Consumer Units,01,HOUSING,Housing,290110,Mattresses and springs,3,CXU290110LB0101M,15453.0,114.0,11.32,false
All Consumer Units,01,HOUSING,Housing,290120,Other bedroom furniture,3,CXU290120LB0101M,16182.0,119.0,10.59,false
All Consumer Units,01,HOUSING,Housing,290210,Sofas,3,CXU290210LB0101M,26523.0,195.0,6.95,false
All Consumer Units,01,HOUSING,Housing,290310,Living room chairs,3,CXU290310LB0101M,7976.0,59.0,9.5,false
All Consumer Units,01,HOUSING,Housing,290320,Living room tables,3,CXU290320LB0101M,2387.0,18.0,11.11,false
All Consumer Units,01,HOUSING,Housing,290410,Kitchen and dining room furniture,3,CXU290410LB0101M,5349.0,39.0,15.0,false
All Consumer Units,01,HOUSING,Housing,290420,Infants' furniture,3,CXU290420LB0101M,1540.0,11.0,15.46,false
All Consumer Units,01,HOUSING,Housing,290430,Outdoor furniture,3,CXU290430LB0101M,6369.0,47.0,10.51,false
All Consumer Units,01,HOUSING,Housing,290440,"Wall units, cabinets, and other furniture",3,CXU290440LB0101M,6226.0,46.0,13.58,false
All Consumer Units,01,HOUSING,Housing,300111,Refrigerators and freezers (renter),3,CXU300111LB0101M,1571.0,12.0,20.45,false
All Consumer Units,01,HOUSING,Housing,300112,Refrigerators and freezers (owned home),3,CXU300112LB0101M,14286.0,105.0,7.34,false
All Consumer Units,01,HOUSING,Housing,300216,Clothes washers or dryers (renter),3,CXU300216LB0101M,1779.0,13.0,14.54,false
All Consumer Units,01,HOUSING,Housing,300217,Clothes washers or dryers (owned home),3,CXU300217LB0101M,11610.0,86.0,9.37,false
All Consumer Units,01,HOUSING,Housing,300311,Cooking stoves and ovens (renter),3,CXU300311LB0101M,405.0,3.0,47.37,true
All Consumer Units,01,HOUSING,Housing,300312,Cooking stoves and ovens (owned home),3,CXU300312LB0101M,8210.0,60.0,10.73,false
All Consumer Units,01,HOUSING,Housing,300321,Microwave ovens (renter),3,CXU300321LB0101M,517.0,4.0,15.78,false
All Consumer Units,01,HOUSING,Housing,300322,Microwave ovens (owned home),3,CXU300322LB0101M,2306.0,17.0,8.14,false
All Consumer Units,01,HOUSING,Housing,300331,Portable dishwashers (renter),3,CXU300331LB0101M,34.0,,76.07,true
All Consumer Units,01,HOUSING,Housing,300332,Portable dishwashers (owned home),3,CXU300332LB0101M,60.0,,44.63,true
All Consumer Units,01,HOUSING,Housing,300411,Window air conditioners (renter),3,CXU300411LB0101M,423.0,3.0,22.72,false
All Consumer Units,01,HOUSING,Housing,300412,Window air conditioners (owned home),3,CXU300412LB0101M,689.0,5.0,18.34,false
All Consumer Units,01,HOUSING,Housing,300900,Miscellaneous household appliances,3,CXU300900LB0101M,1378.0,10.0,34.95,true
All Consumer Units,01,HOUSING,Housing,320111,"Floor coverings, nonpermanent",3,CXU320111LB0101M,4105.0,30.0,10.49,false
All Consumer Units,01,HOUSING,Housing,320120,Window coverings,3,CXU320120LB0101M,3455.0,25.0,18.03,false
All Consumer Units,01,HOUSING,Housing,320130,Infants' equipment,3,CXU320130LB0101M,3822.0,28.0,24.1,false
All Consumer Units,01,HOUSING,Housing,320140,Laundry and cleaning equipment,3,CXU320140LB0101M,2942.0,22.0,7.3,false
All Consumer Units,01,HOUSING,Housing,320150,Outdoor equipment,3,CXU320150LB0101M,3108.0,23.0,17.11,false
All Consumer Units,01,HOUSING,Housing,320221,"Lamps, lighting fixtures, and ceiling fans",3,CXU320221LB0101M,5238.0,39.0,21.04,false
All Consumer Units,01,HOUSING,Housing,320232,Telephones and accessories,3,CXU320232LB0101M,15357.0,113.0,6.03,false
All Consumer Units,01,HOUSING,Housing,320233,Clocks and other household decorative items,3,CXU320233LB0101M,28964.0,214.0,15.34,false
All Consumer Units,01,HOUSING,Housing,320330,Flatware,4,CXU320330LB0101M,1318.0,10.0,37.0,true
All Consumer Units,01,HOUSING,Housing,320345,"Dinnerware, glassware, and serving pieces",4,CXU320345LB0101M,3855.0,28.0,10.23,false
All Consumer Units,01,HOUSING,Housing,320370,Nonelectric cookware,4,CXU320370LB0101M,4380.0,32.0,24.41,false
All Consumer Units,01,HOUSING,Housing,320380,Tableware and nonelectric kitchenware,4,CXU320380LB0101M,3837.0,28.0,11.02,false
All Consumer Units,01,HOUSING,Housing,320410,Lawn and garden equipment,3,CXU320410LB0101M,7206.0,53.0,21.07,false
All Consumer Units,01,HOUSING,Housing,320420,Power tools,3,CXU320420LB0101M,4811.0,35.0,15.36,false
All Consumer Units,01,HOUSING,Housing,320430,Other hardware,3,CXU320430LB0101M,3998.0,30.0,35.65,true
All Consumer Units,01,HOUSING,Housing,320511,Electric floor cleaning equipment,3,CXU320511LB0101M,3722.0,27.0,7.1,false
All Consumer Units,01,HOUSING,Housing,320512,Sewing machines,3,CXU320512LB0101M,671.0,5.0,33.8,true
All Consumer Units,01,HOUSING,Housing,320521,Small electric kitchen appliances,4,CXU320521LB0101M,5989.0,44.0,4.24,false
All Consumer Units,01,HOUSING,Housing,320522,Portable heating and cooling equipment,4,CXU320522LB0101M,1613.0,12.0,18.02,false
All Consumer Units,01,HOUSING,Housing,320611,"Material for insulation, other maintenance, and repair",6,CXU320611LB0101M,1349.0,10.0,36.83,true
All Consumer Units,01,HOUSING,Housing,320612,"Material for insulation, other maintenance, and repair",6,CXU320612LB0101M,7654.0,56.0,11.8,false
All Consumer Units,01,HOUSING,Housing,320613,"Material for insulation, other maintenance, and repair",7,CXU320613LB0101M,67.0,,66.57,true
All Consumer Units,01,HOUSING,Housing,320624,"Flooring installation, repair, and replacement",5,CXU320624LB0101M,1531.0,11.0,65.77,true
All Consumer Units,01,HOUSING,Housing,320625,"Flooring installation, repair, and replacement",5,CXU320625LB0101M,17525.0,129.0,16.93,false
All Consumer Units,01,HOUSING,Housing,320626,"Flooring installation, repair, and replacement",6,CXU320626LB0101M,155.0,1.0,54.48,true
All Consumer Units,01,HOUSING,Housing,320631,Material for landscape maintenance,5,CXU320631LB0101M,349.0,3.0,20.13,false
All Consumer Units,01,HOUSING,Housing,320632,Materials for landscaping maintenance,5,CXU320632LB0101M,,,,
All Consumer Units,01,HOUSING,Housing,320633,Materials for landscaping maintenance,6,CXU320633LB0101M,,,,
All Consumer Units,01,HOUSING,Housing,320901,Office furniture for home use,3,CXU320901LB0101M,2023.0,15.0,11.37,false
All Consumer Units,01,HOUSING,Housing,320902,Hand tools,3,CXU320902LB0101M,2563.0,19.0,15.94,false
All Consumer Units,01,HOUSING,Housing,320903,Indoor plants and fresh flowers,3,CXU320903LB0101M,11293.0,83.0,4.66,false
All Consumer Units,01,HOUSING,Housing,320904,Closet and storage items,3,CXU320904LB0101M,3379.0,25.0,12.89,false
All Consumer Units,01,HOUSING,Housing,320905,Miscellaneous household equipment and parts,3,CXU320905LB0101M,9569.0,71.0,7.78,false
All Consumer Units,01,HOUSING,Housing,330119,Laundry and cleaning products,2,CXU330119LB0101M,28265.0,209.0,3.14,false
All Consumer Units,01,HOUSING,Housing,330310,"Cleansing and toilet tissue, paper towels, and napkins",3,CXU330310LB0101M,17759.0,131.0,4.11,false
All Consumer Units,01,HOUSING,Housing,330410,"Stationery, stationery supplies, and gift wrap",3,CXU330410LB0101M,11578.0,86.0,12.12,false
All Consumer Units,01,HOUSING,Housing,330510,Miscellaneous household products,3,CXU330510LB0101M,37507.0,277.0,5.26,false
All Consumer Units,01,HOUSING,Housing,330511,Termite/pest control products,3,CXU330511LB0101M,2309.0,17.0,5.67,false
All Consumer Units,01,HOUSING,Housing,330610,Lawn and garden supplies,3,CXU330610LB0101M,17411.0,129.0,5.63,false
All Consumer Units,01,HOUSING,Housing,340110,Postage,3,CXU340110LB0101M,5857.0,43.0,12.51,false
All Consumer Units,01,HOUSING,Housing,340120,Delivery services,3,CXU340120LB0101M,335.0,2.0,19.92,false
All Consumer Units,01,HOUSING,Housing,340310,Housekeeping services,3,CXU340310LB0101M,25286.0,186.0,5.45,false
All Consumer Units,01,HOUSING,Housing,340410,Gardening and lawn care service,3,CXU340410LB0101M,32314.0,238.0,7.64,false
All Consumer Units,01,HOUSING,Housing,340420,Water softening services,3,CXU340420LB0101M,91.0,1.0,27.47,true
All Consumer Units,01,HOUSING,Housing,340421,Water softening services (owner),3,CXU340421LB0101M,569.0,4.0,13.71,false
All Consumer Units,01,HOUSING,Housing,340422,Water softening services (renter),3,CXU340422LB0101M,72.0,1.0,47.56,true
All Consumer Units,01,HOUSING,Housing,340510,"Moving, storage, and freight",3,CXU340510LB0101M,8125.0,60.0,8.86,false
All Consumer Units,01,HOUSING,Housing,340520,"Household laundry and dry cleaning, sent out (nonclothing) not coin-operated",3,CXU340520LB0101M,,,,
All Consumer Units,01,HOUSING,Housing,340530,Coin-operated household laundry and dry cleaning (nonclothing),3,CXU340530LB0101M,,,,
All Consumer Units,01,HOUSING,Housing,340620,"Appliance repair, including service center",3,CXU340620LB0101M,247.0,2.0,18.56,false
All Consumer Units,01,HOUSING,Housing,340630,"Reupholstering, furniture repair",3,CXU340630LB0101M,1266.0,9.0,35.08,true
All Consumer Units,01,HOUSING,Housing,340901,"Repairs/rentals of lawn and garden equipment, hand or power tools, and other household equipment",3,CXU340901LB0101M,958.0,7.0,12.83,false
All Consumer Units,01,HOUSING,Housing,340903,Other home services,3,CXU340903LB0101M,3475.0,26.0,11.25,false
All Consumer Units,01,HOUSING,Housing,340904,Rental of furniture,3,CXU340904LB0101M,558.0,4.0,24.98,false
All Consumer Units,01,HOUSING,Housing,340906,"Care for elderly, invalids, handicapped, etc.",3,CXU340906LB0101M,10279.0,76.0,33.2,true
All Consumer Units,01,HOUSING,Housing,340907,Appliance rentals,3,CXU340907LB0101M,244.0,2.0,32.82,true
All Consumer Units,01,HOUSING,Housing,340908,Rental of office equipment for nonbusiness use,3,CXU340908LB0101M,120.0,1.0,17.79,false
All Consumer Units,01,HOUSING,Housing,340910,Adult day care centers,3,CXU340910LB0101M,130.0,1.0,55.23,true
All Consumer Units,01,HOUSING,Housing,340911,Management and upkeep services for security,5,CXU340911LB0101M,1743.0,13.0,15.04,false
All Consumer Units,01,HOUSING,Housing,340912,Management and upkeep services for security,6,CXU340912LB0101M,261.0,2.0,25.51,true
All Consumer Units,01,HOUSING,Housing,340913,Repair of miscellaneous household equipment and furnishings,3,CXU340913LB0101M,341.0,3.0,89.89,true
All Consumer Units,01,HOUSING,Housing,340914,Services for termite/pest control,3,CXU340914LB0101M,9237.0,68.0,5.67,false
All Consumer Units,01,HOUSING,Housing,340915,Home security system service fees,3,CXU340915LB0101M,6028.0,44.0,5.88,false
All Consumer Units,01,HOUSING,Housing,350110,Tenant's insurance,4,CXU350110LB0101M,5398.0,40.0,5.75,false
All Consumer Units,01,HOUSING,Housing,430130,Luggage,3,CXU430130LB0101M,4162.0,31.0,29.61,true
All Consumer Units,01,HOUSING,Housing,670320,"Babysitting, childcare, daycare, preschool",2,CXU670320LB0101M,63869.0,470.0,6.86,false
All Consumer Units,01,HOUSING,Housing,690111,Computers and computer hardware for nonbusiness use,3,CXU690111LB0101M,24175.0,178.0,5.34,false
All Consumer Units,01,HOUSING,Housing,690113,Repair of computer systems for nonbusiness use,3,CXU690113LB0101M,1022.0,8.0,15.6,false
All Consumer Units,01,HOUSING,Housing,690114,Computer information services (internet),3,CXU690114LB0101M,94747.0,698.0,1.45,false
All Consumer Units,01,HOUSING,Housing,690116,Internet services away from home,3,CXU690116LB0101M,494.0,4.0,10.85,false
All Consumer Units,01,HOUSING,Housing,690117,Portable memory,3,CXU690117LB0101M,510.0,4.0,11.0,false
All Consumer Units,01,HOUSING,Housing,690119,Computer software,3,CXU690119LB0101M,3724.0,28.0,12.51,false
All Consumer Units,01,HOUSING,Housing,690120,Computer accessories,3,CXU690120LB0101M,3820.0,28.0,13.85,false
All Consumer Units,01,HOUSING,Housing,690230,Business equipment for home use,3,CXU690230LB0101M,353.0,3.0,21.41,false
All Consumer Units,01,HOUSING,Housing,690244,Other household appliances (renter),3,CXU690244LB0101M,421.0,3.0,17.49,false
All Consumer Units,01,HOUSING,Housing,690245,Other household appliances (owned home),3,CXU690245LB0101M,1672.0,12.0,19.24,false
All Consumer Units,01,HOUSING,Housing,690310,Installation of computers,3,CXU690310LB0101M,25.0,,51.98,true
All Consumer Units,01,HOUSING,Housing,790690,Construction materials for jobs not started,6,CXU790690LB0101M,386.0,3.0,46.89,true
All Consumer Units,01,HOUSING,Housing,800710,Rent as pay,1,CXU800710LB0101M,10282.0,76.0,14.08,false
All Consumer Units,01,HOUSING,Housing,830111,Late fee mortgage pay (owned home),4,CXU830111LB0101M,21.0,,61.23,true
All Consumer Units,01,HOUSING,Housing,830112,Late fee mortgage pay (owned vacation),5,CXU830112LB0101M,,,,
All Consumer Units,01,HOUSING,Housing,880110,"Interest paid, home equity line of credit",4,CXU880110LB0101M,17641.0,130.0,11.06,false
All Consumer Units,01,HOUSING,Housing,880310,"Interest paid, home equity line of credit",5,CXU880310LB0101M,151.0,1.0,102.66,true
All Consumer Units,01,HOUSING,Housing,990900,"Rental and installation of dishwashers, range hoods, and garbage disposals",3,CXU990900LB0101M,,,,
All Consumer Units,01,HOUSING,Housing,990920,"Materials for additions, finishing basements, and remodeling rooms",6,CXU990920LB0101M,255.0,2.0,39.97,true
All Consumer Units,01,HOUSING,Housing,990930,"Materials to finish basements, remodel rooms, or build patios or walkways",6,CXU990930LB0101M,,,,
All Consumer Units,01,HOUSING,Housing,990940,Material for finishing basements and remodeling rooms,7,CXU990940LB0101M,,,,
All Consumer Units,01,TRANS,Transportation,450110,New cars,3,CXU450110LB0101M,90905.0,670.0,14.45,false
All Consumer Units,01,TRANS,Transportation,450210,New trucks,3,CXU450210LB0101M,244331.0,1800.0,6.96,false
All Consumer Units,01,TRANS,Transportation,450220,New motorcycles,3,CXU450220LB0101M,3997.0,29.0,61.22,true
All Consumer Units,01,TRANS,Transportation,450350,Car/truck lease payments,5,CXU450350LB0101M,30989.0,228.0,9.4,false
All Consumer Units,01,TRANS,Transportation,450351,Extra fees for car/truck lease,5,CXU450351LB0101M,200.0,1.0,31.55,true
All Consumer Units,01,TRANS,Transportation,450352,Trade in allowance for car/truck lease,5,CXU450352LB0101M,4462.0,33.0,45.24,true
All Consumer Units,01,TRANS,Transportation,450353,Cash down payment car/truck lease,5,CXU450353LB0101M,5304.0,39.0,22.28,false
All Consumer Units,01,TRANS,Transportation,450354,Termination fee for car/truck lease,5,CXU450354LB0101M,66.0,,57.91,true
All Consumer Units,01,TRANS,Transportation,450900,New aircraft,3,CXU450900LB0101M,,,,
All Consumer Units,01,TRANS,Transportation,460110,Used cars,3,CXU460110LB0101M,96415.0,710.0,11.67,false
All Consumer Units,01,TRANS,Transportation,460901,Used trucks,3,CXU460901LB0101M,286118.0,2108.0,5.88,false
All Consumer Units,01,TRANS,Transportation,460902,Used motorcycles,3,CXU460902LB0101M,2775.0,20.0,52.75,true
All Consumer Units,01,TRANS,Transportation,460903,Used aircraft,3,CXU460903LB0101M,,,,
All Consumer Units,01,TRANS,Transportation,470111,Gasoline,2,CXU470111LB0101M,327284.0,2411.0,1.43,false
All Consumer Units,01,TRANS,Transportation,470112,Diesel fuel,2,CXU470112LB0101M,10237.0,75.0,10.1,false
All Consumer Units,01,TRANS,Transportation,470113,Gasoline on out of town trips,2,CXU470113LB0101M,20220.0,149.0,4.45,false
All Consumer Units,01,TRANS,Transportation,470212,Motor oil on out of town trips,2,CXU470212LB0101M,204.0,2.0,4.45,false
All Consumer Units,01,TRANS,Transportation,470311,Electric vehicle charging,2,CXU470311LB0101M,1352.0,10.0,14.56,false
All Consumer Units,01,TRANS,Transportation,480100,"Vehicle parts, accessories, fluid excluding tires",2,CXU480100LB0101M,6048.0,45.0,13.17,false
All Consumer Units,01,TRANS,Transportation,480110,"Tires - purchased, replaced, and installed",3,CXU480110LB0101M,29518.0,217.0,4.24,false
All Consumer Units,01,TRANS,Transportation,490100,Vehicle maintenance/repair excluding tire purchase,2,CXU490100LB0101M,90885.0,669.0,3.26,false
All Consumer Units,01,TRANS,Transportation,490900,Auto repair service policy,3,CXU490900LB0101M,6985.0,51.0,15.33,false
All Consumer Units,01,TRANS,Transportation,500110,Vehicle insurance,2,CXU500110LB0101M,270566.0,1993.0,1.29,false
All Consumer Units,01,TRANS,Transportation,510110,Automobile finance charges,3,CXU510110LB0101M,12858.0,95.0,5.37,false
All Consumer Units,01,TRANS,Transportation,510901,Truck finance charges,3,CXU510901LB0101M,40315.0,297.0,4.01,false
All Consumer Units,01,TRANS,Transportation,510902,Motorcycle and plane finance charges,3,CXU510902LB0101M,471.0,3.0,25.49,true
All Consumer Units,01,TRANS,Transportation,520110,State and local vehicle registration,2,CXU520110LB0101M,20114.0,148.0,5.69,false
All Consumer Units,01,TRANS,Transportation,520310,Drivers' licenses,3,CXU520310LB0101M,1664.0,12.0,5.69,false
All Consumer Units,01,TRANS,Transportation,520410,Vehicle inspections,3,CXU520410LB0101M,1916.0,14.0,8.31,false
All Consumer Units,01,TRANS,Transportation,520516,Auto/truck rental,5,CXU520516LB0101M,15282.0,113.0,6.33,false
All Consumer Units,01,TRANS,Transportation,520517,Auto/truck rental on out of town trips,5,CXU520517LB0101M,725.0,5.0,16.36,false
All Consumer Units,01,TRANS,Transportation,520531,"Parking fees in home city, excluding residence",4,CXU520531LB0101M,6077.0,45.0,8.66,false
All Consumer Units,01,TRANS,Transportation,520532,Parking fees on out of town trips,4,CXU520532LB0101M,1796.0,13.0,7.52,false
All Consumer Units,01,TRANS,Transportation,520541,Tolls or electronic toll passes,3,CXU520541LB0101M,8141.0,60.0,9.37,false
All Consumer Units,01,TRANS,Transportation,520542,Tolls on out of town trips,3,CXU520542LB0101M,756.0,6.0,6.14,false
All Consumer Units,01,TRANS,Transportation,520550,Towing charges,3,CXU520550LB0101M,814.0,6.0,19.06,false
All Consumer Units,01,TRANS,Transportation,520902,Motorcycle rental,5,CXU520902LB0101M,66.0,,92.36,true
All Consumer Units,01,TRANS,Transportation,520903,Aircraft rental,5,CXU520903LB0101M,408.0,3.0,79.51,true
All Consumer Units,01,TRANS,Transportation,520905,Motorcycle rental on out of town trips,5,CXU520905LB0101M,2.0,,101.26,true
All Consumer Units,01,TRANS,Transportation,520906,Aircraft rental on out of town trips,5,CXU520906LB0101M,,,,
All Consumer Units,01,TRANS,Transportation,530110,Airline fares,2,CXU530110LB0101M,92565.0,682.0,3.68,false
All Consumer Units,01,TRANS,Transportation,530210,Intercity bus fares,2,CXU530210LB0101M,1597.0,12.0,8.33,false
All Consumer Units,01,TRANS,Transportation,530311,Intracity mass transit fares,2,CXU530311LB0101M,14778.0,109.0,4.94,false
All Consumer Units,01,TRANS,Transportation,530312,Local transportation on out of town trips,2,CXU530312LB0101M,228.0,2.0,20.17,false
All Consumer Units,01,TRANS,Transportation,530411,Taxi fares and limousine services on trips,2,CXU530411LB0101M,134.0,1.0,20.17,false
All Consumer Units,01,TRANS,Transportation,530412,Taxi fares and limousine services,2,CXU530412LB0101M,18363.0,135.0,5.02,false
All Consumer Units,01,TRANS,Transportation,530510,Intercity train fares,2,CXU530510LB0101M,3526.0,26.0,6.92,false
All Consumer Units,01,TRANS,Transportation,530901,Ship fares,2,CXU530901LB0101M,21955.0,162.0,12.52,false
All Consumer Units,01,TRANS,Transportation,530902,School bus,2,CXU530902LB0101M,341.0,3.0,42.72,true
All Consumer Units,01,TRANS,Transportation,620114,Automobile service clubs and GPS services,3,CXU620114LB0101M,2639.0,19.0,5.4,false
All Consumer Units,01,TRANS,Transportation,850300,Other vehicle finance charges,3,CXU850300LB0101M,3069.0,23.0,18.79,false
All Consumer Units,01,TRANS,Transportation,950024,Vehicle personal property taxes,2,CXU950024LB0101M,8620.0,63.0,5.69,false
Q1,02,ALCBEVG,Alcoholic beverages,200119,"Beer, ale, and other malt beverage",2,CXU200119LB0102M,1525.0,56.0,13.38,false
Q1,02,ALCBEVG,Alcoholic beverages,200219,Distilled spirits,2,CXU200219LB0102M,576.0,21.0,26.03,true
Q1,02,ALCBEVG,Alcoholic beverages,200310,Wine,2,CXU200310LB0102M,1166.0,43.0,18.16,false
Q1,02,ALCBEVG,Alcoholic beverages,200900,Alcoholic beverages purchased on trips,2,CXU200900LB0102M,611.0,23.0,16.24,false
Q1,02,ALCBEVG,Alcoholic beverages,790420,"Alcoholic beverages at restaurants, taverns",2,CXU790420LB0102M,2724.0,101.0,18.24,false
Q1,02,FOODTOTL,Food,010119,Flour and prepared flour mixes,2,CXU010119LB0102M,625.0,23.0,15.55,false
Q1,02,FOODTOTL,Food,010210,"Cereal, breakfast, and granola bars",4,CXU010210LB0102M,1733.0,64.0,8.17,false
Q1,02,FOODTOTL,Food,010310,Rice,4,CXU010310LB0102M,838.0,31.0,11.89,false
Q1,02,FOODTOTL,Food,010320,"Pasta, cornmeal, and other cereal products",4,CXU010320LB0102M,1006.0,37.0,10.26,false
Q1,02,FOODTOTL,Food,020219,Bread,2,CXU020219LB0102M,2403.0,89.0,7.3,false
Q1,02,FOODTOTL,Food,020310,Biscuits and rolls,5,CXU020310LB0102M,1405.0,52.0,7.47,false
Q1,02,FOODTOTL,Food,020410,Cakes and cupcakes,5,CXU020410LB0102M,1051.0,39.0,23.47,false
Q1,02,FOODTOTL,Food,020510,Cookies,5,CXU020510LB0102M,1794.0,66.0,12.5,false
Q1,02,FOODTOTL,Food,020610,Crackers,5,CXU020610LB0102M,814.0,30.0,7.12,false
Q1,02,FOODTOTL,Food,020620,Bread and cracker products,5,CXU020620LB0102M,140.0,5.0,13.49,false
Q1,02,FOODTOTL,Food,020710,"Sweetrolls, coffee cakes, and doughnuts",5,CXU020710LB0102M,652.0,24.0,11.31,false
Q1,02,FOODTOTL,Food,020810,Frozen and refrigerated bakery products,4,CXU020810LB0102M,769.0,28.0,9.24,false
Q1,02,FOODTOTL,Food,020820,"Pies, tarts, and turnovers",5,CXU020820LB0102M,299.0,11.0,12.52,false
Q1,02,FOODTOTL,Food,030110,Ground beef,4,CXU030110LB0102M,2511.0,93.0,7.89,false
Q1,02,FOODTOTL,Food,030219,Roasts,2,CXU030219LB0102M,823.0,30.0,20.15,false
Q1,02,FOODTOTL,Food,030519,Steak,2,CXU030519LB0102M,2247.0,83.0,10.87,false
Q1,02,FOODTOTL,Food,030810,Other beef,4,CXU030810LB0102M,827.0,31.0,18.58,false
Q1,02,FOODTOTL,Food,040119,"Bacon, breakfast sausage, and related products",2,CXU040119LB0102M,1766.0,65.0,8.81,false
Q1,02,FOODTOTL,Food,040210,Pork chops,4,CXU040210LB0102M,721.0,27.0,17.88,false
Q1,02,FOODTOTL,Food,040319,Ham,2,CXU040319LB0102M,1054.0,39.0,16.48,false
Q1,02,FOODTOTL,Food,040410,Other pork,4,CXU040410LB0102M,1322.0,49.0,10.82,false
Q1,02,FOODTOTL,Food,050110,Frankfurters,4,CXU050110LB0102M,428.0,16.0,11.55,false
Q1,02,FOODTOTL,Food,050319,Lunchmeats,2,CXU050319LB0102M,1683.0,62.0,7.64,false
Q1,02,FOODTOTL,Food,050419,"Lamb, organ meat, and game",2,CXU050419LB0102M,387.0,14.0,32.77,true
Q1,02,FOODTOTL,Food,060119,Chicken,2,CXU060119LB0102M,3982.0,147.0,5.21,false
Q1,02,FOODTOTL,Food,060310,Other poultry,4,CXU060310LB0102M,647.0,24.0,11.23,false
Q1,02,FOODTOTL,Food,070119,Processed fish and seafood,2,CXU070119LB0102M,1848.0,68.0,7.97,false
Q1,02,FOODTOTL,Food,070230,Fresh fish and shellfish,4,CXU070230LB0102M,1718.0,64.0,9.32,false
Q1,02,FOODTOTL,Food,080110,Eggs,3,CXU080110LB0102M,2068.0,77.0,9.06,false
Q1,02,FOODTOTL,Food,090110,"Fresh milk, all types",4,CXU090110LB0102M,2663.0,99.0,6.91,false
Q1,02,FOODTOTL,Food,100119,Butter and margarine,2,CXU100119LB0102M,824.0,30.0,7.47,false
Q1,02,FOODTOTL,Food,100210,Cheese,4,CXU100210LB0102M,3099.0,115.0,5.01,false
Q1,02,FOODTOTL,Food,100410,Ice cream and related products,4,CXU100410LB0102M,1558.0,58.0,8.07,false
Q1,02,FOODTOTL,Food,100519,Other dairy and related products,2,CXU100519LB0102M,2271.0,84.0,6.44,false
Q1,02,FOODTOTL,Food,110110,Apples,4,CXU110110LB0102M,854.0,32.0,10.12,false
Q1,02,FOODTOTL,Food,110210,Bananas,4,CXU110210LB0102M,786.0,29.0,7.47,false
Q1,02,FOODTOTL,Food,110319,Citrus fruits,2,CXU110319LB0102M,803.0,30.0,7.65,false
Q1,02,FOODTOTL,Food,110410,Other fresh fruits,4,CXU110410LB0102M,3583.0,133.0,6.07,false
Q1,02,FOODTOTL,Food,120110,Potatoes,4,CXU120110LB0102M,1047.0,39.0,13.77,false
Q1,02,FOODTOTL,Food,120210,Lettuce,4,CXU120210LB0102M,473.0,18.0,7.53,false
Q1,02,FOODTOTL,Food,120310,Tomatoes,4,CXU120310LB0102M,823.0,30.0,7.85,false
Q1,02,FOODTOTL,Food,120410,Other fresh vegetables,4,CXU120410LB0102M,3887.0,144.0,6.3,false
Q1,02,FOODTOTL,Food,130119,Frozen noncarbonated juices and drinks,2,CXU130119LB0102M,52.0,2.0,51.74,true
Q1,02,FOODTOTL,Food,130129,Frozen fruits and vegetables,2,CXU130129LB0102M,1065.0,39.0,9.9,false
Q1,02,FOODTOTL,Food,140219,Canned fruits and vegetables,2,CXU140219LB0102M,1252.0,46.0,6.6,false
Q1,02,FOODTOTL,Food,140349,Dried fruits and vegetables,2,CXU140349LB0102M,1018.0,38.0,8.38,false
Q1,02,FOODTOTL,Food,150110,Candy and chewing gum,4,CXU150110LB0102M,2716.0,100.0,5.53,false
Q1,02,FOODTOTL,Food,150219,Sugar and artificial sweeteners,2,CXU150219LB0102M,484.0,18.0,14.21,false
Q1,02,FOODTOTL,Food,150310,"Jams, preserves, and other sweets",4,CXU150310LB0102M,791.0,29.0,9.4,false
Q1,02,FOODTOTL,Food,160211,Fats and oils,4,CXU160211LB0102M,923.0,34.0,8.54,false
Q1,02,FOODTOTL,Food,160212,Salad dressings,4,CXU160212LB0102M,661.0,24.0,10.64,false
Q1,02,FOODTOTL,Food,160320,Peanut butter,4,CXU160320LB0102M,421.0,16.0,12.18,false
Q1,02,FOODTOTL,Food,170110,Cola,4,CXU170110LB0102M,1914.0,71.0,11.54,false
Q1,02,FOODTOTL,Food,170210,Other carbonated drinks,4,CXU170210LB0102M,2669.0,99.0,10.96,false
Q1,02,FOODTOTL,Food,170319,Coffee,2,CXU170319LB0102M,2236.0,83.0,8.98,false
Q1,02,FOODTOTL,Food,170520,Tea,4,CXU170520LB0102M,865.0,32.0,8.9,false
Q1,02,FOODTOTL,Food,170531,Other noncarbonated beverages and ice,4,CXU170531LB0102M,323.0,12.0,15.62,false
Q1,02,FOODTOTL,Food,170539,Nonfrozen noncarbonated juices and drinks,2,CXU170539LB0102M,4900.0,181.0,6.26,false
Q1,02,FOODTOTL,Food,180110,Canned and packaged soups,4,CXU180110LB0102M,1138.0,42.0,8.96,false
Q1,02,FOODTOTL,Food,180210,Frozen meals,5,CXU180210LB0102M,1129.0,42.0,10.44,false
Q1,02,FOODTOTL,Food,180220,Other frozen prepared foods,5,CXU180220LB0102M,3305.0,122.0,8.11,false
Q1,02,FOODTOTL,Food,180310,Potato chips and other snacks,5,CXU180310LB0102M,3427.0,127.0,5.94,false
Q1,02,FOODTOTL,Food,180320,Nuts,5,CXU180320LB0102M,978.0,36.0,9.91,false
Q1,02,FOODTOTL,Food,180410,"Salt, spices, and other seasonings",5,CXU180410LB0102M,1303.0,48.0,7.72,false
Q1,02,FOODTOTL,Food,180420,"Olives, pickles, and relishes",5,CXU180420LB0102M,306.0,11.0,11.69,false
Q1,02,FOODTOTL,Food,180510,Sauces and gravies,5,CXU180510LB0102M,1515.0,56.0,7.5,false
Q1,02,FOODTOTL,Food,180520,Baking needs and miscellaneous products,5,CXU180520LB0102M,685.0,25.0,9.15,false
Q1,02,FOODTOTL,Food,180611,Prepared salads,5,CXU180611LB0102M,1126.0,42.0,8.31,false
Q1,02,FOODTOTL,Food,180612,Prepared desserts,5,CXU180612LB0102M,252.0,9.0,15.67,false
Q1,02,FOODTOTL,Food,180620,Baby food,5,CXU180620LB0102M,279.0,10.0,29.56,true
Q1,02,FOODTOTL,Food,180710,Miscellaneous prepared foods,5,CXU180710LB0102M,5106.0,189.0,6.71,false
Q1,02,FOODTOTL,Food,190400,Food and nonalcoholic beverages at fast food,2,CXU190400LB0102M,22711.0,840.0,5.72,false
Q1,02,FOODTOTL,Food,190500,Food and nonalcoholic beverages at full service restaurants,2,CXU190500LB0102M,16156.0,598.0,8.82,false
Q1,02,FOODTOTL,Food,190600,Food and nonalcoholic beverages at vending machines and mobile vendors,2,CXU190600LB0102M,305.0,11.0,20.9,false
Q1,02,FOODTOTL,Food,190700,Food and nonalcoholic beverages at employer,2,CXU190700LB0102M,222.0,8.0,35.94,true
Q1,02,FOODTOTL,Food,190902,Catered affairs,2,CXU190902LB0102M,121.0,4.0,79.73,true
Q1,02,FOODTOTL,Food,190903,Food on out of town trips,2,CXU190903LB0102M,3736.0,138.0,12.88,false
Q1,02,FOODTOTL,Food,190904,Food prepared by consumer unit on out of town trips,3,CXU190904LB0102M,774.0,29.0,13.78,false
Q1,02,FOODTOTL,Food,190905,School meals and board,2,CXU190905LB0102M,476.0,18.0,39.18,true
Q1,02,FOODTOTL,Food,800700,Meals as pay,1,CXU800700LB0102M,1023.0,38.0,26.21,true
Q1,02,HOUSING,Housing,210110,Rent,3,CXU210110LB0102M,150642.0,5551.0,4.38,false
Q1,02,HOUSING,Housing,210210,Lodging on out of town trips,3,CXU210210LB0102M,6526.0,240.0,14.81,false
Q1,02,HOUSING,Housing,210310,Housing while attending school,3,CXU210310LB0102M,2995.0,110.0,34.56,true
Q1,02,HOUSING,Housing,210901,Ground rent,4,CXU210901LB0102M,2602.0,96.0,23.68,false
Q1,02,HOUSING,Housing,210902,Ground rent,5,CXU210902LB0102M,,,,
Q1,02,HOUSING,Housing,220121,Homeowners insurance,4,CXU220121LB0102M,9643.0,355.0,6.24,false
Q1,02,HOUSING,Housing,220122,Homeowners insurance,5,CXU220122LB0102M,36.0,1.0,51.1,true
Q1,02,HOUSING,Housing,220211,Property taxes,3,CXU220211LB0102M,28596.0,1054.0,5.91,false
Q1,02,HOUSING,Housing,220212,Property taxes,4,CXU220212LB0102M,814.0,30.0,24.66,false
Q1,02,HOUSING,Housing,220311,Mortgage interest,4,CXU220311LB0102M,18597.0,685.0,10.28,false
Q1,02,HOUSING,Housing,220312,Mortgage interest,5,CXU220312LB0102M,308.0,11.0,36.07,true
Q1,02,HOUSING,Housing,220313,"Interest paid, home equity loan",4,CXU220313LB0102M,228.0,8.0,32.59,true
Q1,02,HOUSING,Housing,220314,"Interest paid, home equity loan",5,CXU220314LB0102M,,,,
Q1,02,HOUSING,Housing,220901,Parking,4,CXU220901LB0102M,304.0,11.0,24.98,false
Q1,02,HOUSING,Housing,220902,Parking,5,CXU220902LB0102M,24.0,1.0,84.04,true
Q1,02,HOUSING,Housing,230112,Painting and papering,5,CXU230112LB0102M,1028.0,38.0,32.98,true
Q1,02,HOUSING,Housing,230113,Plumbing and water heating,5,CXU230113LB0102M,2195.0,81.0,19.07,false
Q1,02,HOUSING,Housing,230114,"Heat, a/c, and electrical work",5,CXU230114LB0102M,3726.0,137.0,27.51,true
Q1,02,HOUSING,Housing,230115,Roofing and gutters,5,CXU230115LB0102M,2952.0,109.0,22.58,false
Q1,02,HOUSING,Housing,230117,"Dishwashers (built-in), garbage disposals, and range hoods (renter)",3,CXU230117LB0102M,64.0,2.0,104.93,true
Q1,02,HOUSING,Housing,230118,"Dishwashers (built-in), garbage disposals, and range hoods (owned home)",3,CXU230118LB0102M,219.0,8.0,37.29,true
Q1,02,HOUSING,Housing,230141,Repair of built-in appliances,5,CXU230141LB0102M,0.0,,105.14,true
Q1,02,HOUSING,Housing,230142,Repair of built-in appliances,5,CXU230142LB0102M,2.0,,75.89,true
Q1,02,HOUSING,Housing,230143,"Home warranties, maintenance, repairs, or services contracts on household appliances (owner)",5,CXU230143LB0102M,204.0,8.0,21.99,false
Q1,02,HOUSING,Housing,230144,"Home warranties, maintenance, repairs, or services contracts on household appliances (owner)",5,CXU230144LB0102M,29.0,1.0,52.5,true
Q1,02,HOUSING,Housing,230150,Repair or maintenance services,5,CXU230150LB0102M,438.0,16.0,40.0,true
Q1,02,HOUSING,Housing,230151,Other repair and maintenance services,5,CXU230151LB0102M,4611.0,170.0,25.07,true
Q1,02,HOUSING,Housing,230152,Repair and remodeling services,6,CXU230152LB0102M,286.0,11.0,74.57,true
Q1,02,HOUSING,Housing,230901,Property management,5,CXU230901LB0102M,2839.0,105.0,22.48,false
Q1,02,HOUSING,Housing,230902,Property management,6,CXU230902LB0102M,67.0,2.0,45.05,true
Q1,02,HOUSING,Housing,240111,"Paint, wallpaper, and supplies",5,CXU240111LB0102M,170.0,6.0,90.52,true
Q1,02,HOUSING,Housing,240112,"Paints, wallpaper, and supplies",5,CXU240112LB0102M,209.0,8.0,20.82,false
Q1,02,HOUSING,Housing,240113,"Paints, wallpaper, and supplies",6,CXU240113LB0102M,33.0,1.0,118.25,true
Q1,02,HOUSING,Housing,240121,Tools and equipment for painting and wallpapering,5,CXU240121LB0102M,18.0,1.0,90.5,true
Q1,02,HOUSING,Housing,240122,Tools and equipment for painting and wallpapering,5,CXU240122LB0102M,22.0,1.0,20.82,false
Q1,02,HOUSING,Housing,240123,Tools and equipment for painting and wallpapering,6,CXU240123LB0102M,4.0,,118.25,true
Q1,02,HOUSING,Housing,240211,"Materials for plastering, panels, roofing, and gutters, etc.",5,CXU240211LB0102M,13.0,,33.64,true
Q1,02,HOUSING,Housing,240212,"Materials for plaster, panel, siding, windows, doors, screens, and awnings",5,CXU240212LB0102M,499.0,18.0,33.47,true
Q1,02,HOUSING,Housing,240213,Materials and equipment for roofs and gutters,5,CXU240213LB0102M,126.0,5.0,50.68,true
Q1,02,HOUSING,Housing,240214,"Materials for plastering, paneling, roofing, gutters, downspouts, siding, windows, doors, screens, and awnings",6,CXU240214LB0102M,,,,
Q1,02,HOUSING,Housing,240221,"Materials for patio, walk, fence, driveway, masonry, brick and stucco work",5,CXU240221LB0102M,1.0,,44.11,true
Q1,02,HOUSING,Housing,240222,"Materials for patio, walk, fence, driveway, masonry, brick, and stucco work",5,CXU240222LB0102M,73.0,3.0,37.19,true
Q1,02,HOUSING,Housing,240223,"Material for patio, walk, fence, drive, masonry, brick, and stucco",6,CXU240223LB0102M,,,,
Q1,02,HOUSING,Housing,240311,Plumbing supplies and equipment,5,CXU240311LB0102M,15.0,1.0,42.79,true
Q1,02,HOUSING,Housing,240312,Plumbing supplies and equipment,5,CXU240312LB0102M,371.0,14.0,51.15,true
Q1,02,HOUSING,Housing,240313,Plumbing supplies and equipment,6,CXU240313LB0102M,,,,
Q1,02,HOUSING,Housing,240321,"Electrical supplies, heating, and cooling equipment",5,CXU240321LB0102M,13.0,,85.25,true
Q1,02,HOUSING,Housing,240322,"Electrical supplies, heating, and cooling equipment",5,CXU240322LB0102M,97.0,4.0,27.4,true
Q1,02,HOUSING,Housing,240323,"Electrical supplies, heating, and cooling equipment",6,CXU240323LB0102M,,,,
Q1,02,HOUSING,Housing,250111,Fuel oil (renter),4,CXU250111LB0102M,116.0,4.0,50.68,true
Q1,02,HOUSING,Housing,250112,Fuel oil (owned home),4,CXU250112LB0102M,663.0,24.0,24.66,false
Q1,02,HOUSING,Housing,250113,Fuel oil (owned vacation),4,CXU250113LB0102M,,,,
Q1,02,HOUSING,Housing,250114,Fuel oil (rented vacation),4,CXU250114LB0102M,,,,
Q1,02,HOUSING,Housing,250211,"Gas, bottled/tank (renter)",4,CXU250211LB0102M,67.0,2.0,65.75,true
Q1,02,HOUSING,Housing,250212,"Gas, bottled/tank (owned home)",4,CXU250212LB0102M,760.0,28.0,24.2,false
Q1,02,HOUSING,Housing,250213,"Gas, bottled/tank (owned vacation)",4,CXU250213LB0102M,23.0,1.0,43.89,true
Q1,02,HOUSING,Housing,250214,"Gas, bottled/tank (rented vacation)",4,CXU250214LB0102M,,,,
Q1,02,HOUSING,Housing,250911,"Coal, wood, and other fuels (renter)",4,CXU250911LB0102M,16.0,1.0,59.24,true
Q1,02,HOUSING,Housing,250912,"Coal, wood, and other fuels (owned home)",4,CXU250912LB0102M,74.0,3.0,27.03,true
Q1,02,HOUSING,Housing,250913,"Coal, wood, and other fuels (owned vacation)",4,CXU250913LB0102M,,,,
Q1,02,HOUSING,Housing,250914,"Coal, wood, and other fuels (rented vacation)",4,CXU250914LB0102M,,,,
Q1,02,HOUSING,Housing,260111,Electricity (renter),3,CXU260111LB0102M,14211.0,524.0,4.18,false
Q1,02,HOUSING,Housing,260112,Electricity (owned home),3,CXU260112LB0102M,20225.0,745.0,3.77,false
Q1,02,HOUSING,Housing,260113,Electricity (owned vacation),3,CXU260113LB0102M,109.0,4.0,43.93,true
Q1,02,HOUSING,Housing,260114,Electricity (rented vacation),3,CXU260114LB0102M,92.0,3.0,43.37,true
Q1,02,HOUSING,Housing,260211,Natural gas (renter),3,CXU260211LB0102M,2397.0,88.0,7.39,false
Q1,02,HOUSING,Housing,260212,Natural gas (owned home),3,CXU260212LB0102M,5325.0,196.0,10.66,false
Q1,02,HOUSING,Housing,260213,Natural gas (owned vacation),3,CXU260213LB0102M,31.0,1.0,56.63,true
Q1,02,HOUSING,Housing,260214,Natural gas (rented vacation),3,CXU260214LB0102M,44.0,2.0,54.55,true
Q1,02,HOUSING,Housing,270102,Cellular phone service,3,CXU270102LB0102M,19549.0,720.0,2.75,false
Q1,02,HOUSING,Housing,270104,Phone cards,4,CXU270104LB0102M,,,,
Q1,02,HOUSING,Housing,270106,Residential telephone including VOIP,4,CXU270106LB0102M,3076.0,113.0,6.74,false
Q1,02,HOUSING,Housing,270211,Water/sewer maintenance (renter),4,CXU270211LB0102M,2423.0,89.0,7.88,false
Q1,02,HOUSING,Housing,270212,Water/sewer maintenance (owned home),4,CXU270212LB0102M,6235.0,230.0,6.06,false
Q1,02,HOUSING,Housing,270213,Water/sewer maintenance (owned vacation),4,CXU270213LB0102M,38.0,1.0,52.38,true
Q1,02,HOUSING,Housing,270214,Water/sewer maintenance (rented vacation),4,CXU270214LB0102M,20.0,1.0,47.64,true
Q1,02,HOUSING,Housing,270411,Trash/garbage collection (renter),4,CXU270411LB0102M,626.0,23.0,10.39,false
Q1,02,HOUSING,Housing,270412,Trash/garbage collection (owned home),4,CXU270412LB0102M,3297.0,121.0,6.36,false
Q1,02,HOUSING,Housing,270413,Trash/garbage collection (owned vacation),4,CXU270413LB0102M,52.0,2.0,56.69,true
Q1,02,HOUSING,Housing,270414,Trash/garbage collection (rented vacation),4,CXU270414LB0102M,8.0,,63.24,true
Q1,02,HOUSING,Housing,270901,Septic tank cleaning (renter),4,CXU270901LB0102M,,,,
Q1,02,HOUSING,Housing,270902,Septic tank cleaning (owned home),4,CXU270902LB0102M,3.0,,67.38,true
Q1,02,HOUSING,Housing,270903,Septic tank cleaning (owned vacation),4,CXU270903LB0102M,,,,
Q1,02,HOUSING,Housing,270904,Septic tank cleaning (rented vacation),4,CXU270904LB0102M,,,,
Q1,02,HOUSING,Housing,270906,Septic tank cleaning (renter),4,CXU270906LB0102M,,,,
Q1,02,HOUSING,Housing,270907,Septic tank cleaning (owner),4,CXU270907LB0102M,159.0,6.0,57.0,true
Q1,02,HOUSING,Housing,280110,Bathroom linens,3,CXU280110LB0102M,365.0,14.0,26.35,true
Q1,02,HOUSING,Housing,280120,Bedroom linens,3,CXU280120LB0102M,1229.0,45.0,28.05,true
Q1,02,HOUSING,Housing,280140,"Kitchen, dining room, and other linens",3,CXU280140LB0102M,80.0,3.0,21.86,false
Q1,02,HOUSING,Housing,280210,Curtains and draperies,3,CXU280210LB0102M,145.0,5.0,21.46,false
Q1,02,HOUSING,Housing,280220,Slipcovers and decorative pillows,3,CXU280220LB0102M,46.0,2.0,25.07,true
Q1,02,HOUSING,Housing,290110,Mattresses and springs,3,CXU290110LB0102M,1239.0,46.0,17.41,false
Q1,02,HOUSING,Housing,290120,Other bedroom furniture,3,CXU290120LB0102M,1239.0,46.0,30.67,true
Q1,02,HOUSING,Housing,290210,Sofas,3,CXU290210LB0102M,2580.0,95.0,15.14,false
Q1,02,HOUSING,Housing,290310,Living room chairs,3,CXU290310LB0102M,936.0,34.0,24.54,false
Q1,02,HOUSING,Housing,290320,Living room tables,3,CXU290320LB0102M,294.0,11.0,21.53,false
Q1,02,HOUSING,Housing,290410,Kitchen and dining room furniture,3,CXU290410LB0102M,420.0,15.0,42.47,true
Q1,02,HOUSING,Housing,290420,Infants' furniture,3,CXU290420LB0102M,30.0,1.0,45.59,true
Q1,02,HOUSING,Housing,290430,Outdoor furniture,3,CXU290430LB0102M,177.0,7.0,26.12,true
Q1,02,HOUSING,Housing,290440,"Wall units, cabinets, and other furniture",3,CXU290440LB0102M,555.0,20.0,21.04,false
Q1,02,HOUSING,Housing,300111,Refrigerators and freezers (renter),3,CXU300111LB0102M,360.0,13.0,47.77,true
Q1,02,HOUSING,Housing,300112,Refrigerators and freezers (owned home),3,CXU300112LB0102M,1057.0,39.0,26.6,true
Q1,02,HOUSING,Housing,300216,Clothes washers or dryers (renter),3,CXU300216LB0102M,518.0,19.0,31.94,true
Q1,02,HOUSING,Housing,300217,Clothes washers or dryers (owned home),3,CXU300217LB0102M,865.0,32.0,26.78,true
Q1,02,HOUSING,Housing,300311,Cooking stoves and ovens (renter),3,CXU300311LB0102M,180.0,7.0,76.88,true
Q1,02,HOUSING,Housing,300312,Cooking stoves and ovens (owned home),3,CXU300312LB0102M,670.0,25.0,25.74,true
Q1,02,HOUSING,Housing,300321,Microwave ovens (renter),3,CXU300321LB0102M,247.0,9.0,29.85,true
Q1,02,HOUSING,Housing,300322,Microwave ovens (owned home),3,CXU300322LB0102M,249.0,9.0,30.61,true
Q1,02,HOUSING,Housing,300331,Portable dishwashers (renter),3,CXU300331LB0102M,,,,
Q1,02,HOUSING,Housing,300332,Portable dishwashers (owned home),3,CXU300332LB0102M,,,,
Q1,02,HOUSING,Housing,300411,Window air conditioners (renter),3,CXU300411LB0102M,70.0,3.0,43.02,true
Q1,02,HOUSING,Housing,300412,Window air conditioners (owned home),3,CXU300412LB0102M,42.0,2.0,49.8,true
Q1,02,HOUSING,Housing,300900,Miscellaneous household appliances,3,CXU300900LB0102M,95.0,4.0,66.82,true
Q1,02,HOUSING,Housing,320111,"Floor coverings, nonpermanent",3,CXU320111LB0102M,176.0,6.0,19.31,false
Q1,02,HOUSING,Housing,320120,Window coverings,3,CXU320120LB0102M,126.0,5.0,63.43,true
Q1,02,HOUSING,Housing,320130,Infants' equipment,3,CXU320130LB0102M,550.0,20.0,100.8,true
Q1,02,HOUSING,Housing,320140,Laundry and cleaning equipment,3,CXU320140LB0102M,395.0,15.0,20.44,false
Q1,02,HOUSING,Housing,320150,Outdoor equipment,3,CXU320150LB0102M,440.0,16.0,31.74,true
Q1,02,HOUSING,Housing,320221,"Lamps, lighting fixtures, and ceiling fans",3,CXU320221LB0102M,659.0,24.0,41.09,true
Q1,02,HOUSING,Housing,320232,Telephones and accessories,3,CXU320232LB0102M,1487.0,55.0,15.48,false
Q1,02,HOUSING,Housing,320233,Clocks and other household decorative items,3,CXU320233LB0102M,1781.0,66.0,18.48,false
Q1,02,HOUSING,Housing,320330,Flatware,4,CXU320330LB0102M,38.0,1.0,33.92,true
Q1,02,HOUSING,Housing,320345,"Dinnerware, glassware, and serving pieces",4,CXU320345LB0102M,216.0,8.0,13.34,false
Q1,02,HOUSING,Housing,320370,Nonelectric cookware,4,CXU320370LB0102M,551.0,20.0,63.29,true
Q1,02,HOUSING,Housing,320380,Tableware and nonelectric kitchenware,4,CXU320380LB0102M,262.0,10.0,23.89,false
Q1,02,HOUSING,Housing,320410,Lawn and garden equipment,3,CXU320410LB0102M,550.0,20.0,39.28,true
Q1,02,HOUSING,Housing,320420,Power tools,3,CXU320420LB0102M,383.0,14.0,29.15,true
Q1,02,HOUSING,Housing,320430,Other hardware,3,CXU320430LB0102M,254.0,9.0,58.7,true
Q1,02,HOUSING,Housing,320511,Electric floor cleaning equipment,3,CXU320511LB0102M,298.0,11.0,25.39,true
Q1,02,HOUSING,Housing,320512,Sewing machines,3,CXU320512LB0102M,15.0,1.0,34.77,true
Q1,02,HOUSING,Housing,320521,Small electric kitchen appliances,4,CXU320521LB0102M,697.0,26.0,12.34,false
Q1,02,HOUSING,Housing,320522,Portable heating and cooling equipment,4,CXU320522LB0102M,217.0,8.0,22.16,false
Q1,02,HOUSING,Housing,320611,"Material for insulation, other maintenance, and repair",6,CXU320611LB0102M,137.0,5.0,33.35,true
Q1,02,HOUSING,Housing,320612,"Material for insulation, other maintenance, and repair",6,CXU320612LB0102M,390.0,14.0,21.21,false
Q1,02,HOUSING,Housing,320613,"Material for insulation, other maintenance, and repair",7,CXU320613LB0102M,,,,
Q1,02,HOUSING,Housing,320624,"Flooring installation, repair, and replacement",5,CXU320624LB0102M,703.0,26.0,95.24,true
Q1,02,HOUSING,Housing,320625,"Flooring installation, repair, and replacement",5,CXU320625LB0102M,852.0,31.0,50.78,true
Q1,02,HOUSING,Housing,320626,"Flooring installation, repair, and replacement",6,CXU320626LB0102M,,,,
Q1,02,HOUSING,Housing,320631,Material for landscape maintenance,5,CXU320631LB0102M,22.0,1.0,57.64,true
Q1,02,HOUSING,Housing,320632,Materials for landscaping maintenance,5,CXU320632LB0102M,,,,
Q1,02,HOUSING,Housing,320633,Materials for landscaping maintenance,6,CXU320633LB0102M,,,,
Q1,02,HOUSING,Housing,320901,Office furniture for home use,3,CXU320901LB0102M,115.0,4.0,32.69,true
Q1,02,HOUSING,Housing,320902,Hand tools,3,CXU320902LB0102M,365.0,14.0,35.41,true
Q1,02,HOUSING,Housing,320903,Indoor plants and fresh flowers,3,CXU320903LB0102M,829.0,31.0,14.04,false
Q1,02,HOUSING,Housing,320904,Closet and storage items,3,CXU320904LB0102M,286.0,11.0,33.34,true
Q1,02,HOUSING,Housing,320905,Miscellaneous household equipment and parts,3,CXU320905LB0102M,939.0,35.0,32.19,true
Q1,02,HOUSING,Housing,330119,Laundry and cleaning products,2,CXU330119LB0102M,3727.0,138.0,9.99,false
Q1,02,HOUSING,Housing,330310,"Cleansing and toilet tissue, paper towels, and napkins",3,CXU330310LB0102M,2618.0,97.0,8.71,false
Q1,02,HOUSING,Housing,330410,"Stationery, stationery supplies, and gift wrap",3,CXU330410LB0102M,793.0,29.0,13.61,false
Q1,02,HOUSING,Housing,330510,Miscellaneous household products,3,CXU330510LB0102M,3973.0,147.0,14.03,false
Q1,02,HOUSING,Housing,330511,Termite/pest control products,3,CXU330511LB0102M,218.0,8.0,21.59,false
Q1,02,HOUSING,Housing,330610,Lawn and garden supplies,3,CXU330610LB0102M,2051.0,76.0,24.22,false
Q1,02,HOUSING,Housing,340110,Postage,3,CXU340110LB0102M,660.0,24.0,29.02,true
Q1,02,HOUSING,Housing,340120,Delivery services,3,CXU340120LB0102M,44.0,2.0,42.84,true
Q1,02,HOUSING,Housing,340310,Housekeeping services,3,CXU340310LB0102M,1207.0,44.0,15.99,false
Q1,02,HOUSING,Housing,340410,Gardening and lawn care service,3,CXU340410LB0102M,2735.0,101.0,13.19,false
Q1,02,HOUSING,Housing,340420,Water softening services,3,CXU340420LB0102M,22.0,1.0,44.95,true
Q1,02,HOUSING,Housing,340421,Water softening services (owner),3,CXU340421LB0102M,23.0,1.0,34.3,true
Q1,02,HOUSING,Housing,340422,Water softening services (renter),3,CXU340422LB0102M,3.0,,79.26,true
Q1,02,HOUSING,Housing,340510,"Moving, storage, and freight",3,CXU340510LB0102M,704.0,26.0,27.41,true
Q1,02,HOUSING,Housing,340520,"Household laundry and dry cleaning, sent out (nonclothing) not coin-operated",3,CXU340520LB0102M,,,,
Q1,02,HOUSING,Housing,340530,Coin-operated household laundry and dry cleaning (nonclothing),3,CXU340530LB0102M,,,,
Q1,02,HOUSING,Housing,340620,"Appliance repair, including service center",3,CXU340620LB0102M,20.0,1.0,46.7,true
Q1,02,HOUSING,Housing,340630,"Reupholstering, furniture repair",3,CXU340630LB0102M,67.0,2.0,36.0,true
Q1,02,HOUSING,Housing,340901,"Repairs/rentals of lawn and garden equipment, hand or power tools, and other household equipment",3,CXU340901LB0102M,81.0,3.0,38.55,true
Q1,02,HOUSING,Housing,340903,Other home services,3,CXU340903LB0102M,276.0,10.0,32.28,true
Q1,02,HOUSING,Housing,340904,Rental of furniture,3,CXU340904LB0102M,247.0,9.0,44.82,true
Q1,02,HOUSING,Housing,340906,"Care for elderly, invalids, handicapped, etc.",3,CXU340906LB0102M,3756.0,138.0,66.72,true
Q1,02,HOUSING,Housing,340907,Appliance rentals,3,CXU340907LB0102M,34.0,1.0,46.06,true
Q1,02,HOUSING,Housing,340908,Rental of office equipment for nonbusiness use,3,CXU340908LB0102M,0.0,,121.6,true
Q1,02,HOUSING,Housing,340910,Adult day care centers,3,CXU340910LB0102M,27.0,1.0,97.18,true
Q1,02,HOUSING,Housing,340911,Management and upkeep services for security,5,CXU340911LB0102M,238.0,9.0,35.35,true
Q1,02,HOUSING,Housing,340912,Management and upkeep services for security,6,CXU340912LB0102M,1.0,,107.27,true
Q1,02,HOUSING,Housing,340913,Repair of miscellaneous household equipment and furnishings,3,CXU340913LB0102M,1.0,,99.26,true
Q1,02,HOUSING,Housing,340914,Services for termite/pest control,3,CXU340914LB0102M,872.0,32.0,21.59,false
Q1,02,HOUSING,Housing,340915,Home security system service fees,3,CXU340915LB0102M,477.0,18.0,18.16,false
Q1,02,HOUSING,Housing,350110,Tenant's insurance,4,CXU350110LB0102M,828.0,30.0,13.27,false
Q1,02,HOUSING,Housing,430130,Luggage,3,CXU430130LB0102M,30.0,1.0,69.74,true
Q1,02,HOUSING,Housing,670320,"Babysitting, childcare, daycare, preschool",2,CXU670320LB0102M,1232.0,45.0,32.47,true
Q1,02,HOUSING,Housing,690111,Computers and computer hardware for nonbusiness use,3,CXU690111LB0102M,2373.0,87.0,9.61,false
Q1,02,HOUSING,Housing,690113,Repair of computer systems for nonbusiness use,3,CXU690113LB0102M,110.0,4.0,31.97,true
Q1,02,HOUSING,Housing,690114,Computer information services (internet),3,CXU690114LB0102M,11220.0,413.0,3.42,false
Q1,02,HOUSING,Housing,690116,Internet services away from home,3,CXU690116LB0102M,33.0,1.0,40.6,true
Q1,02,HOUSING,Housing,690117,Portable memory,3,CXU690117LB0102M,70.0,3.0,25.79,true
Q1,02,HOUSING,Housing,690119,Computer software,3,CXU690119LB0102M,319.0,12.0,50.42,true
Q1,02,HOUSING,Housing,690120,Computer accessories,3,CXU690120LB0102M,413.0,15.0,36.43,true
Q1,02,HOUSING,Housing,690230,Business equipment for home use,3,CXU690230LB0102M,16.0,1.0,37.04,true
Q1,02,HOUSING,Housing,690244,Other household appliances (renter),3,CXU690244LB0102M,69.0,3.0,33.18,true
Q1,02,HOUSING,Housing,690245,Other household appliances (owned home),3,CXU690245LB0102M,275.0,10.0,76.97,true
Q1,02,HOUSING,Housing,690310,Installation of computers,3,CXU690310LB0102M,,,,
Q1,02,HOUSING,Housing,790690,Construction materials for jobs not started,6,CXU790690LB0102M,34.0,1.0,29.37,true
Q1,02,HOUSING,Housing,800710,Rent as pay,1,CXU800710LB0102M,3755.0,138.0,20.59,false
Q1,02,HOUSING,Housing,830111,Late fee mortgage pay (owned home),4,CXU830111LB0102M,,,,
Q1,02,HOUSING,Housing,830112,Late fee mortgage pay (owned vacation),5,CXU830112LB0102M,,,,
Q1,02,HOUSING,Housing,880110,"Interest paid, home equity line of credit",4,CXU880110LB0102M,717.0,26.0,28.16,true
Q1,02,HOUSING,Housing,880310,"Interest paid, home equity line of credit",5,CXU880310LB0102M,,,,
Q1,02,HOUSING,Housing,990900,"Rental and installation of dishwashers, range hoods, and garbage disposals",3,CXU990900LB0102M,,,,
Q1,02,HOUSING,Housing,990920,"Materials for additions, finishing basements, and remodeling rooms",6,CXU990920LB0102M,55.0,2.0,105.67,true
Q1,02,HOUSING,Housing,990930,"Materials to finish basements, remodel rooms, or build patios or walkways",6,CXU990930LB0102M,,,,
Q1,02,HOUSING,Housing,990940,Material for finishing basements and remodeling rooms,7,CXU990940LB0102M,,,,
Q1,02,TRANS,Transportation,450110,New cars,3,CXU450110LB0102M,4009.0,148.0,54.74,true
Q1,02,TRANS,Transportation,450210,New trucks,3,CXU450210LB0102M,18205.0,671.0,31.72,true
Q1,02,TRANS,Transportation,450220,New motorcycles,3,CXU450220LB0102M,441.0,16.0,91.52,true
Q1,02,TRANS,Transportation,450350,Car/truck lease payments,5,CXU450350LB0102M,1700.0,63.0,17.47,false
Q1,02,TRANS,Transportation,450351,Extra fees for car/truck lease,5,CXU450351LB0102M,16.0,1.0,36.28,true
Q1,02,TRANS,Transportation,450352,Trade in allowance for car/truck lease,5,CXU450352LB0102M,,,,
Q1,02,TRANS,Transportation,450353,Cash down payment car/truck lease,5,CXU450353LB0102M,180.0,7.0,74.01,true
Q1,02,TRANS,Transportation,450354,Termination fee for car/truck lease,5,CXU450354LB0102M,,,,
Q1,02,TRANS,Transportation,450900,New aircraft,3,CXU450900LB0102M,,,,
Q1,02,TRANS,Transportation,460110,Used cars,3,CXU460110LB0102M,7136.0,263.0,29.69,true
Q1,02,TRANS,Transportation,460901,Used trucks,3,CXU460901LB0102M,16823.0,620.0,22.93,false
Q1,02,TRANS,Transportation,460902,Used motorcycles,3,CXU460902LB0102M,14.0,1.0,103.42,true
Q1,02,TRANS,Transportation,460903,Used aircraft,3,CXU460903LB0102M,,,,
Q1,02,TRANS,Transportation,470111,Gasoline,2,CXU470111LB0102M,31947.0,1177.0,3.69,false
Q1,02,TRANS,Transportation,470112,Diesel fuel,2,CXU470112LB0102M,943.0,35.0,29.47,true
Q1,02,TRANS,Transportation,470113,Gasoline on out of town trips,2,CXU470113LB0102M,1368.0,50.0,11.59,false
Q1,02,TRANS,Transportation,470212,Motor oil on out of town trips,2,CXU470212LB0102M,14.0,1.0,11.59,false
Q1,02,TRANS,Transportation,470311,Electric vehicle charging,2,CXU470311LB0102M,1.0,,102.05,true
Q1,02,TRANS,Transportation,480100,"Vehicle parts, accessories, fluid excluding tires",2,CXU480100LB0102M,459.0,17.0,15.96,false
Q1,02,TRANS,Transportation,480110,"Tires - purchased, replaced, and installed",3,CXU480110LB0102M,2158.0,80.0,14.15,false
Q1,02,TRANS,Transportation,490100,Vehicle maintenance/repair excluding tire purchase,2,CXU490100LB0102M,7140.0,263.0,8.87,false
Q1,02,TRANS,Transportation,490900,Auto repair service policy,3,CXU490900LB0102M,922.0,34.0,47.39,true
Q1,02,TRANS,Transportation,500110,Vehicle insurance,2,CXU500110LB0102M,24286.0,895.0,3.2,false
Q1,02,TRANS,Transportation,510110,Automobile finance charges,3,CXU510110LB0102M,768.0,28.0,17.58,false
Q1,02,TRANS,Transportation,510901,Truck finance charges,3,CXU510901LB0102M,1929.0,71.0,16.93,false
Q1,02,TRANS,Transportation,510902,Motorcycle and plane finance charges,3,CXU510902LB0102M,10.0,,71.7,true
Q1,02,TRANS,Transportation,520110,State and local vehicle registration,2,CXU520110LB0102M,1689.0,62.0,9.54,false
Q1,02,TRANS,Transportation,520310,Drivers' licenses,3,CXU520310LB0102M,185.0,7.0,10.74,false
Q1,02,TRANS,Transportation,520410,Vehicle inspections,3,CXU520410LB0102M,175.0,6.0,14.1,false
Q1,02,TRANS,Transportation,520516,Auto/truck rental,5,CXU520516LB0102M,1068.0,39.0,19.9,false
Q1,02,TRANS,Transportation,520517,Auto/truck rental on out of town trips,5,CXU520517LB0102M,45.0,2.0,67.31,true
Q1,02,TRANS,Transportation,520531,"Parking fees in home city, excluding residence",4,CXU520531LB0102M,487.0,18.0,30.06,true
Q1,02,TRANS,Transportation,520532,Parking fees on out of town trips,4,CXU520532LB0102M,68.0,3.0,20.0,false
Q1,02,TRANS,Transportation,520541,Tolls or electronic toll passes,3,CXU520541LB0102M,378.0,14.0,16.14,false
Q1,02,TRANS,Transportation,520542,Tolls on out of town trips,3,CXU520542LB0102M,54.0,2.0,18.94,false
Q1,02,TRANS,Transportation,520550,Towing charges,3,CXU520550LB0102M,123.0,5.0,50.76,true
Q1,02,TRANS,Transportation,520902,Motorcycle rental,5,CXU520902LB0102M,1.0,,99.69,true
Q1,02,TRANS,Transportation,520903,Aircraft rental,5,CXU520903LB0102M,,,,
Q1,02,TRANS,Transportation,520905,Motorcycle rental on out of town trips,5,CXU520905LB0102M,,,,
Q1,02,TRANS,Transportation,520906,Aircraft rental on out of town trips,5,CXU520906LB0102M,,,,
Q1,02,TRANS,Transportation,530110,Airline fares,2,CXU530110LB0102M,5464.0,201.0,11.59,false
Q1,02,TRANS,Transportation,530210,Intercity bus fares,2,CXU530210LB0102M,158.0,6.0,25.01,true
Q1,02,TRANS,Transportation,530311,Intracity mass transit fares,2,CXU530311LB0102M,2239.0,83.0,8.57,false
Q1,02,TRANS,Transportation,530312,Local transportation on out of town trips,2,CXU530312LB0102M,9.0,,44.51,true
Q1,02,TRANS,Transportation,530411,Taxi fares and limousine services on trips,2,CXU530411LB0102M,5.0,,44.51,true
Q1,02,TRANS,Transportation,530412,Taxi fares and limousine services,2,CXU530412LB0102M,2661.0,98.0,11.74,false
Q1,02,TRANS,Transportation,530510,Intercity train fares,2,CXU530510LB0102M,222.0,8.0,24.1,false
Q1,02,TRANS,Transportation,530901,Ship fares,2,CXU530901LB0102M,2040.0,75.0,67.07,true
Q1,02,TRANS,Transportation,530902,School bus,2,CXU530902LB0102M,8.0,,109.72,true
Q1,02,TRANS,Transportation,620114,Automobile service clubs and GPS services,3,CXU620114LB0102M,240.0,9.0,14.83,false
Q1,02,TRANS,Transportation,850300,Other vehicle finance charges,3,CXU850300LB0102M,40.0,1.0,84.1,true
Q1,02,TRANS,Transportation,950024,Vehicle personal property taxes,2,CXU950024LB0102M,724.0,27.0,9.54,false
Q2,03,ALCBEVG,Alcoholic beverages,200119,"Beer, ale, and other malt beverage",2,CXU200119LB0103M,1741.0,64.0,14.8,false
Q2,03,ALCBEVG,Alcoholic beverages,200219,Distilled spirits,2,CXU200219LB0103M,1067.0,39.0,24.38,false
Q2,03,ALCBEVG,Alcoholic beverages,200310,Wine,2,CXU200310LB0103M,1595.0,59.0,16.85,false
Q2,03,ALCBEVG,Alcoholic beverages,200900,Alcoholic beverages purchased on trips,2,CXU200900LB0103M,860.0,32.0,10.72,false
Q2,03,ALCBEVG,Alcoholic beverages,790420,"Alcoholic beverages at restaurants, taverns",2,CXU790420LB0103M,4000.0,148.0,12.1,false
Q2,03,FOODTOTL,Food,010119,Flour and prepared flour mixes,2,CXU010119LB0103M,636.0,23.0,11.47,false
Q2,03,FOODTOTL,Food,010210,"Cereal, breakfast, and granola bars",4,CXU010210LB0103M,2164.0,80.0,9.11,false
Q2,03,FOODTOTL,Food,010310,Rice,4,CXU010310LB0103M,1141.0,42.0,11.78,false
Q2,03,FOODTOTL,Food,010320,"Pasta, cornmeal, and other cereal products",4,CXU010320LB0103M,1242.0,46.0,6.77,false
Q2,03,FOODTOTL,Food,020219,Bread,2,CXU020219LB0103M,3013.0,111.0,5.56,false
Q2,03,FOODTOTL,Food,020310,Biscuits and rolls,5,CXU020310LB0103M,1993.0,74.0,9.75,false
Q2,03,FOODTOTL,Food,020410,Cakes and cupcakes,5,CXU020410LB0103M,1285.0,47.0,9.26,false
Q2,03,FOODTOTL,Food,020510,Cookies,5,CXU020510LB0103M,2002.0,74.0,6.31,false
Q2,03,FOODTOTL,Food,020610,Crackers,5,CXU020610LB0103M,1048.0,39.0,7.22,false
Q2,03,FOODTOTL,Food,020620,Bread and cracker products,5,CXU020620LB0103M,142.0,5.0,23.57,false
Q2,03,FOODTOTL,Food,020710,"Sweetrolls, coffee cakes, and doughnuts",5,CXU020710LB0103M,899.0,33.0,10.06,false
Q2,03,FOODTOTL,Food,020810,Frozen and refrigerated bakery products,4,CXU020810LB0103M,953.0,35.0,8.47,false
Q2,03,FOODTOTL,Food,020820,"Pies, tarts, and turnovers",5,CXU020820LB0103M,437.0,16.0,13.23,false
Q2,03,FOODTOTL,Food,030110,Ground beef,4,CXU030110LB0103M,3599.0,133.0,6.94,false
Q2,03,FOODTOTL,Food,030219,Roasts,2,CXU030219LB0103M,1471.0,54.0,19.58,false
Q2,03,FOODTOTL,Food,030519,Steak,2,CXU030519LB0103M,2956.0,109.0,8.75,false
Q2,03,FOODTOTL,Food,030810,Other beef,4,CXU030810LB0103M,1071.0,40.0,15.32,false
Q2,03,FOODTOTL,Food,040119,"Bacon, breakfast sausage, and related products",2,CXU040119LB0103M,2308.0,85.0,5.48,false
Q2,03,FOODTOTL,Food,040210,Pork chops,4,CXU040210LB0103M,974.0,36.0,16.57,false
Q2,03,FOODTOTL,Food,040319,Ham,2,CXU040319LB0103M,1268.0,47.0,11.7,false
Q2,03,FOODTOTL,Food,040410,Other pork,4,CXU040410LB0103M,1796.0,66.0,9.93,false
Q2,03,FOODTOTL,Food,050110,Frankfurters,4,CXU050110LB0103M,553.0,20.0,11.01,false
Q2,03,FOODTOTL,Food,050319,Lunchmeats,2,CXU050319LB0103M,1913.0,71.0,6.57,false
Q2,03,FOODTOTL,Food,050419,"Lamb, organ meat, and game",2,CXU050419LB0103M,417.0,15.0,23.4,false
Q2,03,FOODTOTL,Food,060119,Chicken,2,CXU060119LB0103M,4284.0,158.0,6.48,false
Q2,03,FOODTOTL,Food,060310,Other poultry,4,CXU060310LB0103M,1120.0,41.0,11.64,false
Q2,03,FOODTOTL,Food,070119,Processed fish and seafood,2,CXU070119LB0103M,2084.0,77.0,6.48,false
Q2,03,FOODTOTL,Food,070230,Fresh fish and shellfish,4,CXU070230LB0103M,2153.0,80.0,9.33,false
Q2,03,FOODTOTL,Food,080110,Eggs,3,CXU080110LB0103M,2284.0,84.0,6.37,false
Q2,03,FOODTOTL,Food,090110,"Fresh milk, all types",4,CXU090110LB0103M,2928.0,108.0,5.89,false
Q2,03,FOODTOTL,Food,100119,Butter and margarine,2,CXU100119LB0103M,1071.0,40.0,7.42,false
Q2,03,FOODTOTL,Food,100210,Cheese,4,CXU100210LB0103M,4264.0,157.0,5.61,false
Q2,03,FOODTOTL,Food,100410,Ice cream and related products,4,CXU100410LB0103M,1881.0,69.0,8.07,false
Q2,03,FOODTOTL,Food,100519,Other dairy and related products,2,CXU100519LB0103M,3213.0,119.0,5.07,false
Q2,03,FOODTOTL,Food,110110,Apples,4,CXU110110LB0103M,1029.0,38.0,7.72,false
Q2,03,FOODTOTL,Food,110210,Bananas,4,CXU110210LB0103M,1024.0,38.0,6.63,false
Q2,03,FOODTOTL,Food,110319,Citrus fruits,2,CXU110319LB0103M,1344.0,50.0,7.53,false
Q2,03,FOODTOTL,Food,110410,Other fresh fruits,4,CXU110410LB0103M,5306.0,196.0,7.01,false
Q2,03,FOODTOTL,Food,120110,Potatoes,4,CXU120110LB0103M,1114.0,41.0,7.88,false
Q2,03,FOODTOTL,Food,120210,Lettuce,4,CXU120210LB0103M,637.0,24.0,8.31,false
Q2,03,FOODTOTL,Food,120310,Tomatoes,4,CXU120310LB0103M,1098.0,41.0,8.73,false
Q2,03,FOODTOTL,Food,120410,Other fresh vegetables,4,CXU120410LB0103M,4812.0,178.0,5.68,false
Q2,03,FOODTOTL,Food,130119,Frozen noncarbonated juices and drinks,2,CXU130119LB0103M,52.0,2.0,29.55,true
Q2,03,FOODTOTL,Food,130129,Frozen fruits and vegetables,2,CXU130129LB0103M,1384.0,51.0,6.87,false
Q2,03,FOODTOTL,Food,140219,Canned fruits and vegetables,2,CXU140219LB0103M,1774.0,66.0,6.39,false
Q2,03,FOODTOTL,Food,140349,Dried fruits and vegetables,2,CXU140349LB0103M,1391.0,51.0,8.82,false
Q2,03,FOODTOTL,Food,150110,Candy and chewing gum,4,CXU150110LB0103M,3380.0,125.0,6.44,false
Q2,03,FOODTOTL,Food,150219,Sugar and artificial sweeteners,2,CXU150219LB0103M,662.0,24.0,11.28,false
Q2,03,FOODTOTL,Food,150310,"Jams, preserves, and other sweets",4,CXU150310LB0103M,980.0,36.0,8.87,false
Q2,03,FOODTOTL,Food,160211,Fats and oils,4,CXU160211LB0103M,1435.0,53.0,7.44,false
Q2,03,FOODTOTL,Food,160212,Salad dressings,4,CXU160212LB0103M,887.0,33.0,10.62,false
Q2,03,FOODTOTL,Food,160320,Peanut butter,4,CXU160320LB0103M,539.0,20.0,9.48,false
Q2,03,FOODTOTL,Food,170110,Cola,4,CXU170110LB0103M,2173.0,80.0,8.23,false
Q2,03,FOODTOTL,Food,170210,Other carbonated drinks,4,CXU170210LB0103M,2983.0,110.0,6.66,false
Q2,03,FOODTOTL,Food,170319,Coffee,2,CXU170319LB0103M,2951.0,109.0,6.22,false
Q2,03,FOODTOTL,Food,170520,Tea,4,CXU170520LB0103M,1044.0,39.0,7.9,false
Q2,03,FOODTOTL,Food,170531,Other noncarbonated beverages and ice,4,CXU170531LB0103M,533.0,20.0,15.83,false
Q2,03,FOODTOTL,Food,170539,Nonfrozen noncarbonated juices and drinks,2,CXU170539LB0103M,6833.0,252.0,8.21,false
Q2,03,FOODTOTL,Food,180110,Canned and packaged soups,4,CXU180110LB0103M,1517.0,56.0,6.11,false
Q2,03,FOODTOTL,Food,180210,Frozen meals,5,CXU180210LB0103M,1294.0,48.0,10.8,false
Q2,03,FOODTOTL,Food,180220,Other frozen prepared foods,5,CXU180220LB0103M,3690.0,136.0,8.33,false
Q2,03,FOODTOTL,Food,180310,Potato chips and other snacks,5,CXU180310LB0103M,4286.0,158.0,5.85,false
Q2,03,FOODTOTL,Food,180320,Nuts,5,CXU180320LB0103M,1351.0,50.0,8.48,false
Q2,03,FOODTOTL,Food,180410,"Salt, spices, and other seasonings",5,CXU180410LB0103M,1451.0,54.0,5.41,false
Q2,03,FOODTOTL,Food,180420,"Olives, pickles, and relishes",5,CXU180420LB0103M,469.0,17.0,12.4,false
Q2,03,FOODTOTL,Food,180510,Sauces and gravies,5,CXU180510LB0103M,1962.0,72.0,5.17,false
Q2,03,FOODTOTL,Food,180520,Baking needs and miscellaneous products,5,CXU180520LB0103M,761.0,28.0,8.43,false
Q2,03,FOODTOTL,Food,180611,Prepared salads,5,CXU180611LB0103M,1572.0,58.0,7.43,false
Q2,03,FOODTOTL,Food,180612,Prepared desserts,5,CXU180612LB0103M,416.0,15.0,12.26,false
Q2,03,FOODTOTL,Food,180620,Baby food,5,CXU180620LB0103M,1060.0,39.0,30.93,true
Q2,03,FOODTOTL,Food,180710,Miscellaneous prepared foods,5,CXU180710LB0103M,7032.0,260.0,6.51,false
Q2,03,FOODTOTL,Food,190400,Food and nonalcoholic beverages at fast food,2,CXU190400LB0103M,31603.0,1167.0,5.67,false
Q2,03,FOODTOTL,Food,190500,Food and nonalcoholic beverages at full service restaurants,2,CXU190500LB0103M,25926.0,958.0,6.85,false
Q2,03,FOODTOTL,Food,190600,Food and nonalcoholic beverages at vending machines and mobile vendors,2,CXU190600LB0103M,880.0,33.0,19.24,false
Q2,03,FOODTOTL,Food,190700,Food and nonalcoholic beverages at employer,2,CXU190700LB0103M,488.0,18.0,24.48,false
Q2,03,FOODTOTL,Food,190902,Catered affairs,2,CXU190902LB0103M,342.0,13.0,47.78,true
Q2,03,FOODTOTL,Food,190903,Food on out of town trips,2,CXU190903LB0103M,5066.0,186.0,7.09,false
Q2,03,FOODTOTL,Food,190904,Food prepared by consumer unit on out of town trips,3,CXU190904LB0103M,1295.0,48.0,13.21,false
Q2,03,FOODTOTL,Food,190905,School meals and board,2,CXU190905LB0103M,428.0,16.0,40.57,true
Q2,03,FOODTOTL,Food,800700,Meals as pay,1,CXU800700LB0103M,1570.0,58.0,32.01,true
Q2,03,HOUSING,Housing,210110,Rent,3,CXU210110LB0103M,164905.0,6066.0,3.3,false
Q2,03,HOUSING,Housing,210210,Lodging on out of town trips,3,CXU210210LB0103M,9758.0,359.0,10.79,false
Q2,03,HOUSING,Housing,210310,Housing while attending school,3,CXU210310LB0103M,926.0,34.0,53.7,true
Q2,03,HOUSING,Housing,210901,Ground rent,4,CXU210901LB0103M,2942.0,108.0,23.19,false
Q2,03,HOUSING,Housing,210902,Ground rent,5,CXU210902LB0103M,15.0,1.0,100.9,true
Q2,03,HOUSING,Housing,220121,Homeowners insurance,4,CXU220121LB0103M,16515.0,607.0,4.67,false
Q2,03,HOUSING,Housing,220122,Homeowners insurance,5,CXU220122LB0103M,250.0,9.0,36.7,true
Q2,03,HOUSING,Housing,220211,Property taxes,3,CXU220211LB0103M,44674.0,1643.0,4.04,false
Q2,03,HOUSING,Housing,220212,Property taxes,4,CXU220212LB0103M,1551.0,57.0,21.15,false
Q2,03,HOUSING,Housing,220311,Mortgage interest,4,CXU220311LB0103M,35140.0,1293.0,5.6,false
Q2,03,HOUSING,Housing,220312,Mortgage interest,5,CXU220312LB0103M,774.0,28.0,48.48,true
Q2,03,HOUSING,Housing,220313,"Interest paid, home equity loan",4,CXU220313LB0103M,862.0,32.0,38.25,true
Q2,03,HOUSING,Housing,220314,"Interest paid, home equity loan",5,CXU220314LB0103M,,,,
Q2,03,HOUSING,Housing,220901,Parking,4,CXU220901LB0103M,308.0,11.0,25.12,true
Q2,03,HOUSING,Housing,220902,Parking,5,CXU220902LB0103M,8.0,,49.99,true
Q2,03,HOUSING,Housing,230112,Painting and papering,5,CXU230112LB0103M,3067.0,113.0,48.25,true
Q2,03,HOUSING,Housing,230113,Plumbing and water heating,5,CXU230113LB0103M,4127.0,152.0,26.13,true
Q2,03,HOUSING,Housing,230114,"Heat, a/c, and electrical work",5,CXU230114LB0103M,6947.0,256.0,15.04,false
Q2,03,HOUSING,Housing,230115,Roofing and gutters,5,CXU230115LB0103M,9036.0,332.0,26.44,true
Q2,03,HOUSING,Housing,230117,"Dishwashers (built-in), garbage disposals, and range hoods (renter)",3,CXU230117LB0103M,22.0,1.0,92.37,true
Q2,03,HOUSING,Housing,230118,"Dishwashers (built-in), garbage disposals, and range hoods (owned home)",3,CXU230118LB0103M,442.0,16.0,26.73,true
Q2,03,HOUSING,Housing,230141,Repair of built-in appliances,5,CXU230141LB0103M,,,,
Q2,03,HOUSING,Housing,230142,Repair of built-in appliances,5,CXU230142LB0103M,30.0,1.0,34.38,true
Q2,03,HOUSING,Housing,230143,"Home warranties, maintenance, repairs, or services contracts on household appliances (owner)",5,CXU230143LB0103M,433.0,16.0,20.5,false
Q2,03,HOUSING,Housing,230144,"Home warranties, maintenance, repairs, or services contracts on household appliances (owner)",5,CXU230144LB0103M,78.0,3.0,61.72,true
Q2,03,HOUSING,Housing,230150,Repair or maintenance services,5,CXU230150LB0103M,520.0,19.0,33.19,true
Q2,03,HOUSING,Housing,230151,Other repair and maintenance services,5,CXU230151LB0103M,5595.0,206.0,16.68,false
Q2,03,HOUSING,Housing,230152,Repair and remodeling services,6,CXU230152LB0103M,640.0,24.0,59.08,true
Q2,03,HOUSING,Housing,230901,Property management,5,CXU230901LB0103M,2966.0,109.0,19.04,false
Q2,03,HOUSING,Housing,230902,Property management,6,CXU230902LB0103M,227.0,8.0,37.64,true
Q2,03,HOUSING,Housing,240111,"Paint, wallpaper, and supplies",5,CXU240111LB0103M,307.0,11.0,57.61,true
Q2,03,HOUSING,Housing,240112,"Paints, wallpaper, and supplies",5,CXU240112LB0103M,429.0,16.0,22.38,false
Q2,03,HOUSING,Housing,240113,"Paints, wallpaper, and supplies",6,CXU240113LB0103M,41.0,1.0,92.8,true
Q2,03,HOUSING,Housing,240121,Tools and equipment for painting and wallpapering,5,CXU240121LB0103M,33.0,1.0,57.6,true
Q2,03,HOUSING,Housing,240122,Tools and equipment for painting and wallpapering,5,CXU240122LB0103M,46.0,2.0,22.38,false
Q2,03,HOUSING,Housing,240123,Tools and equipment for painting and wallpapering,6,CXU240123LB0103M,4.0,,92.8,true
Q2,03,HOUSING,Housing,240211,"Materials for plastering, panels, roofing, and gutters, etc.",5,CXU240211LB0103M,31.0,1.0,59.47,true
Q2,03,HOUSING,Housing,240212,"Materials for plaster, panel, siding, windows, doors, screens, and awnings",5,CXU240212LB0103M,861.0,32.0,34.74,true
Q2,03,HOUSING,Housing,240213,Materials and equipment for roofs and gutters,5,CXU240213LB0103M,645.0,24.0,58.46,true
Q2,03,HOUSING,Housing,240214,"Materials for plastering, paneling, roofing, gutters, downspouts, siding, windows, doors, screens, and awnings",6,CXU240214LB0103M,,,,
Q2,03,HOUSING,Housing,240221,"Materials for patio, walk, fence, driveway, masonry, brick and stucco work",5,CXU240221LB0103M,1.0,,32.91,true
Q2,03,HOUSING,Housing,240222,"Materials for patio, walk, fence, driveway, masonry, brick, and stucco work",5,CXU240222LB0103M,51.0,2.0,28.39,true
Q2,03,HOUSING,Housing,240223,"Material for patio, walk, fence, drive, masonry, brick, and stucco",6,CXU240223LB0103M,,,,
Q2,03,HOUSING,Housing,240311,Plumbing supplies and equipment,5,CXU240311LB0103M,16.0,1.0,63.13,true
Q2,03,HOUSING,Housing,240312,Plumbing supplies and equipment,5,CXU240312LB0103M,418.0,15.0,26.31,true
Q2,03,HOUSING,Housing,240313,Plumbing supplies and equipment,6,CXU240313LB0103M,5.0,,95.62,true
Q2,03,HOUSING,Housing,240321,"Electrical supplies, heating, and cooling equipment",5,CXU240321LB0103M,1.0,,32.91,true
Q2,03,HOUSING,Housing,240322,"Electrical supplies, heating, and cooling equipment",5,CXU240322LB0103M,259.0,10.0,29.82,true
Q2,03,HOUSING,Housing,240323,"Electrical supplies, heating, and cooling equipment",6,CXU240323LB0103M,,,,
Q2,03,HOUSING,Housing,250111,Fuel oil (renter),4,CXU250111LB0103M,259.0,10.0,71.36,true
Q2,03,HOUSING,Housing,250112,Fuel oil (owned home),4,CXU250112LB0103M,1089.0,40.0,10.76,false
Q2,03,HOUSING,Housing,250113,Fuel oil (owned vacation),4,CXU250113LB0103M,,,,
Q2,03,HOUSING,Housing,250114,Fuel oil (rented vacation),4,CXU250114LB0103M,,,,
Q2,03,HOUSING,Housing,250211,"Gas, bottled/tank (renter)",4,CXU250211LB0103M,149.0,5.0,29.84,true
Q2,03,HOUSING,Housing,250212,"Gas, bottled/tank (owned home)",4,CXU250212LB0103M,1025.0,38.0,21.23,false
Q2,03,HOUSING,Housing,250213,"Gas, bottled/tank (owned vacation)",4,CXU250213LB0103M,54.0,2.0,34.76,true
Q2,03,HOUSING,Housing,250214,"Gas, bottled/tank (rented vacation)",4,CXU250214LB0103M,,,,
Q2,03,HOUSING,Housing,250911,"Coal, wood, and other fuels (renter)",4,CXU250911LB0103M,12.0,,59.22,true
Q2,03,HOUSING,Housing,250912,"Coal, wood, and other fuels (owned home)",4,CXU250912LB0103M,329.0,12.0,54.62,true
Q2,03,HOUSING,Housing,250913,"Coal, wood, and other fuels (owned vacation)",4,CXU250913LB0103M,,,,
Q2,03,HOUSING,Housing,250914,"Coal, wood, and other fuels (rented vacation)",4,CXU250914LB0103M,,,,
Q2,03,HOUSING,Housing,260111,Electricity (renter),3,CXU260111LB0103M,15705.0,578.0,4.75,false
Q2,03,HOUSING,Housing,260112,Electricity (owned home),3,CXU260112LB0103M,29565.0,1088.0,3.21,false
Q2,03,HOUSING,Housing,260113,Electricity (owned vacation),3,CXU260113LB0103M,119.0,4.0,22.25,false
Q2,03,HOUSING,Housing,260114,Electricity (rented vacation),3,CXU260114LB0103M,110.0,4.0,32.28,true
Q2,03,HOUSING,Housing,260211,Natural gas (renter),3,CXU260211LB0103M,2745.0,101.0,8.93,false
Q2,03,HOUSING,Housing,260212,Natural gas (owned home),3,CXU260212LB0103M,8297.0,305.0,5.7,false
Q2,03,HOUSING,Housing,260213,Natural gas (owned vacation),3,CXU260213LB0103M,84.0,3.0,39.59,true
Q2,03,HOUSING,Housing,260214,Natural gas (rented vacation),3,CXU260214LB0103M,32.0,1.0,55.32,true
Q2,03,HOUSING,Housing,270102,Cellular phone service,3,CXU270102LB0103M,29483.0,1084.0,2.69,false
Q2,03,HOUSING,Housing,270104,Phone cards,4,CXU270104LB0103M,,,,
Q2,03,HOUSING,Housing,270106,Residential telephone including VOIP,4,CXU270106LB0103M,3236.0,119.0,7.6,false
Q2,03,HOUSING,Housing,270211,Water/sewer maintenance (renter),4,CXU270211LB0103M,2796.0,103.0,9.5,false
Q2,03,HOUSING,Housing,270212,Water/sewer maintenance (owned home),4,CXU270212LB0103M,9678.0,356.0,4.29,false
Q2,03,HOUSING,Housing,270213,Water/sewer maintenance (owned vacation),4,CXU270213LB0103M,55.0,2.0,37.44,true
Q2,03,HOUSING,Housing,270214,Water/sewer maintenance (rented vacation),4,CXU270214LB0103M,19.0,1.0,47.87,true
Q2,03,HOUSING,Housing,270411,Trash/garbage collection (renter),4,CXU270411LB0103M,736.0,27.0,10.5,false
Q2,03,HOUSING,Housing,270412,Trash/garbage collection (owned home),4,CXU270412LB0103M,4649.0,171.0,4.1,false
Q2,03,HOUSING,Housing,270413,Trash/garbage collection (owned vacation),4,CXU270413LB0103M,125.0,5.0,42.82,true
Q2,03,HOUSING,Housing,270414,Trash/garbage collection (rented vacation),4,CXU270414LB0103M,20.0,1.0,29.37,true
Q2,03,HOUSING,Housing,270901,Septic tank cleaning (renter),4,CXU270901LB0103M,,,,
Q2,03,HOUSING,Housing,270902,Septic tank cleaning (owned home),4,CXU270902LB0103M,1.0,,60.13,true
Q2,03,HOUSING,Housing,270903,Septic tank cleaning (owned vacation),4,CXU270903LB0103M,,,,
Q2,03,HOUSING,Housing,270904,Septic tank cleaning (rented vacation),4,CXU270904LB0103M,,,,
Q2,03,HOUSING,Housing,270906,Septic tank cleaning (renter),4,CXU270906LB0103M,6.0,,76.09,true
Q2,03,HOUSING,Housing,270907,Septic tank cleaning (owner),4,CXU270907LB0103M,124.0,5.0,46.57,true
Q2,03,HOUSING,Housing,280110,Bathroom linens,3,CXU280110LB0103M,574.0,21.0,17.11,false
Q2,03,HOUSING,Housing,280120,Bedroom linens,3,CXU280120LB0103M,1407.0,52.0,17.44,false
Q2,03,HOUSING,Housing,280140,"Kitchen, dining room, and other linens",3,CXU280140LB0103M,107.0,4.0,29.33,true
Q2,03,HOUSING,Housing,280210,Curtains and draperies,3,CXU280210LB0103M,186.0,7.0,17.85,false
Q2,03,HOUSING,Housing,280220,Slipcovers and decorative pillows,3,CXU280220LB0103M,129.0,5.0,16.38,false
Q2,03,HOUSING,Housing,290110,Mattresses and springs,3,CXU290110LB0103M,1556.0,57.0,14.17,false
Q2,03,HOUSING,Housing,290120,Other bedroom furniture,3,CXU290120LB0103M,2251.0,83.0,23.15,false
Q2,03,HOUSING,Housing,290210,Sofas,3,CXU290210LB0103M,3394.0,125.0,18.65,false
Q2,03,HOUSING,Housing,290310,Living room chairs,3,CXU290310LB0103M,1147.0,42.0,20.22,false
Q2,03,HOUSING,Housing,290320,Living room tables,3,CXU290320LB0103M,380.0,14.0,29.12,true
Q2,03,HOUSING,Housing,290410,Kitchen and dining room furniture,3,CXU290410LB0103M,253.0,9.0,24.09,false
Q2,03,HOUSING,Housing,290420,Infants' furniture,3,CXU290420LB0103M,211.0,8.0,45.64,true
Q2,03,HOUSING,Housing,290430,Outdoor furniture,3,CXU290430LB0103M,387.0,14.0,22.85,false
Q2,03,HOUSING,Housing,290440,"Wall units, cabinets, and other furniture",3,CXU290440LB0103M,492.0,18.0,22.87,false
Q2,03,HOUSING,Housing,300111,Refrigerators and freezers (renter),3,CXU300111LB0103M,375.0,14.0,31.6,true
Q2,03,HOUSING,Housing,300112,Refrigerators and freezers (owned home),3,CXU300112LB0103M,1440.0,53.0,23.84,false
Q2,03,HOUSING,Housing,300216,Clothes washers or dryers (renter),3,CXU300216LB0103M,243.0,9.0,33.7,true
Q2,03,HOUSING,Housing,300217,Clothes washers or dryers (owned home),3,CXU300217LB0103M,1126.0,41.0,15.42,false
Q2,03,HOUSING,Housing,300311,Cooking stoves and ovens (renter),3,CXU300311LB0103M,6.0,,101.17,true
Q2,03,HOUSING,Housing,300312,Cooking stoves and ovens (owned home),3,CXU300312LB0103M,962.0,35.0,25.89,true
Q2,03,HOUSING,Housing,300321,Microwave ovens (renter),3,CXU300321LB0103M,111.0,4.0,21.53,false
Q2,03,HOUSING,Housing,300322,Microwave ovens (owned home),3,CXU300322LB0103M,305.0,11.0,16.68,false
Q2,03,HOUSING,Housing,300331,Portable dishwashers (renter),3,CXU300331LB0103M,22.0,1.0,111.58,true
Q2,03,HOUSING,Housing,300332,Portable dishwashers (owned home),3,CXU300332LB0103M,20.0,1.0,71.34,true
Q2,03,HOUSING,Housing,300411,Window air conditioners (renter),3,CXU300411LB0103M,115.0,4.0,38.34,true
Q2,03,HOUSING,Housing,300412,Window air conditioners (owned home),3,CXU300412LB0103M,157.0,6.0,28.44,true
Q2,03,HOUSING,Housing,300900,Miscellaneous household appliances,3,CXU300900LB0103M,8.0,,99.61,true
Q2,03,HOUSING,Housing,320111,"Floor coverings, nonpermanent",3,CXU320111LB0103M,314.0,12.0,19.69,false
Q2,03,HOUSING,Housing,320120,Window coverings,3,CXU320120LB0103M,365.0,13.0,31.77,true
Q2,03,HOUSING,Housing,320130,Infants' equipment,3,CXU320130LB0103M,139.0,5.0,58.71,true
Q2,03,HOUSING,Housing,320140,Laundry and cleaning equipment,3,CXU320140LB0103M,517.0,19.0,16.64,false
Q2,03,HOUSING,Housing,320150,Outdoor equipment,3,CXU320150LB0103M,736.0,27.0,44.34,true
Q2,03,HOUSING,Housing,320221,"Lamps, lighting fixtures, and ceiling fans",3,CXU320221LB0103M,476.0,18.0,30.86,true
Q2,03,HOUSING,Housing,320232,Telephones and accessories,3,CXU320232LB0103M,1587.0,58.0,16.92,false
Q2,03,HOUSING,Housing,320233,Clocks and other household decorative items,3,CXU320233LB0103M,2832.0,105.0,34.19,true
Q2,03,HOUSING,Housing,320330,Flatware,4,CXU320330LB0103M,93.0,3.0,51.27,true
Q2,03,HOUSING,Housing,320345,"Dinnerware, glassware, and serving pieces",4,CXU320345LB0103M,615.0,23.0,30.68,true
Q2,03,HOUSING,Housing,320370,Nonelectric cookware,4,CXU320370LB0103M,1728.0,64.0,59.46,true
Q2,03,HOUSING,Housing,320380,Tableware and nonelectric kitchenware,4,CXU320380LB0103M,326.0,12.0,22.89,false
Q2,03,HOUSING,Housing,320410,Lawn and garden equipment,3,CXU320410LB0103M,506.0,19.0,41.42,true
Q2,03,HOUSING,Housing,320420,Power tools,3,CXU320420LB0103M,328.0,12.0,19.68,false
Q2,03,HOUSING,Housing,320430,Other hardware,3,CXU320430LB0103M,84.0,3.0,40.22,true
Q2,03,HOUSING,Housing,320511,Electric floor cleaning equipment,3,CXU320511LB0103M,479.0,18.0,18.21,false
Q2,03,HOUSING,Housing,320512,Sewing machines,3,CXU320512LB0103M,57.0,2.0,58.74,true
Q2,03,HOUSING,Housing,320521,Small electric kitchen appliances,4,CXU320521LB0103M,731.0,27.0,9.37,false
Q2,03,HOUSING,Housing,320522,Portable heating and cooling equipment,4,CXU320522LB0103M,219.0,8.0,18.77,false
Q2,03,HOUSING,Housing,320611,"Material for insulation, other maintenance, and repair",6,CXU320611LB0103M,127.0,5.0,29.77,true
Q2,03,HOUSING,Housing,320612,"Material for insulation, other maintenance, and repair",6,CXU320612LB0103M,795.0,29.0,22.41,false
Q2,03,HOUSING,Housing,320613,"Material for insulation, other maintenance, and repair",7,CXU320613LB0103M,9.0,,111.22,true
Q2,03,HOUSING,Housing,320624,"Flooring installation, repair, and replacement",5,CXU320624LB0103M,49.0,2.0,72.25,true
Q2,03,HOUSING,Housing,320625,"Flooring installation, repair, and replacement",5,CXU320625LB0103M,2408.0,89.0,24.34,false
Q2,03,HOUSING,Housing,320626,"Flooring installation, repair, and replacement",6,CXU320626LB0103M,12.0,,105.01,true
Q2,03,HOUSING,Housing,320631,Material for landscape maintenance,5,CXU320631LB0103M,16.0,1.0,47.52,true
Q2,03,HOUSING,Housing,320632,Materials for landscaping maintenance,5,CXU320632LB0103M,,,,
Q2,03,HOUSING,Housing,320633,Materials for landscaping maintenance,6,CXU320633LB0103M,,,,
Q2,03,HOUSING,Housing,320901,Office furniture for home use,3,CXU320901LB0103M,245.0,9.0,29.8,true
Q2,03,HOUSING,Housing,320902,Hand tools,3,CXU320902LB0103M,270.0,10.0,36.55,true
Q2,03,HOUSING,Housing,320903,Indoor plants and fresh flowers,3,CXU320903LB0103M,1529.0,56.0,11.63,false
Q2,03,HOUSING,Housing,320904,Closet and storage items,3,CXU320904LB0103M,399.0,15.0,28.15,true
Q2,03,HOUSING,Housing,320905,Miscellaneous household equipment and parts,3,CXU320905LB0103M,1637.0,60.0,22.22,false
Q2,03,HOUSING,Housing,330119,Laundry and cleaning products,2,CXU330119LB0103M,4571.0,169.0,8.7,false
Q2,03,HOUSING,Housing,330310,"Cleansing and toilet tissue, paper towels, and napkins",3,CXU330310LB0103M,3336.0,123.0,8.92,false
Q2,03,HOUSING,Housing,330410,"Stationery, stationery supplies, and gift wrap",3,CXU330410LB0103M,1627.0,60.0,14.59,false
Q2,03,HOUSING,Housing,330510,Miscellaneous household products,3,CXU330510LB0103M,5398.0,199.0,10.86,false
Q2,03,HOUSING,Housing,330511,Termite/pest control products,3,CXU330511LB0103M,298.0,11.0,17.21,false
Q2,03,HOUSING,Housing,330610,Lawn and garden supplies,3,CXU330610LB0103M,2528.0,93.0,12.49,false
Q2,03,HOUSING,Housing,340110,Postage,3,CXU340110LB0103M,886.0,33.0,17.66,false
Q2,03,HOUSING,Housing,340120,Delivery services,3,CXU340120LB0103M,87.0,3.0,87.19,true
Q2,03,HOUSING,Housing,340310,Housekeeping services,3,CXU340310LB0103M,1917.0,71.0,12.57,false
Q2,03,HOUSING,Housing,340410,Gardening and lawn care service,3,CXU340410LB0103M,4568.0,168.0,14.26,false
Q2,03,HOUSING,Housing,340420,Water softening services,3,CXU340420LB0103M,18.0,1.0,45.59,true
Q2,03,HOUSING,Housing,340421,Water softening services (owner),3,CXU340421LB0103M,113.0,4.0,27.19,true
Q2,03,HOUSING,Housing,340422,Water softening services (renter),3,CXU340422LB0103M,22.0,1.0,57.03,true
Q2,03,HOUSING,Housing,340510,"Moving, storage, and freight",3,CXU340510LB0103M,1057.0,39.0,18.01,false
Q2,03,HOUSING,Housing,340520,"Household laundry and dry cleaning, sent out (nonclothing) not coin-operated",3,CXU340520LB0103M,,,,
Q2,03,HOUSING,Housing,340530,Coin-operated household laundry and dry cleaning (nonclothing),3,CXU340530LB0103M,,,,
Q2,03,HOUSING,Housing,340620,"Appliance repair, including service center",3,CXU340620LB0103M,33.0,1.0,51.14,true
Q2,03,HOUSING,Housing,340630,"Reupholstering, furniture repair",3,CXU340630LB0103M,183.0,7.0,69.44,true
Q2,03,HOUSING,Housing,340901,"Repairs/rentals of lawn and garden equipment, hand or power tools, and other household equipment",3,CXU340901LB0103M,177.0,7.0,27.06,true
Q2,03,HOUSING,Housing,340903,Other home services,3,CXU340903LB0103M,519.0,19.0,30.93,true
Q2,03,HOUSING,Housing,340904,Rental of furniture,3,CXU340904LB0103M,86.0,3.0,45.89,true
Q2,03,HOUSING,Housing,340906,"Care for elderly, invalids, handicapped, etc.",3,CXU340906LB0103M,1145.0,42.0,43.18,true
Q2,03,HOUSING,Housing,340907,Appliance rentals,3,CXU340907LB0103M,59.0,2.0,62.23,true
Q2,03,HOUSING,Housing,340908,Rental of office equipment for nonbusiness use,3,CXU340908LB0103M,28.0,1.0,71.48,true
Q2,03,HOUSING,Housing,340910,Adult day care centers,3,CXU340910LB0103M,,,,
Q2,03,HOUSING,Housing,340911,Management and upkeep services for security,5,CXU340911LB0103M,356.0,13.0,30.54,true
Q2,03,HOUSING,Housing,340912,Management and upkeep services for security,6,CXU340912LB0103M,10.0,,76.79,true
Q2,03,HOUSING,Housing,340913,Repair of miscellaneous household equipment and furnishings,3,CXU340913LB0103M,8.0,,96.51,true
Q2,03,HOUSING,Housing,340914,Services for termite/pest control,3,CXU340914LB0103M,1194.0,44.0,17.21,false
Q2,03,HOUSING,Housing,340915,Home security system service fees,3,CXU340915LB0103M,658.0,24.0,12.21,false
Q2,03,HOUSING,Housing,350110,Tenant's insurance,4,CXU350110LB0103M,1276.0,47.0,13.09,false
Q2,03,HOUSING,Housing,430130,Luggage,3,CXU430130LB0103M,188.0,7.0,41.65,true
Q2,03,HOUSING,Housing,670320,"Babysitting, childcare, daycare, preschool",2,CXU670320LB0103M,2071.0,76.0,25.02,true
Q2,03,HOUSING,Housing,690111,Computers and computer hardware for nonbusiness use,3,CXU690111LB0103M,1941.0,71.0,15.06,false
Q2,03,HOUSING,Housing,690113,Repair of computer systems for nonbusiness use,3,CXU690113LB0103M,149.0,5.0,26.07,true
Q2,03,HOUSING,Housing,690114,Computer information services (internet),3,CXU690114LB0103M,16441.0,605.0,2.41,false
Q2,03,HOUSING,Housing,690116,Internet services away from home,3,CXU690116LB0103M,34.0,1.0,29.44,true
Q2,03,HOUSING,Housing,690117,Portable memory,3,CXU690117LB0103M,49.0,2.0,25.74,true
Q2,03,HOUSING,Housing,690119,Computer software,3,CXU690119LB0103M,374.0,14.0,27.66,true
Q2,03,HOUSING,Housing,690120,Computer accessories,3,CXU690120LB0103M,956.0,35.0,25.58,true
Q2,03,HOUSING,Housing,690230,Business equipment for home use,3,CXU690230LB0103M,28.0,1.0,53.53,true
Q2,03,HOUSING,Housing,690244,Other household appliances (renter),3,CXU690244LB0103M,95.0,3.0,35.72,true
Q2,03,HOUSING,Housing,690245,Other household appliances (owned home),3,CXU690245LB0103M,181.0,7.0,26.08,true
Q2,03,HOUSING,Housing,690310,Installation of computers,3,CXU690310LB0103M,3.0,,101.28,true
Q2,03,HOUSING,Housing,790690,Construction materials for jobs not started,6,CXU790690LB0103M,49.0,2.0,32.91,true
Q2,03,HOUSING,Housing,800710,Rent as pay,1,CXU800710LB0103M,1778.0,65.0,27.71,true
Q2,03,HOUSING,Housing,830111,Late fee mortgage pay (owned home),4,CXU830111LB0103M,7.0,,93.59,true
Q2,03,HOUSING,Housing,830112,Late fee mortgage pay (owned vacation),5,CXU830112LB0103M,,,,
Q2,03,HOUSING,Housing,880110,"Interest paid, home equity line of credit",4,CXU880110LB0103M,1162.0,43.0,20.78,false
Q2,03,HOUSING,Housing,880310,"Interest paid, home equity line of credit",5,CXU880310LB0103M,,,,
Q2,03,HOUSING,Housing,990900,"Rental and installation of dishwashers, range hoods, and garbage disposals",3,CXU990900LB0103M,,,,
Q2,03,HOUSING,Housing,990920,"Materials for additions, finishing basements, and remodeling rooms",6,CXU990920LB0103M,56.0,2.0,63.55,true
Q2,03,HOUSING,Housing,990930,"Materials to finish basements, remodel rooms, or build patios or walkways",6,CXU990930LB0103M,,,,
Q2,03,HOUSING,Housing,990940,Material for finishing basements and remodeling rooms,7,CXU990940LB0103M,,,,
Q2,03,TRANS,Transportation,450110,New cars,3,CXU450110LB0103M,8286.0,305.0,42.68,true
Q2,03,TRANS,Transportation,450210,New trucks,3,CXU450210LB0103M,18410.0,677.0,29.66,true
Q2,03,TRANS,Transportation,450220,New motorcycles,3,CXU450220LB0103M,,,,
Q2,03,TRANS,Transportation,450350,Car/truck lease payments,5,CXU450350LB0103M,3202.0,118.0,16.25,false
Q2,03,TRANS,Transportation,450351,Extra fees for car/truck lease,5,CXU450351LB0103M,1.0,,99.86,true
Q2,03,TRANS,Transportation,450352,Trade in allowance for car/truck lease,5,CXU450352LB0103M,87.0,3.0,78.82,true
Q2,03,TRANS,Transportation,450353,Cash down payment car/truck lease,5,CXU450353LB0103M,161.0,6.0,70.07,true
Q2,03,TRANS,Transportation,450354,Termination fee for car/truck lease,5,CXU450354LB0103M,,,,
Q2,03,TRANS,Transportation,450900,New aircraft,3,CXU450900LB0103M,,,,
Q2,03,TRANS,Transportation,460110,Used cars,3,CXU460110LB0103M,16110.0,593.0,28.12,true
Q2,03,TRANS,Transportation,460901,Used trucks,3,CXU460901LB0103M,36677.0,1349.0,21.18,false
Q2,03,TRANS,Transportation,460902,Used motorcycles,3,CXU460902LB0103M,29.0,1.0,98.74,true
Q2,03,TRANS,Transportation,460903,Used aircraft,3,CXU460903LB0103M,,,,
Q2,03,TRANS,Transportation,470111,Gasoline,2,CXU470111LB0103M,51468.0,1893.0,2.81,false
Q2,03,TRANS,Transportation,470112,Diesel fuel,2,CXU470112LB0103M,868.0,32.0,21.0,false
Q2,03,TRANS,Transportation,470113,Gasoline on out of town trips,2,CXU470113LB0103M,2766.0,102.0,10.33,false
Q2,03,TRANS,Transportation,470212,Motor oil on out of town trips,2,CXU470212LB0103M,28.0,1.0,10.33,false
Q2,03,TRANS,Transportation,470311,Electric vehicle charging,2,CXU470311LB0103M,102.0,4.0,43.9,true
Q2,03,TRANS,Transportation,480100,"Vehicle parts, accessories, fluid excluding tires",2,CXU480100LB0103M,710.0,26.0,17.87,false
Q2,03,TRANS,Transportation,480110,"Tires - purchased, replaced, and installed",3,CXU480110LB0103M,4153.0,153.0,9.74,false
Q2,03,TRANS,Transportation,490100,Vehicle maintenance/repair excluding tire purchase,2,CXU490100LB0103M,13311.0,490.0,7.79,false
Q2,03,TRANS,Transportation,490900,Auto repair service policy,3,CXU490900LB0103M,640.0,24.0,26.01,true
Q2,03,TRANS,Transportation,500110,Vehicle insurance,2,CXU500110LB0103M,45649.0,1679.0,4.09,false
Q2,03,TRANS,Transportation,510110,Automobile finance charges,3,CXU510110LB0103M,1798.0,66.0,11.14,false
Q2,03,TRANS,Transportation,510901,Truck finance charges,3,CXU510901LB0103M,4535.0,167.0,8.97,false
Q2,03,TRANS,Transportation,510902,Motorcycle and plane finance charges,3,CXU510902LB0103M,35.0,1.0,56.2,true
Q2,03,TRANS,Transportation,520110,State and local vehicle registration,2,CXU520110LB0103M,2730.0,100.0,8.41,false
Q2,03,TRANS,Transportation,520310,Drivers' licenses,3,CXU520310LB0103M,273.0,10.0,11.56,false
Q2,03,TRANS,Transportation,520410,Vehicle inspections,3,CXU520410LB0103M,324.0,12.0,16.0,false
Q2,03,TRANS,Transportation,520516,Auto/truck rental,5,CXU520516LB0103M,1123.0,41.0,14.81,false
Q2,03,TRANS,Transportation,520517,Auto/truck rental on out of town trips,5,CXU520517LB0103M,77.0,3.0,65.35,true
Q2,03,TRANS,Transportation,520531,"Parking fees in home city, excluding residence",4,CXU520531LB0103M,536.0,20.0,17.8,false
Q2,03,TRANS,Transportation,520532,Parking fees on out of town trips,4,CXU520532LB0103M,142.0,5.0,19.66,false
Q2,03,TRANS,Transportation,520541,Tolls or electronic toll passes,3,CXU520541LB0103M,692.0,25.0,21.75,false
Q2,03,TRANS,Transportation,520542,Tolls on out of town trips,3,CXU520542LB0103M,60.0,2.0,13.89,false
Q2,03,TRANS,Transportation,520550,Towing charges,3,CXU520550LB0103M,109.0,4.0,29.3,true
Q2,03,TRANS,Transportation,520902,Motorcycle rental,5,CXU520902LB0103M,,,,
Q2,03,TRANS,Transportation,520903,Aircraft rental,5,CXU520903LB0103M,8.0,,99.08,true
Q2,03,TRANS,Transportation,520905,Motorcycle rental on out of town trips,5,CXU520905LB0103M,,,,
Q2,03,TRANS,Transportation,520906,Aircraft rental on out of town trips,5,CXU520906LB0103M,,,,
Q2,03,TRANS,Transportation,530110,Airline fares,2,CXU530110LB0103M,6975.0,257.0,10.12,false
Q2,03,TRANS,Transportation,530210,Intercity bus fares,2,CXU530210LB0103M,170.0,6.0,24.36,false
Q2,03,TRANS,Transportation,530311,Intracity mass transit fares,2,CXU530311LB0103M,1765.0,65.0,9.14,false
Q2,03,TRANS,Transportation,530312,Local transportation on out of town trips,2,CXU530312LB0103M,7.0,,64.19,true
Q2,03,TRANS,Transportation,530411,Taxi fares and limousine services on trips,2,CXU530411LB0103M,4.0,,64.19,true
Q2,03,TRANS,Transportation,530412,Taxi fares and limousine services,2,CXU530412LB0103M,2298.0,85.0,8.69,false
Q2,03,TRANS,Transportation,530510,Intercity train fares,2,CXU530510LB0103M,280.0,10.0,20.37,false
Q2,03,TRANS,Transportation,530901,Ship fares,2,CXU530901LB0103M,849.0,31.0,35.42,true
Q2,03,TRANS,Transportation,530902,School bus,2,CXU530902LB0103M,42.0,2.0,70.21,true
Q2,03,TRANS,Transportation,620114,Automobile service clubs and GPS services,3,CXU620114LB0103M,391.0,14.0,13.49,false
Q2,03,TRANS,Transportation,850300,Other vehicle finance charges,3,CXU850300LB0103M,130.0,5.0,37.47,true
Q2,03,TRANS,Transportation,950024,Vehicle personal property taxes,2,CXU950024LB0103M,1170.0,43.0,8.41,false
Q3,04,ALCBEVG,Alcoholic beverages,200119,"Beer, ale, and other malt beverage",2,CXU200119LB0104M,2538.0,94.0,11.11,false
Q3,04,ALCBEVG,Alcoholic beverages,200219,Distilled spirits,2,CXU200219LB0104M,1079.0,40.0,22.05,false
Q3,04,ALCBEVG,Alcoholic beverages,200310,Wine,2,CXU200310LB0104M,2526.0,93.0,12.99,false
Q3,04,ALCBEVG,Alcoholic beverages,200900,Alcoholic beverages purchased on trips,2,CXU200900LB0104M,1810.0,67.0,8.4,false
Q3,04,ALCBEVG,Alcoholic beverages,790420,"Alcoholic beverages at restaurants, taverns",2,CXU790420LB0104M,5698.0,210.0,9.37,false
Q3,04,FOODTOTL,Food,010119,Flour and prepared flour mixes,2,CXU010119LB0104M,714.0,26.0,9.27,false
Q3,04,FOODTOTL,Food,010210,"Cereal, breakfast, and granola bars",4,CXU010210LB0104M,2451.0,91.0,5.26,false
Q3,04,FOODTOTL,Food,010310,Rice,4,CXU010310LB0104M,1375.0,51.0,8.95,false
Q3,04,FOODTOTL,Food,010320,"Pasta, cornmeal, and other cereal products",4,CXU010320LB0104M,1487.0,55.0,6.25,false
Q3,04,FOODTOTL,Food,020219,Bread,2,CXU020219LB0104M,3507.0,130.0,5.89,false
Q3,04,FOODTOTL,Food,020310,Biscuits and rolls,5,CXU020310LB0104M,2368.0,87.0,5.7,false
Q3,04,FOODTOTL,Food,020410,Cakes and cupcakes,5,CXU020410LB0104M,1532.0,57.0,9.62,false
Q3,04,FOODTOTL,Food,020510,Cookies,5,CXU020510LB0104M,2308.0,85.0,9.73,false
Q3,04,FOODTOTL,Food,020610,Crackers,5,CXU020610LB0104M,1362.0,50.0,6.34,false
Q3,04,FOODTOTL,Food,020620,Bread and cracker products,5,CXU020620LB0104M,182.0,7.0,12.52,false
Q3,04,FOODTOTL,Food,020710,"Sweetrolls, coffee cakes, and doughnuts",5,CXU020710LB0104M,1055.0,39.0,9.96,false
Q3,04,FOODTOTL,Food,020810,Frozen and refrigerated bakery products,4,CXU020810LB0104M,1152.0,43.0,9.33,false
Q3,04,FOODTOTL,Food,020820,"Pies, tarts, and turnovers",5,CXU020820LB0104M,542.0,20.0,12.25,false
Q3,04,FOODTOTL,Food,030110,Ground beef,4,CXU030110LB0104M,4088.0,151.0,9.71,false
Q3,04,FOODTOTL,Food,030219,Roasts,2,CXU030219LB0104M,1330.0,49.0,16.11,false
Q3,04,FOODTOTL,Food,030519,Steak,2,CXU030519LB0104M,3892.0,144.0,8.75,false
Q3,04,FOODTOTL,Food,030810,Other beef,4,CXU030810LB0104M,1041.0,38.0,14.18,false
Q3,04,FOODTOTL,Food,040119,"Bacon, breakfast sausage, and related products",2,CXU040119LB0104M,2666.0,98.0,10.48,false
Q3,04,FOODTOTL,Food,040210,Pork chops,4,CXU040210LB0104M,807.0,30.0,17.16,false
Q3,04,FOODTOTL,Food,040319,Ham,2,CXU040319LB0104M,1386.0,51.0,10.59,false
Q3,04,FOODTOTL,Food,040410,Other pork,4,CXU040410LB0104M,1678.0,62.0,14.35,false
Q3,04,FOODTOTL,Food,050110,Frankfurters,4,CXU050110LB0104M,788.0,29.0,20.33,false
Q3,04,FOODTOTL,Food,050319,Lunchmeats,2,CXU050319LB0104M,2806.0,104.0,10.33,false
Q3,04,FOODTOTL,Food,050419,"Lamb, organ meat, and game",2,CXU050419LB0104M,484.0,18.0,18.79,false
Q3,04,FOODTOTL,Food,060119,Chicken,2,CXU060119LB0104M,5499.0,203.0,5.96,false
Q3,04,FOODTOTL,Food,060310,Other poultry,4,CXU060310LB0104M,1270.0,47.0,9.54,false
Q3,04,FOODTOTL,Food,070119,Processed fish and seafood,2,CXU070119LB0104M,2944.0,109.0,8.77,false
Q3,04,FOODTOTL,Food,070230,Fresh fish and shellfish,4,CXU070230LB0104M,2979.0,110.0,7.9,false
Q3,04,FOODTOTL,Food,080110,Eggs,3,CXU080110LB0104M,2671.0,99.0,7.18,false
Q3,04,FOODTOTL,Food,090110,"Fresh milk, all types",4,CXU090110LB0104M,3590.0,133.0,5.72,false
Q3,04,FOODTOTL,Food,100119,Butter and margarine,2,CXU100119LB0104M,1248.0,46.0,5.97,false
Q3,04,FOODTOTL,Food,100210,Cheese,4,CXU100210LB0104M,5298.0,196.0,5.87,false
Q3,04,FOODTOTL,Food,100410,Ice cream and related products,4,CXU100410LB0104M,2347.0,87.0,7.09,false
Q3,04,FOODTOTL,Food,100519,Other dairy and related products,2,CXU100519LB0104M,3595.0,133.0,5.54,false
Q3,04,FOODTOTL,Food,110110,Apples,4,CXU110110LB0104M,1359.0,50.0,10.2,false
Q3,04,FOODTOTL,Food,110210,Bananas,4,CXU110210LB0104M,1124.0,41.0,10.33,false
Q3,04,FOODTOTL,Food,110319,Citrus fruits,2,CXU110319LB0104M,1349.0,50.0,8.91,false
Q3,04,FOODTOTL,Food,110410,Other fresh fruits,4,CXU110410LB0104M,6118.0,226.0,6.07,false
Q3,04,FOODTOTL,Food,120110,Potatoes,4,CXU120110LB0104M,1331.0,49.0,6.85,false
Q3,04,FOODTOTL,Food,120210,Lettuce,4,CXU120210LB0104M,792.0,29.0,6.33,false
Q3,04,FOODTOTL,Food,120310,Tomatoes,4,CXU120310LB0104M,1217.0,45.0,6.06,false
Q3,04,FOODTOTL,Food,120410,Other fresh vegetables,4,CXU120410LB0104M,5599.0,207.0,5.26,false
Q3,04,FOODTOTL,Food,130119,Frozen noncarbonated juices and drinks,2,CXU130119LB0104M,64.0,2.0,21.24,false
Q3,04,FOODTOTL,Food,130129,Frozen fruits and vegetables,2,CXU130129LB0104M,1570.0,58.0,6.12,false
Q3,04,FOODTOTL,Food,140219,Canned fruits and vegetables,2,CXU140219LB0104M,1811.0,67.0,4.99,false
Q3,04,FOODTOTL,Food,140349,Dried fruits and vegetables,2,CXU140349LB0104M,1474.0,54.0,6.48,false
Q3,04,FOODTOTL,Food,150110,Candy and chewing gum,4,CXU150110LB0104M,4284.0,158.0,6.66,false
Q3,04,FOODTOTL,Food,150219,Sugar and artificial sweeteners,2,CXU150219LB0104M,634.0,23.0,13.44,false
Q3,04,FOODTOTL,Food,150310,"Jams, preserves, and other sweets",4,CXU150310LB0104M,956.0,35.0,9.68,false
Q3,04,FOODTOTL,Food,160211,Fats and oils,4,CXU160211LB0104M,1437.0,53.0,8.71,false
Q3,04,FOODTOTL,Food,160212,Salad dressings,4,CXU160212LB0104M,1052.0,39.0,8.82,false
Q3,04,FOODTOTL,Food,160320,Peanut butter,4,CXU160320LB0104M,647.0,24.0,15.61,false
Q3,04,FOODTOTL,Food,170110,Cola,4,CXU170110LB0104M,2769.0,102.0,10.11,false
Q3,04,FOODTOTL,Food,170210,Other carbonated drinks,4,CXU170210LB0104M,4349.0,161.0,8.21,false
Q3,04,FOODTOTL,Food,170319,Coffee,2,CXU170319LB0104M,3309.0,122.0,7.73,false
Q3,04,FOODTOTL,Food,170520,Tea,4,CXU170520LB0104M,1250.0,46.0,10.55,false
Q3,04,FOODTOTL,Food,170531,Other noncarbonated beverages and ice,4,CXU170531LB0104M,422.0,16.0,10.87,false
Q3,04,FOODTOTL,Food,170539,Nonfrozen noncarbonated juices and drinks,2,CXU170539LB0104M,6714.0,248.0,4.86,false
Q3,04,FOODTOTL,Food,180110,Canned and packaged soups,4,CXU180110LB0104M,1676.0,62.0,11.57,false
Q3,04,FOODTOTL,Food,180210,Frozen meals,5,CXU180210LB0104M,1705.0,63.0,13.43,false
Q3,04,FOODTOTL,Food,180220,Other frozen prepared foods,5,CXU180220LB0104M,3916.0,145.0,7.56,false
Q3,04,FOODTOTL,Food,180310,Potato chips and other snacks,5,CXU180310LB0104M,5133.0,190.0,5.84,false
Q3,04,FOODTOTL,Food,180320,Nuts,5,CXU180320LB0104M,1568.0,58.0,8.9,false
Q3,04,FOODTOTL,Food,180410,"Salt, spices, and other seasonings",5,CXU180410LB0104M,1942.0,72.0,6.66,false
Q3,04,FOODTOTL,Food,180420,"Olives, pickles, and relishes",5,CXU180420LB0104M,574.0,21.0,8.82,false
Q3,04,FOODTOTL,Food,180510,Sauces and gravies,5,CXU180510LB0104M,2402.0,89.0,6.7,false
Q3,04,FOODTOTL,Food,180520,Baking needs and miscellaneous products,5,CXU180520LB0104M,1120.0,41.0,8.73,false
Q3,04,FOODTOTL,Food,180611,Prepared salads,5,CXU180611LB0104M,2082.0,77.0,8.82,false
Q3,04,FOODTOTL,Food,180612,Prepared desserts,5,CXU180612LB0104M,334.0,12.0,11.76,false
Q3,04,FOODTOTL,Food,180620,Baby food,5,CXU180620LB0104M,856.0,32.0,28.29,true
Q3,04,FOODTOTL,Food,180710,Miscellaneous prepared foods,5,CXU180710LB0104M,7923.0,293.0,4.28,false
Q3,04,FOODTOTL,Food,190400,Food and nonalcoholic beverages at fast food,2,CXU190400LB0104M,43185.0,1595.0,6.27,false
Q3,04,FOODTOTL,Food,190500,Food and nonalcoholic beverages at full service restaurants,2,CXU190500LB0104M,31001.0,1145.0,4.58,false
Q3,04,FOODTOTL,Food,190600,Food and nonalcoholic beverages at vending machines and mobile vendors,2,CXU190600LB0104M,1267.0,47.0,26.76,true
Q3,04,FOODTOTL,Food,190700,Food and nonalcoholic beverages at employer,2,CXU190700LB0104M,1037.0,38.0,24.58,false
Q3,04,FOODTOTL,Food,190902,Catered affairs,2,CXU190902LB0104M,1098.0,41.0,59.06,true
Q3,04,FOODTOTL,Food,190903,Food on out of town trips,2,CXU190903LB0104M,9389.0,348.0,6.76,false
Q3,04,FOODTOTL,Food,190904,Food prepared by consumer unit on out of town trips,3,CXU190904LB0104M,2279.0,85.0,8.48,false
Q3,04,FOODTOTL,Food,190905,School meals and board,2,CXU190905LB0104M,721.0,27.0,20.2,false
Q3,04,FOODTOTL,Food,800700,Meals as pay,1,CXU800700LB0104M,983.0,36.0,24.23,false
Q3,04,HOUSING,Housing,210110,Rent,3,CXU210110LB0104M,175254.0,6501.0,3.75,false
Q3,04,HOUSING,Housing,210210,Lodging on out of town trips,3,CXU210210LB0104M,18018.0,668.0,9.71,false
Q3,04,HOUSING,Housing,210310,Housing while attending school,3,CXU210310LB0104M,1795.0,67.0,36.28,true
Q3,04,HOUSING,Housing,210901,Ground rent,4,CXU210901LB0104M,1751.0,65.0,18.17,false
Q3,04,HOUSING,Housing,210902,Ground rent,5,CXU210902LB0104M,58.0,2.0,65.76,true
Q3,04,HOUSING,Housing,220121,Homeowners insurance,4,CXU220121LB0104M,18095.0,671.0,5.68,false
Q3,04,HOUSING,Housing,220122,Homeowners insurance,5,CXU220122LB0104M,172.0,6.0,29.98,true
Q3,04,HOUSING,Housing,220211,Property taxes,3,CXU220211LB0104M,58094.0,2155.0,3.99,false
Q3,04,HOUSING,Housing,220212,Property taxes,4,CXU220212LB0104M,1491.0,55.0,26.77,true
Q3,04,HOUSING,Housing,220311,Mortgage interest,4,CXU220311LB0104M,67871.0,2518.0,6.09,false
Q3,04,HOUSING,Housing,220312,Mortgage interest,5,CXU220312LB0104M,1108.0,41.0,44.56,true
Q3,04,HOUSING,Housing,220313,"Interest paid, home equity loan",4,CXU220313LB0104M,842.0,31.0,37.05,true
Q3,04,HOUSING,Housing,220314,"Interest paid, home equity loan",5,CXU220314LB0104M,,,,
Q3,04,HOUSING,Housing,220901,Parking,4,CXU220901LB0104M,633.0,23.0,18.51,false
Q3,04,HOUSING,Housing,220902,Parking,5,CXU220902LB0104M,77.0,3.0,52.8,true
Q3,04,HOUSING,Housing,230112,Painting and papering,5,CXU230112LB0104M,1773.0,66.0,22.55,false
Q3,04,HOUSING,Housing,230113,Plumbing and water heating,5,CXU230113LB0104M,5042.0,187.0,24.7,false
Q3,04,HOUSING,Housing,230114,"Heat, a/c, and electrical work",5,CXU230114LB0104M,12379.0,459.0,27.98,true
Q3,04,HOUSING,Housing,230115,Roofing and gutters,5,CXU230115LB0104M,12212.0,453.0,31.02,true
Q3,04,HOUSING,Housing,230117,"Dishwashers (built-in), garbage disposals, and range hoods (renter)",3,CXU230117LB0104M,33.0,1.0,71.63,true
Q3,04,HOUSING,Housing,230118,"Dishwashers (built-in), garbage disposals, and range hoods (owned home)",3,CXU230118LB0104M,591.0,22.0,22.82,false
Q3,04,HOUSING,Housing,230141,Repair of built-in appliances,5,CXU230141LB0104M,,,,
Q3,04,HOUSING,Housing,230142,Repair of built-in appliances,5,CXU230142LB0104M,3.0,,31.37,true
Q3,04,HOUSING,Housing,230143,"Home warranties, maintenance, repairs, or services contracts on household appliances (owner)",5,CXU230143LB0104M,658.0,24.0,18.39,false
Q3,04,HOUSING,Housing,230144,"Home warranties, maintenance, repairs, or services contracts on household appliances (owner)",5,CXU230144LB0104M,16.0,1.0,49.04,true
Q3,04,HOUSING,Housing,230150,Repair or maintenance services,5,CXU230150LB0104M,1263.0,47.0,47.41,true
Q3,04,HOUSING,Housing,230151,Other repair and maintenance services,5,CXU230151LB0104M,12476.0,463.0,39.85,true
Q3,04,HOUSING,Housing,230152,Repair and remodeling services,6,CXU230152LB0104M,631.0,23.0,44.9,true
Q3,04,HOUSING,Housing,230901,Property management,5,CXU230901LB0104M,3057.0,113.0,12.06,false
Q3,04,HOUSING,Housing,230902,Property management,6,CXU230902LB0104M,180.0,7.0,34.9,true
Q3,04,HOUSING,Housing,240111,"Paint, wallpaper, and supplies",5,CXU240111LB0104M,84.0,3.0,46.0,true
Q3,04,HOUSING,Housing,240112,"Paints, wallpaper, and supplies",5,CXU240112LB0104M,990.0,37.0,20.29,false
Q3,04,HOUSING,Housing,240113,"Paints, wallpaper, and supplies",6,CXU240113LB0104M,,,,
Q3,04,HOUSING,Housing,240121,Tools and equipment for painting and wallpapering,5,CXU240121LB0104M,9.0,,45.98,true
Q3,04,HOUSING,Housing,240122,Tools and equipment for painting and wallpapering,5,CXU240122LB0104M,106.0,4.0,20.29,false
Q3,04,HOUSING,Housing,240123,Tools and equipment for painting and wallpapering,6,CXU240123LB0104M,,,,
Q3,04,HOUSING,Housing,240211,"Materials for plastering, panels, roofing, and gutters, etc.",5,CXU240211LB0104M,22.0,1.0,33.44,true
Q3,04,HOUSING,Housing,240212,"Materials for plaster, panel, siding, windows, doors, screens, and awnings",5,CXU240212LB0104M,701.0,26.0,29.46,true
Q3,04,HOUSING,Housing,240213,Materials and equipment for roofs and gutters,5,CXU240213LB0104M,1153.0,43.0,39.78,true
Q3,04,HOUSING,Housing,240214,"Materials for plastering, paneling, roofing, gutters, downspouts, siding, windows, doors, screens, and awnings",6,CXU240214LB0104M,34.0,1.0,97.97,true
Q3,04,HOUSING,Housing,240221,"Materials for patio, walk, fence, driveway, masonry, brick and stucco work",5,CXU240221LB0104M,2.0,,35.16,true
Q3,04,HOUSING,Housing,240222,"Materials for patio, walk, fence, driveway, masonry, brick, and stucco work",5,CXU240222LB0104M,63.0,2.0,29.1,true
Q3,04,HOUSING,Housing,240223,"Material for patio, walk, fence, drive, masonry, brick, and stucco",6,CXU240223LB0104M,,,,
Q3,04,HOUSING,Housing,240311,Plumbing supplies and equipment,5,CXU240311LB0104M,219.0,8.0,70.41,true
Q3,04,HOUSING,Housing,240312,Plumbing supplies and equipment,5,CXU240312LB0104M,537.0,20.0,18.24,false
Q3,04,HOUSING,Housing,240313,Plumbing supplies and equipment,6,CXU240313LB0104M,,,,
Q3,04,HOUSING,Housing,240321,"Electrical supplies, heating, and cooling equipment",5,CXU240321LB0104M,17.0,1.0,88.79,true
Q3,04,HOUSING,Housing,240322,"Electrical supplies, heating, and cooling equipment",5,CXU240322LB0104M,239.0,9.0,28.68,true
Q3,04,HOUSING,Housing,240323,"Electrical supplies, heating, and cooling equipment",6,CXU240323LB0104M,,,,
Q3,04,HOUSING,Housing,250111,Fuel oil (renter),4,CXU250111LB0104M,92.0,3.0,41.9,true
Q3,04,HOUSING,Housing,250112,Fuel oil (owned home),4,CXU250112LB0104M,966.0,36.0,32.47,true
Q3,04,HOUSING,Housing,250113,Fuel oil (owned vacation),4,CXU250113LB0104M,,,,
Q3,04,HOUSING,Housing,250114,Fuel oil (rented vacation),4,CXU250114LB0104M,,,,
Q3,04,HOUSING,Housing,250211,"Gas, bottled/tank (renter)",4,CXU250211LB0104M,65.0,2.0,53.04,true
Q3,04,HOUSING,Housing,250212,"Gas, bottled/tank (owned home)",4,CXU250212LB0104M,1134.0,42.0,26.37,true
Q3,04,HOUSING,Housing,250213,"Gas, bottled/tank (owned vacation)",4,CXU250213LB0104M,79.0,3.0,26.1,true
Q3,04,HOUSING,Housing,250214,"Gas, bottled/tank (rented vacation)",4,CXU250214LB0104M,,,,
Q3,04,HOUSING,Housing,250911,"Coal, wood, and other fuels (renter)",4,CXU250911LB0104M,9.0,,65.72,true
Q3,04,HOUSING,Housing,250912,"Coal, wood, and other fuels (owned home)",4,CXU250912LB0104M,255.0,9.0,28.7,true
Q3,04,HOUSING,Housing,250913,"Coal, wood, and other fuels (owned vacation)",4,CXU250913LB0104M,,,,
Q3,04,HOUSING,Housing,250914,"Coal, wood, and other fuels (rented vacation)",4,CXU250914LB0104M,,,,
Q3,04,HOUSING,Housing,260111,Electricity (renter),3,CXU260111LB0104M,14982.0,556.0,4.9,false
Q3,04,HOUSING,Housing,260112,Electricity (owned home),3,CXU260112LB0104M,33549.0,1244.0,3.1,false
Q3,04,HOUSING,Housing,260113,Electricity (owned vacation),3,CXU260113LB0104M,173.0,6.0,38.28,true
Q3,04,HOUSING,Housing,260114,Electricity (rented vacation),3,CXU260114LB0104M,160.0,6.0,39.1,true
Q3,04,HOUSING,Housing,260211,Natural gas (renter),3,CXU260211LB0104M,3088.0,115.0,8.76,false
Q3,04,HOUSING,Housing,260212,Natural gas (owned home),3,CXU260212LB0104M,9177.0,340.0,5.93,false
Q3,04,HOUSING,Housing,260213,Natural gas (owned vacation),3,CXU260213LB0104M,56.0,2.0,56.38,true
Q3,04,HOUSING,Housing,260214,Natural gas (rented vacation),3,CXU260214LB0104M,29.0,1.0,81.58,true
Q3,04,HOUSING,Housing,270102,Cellular phone service,3,CXU270102LB0104M,37094.0,1376.0,1.85,false
Q3,04,HOUSING,Housing,270104,Phone cards,4,CXU270104LB0104M,,,,
Q3,04,HOUSING,Housing,270106,Residential telephone including VOIP,4,CXU270106LB0104M,2390.0,89.0,7.26,false
Q3,04,HOUSING,Housing,270211,Water/sewer maintenance (renter),4,CXU270211LB0104M,3316.0,123.0,6.31,false
Q3,04,HOUSING,Housing,270212,Water/sewer maintenance (owned home),4,CXU270212LB0104M,11079.0,411.0,3.98,false
Q3,04,HOUSING,Housing,270213,Water/sewer maintenance (owned vacation),4,CXU270213LB0104M,79.0,3.0,40.36,true
Q3,04,HOUSING,Housing,270214,Water/sewer maintenance (rented vacation),4,CXU270214LB0104M,39.0,1.0,51.19,true
Q3,04,HOUSING,Housing,270411,Trash/garbage collection (renter),4,CXU270411LB0104M,855.0,32.0,9.08,false
Q3,04,HOUSING,Housing,270412,Trash/garbage collection (owned home),4,CXU270412LB0104M,5846.0,217.0,5.64,false
Q3,04,HOUSING,Housing,270413,Trash/garbage collection (owned vacation),4,CXU270413LB0104M,125.0,5.0,44.35,true
Q3,04,HOUSING,Housing,270414,Trash/garbage collection (rented vacation),4,CXU270414LB0104M,20.0,1.0,61.78,true
Q3,04,HOUSING,Housing,270901,Septic tank cleaning (renter),4,CXU270901LB0104M,,,,
Q3,04,HOUSING,Housing,270902,Septic tank cleaning (owned home),4,CXU270902LB0104M,0.0,,70.9,true
Q3,04,HOUSING,Housing,270903,Septic tank cleaning (owned vacation),4,CXU270903LB0104M,,,,
Q3,04,HOUSING,Housing,270904,Septic tank cleaning (rented vacation),4,CXU270904LB0104M,,,,
Q3,04,HOUSING,Housing,270906,Septic tank cleaning (renter),4,CXU270906LB0104M,7.0,,98.77,true
Q3,04,HOUSING,Housing,270907,Septic tank cleaning (owner),4,CXU270907LB0104M,281.0,10.0,29.64,true
Q3,04,HOUSING,Housing,280110,Bathroom linens,3,CXU280110LB0104M,471.0,17.0,18.38,false
Q3,04,HOUSING,Housing,280120,Bedroom linens,3,CXU280120LB0104M,1478.0,55.0,19.28,false
Q3,04,HOUSING,Housing,280140,"Kitchen, dining room, and other linens",3,CXU280140LB0104M,123.0,5.0,28.43,true
Q3,04,HOUSING,Housing,280210,Curtains and draperies,3,CXU280210LB0104M,224.0,8.0,16.46,false
Q3,04,HOUSING,Housing,280220,Slipcovers and decorative pillows,3,CXU280220LB0104M,105.0,4.0,18.31,false
Q3,04,HOUSING,Housing,290110,Mattresses and springs,3,CXU290110LB0104M,2791.0,104.0,16.43,false
Q3,04,HOUSING,Housing,290120,Other bedroom furniture,3,CXU290120LB0104M,2041.0,76.0,20.07,false
Q3,04,HOUSING,Housing,290210,Sofas,3,CXU290210LB0104M,3126.0,116.0,12.82,false
Q3,04,HOUSING,Housing,290310,Living room chairs,3,CXU290310LB0104M,1425.0,53.0,21.92,false
Q3,04,HOUSING,Housing,290320,Living room tables,3,CXU290320LB0104M,341.0,13.0,28.86,true
Q3,04,HOUSING,Housing,290410,Kitchen and dining room furniture,3,CXU290410LB0104M,605.0,22.0,24.22,false
Q3,04,HOUSING,Housing,290420,Infants' furniture,3,CXU290420LB0104M,458.0,17.0,31.27,true
Q3,04,HOUSING,Housing,290430,Outdoor furniture,3,CXU290430LB0104M,750.0,28.0,21.64,false
Q3,04,HOUSING,Housing,290440,"Wall units, cabinets, and other furniture",3,CXU290440LB0104M,918.0,34.0,27.52,true
Q3,04,HOUSING,Housing,300111,Refrigerators and freezers (renter),3,CXU300111LB0104M,311.0,12.0,32.14,true
Q3,04,HOUSING,Housing,300112,Refrigerators and freezers (owned home),3,CXU300112LB0104M,2449.0,91.0,14.41,false
Q3,04,HOUSING,Housing,300216,Clothes washers or dryers (renter),3,CXU300216LB0104M,645.0,24.0,26.98,true
Q3,04,HOUSING,Housing,300217,Clothes washers or dryers (owned home),3,CXU300217LB0104M,2443.0,91.0,17.78,false
Q3,04,HOUSING,Housing,300311,Cooking stoves and ovens (renter),3,CXU300311LB0104M,198.0,7.0,62.23,true
Q3,04,HOUSING,Housing,300312,Cooking stoves and ovens (owned home),3,CXU300312LB0104M,1117.0,41.0,18.44,false
Q3,04,HOUSING,Housing,300321,Microwave ovens (renter),3,CXU300321LB0104M,82.0,3.0,18.29,false
Q3,04,HOUSING,Housing,300322,Microwave ovens (owned home),3,CXU300322LB0104M,347.0,13.0,21.51,false
Q3,04,HOUSING,Housing,300331,Portable dishwashers (renter),3,CXU300331LB0104M,12.0,,74.18,true
Q3,04,HOUSING,Housing,300332,Portable dishwashers (owned home),3,CXU300332LB0104M,11.0,,101.83,true
Q3,04,HOUSING,Housing,300411,Window air conditioners (renter),3,CXU300411LB0104M,108.0,4.0,48.07,true
Q3,04,HOUSING,Housing,300412,Window air conditioners (owned home),3,CXU300412LB0104M,108.0,4.0,46.39,true
Q3,04,HOUSING,Housing,300900,Miscellaneous household appliances,3,CXU300900LB0104M,266.0,10.0,52.37,true
Q3,04,HOUSING,Housing,320111,"Floor coverings, nonpermanent",3,CXU320111LB0104M,587.0,22.0,20.61,false
Q3,04,HOUSING,Housing,320120,Window coverings,3,CXU320120LB0104M,323.0,12.0,25.17,true
Q3,04,HOUSING,Housing,320130,Infants' equipment,3,CXU320130LB0104M,708.0,26.0,57.8,true
Q3,04,HOUSING,Housing,320140,Laundry and cleaning equipment,3,CXU320140LB0104M,708.0,26.0,16.24,false
Q3,04,HOUSING,Housing,320150,Outdoor equipment,3,CXU320150LB0104M,393.0,15.0,38.93,true
Q3,04,HOUSING,Housing,320221,"Lamps, lighting fixtures, and ceiling fans",3,CXU320221LB0104M,767.0,28.0,28.96,true
Q3,04,HOUSING,Housing,320232,Telephones and accessories,3,CXU320232LB0104M,2291.0,85.0,12.39,false
Q3,04,HOUSING,Housing,320233,Clocks and other household decorative items,3,CXU320233LB0104M,3882.0,143.0,16.13,false
Q3,04,HOUSING,Housing,320330,Flatware,4,CXU320330LB0104M,103.0,4.0,35.52,true
Q3,04,HOUSING,Housing,320345,"Dinnerware, glassware, and serving pieces",4,CXU320345LB0104M,464.0,17.0,21.13,false
Q3,04,HOUSING,Housing,320370,Nonelectric cookware,4,CXU320370LB0104M,352.0,13.0,32.23,true
Q3,04,HOUSING,Housing,320380,Tableware and nonelectric kitchenware,4,CXU320380LB0104M,569.0,21.0,18.22,false
Q3,04,HOUSING,Housing,320410,Lawn and garden equipment,3,CXU320410LB0104M,1052.0,39.0,34.13,true
Q3,04,HOUSING,Housing,320420,Power tools,3,CXU320420LB0104M,1336.0,50.0,42.04,true
Q3,04,HOUSING,Housing,320430,Other hardware,3,CXU320430LB0104M,383.0,14.0,34.35,true
Q3,04,HOUSING,Housing,320511,Electric floor cleaning equipment,3,CXU320511LB0104M,672.0,25.0,13.04,false
Q3,04,HOUSING,Housing,320512,Sewing machines,3,CXU320512LB0104M,121.0,4.0,74.92,true
Q3,04,HOUSING,Housing,320521,Small electric kitchen appliances,4,CXU320521LB0104M,1378.0,51.0,10.31,false
Q3,04,HOUSING,Housing,320522,Portable heating and cooling equipment,4,CXU320522LB0104M,301.0,11.0,22.47,false
Q3,04,HOUSING,Housing,320611,"Material for insulation, other maintenance, and repair",6,CXU320611LB0104M,426.0,16.0,69.42,true
Q3,04,HOUSING,Housing,320612,"Material for insulation, other maintenance, and repair",6,CXU320612LB0104M,1535.0,57.0,27.84,true
Q3,04,HOUSING,Housing,320613,"Material for insulation, other maintenance, and repair",7,CXU320613LB0104M,21.0,1.0,75.67,true
Q3,04,HOUSING,Housing,320624,"Flooring installation, repair, and replacement",5,CXU320624LB0104M,218.0,8.0,76.56,true
Q3,04,HOUSING,Housing,320625,"Flooring installation, repair, and replacement",5,CXU320625LB0104M,2683.0,100.0,32.02,true
Q3,04,HOUSING,Housing,320626,"Flooring installation, repair, and replacement",6,CXU320626LB0104M,83.0,3.0,83.41,true
Q3,04,HOUSING,Housing,320631,Material for landscape maintenance,5,CXU320631LB0104M,122.0,5.0,45.07,true
Q3,04,HOUSING,Housing,320632,Materials for landscaping maintenance,5,CXU320632LB0104M,,,,
Q3,04,HOUSING,Housing,320633,Materials for landscaping maintenance,6,CXU320633LB0104M,,,,
Q3,04,HOUSING,Housing,320901,Office furniture for home use,3,CXU320901LB0104M,281.0,10.0,18.24,false
Q3,04,HOUSING,Housing,320902,Hand tools,3,CXU320902LB0104M,220.0,8.0,25.93,true
Q3,04,HOUSING,Housing,320903,Indoor plants and fresh flowers,3,CXU320903LB0104M,1819.0,67.0,9.31,false
Q3,04,HOUSING,Housing,320904,Closet and storage items,3,CXU320904LB0104M,483.0,18.0,28.66,true
Q3,04,HOUSING,Housing,320905,Miscellaneous household equipment and parts,3,CXU320905LB0104M,1623.0,60.0,15.6,false
Q3,04,HOUSING,Housing,330119,Laundry and cleaning products,2,CXU330119LB0104M,5869.0,217.0,8.49,false
Q3,04,HOUSING,Housing,330310,"Cleansing and toilet tissue, paper towels, and napkins",3,CXU330310LB0104M,3365.0,124.0,6.97,false
Q3,04,HOUSING,Housing,330410,"Stationery, stationery supplies, and gift wrap",3,CXU330410LB0104M,1570.0,58.0,16.61,false
Q3,04,HOUSING,Housing,330510,Miscellaneous household products,3,CXU330510LB0104M,6379.0,236.0,9.22,false
Q3,04,HOUSING,Housing,330511,Termite/pest control products,3,CXU330511LB0104M,350.0,13.0,8.92,false
Q3,04,HOUSING,Housing,330610,Lawn and garden supplies,3,CXU330610LB0104M,3148.0,116.0,13.44,false
Q3,04,HOUSING,Housing,340110,Postage,3,CXU340110LB0104M,1203.0,44.0,19.92,false
Q3,04,HOUSING,Housing,340120,Delivery services,3,CXU340120LB0104M,63.0,2.0,80.98,true
Q3,04,HOUSING,Housing,340310,Housekeeping services,3,CXU340310LB0104M,2631.0,98.0,11.58,false
Q3,04,HOUSING,Housing,340410,Gardening and lawn care service,3,CXU340410LB0104M,4569.0,169.0,9.73,false
Q3,04,HOUSING,Housing,340420,Water softening services,3,CXU340420LB0104M,16.0,1.0,43.12,true
Q3,04,HOUSING,Housing,340421,Water softening services (owner),3,CXU340421LB0104M,100.0,4.0,29.51,true
Q3,04,HOUSING,Housing,340422,Water softening services (renter),3,CXU340422LB0104M,4.0,,72.85,true
Q3,04,HOUSING,Housing,340510,"Moving, storage, and freight",3,CXU340510LB0104M,1437.0,53.0,19.37,false
Q3,04,HOUSING,Housing,340520,"Household laundry and dry cleaning, sent out (nonclothing) not coin-operated",3,CXU340520LB0104M,,,,
Q3,04,HOUSING,Housing,340530,Coin-operated household laundry and dry cleaning (nonclothing),3,CXU340530LB0104M,,,,
Q3,04,HOUSING,Housing,340620,"Appliance repair, including service center",3,CXU340620LB0104M,36.0,1.0,40.77,true
Q3,04,HOUSING,Housing,340630,"Reupholstering, furniture repair",3,CXU340630LB0104M,135.0,5.0,22.72,false
Q3,04,HOUSING,Housing,340901,"Repairs/rentals of lawn and garden equipment, hand or power tools, and other household equipment",3,CXU340901LB0104M,194.0,7.0,26.39,true
Q3,04,HOUSING,Housing,340903,Other home services,3,CXU340903LB0104M,588.0,22.0,24.63,false
Q3,04,HOUSING,Housing,340904,Rental of furniture,3,CXU340904LB0104M,89.0,3.0,47.03,true
Q3,04,HOUSING,Housing,340906,"Care for elderly, invalids, handicapped, etc.",3,CXU340906LB0104M,2353.0,87.0,69.14,true
Q3,04,HOUSING,Housing,340907,Appliance rentals,3,CXU340907LB0104M,33.0,1.0,69.74,true
Q3,04,HOUSING,Housing,340908,Rental of office equipment for nonbusiness use,3,CXU340908LB0104M,37.0,1.0,45.48,true
Q3,04,HOUSING,Housing,340910,Adult day care centers,3,CXU340910LB0104M,44.0,2.0,61.96,true
Q3,04,HOUSING,Housing,340911,Management and upkeep services for security,5,CXU340911LB0104M,353.0,13.0,33.34,true
Q3,04,HOUSING,Housing,340912,Management and upkeep services for security,6,CXU340912LB0104M,58.0,2.0,68.06,true
Q3,04,HOUSING,Housing,340913,Repair of miscellaneous household equipment and furnishings,3,CXU340913LB0104M,14.0,1.0,97.28,true
Q3,04,HOUSING,Housing,340914,Services for termite/pest control,3,CXU340914LB0104M,1401.0,52.0,8.92,false
Q3,04,HOUSING,Housing,340915,Home security system service fees,3,CXU340915LB0104M,832.0,31.0,11.2,false
Q3,04,HOUSING,Housing,350110,Tenant's insurance,4,CXU350110LB0104M,1306.0,48.0,10.45,false
Q3,04,HOUSING,Housing,430130,Luggage,3,CXU430130LB0104M,743.0,27.0,41.57,true
Q3,04,HOUSING,Housing,670320,"Babysitting, childcare, daycare, preschool",2,CXU670320LB0104M,6219.0,231.0,16.99,false
Q3,04,HOUSING,Housing,690111,Computers and computer hardware for nonbusiness use,3,CXU690111LB0104M,3798.0,141.0,9.85,false
Q3,04,HOUSING,Housing,690113,Repair of computer systems for nonbusiness use,3,CXU690113LB0104M,134.0,5.0,22.73,false
Q3,04,HOUSING,Housing,690114,Computer information services (internet),3,CXU690114LB0104M,19582.0,726.0,2.26,false
Q3,04,HOUSING,Housing,690116,Internet services away from home,3,CXU690116LB0104M,112.0,4.0,30.19,true
Q3,04,HOUSING,Housing,690117,Portable memory,3,CXU690117LB0104M,127.0,5.0,36.14,true
Q3,04,HOUSING,Housing,690119,Computer software,3,CXU690119LB0104M,706.0,26.0,31.9,true
Q3,04,HOUSING,Housing,690120,Computer accessories,3,CXU690120LB0104M,753.0,28.0,40.0,true
Q3,04,HOUSING,Housing,690230,Business equipment for home use,3,CXU690230LB0104M,62.0,2.0,39.19,true
Q3,04,HOUSING,Housing,690244,Other household appliances (renter),3,CXU690244LB0104M,63.0,2.0,35.49,true
Q3,04,HOUSING,Housing,690245,Other household appliances (owned home),3,CXU690245LB0104M,258.0,10.0,30.41,true
Q3,04,HOUSING,Housing,690310,Installation of computers,3,CXU690310LB0104M,16.0,1.0,74.27,true
Q3,04,HOUSING,Housing,790690,Construction materials for jobs not started,6,CXU790690LB0104M,54.0,2.0,35.02,true
Q3,04,HOUSING,Housing,800710,Rent as pay,1,CXU800710LB0104M,2066.0,77.0,29.37,true
Q3,04,HOUSING,Housing,830111,Late fee mortgage pay (owned home),4,CXU830111LB0104M,,,,
Q3,04,HOUSING,Housing,830112,Late fee mortgage pay (owned vacation),5,CXU830112LB0104M,,,,
Q3,04,HOUSING,Housing,880110,"Interest paid, home equity line of credit",4,CXU880110LB0104M,3176.0,118.0,22.88,false
Q3,04,HOUSING,Housing,880310,"Interest paid, home equity line of credit",5,CXU880310LB0104M,,,,
Q3,04,HOUSING,Housing,990900,"Rental and installation of dishwashers, range hoods, and garbage disposals",3,CXU990900LB0104M,,,,
Q3,04,HOUSING,Housing,990920,"Materials for additions, finishing basements, and remodeling rooms",6,CXU990920LB0104M,91.0,3.0,55.31,true
Q3,04,HOUSING,Housing,990930,"Materials to finish basements, remodel rooms, or build patios or walkways",6,CXU990930LB0104M,,,,
Q3,04,HOUSING,Housing,990940,Material for finishing basements and remodeling rooms,7,CXU990940LB0104M,,,,
Q3,04,TRANS,Transportation,450110,New cars,3,CXU450110LB0104M,10591.0,393.0,38.16,true
Q3,04,TRANS,Transportation,450210,New trucks,3,CXU450210LB0104M,26196.0,972.0,19.89,false
Q3,04,TRANS,Transportation,450220,New motorcycles,3,CXU450220LB0104M,,,,
Q3,04,TRANS,Transportation,450350,Car/truck lease payments,5,CXU450350LB0104M,4247.0,158.0,15.43,false
Q3,04,TRANS,Transportation,450351,Extra fees for car/truck lease,5,CXU450351LB0104M,26.0,1.0,93.77,true
Q3,04,TRANS,Transportation,450352,Trade in allowance for car/truck lease,5,CXU450352LB0104M,652.0,24.0,85.26,true
Q3,04,TRANS,Transportation,450353,Cash down payment car/truck lease,5,CXU450353LB0104M,967.0,36.0,36.4,true
Q3,04,TRANS,Transportation,450354,Termination fee for car/truck lease,5,CXU450354LB0104M,,,,
Q3,04,TRANS,Transportation,450900,New aircraft,3,CXU450900LB0104M,,,,
Q3,04,TRANS,Transportation,460110,Used cars,3,CXU460110LB0104M,15494.0,575.0,24.84,false
Q3,04,TRANS,Transportation,460901,Used trucks,3,CXU460901LB0104M,58653.0,2176.0,14.03,false
Q3,04,TRANS,Transportation,460902,Used motorcycles,3,CXU460902LB0104M,153.0,6.0,71.31,true
Q3,04,TRANS,Transportation,460903,Used aircraft,3,CXU460903LB0104M,,,,
Q3,04,TRANS,Transportation,470111,Gasoline,2,CXU470111LB0104M,65840.0,2442.0,2.5,false
Q3,04,TRANS,Transportation,470112,Diesel fuel,2,CXU470112LB0104M,1812.0,67.0,18.8,false
Q3,04,TRANS,Transportation,470113,Gasoline on out of town trips,2,CXU470113LB0104M,3531.0,131.0,6.75,false
Q3,04,TRANS,Transportation,470212,Motor oil on out of town trips,2,CXU470212LB0104M,36.0,1.0,6.75,false
Q3,04,TRANS,Transportation,470311,Electric vehicle charging,2,CXU470311LB0104M,80.0,3.0,37.46,true
Q3,04,TRANS,Transportation,480100,"Vehicle parts, accessories, fluid excluding tires",2,CXU480100LB0104M,1266.0,47.0,23.3,false
Q3,04,TRANS,Transportation,480110,"Tires - purchased, replaced, and installed",3,CXU480110LB0104M,5767.0,214.0,8.87,false
Q3,04,TRANS,Transportation,490100,Vehicle maintenance/repair excluding tire purchase,2,CXU490100LB0104M,17066.0,633.0,7.5,false
Q3,04,TRANS,Transportation,490900,Auto repair service policy,3,CXU490900LB0104M,1477.0,55.0,25.19,true
Q3,04,TRANS,Transportation,500110,Vehicle insurance,2,CXU500110LB0104M,54677.0,2028.0,2.51,false
Q3,04,TRANS,Transportation,510110,Automobile finance charges,3,CXU510110LB0104M,2560.0,95.0,9.69,false
Q3,04,TRANS,Transportation,510901,Truck finance charges,3,CXU510901LB0104M,7103.0,263.0,6.61,false
Q3,04,TRANS,Transportation,510902,Motorcycle and plane finance charges,3,CXU510902LB0104M,83.0,3.0,30.79,true
Q3,04,TRANS,Transportation,520110,State and local vehicle registration,2,CXU520110LB0104M,3726.0,138.0,9.14,false
Q3,04,TRANS,Transportation,520310,Drivers' licenses,3,CXU520310LB0104M,334.0,12.0,10.86,false
Q3,04,TRANS,Transportation,520410,Vehicle inspections,3,CXU520410LB0104M,334.0,12.0,11.48,false
Q3,04,TRANS,Transportation,520516,Auto/truck rental,5,CXU520516LB0104M,2216.0,82.0,22.18,false
Q3,04,TRANS,Transportation,520517,Auto/truck rental on out of town trips,5,CXU520517LB0104M,112.0,4.0,34.54,true
Q3,04,TRANS,Transportation,520531,"Parking fees in home city, excluding residence",4,CXU520531LB0104M,698.0,26.0,12.71,false
Q3,04,TRANS,Transportation,520532,Parking fees on out of town trips,4,CXU520532LB0104M,316.0,12.0,18.17,false
Q3,04,TRANS,Transportation,520541,Tolls or electronic toll passes,3,CXU520541LB0104M,1530.0,57.0,16.05,false
Q3,04,TRANS,Transportation,520542,Tolls on out of town trips,3,CXU520542LB0104M,113.0,4.0,11.53,false
Q3,04,TRANS,Transportation,520550,Towing charges,3,CXU520550LB0104M,142.0,5.0,22.98,false
Q3,04,TRANS,Transportation,520902,Motorcycle rental,5,CXU520902LB0104M,,,,
Q3,04,TRANS,Transportation,520903,Aircraft rental,5,CXU520903LB0104M,323.0,12.0,98.63,true
Q3,04,TRANS,Transportation,520905,Motorcycle rental on out of town trips,5,CXU520905LB0104M,,,,
Q3,04,TRANS,Transportation,520906,Aircraft rental on out of town trips,5,CXU520906LB0104M,,,,
Q3,04,TRANS,Transportation,530110,Airline fares,2,CXU530110LB0104M,11597.0,430.0,8.02,false
Q3,04,TRANS,Transportation,530210,Intercity bus fares,2,CXU530210LB0104M,274.0,10.0,19.53,false
Q3,04,TRANS,Transportation,530311,Intracity mass transit fares,2,CXU530311LB0104M,2543.0,94.0,13.11,false
Q3,04,TRANS,Transportation,530312,Local transportation on out of town trips,2,CXU530312LB0104M,14.0,1.0,41.72,true
Q3,04,TRANS,Transportation,530411,Taxi fares and limousine services on trips,2,CXU530411LB0104M,8.0,,41.72,true
Q3,04,TRANS,Transportation,530412,Taxi fares and limousine services,2,CXU530412LB0104M,3603.0,134.0,14.55,false
Q3,04,TRANS,Transportation,530510,Intercity train fares,2,CXU530510LB0104M,711.0,26.0,16.75,false
Q3,04,TRANS,Transportation,530901,Ship fares,2,CXU530901LB0104M,4779.0,177.0,36.9,true
Q3,04,TRANS,Transportation,530902,School bus,2,CXU530902LB0104M,63.0,2.0,83.68,true
Q3,04,TRANS,Transportation,620114,Automobile service clubs and GPS services,3,CXU620114LB0104M,579.0,21.0,16.08,false
Q3,04,TRANS,Transportation,850300,Other vehicle finance charges,3,CXU850300LB0104M,382.0,14.0,29.09,true
Q3,04,TRANS,Transportation,950024,Vehicle personal property taxes,2,CXU950024LB0104M,1597.0,59.0,9.14,false
Q4,05,ALCBEVG,Alcoholic beverages,200119,"Beer, ale, and other malt beverage",2,CXU200119LB0105M,2753.0,102.0,12.58,false
Q4,05,ALCBEVG,Alcoholic beverages,200219,Distilled spirits,2,CXU200219LB0105M,1937.0,72.0,17.38,false
Q4,05,ALCBEVG,Alcoholic beverages,200310,Wine,2,CXU200310LB0105M,3491.0,129.0,14.61,false
Q4,05,ALCBEVG,Alcoholic beverages,200900,Alcoholic beverages purchased on trips,2,CXU200900LB0105M,3393.0,125.0,8.32,false
Q4,05,ALCBEVG,Alcoholic beverages,790420,"Alcoholic beverages at restaurants, taverns",2,CXU790420LB0105M,8082.0,299.0,9.63,false
Q4,05,FOODTOTL,Food,010119,Flour and prepared flour mixes,2,CXU010119LB0105M,890.0,33.0,9.61,false
Q4,05,FOODTOTL,Food,010210,"Cereal, breakfast, and granola bars",4,CXU010210LB0105M,3163.0,117.0,5.12,false
Q4,05,FOODTOTL,Food,010310,Rice,4,CXU010310LB0105M,1397.0,52.0,8.45,false
Q4,05,FOODTOTL,Food,010320,"Pasta, cornmeal, and other cereal products",4,CXU010320LB0105M,1860.0,69.0,5.49,false
Q4,05,FOODTOTL,Food,020219,Bread,2,CXU020219LB0105M,3611.0,133.0,4.49,false
Q4,05,FOODTOTL,Food,020310,Biscuits and rolls,5,CXU020310LB0105M,2735.0,101.0,5.48,false
Q4,05,FOODTOTL,Food,020410,Cakes and cupcakes,5,CXU020410LB0105M,2079.0,77.0,7.71,false
Q4,05,FOODTOTL,Food,020510,Cookies,5,CXU020510LB0105M,2490.0,92.0,6.45,false
Q4,05,FOODTOTL,Food,020610,Crackers,5,CXU020610LB0105M,1732.0,64.0,7.14,false
Q4,05,FOODTOTL,Food,020620,Bread and cracker products,5,CXU020620LB0105M,263.0,10.0,12.63,false
Q4,05,FOODTOTL,Food,020710,"Sweetrolls, coffee cakes, and doughnuts",5,CXU020710LB0105M,1078.0,40.0,7.76,false
Q4,05,FOODTOTL,Food,020810,Frozen and refrigerated bakery products,4,CXU020810LB0105M,1301.0,48.0,7.26,false
Q4,05,FOODTOTL,Food,020820,"Pies, tarts, and turnovers",5,CXU020820LB0105M,654.0,24.0,13.6,false
Q4,05,FOODTOTL,Food,030110,Ground beef,4,CXU030110LB0105M,5110.0,189.0,12.17,false
Q4,05,FOODTOTL,Food,030219,Roasts,2,CXU030219LB0105M,1864.0,69.0,20.92,false
Q4,05,FOODTOTL,Food,030519,Steak,2,CXU030519LB0105M,4421.0,163.0,10.16,false
Q4,05,FOODTOTL,Food,030810,Other beef,4,CXU030810LB0105M,1918.0,71.0,32.47,true
Q4,05,FOODTOTL,Food,040119,"Bacon, breakfast sausage, and related products",2,CXU040119LB0105M,2989.0,111.0,5.21,false
Q4,05,FOODTOTL,Food,040210,Pork chops,4,CXU040210LB0105M,972.0,36.0,12.23,false
Q4,05,FOODTOTL,Food,040319,Ham,2,CXU040319LB0105M,1375.0,51.0,10.21,false
Q4,05,FOODTOTL,Food,040410,Other pork,4,CXU040410LB0105M,2370.0,88.0,10.45,false
Q4,05,FOODTOTL,Food,050110,Frankfurters,4,CXU050110LB0105M,720.0,27.0,9.91,false
Q4,05,FOODTOTL,Food,050319,Lunchmeats,2,CXU050319LB0105M,3424.0,127.0,5.6,false
Q4,05,FOODTOTL,Food,050419,"Lamb, organ meat, and game",2,CXU050419LB0105M,509.0,19.0,21.12,false
Q4,05,FOODTOTL,Food,060119,Chicken,2,CXU060119LB0105M,6552.0,242.0,6.33,false
Q4,05,FOODTOTL,Food,060310,Other poultry,4,CXU060310LB0105M,1850.0,68.0,9.83,false
Q4,05,FOODTOTL,Food,070119,Processed fish and seafood,2,CXU070119LB0105M,3294.0,122.0,11.5,false
Q4,05,FOODTOTL,Food,070230,Fresh fish and shellfish,4,CXU070230LB0105M,3831.0,142.0,8.02,false
Q4,05,FOODTOTL,Food,080110,Eggs,3,CXU080110LB0105M,3359.0,124.0,6.22,false
Q4,05,FOODTOTL,Food,090110,"Fresh milk, all types",4,CXU090110LB0105M,4380.0,162.0,4.24,false
Q4,05,FOODTOTL,Food,100119,Butter and margarine,2,CXU100119LB0105M,1778.0,66.0,8.42,false
Q4,05,FOODTOTL,Food,100210,Cheese,4,CXU100210LB0105M,6114.0,226.0,4.19,false
Q4,05,FOODTOTL,Food,100410,Ice cream and related products,4,CXU100410LB0105M,2773.0,103.0,5.95,false
Q4,05,FOODTOTL,Food,100519,Other dairy and related products,2,CXU100519LB0105M,4776.0,177.0,4.1,false
Q4,05,FOODTOTL,Food,110110,Apples,4,CXU110110LB0105M,1653.0,61.0,6.38,false
Q4,05,FOODTOTL,Food,110210,Bananas,4,CXU110210LB0105M,1301.0,48.0,6.38,false
Q4,05,FOODTOTL,Food,110319,Citrus fruits,2,CXU110319LB0105M,1856.0,69.0,6.17,false
Q4,05,FOODTOTL,Food,110410,Other fresh fruits,4,CXU110410LB0105M,7355.0,272.0,5.07,false
Q4,05,FOODTOTL,Food,120110,Potatoes,4,CXU120110LB0105M,1622.0,60.0,5.98,false
Q4,05,FOODTOTL,Food,120210,Lettuce,4,CXU120210LB0105M,918.0,34.0,8.97,false
Q4,05,FOODTOTL,Food,120310,Tomatoes,4,CXU120310LB0105M,1406.0,52.0,6.77,false
Q4,05,FOODTOTL,Food,120410,Other fresh vegetables,4,CXU120410LB0105M,6825.0,252.0,6.04,false
Q4,05,FOODTOTL,Food,130119,Frozen noncarbonated juices and drinks,2,CXU130119LB0105M,94.0,3.0,19.12,false
Q4,05,FOODTOTL,Food,130129,Frozen fruits and vegetables,2,CXU130129LB0105M,2053.0,76.0,5.24,false
Q4,05,FOODTOTL,Food,140219,Canned fruits and vegetables,2,CXU140219LB0105M,2246.0,83.0,5.47,false
Q4,05,FOODTOTL,Food,140349,Dried fruits and vegetables,2,CXU140349LB0105M,1992.0,74.0,6.36,false
Q4,05,FOODTOTL,Food,150110,Candy and chewing gum,4,CXU150110LB0105M,4799.0,177.0,6.0,false
Q4,05,FOODTOTL,Food,150219,Sugar and artificial sweeteners,2,CXU150219LB0105M,699.0,26.0,8.66,false
Q4,05,FOODTOTL,Food,150310,"Jams, preserves, and other sweets",4,CXU150310LB0105M,1310.0,48.0,8.33,false
Q4,05,FOODTOTL,Food,160211,Fats and oils,4,CXU160211LB0105M,1740.0,64.0,7.96,false
Q4,05,FOODTOTL,Food,160212,Salad dressings,4,CXU160212LB0105M,1265.0,47.0,6.05,false
Q4,05,FOODTOTL,Food,160320,Peanut butter,4,CXU160320LB0105M,879.0,32.0,9.72,false
Q4,05,FOODTOTL,Food,170110,Cola,4,CXU170110LB0105M,2672.0,99.0,7.84,false
Q4,05,FOODTOTL,Food,170210,Other carbonated drinks,4,CXU170210LB0105M,4800.0,177.0,7.61,false
Q4,05,FOODTOTL,Food,170319,Coffee,2,CXU170319LB0105M,4023.0,149.0,5.61,false
Q4,05,FOODTOTL,Food,170520,Tea,4,CXU170520LB0105M,1543.0,57.0,7.09,false
Q4,05,FOODTOTL,Food,170531,Other noncarbonated beverages and ice,4,CXU170531LB0105M,677.0,25.0,15.77,false
Q4,05,FOODTOTL,Food,170539,Nonfrozen noncarbonated juices and drinks,2,CXU170539LB0105M,7958.0,294.0,5.22,false
Q4,05,FOODTOTL,Food,180110,Canned and packaged soups,4,CXU180110LB0105M,1834.0,68.0,6.92,false
Q4,05,FOODTOTL,Food,180210,Frozen meals,5,CXU180210LB0105M,2196.0,81.0,16.08,false
Q4,05,FOODTOTL,Food,180220,Other frozen prepared foods,5,CXU180220LB0105M,5038.0,186.0,5.58,false
Q4,05,FOODTOTL,Food,180310,Potato chips and other snacks,5,CXU180310LB0105M,7216.0,267.0,4.33,false
Q4,05,FOODTOTL,Food,180320,Nuts,5,CXU180320LB0105M,2091.0,77.0,9.09,false
Q4,05,FOODTOTL,Food,180410,"Salt, spices, and other seasonings",5,CXU180410LB0105M,2277.0,84.0,4.95,false
Q4,05,FOODTOTL,Food,180420,"Olives, pickles, and relishes",5,CXU180420LB0105M,727.0,27.0,7.69,false
Q4,05,FOODTOTL,Food,180510,Sauces and gravies,5,CXU180510LB0105M,3202.0,118.0,5.14,false
Q4,05,FOODTOTL,Food,180520,Baking needs and miscellaneous products,5,CXU180520LB0105M,1460.0,54.0,6.2,false
Q4,05,FOODTOTL,Food,180611,Prepared salads,5,CXU180611LB0105M,2314.0,86.0,5.7,false
Q4,05,FOODTOTL,Food,180612,Prepared desserts,5,CXU180612LB0105M,458.0,17.0,11.31,false
Q4,05,FOODTOTL,Food,180620,Baby food,5,CXU180620LB0105M,1588.0,59.0,30.6,true
Q4,05,FOODTOTL,Food,180710,Miscellaneous prepared foods,5,CXU180710LB0105M,10718.0,396.0,5.37,false
Q4,05,FOODTOTL,Food,190400,Food and nonalcoholic beverages at fast food,2,CXU190400LB0105M,56035.0,2072.0,4.85,false
Q4,05,FOODTOTL,Food,190500,Food and nonalcoholic beverages at full service restaurants,2,CXU190500LB0105M,49802.0,1841.0,7.0,false
Q4,05,FOODTOTL,Food,190600,Food and nonalcoholic beverages at vending machines and mobile vendors,2,CXU190600LB0105M,902.0,33.0,17.52,false
Q4,05,FOODTOTL,Food,190700,Food and nonalcoholic beverages at employer,2,CXU190700LB0105M,1155.0,43.0,16.83,false
Q4,05,FOODTOTL,Food,190902,Catered affairs,2,CXU190902LB0105M,1080.0,40.0,47.05,true
Q4,05,FOODTOTL,Food,190903,Food on out of town trips,2,CXU190903LB0105M,15731.0,578.0,5.43,false
Q4,05,FOODTOTL,Food,190904,Food prepared by consumer unit on out of town trips,3,CXU190904LB0105M,3306.0,122.0,10.34,false
Q4,05,FOODTOTL,Food,190905,School meals and board,2,CXU190905LB0105M,1134.0,42.0,18.67,false
Q4,05,FOODTOTL,Food,800700,Meals as pay,1,CXU800700LB0105M,919.0,34.0,36.3,true
Q4,05,HOUSING,Housing,210110,Rent,3,CXU210110LB0105M,149725.0,5504.0,3.58,false
Q4,05,HOUSING,Housing,210210,Lodging on out of town trips,3,CXU210210LB0105M,30387.0,1117.0,7.22,false
Q4,05,HOUSING,Housing,210310,Housing while attending school,3,CXU210310LB0105M,2783.0,102.0,21.97,false
Q4,05,HOUSING,Housing,210901,Ground rent,4,CXU210901LB0105M,1963.0,72.0,29.5,true
Q4,05,HOUSING,Housing,210902,Ground rent,5,CXU210902LB0105M,419.0,15.0,100.99,true
Q4,05,HOUSING,Housing,220121,Homeowners insurance,4,CXU220121LB0105M,22408.0,824.0,4.78,false
Q4,05,HOUSING,Housing,220122,Homeowners insurance,5,CXU220122LB0105M,501.0,18.0,32.23,true
Q4,05,HOUSING,Housing,220211,Property taxes,3,CXU220211LB0105M,81684.0,3003.0,3.01,false
Q4,05,HOUSING,Housing,220212,Property taxes,4,CXU220212LB0105M,3088.0,114.0,17.79,false
Q4,05,HOUSING,Housing,220311,Mortgage interest,4,CXU220311LB0105M,119882.0,4407.0,3.36,false
Q4,05,HOUSING,Housing,220312,Mortgage interest,5,CXU220312LB0105M,1846.0,68.0,29.18,true
Q4,05,HOUSING,Housing,220313,"Interest paid, home equity loan",4,CXU220313LB0105M,1219.0,45.0,27.88,true
Q4,05,HOUSING,Housing,220314,"Interest paid, home equity loan",5,CXU220314LB0105M,4.0,,98.82,true
Q4,05,HOUSING,Housing,220901,Parking,4,CXU220901LB0105M,434.0,16.0,13.33,false
Q4,05,HOUSING,Housing,220902,Parking,5,CXU220902LB0105M,78.0,3.0,59.21,true
Q4,05,HOUSING,Housing,230112,Painting and papering,5,CXU230112LB0105M,3779.0,139.0,27.64,true
Q4,05,HOUSING,Housing,230113,Plumbing and water heating,5,CXU230113LB0105M,3644.0,134.0,22.7,false
Q4,05,HOUSING,Housing,230114,"Heat, a/c, and electrical work",5,CXU230114LB0105M,11871.0,436.0,19.63,false
Q4,05,HOUSING,Housing,230115,Roofing and gutters,5,CXU230115LB0105M,11125.0,409.0,25.46,true
Q4,05,HOUSING,Housing,230117,"Dishwashers (built-in), garbage disposals, and range hoods (renter)",3,CXU230117LB0105M,28.0,1.0,94.42,true
Q4,05,HOUSING,Housing,230118,"Dishwashers (built-in), garbage disposals, and range hoods (owned home)",3,CXU230118LB0105M,1345.0,49.0,17.42,false
Q4,05,HOUSING,Housing,230141,Repair of built-in appliances,5,CXU230141LB0105M,,,,
Q4,05,HOUSING,Housing,230142,Repair of built-in appliances,5,CXU230142LB0105M,4.0,,38.32,true
Q4,05,HOUSING,Housing,230143,"Home warranties, maintenance, repairs, or services contracts on household appliances (owner)",5,CXU230143LB0105M,538.0,20.0,14.66,false
Q4,05,HOUSING,Housing,230144,"Home warranties, maintenance, repairs, or services contracts on household appliances (owner)",5,CXU230144LB0105M,15.0,1.0,64.63,true
Q4,05,HOUSING,Housing,230150,Repair or maintenance services,5,CXU230150LB0105M,879.0,32.0,46.31,true
Q4,05,HOUSING,Housing,230151,Other repair and maintenance services,5,CXU230151LB0105M,10419.0,383.0,13.91,false
Q4,05,HOUSING,Housing,230152,Repair and remodeling services,6,CXU230152LB0105M,3940.0,145.0,83.91,true
Q4,05,HOUSING,Housing,230901,Property management,5,CXU230901LB0105M,3837.0,141.0,14.18,false
Q4,05,HOUSING,Housing,230902,Property management,6,CXU230902LB0105M,232.0,9.0,28.06,true
Q4,05,HOUSING,Housing,240111,"Paint, wallpaper, and supplies",5,CXU240111LB0105M,34.0,1.0,40.79,true
Q4,05,HOUSING,Housing,240112,"Paints, wallpaper, and supplies",5,CXU240112LB0105M,1446.0,53.0,16.48,false
Q4,05,HOUSING,Housing,240113,"Paints, wallpaper, and supplies",6,CXU240113LB0105M,7.0,,81.18,true
Q4,05,HOUSING,Housing,240121,Tools and equipment for painting and wallpapering,5,CXU240121LB0105M,4.0,,40.76,true
Q4,05,HOUSING,Housing,240122,Tools and equipment for painting and wallpapering,5,CXU240122LB0105M,155.0,6.0,16.48,false
Q4,05,HOUSING,Housing,240123,Tools and equipment for painting and wallpapering,6,CXU240123LB0105M,1.0,,81.18,true
Q4,05,HOUSING,Housing,240211,"Materials for plastering, panels, roofing, and gutters, etc.",5,CXU240211LB0105M,39.0,1.0,44.09,true
Q4,05,HOUSING,Housing,240212,"Materials for plaster, panel, siding, windows, doors, screens, and awnings",5,CXU240212LB0105M,2173.0,80.0,39.92,true
Q4,05,HOUSING,Housing,240213,Materials and equipment for roofs and gutters,5,CXU240213LB0105M,655.0,24.0,48.18,true
Q4,05,HOUSING,Housing,240214,"Materials for plastering, paneling, roofing, gutters, downspouts, siding, windows, doors, screens, and awnings",6,CXU240214LB0105M,43.0,2.0,79.9,true
Q4,05,HOUSING,Housing,240221,"Materials for patio, walk, fence, driveway, masonry, brick and stucco work",5,CXU240221LB0105M,4.0,,64.63,true
Q4,05,HOUSING,Housing,240222,"Materials for patio, walk, fence, driveway, masonry, brick, and stucco work",5,CXU240222LB0105M,225.0,8.0,35.85,true
Q4,05,HOUSING,Housing,240223,"Material for patio, walk, fence, drive, masonry, brick, and stucco",6,CXU240223LB0105M,4.0,,97.12,true
Q4,05,HOUSING,Housing,240311,Plumbing supplies and equipment,5,CXU240311LB0105M,32.0,1.0,90.74,true
Q4,05,HOUSING,Housing,240312,Plumbing supplies and equipment,5,CXU240312LB0105M,905.0,33.0,16.78,false
Q4,05,HOUSING,Housing,240313,Plumbing supplies and equipment,6,CXU240313LB0105M,,,,
Q4,05,HOUSING,Housing,240321,"Electrical supplies, heating, and cooling equipment",5,CXU240321LB0105M,10.0,,72.1,true
Q4,05,HOUSING,Housing,240322,"Electrical supplies, heating, and cooling equipment",5,CXU240322LB0105M,388.0,14.0,32.12,true
Q4,05,HOUSING,Housing,240323,"Electrical supplies, heating, and cooling equipment",6,CXU240323LB0105M,3.0,,90.72,true
Q4,05,HOUSING,Housing,250111,Fuel oil (renter),4,CXU250111LB0105M,45.0,2.0,73.24,true
Q4,05,HOUSING,Housing,250112,Fuel oil (owned home),4,CXU250112LB0105M,2181.0,80.0,10.24,false
Q4,05,HOUSING,Housing,250113,Fuel oil (owned vacation),4,CXU250113LB0105M,,,,
Q4,05,HOUSING,Housing,250114,Fuel oil (rented vacation),4,CXU250114LB0105M,,,,
Q4,05,HOUSING,Housing,250211,"Gas, bottled/tank (renter)",4,CXU250211LB0105M,89.0,3.0,46.5,true
Q4,05,HOUSING,Housing,250212,"Gas, bottled/tank (owned home)",4,CXU250212LB0105M,1097.0,40.0,15.89,false
Q4,05,HOUSING,Housing,250213,"Gas, bottled/tank (owned vacation)",4,CXU250213LB0105M,108.0,4.0,24.78,false
Q4,05,HOUSING,Housing,250214,"Gas, bottled/tank (rented vacation)",4,CXU250214LB0105M,,,,
Q4,05,HOUSING,Housing,250911,"Coal, wood, and other fuels (renter)",4,CXU250911LB0105M,0.0,,98.7,true
Q4,05,HOUSING,Housing,250912,"Coal, wood, and other fuels (owned home)",4,CXU250912LB0105M,269.0,10.0,17.69,false
Q4,05,HOUSING,Housing,250913,"Coal, wood, and other fuels (owned vacation)",4,CXU250913LB0105M,,,,
Q4,05,HOUSING,Housing,250914,"Coal, wood, and other fuels (rented vacation)",4,CXU250914LB0105M,,,,
Q4,05,HOUSING,Housing,260111,Electricity (renter),3,CXU260111LB0105M,11594.0,426.0,6.56,false
Q4,05,HOUSING,Housing,260112,Electricity (owned home),3,CXU260112LB0105M,42945.0,1579.0,1.95,false
Q4,05,HOUSING,Housing,260113,Electricity (owned vacation),3,CXU260113LB0105M,468.0,17.0,42.67,true
Q4,05,HOUSING,Housing,260114,Electricity (rented vacation),3,CXU260114LB0105M,17.0,1.0,115.83,true
Q4,05,HOUSING,Housing,260211,Natural gas (renter),3,CXU260211LB0105M,2301.0,85.0,10.13,false
Q4,05,HOUSING,Housing,260212,Natural gas (owned home),3,CXU260212LB0105M,12697.0,467.0,4.54,false
Q4,05,HOUSING,Housing,260213,Natural gas (owned vacation),3,CXU260213LB0105M,88.0,3.0,32.71,true
Q4,05,HOUSING,Housing,260214,Natural gas (rented vacation),3,CXU260214LB0105M,,,,
Q4,05,HOUSING,Housing,270102,Cellular phone service,3,CXU270102LB0105M,45643.0,1678.0,2.14,false
Q4,05,HOUSING,Housing,270104,Phone cards,4,CXU270104LB0105M,,,,
Q4,05,HOUSING,Housing,270106,Residential telephone including VOIP,4,CXU270106LB0105M,2506.0,92.0,8.09,false
Q4,05,HOUSING,Housing,270211,Water/sewer maintenance (renter),4,CXU270211LB0105M,2673.0,98.0,8.98,false
Q4,05,HOUSING,Housing,270212,Water/sewer maintenance (owned home),4,CXU270212LB0105M,14604.0,537.0,4.09,false
Q4,05,HOUSING,Housing,270213,Water/sewer maintenance (owned vacation),4,CXU270213LB0105M,73.0,3.0,33.33,true
Q4,05,HOUSING,Housing,270214,Water/sewer maintenance (rented vacation),4,CXU270214LB0105M,12.0,,108.91,true
Q4,05,HOUSING,Housing,270411,Trash/garbage collection (renter),4,CXU270411LB0105M,766.0,28.0,11.37,false
Q4,05,HOUSING,Housing,270412,Trash/garbage collection (owned home),4,CXU270412LB0105M,7131.0,262.0,4.78,false
Q4,05,HOUSING,Housing,270413,Trash/garbage collection (owned vacation),4,CXU270413LB0105M,162.0,6.0,31.37,true
Q4,05,HOUSING,Housing,270414,Trash/garbage collection (rented vacation),4,CXU270414LB0105M,12.0,,91.65,true
Q4,05,HOUSING,Housing,270901,Septic tank cleaning (renter),4,CXU270901LB0105M,,,,
Q4,05,HOUSING,Housing,270902,Septic tank cleaning (owned home),4,CXU270902LB0105M,1.0,,72.17,true
Q4,05,HOUSING,Housing,270903,Septic tank cleaning (owned vacation),4,CXU270903LB0105M,,,,
Q4,05,HOUSING,Housing,270904,Septic tank cleaning (rented vacation),4,CXU270904LB0105M,,,,
Q4,05,HOUSING,Housing,270906,Septic tank cleaning (renter),4,CXU270906LB0105M,,,,
Q4,05,HOUSING,Housing,270907,Septic tank cleaning (owner),4,CXU270907LB0105M,282.0,10.0,31.9,true
Q4,05,HOUSING,Housing,280110,Bathroom linens,3,CXU280110LB0105M,938.0,35.0,24.12,false
Q4,05,HOUSING,Housing,280120,Bedroom linens,3,CXU280120LB0105M,2121.0,78.0,24.22,false
Q4,05,HOUSING,Housing,280140,"Kitchen, dining room, and other linens",3,CXU280140LB0105M,220.0,8.0,42.56,true
Q4,05,HOUSING,Housing,280210,Curtains and draperies,3,CXU280210LB0105M,371.0,14.0,17.73,false
Q4,05,HOUSING,Housing,280220,Slipcovers and decorative pillows,3,CXU280220LB0105M,118.0,4.0,20.75,false
Q4,05,HOUSING,Housing,290110,Mattresses and springs,3,CXU290110LB0105M,4446.0,163.0,28.89,true
Q4,05,HOUSING,Housing,290120,Other bedroom furniture,3,CXU290120LB0105M,3302.0,121.0,14.39,false
Q4,05,HOUSING,Housing,290210,Sofas,3,CXU290210LB0105M,6099.0,224.0,12.68,false
Q4,05,HOUSING,Housing,290310,Living room chairs,3,CXU290310LB0105M,1499.0,55.0,20.54,false
Q4,05,HOUSING,Housing,290320,Living room tables,3,CXU290320LB0105M,478.0,18.0,20.6,false
Q4,05,HOUSING,Housing,290410,Kitchen and dining room furniture,3,CXU290410LB0105M,1554.0,57.0,36.79,true
Q4,05,HOUSING,Housing,290420,Infants' furniture,3,CXU290420LB0105M,285.0,10.0,27.02,true
Q4,05,HOUSING,Housing,290430,Outdoor furniture,3,CXU290430LB0105M,2034.0,75.0,28.87,true
Q4,05,HOUSING,Housing,290440,"Wall units, cabinets, and other furniture",3,CXU290440LB0105M,1920.0,71.0,22.71,false
Q4,05,HOUSING,Housing,300111,Refrigerators and freezers (renter),3,CXU300111LB0105M,144.0,5.0,63.19,true
Q4,05,HOUSING,Housing,300112,Refrigerators and freezers (owned home),3,CXU300112LB0105M,4304.0,158.0,16.97,false
Q4,05,HOUSING,Housing,300216,Clothes washers or dryers (renter),3,CXU300216LB0105M,263.0,10.0,40.88,true
Q4,05,HOUSING,Housing,300217,Clothes washers or dryers (owned home),3,CXU300217LB0105M,3070.0,113.0,12.34,false
Q4,05,HOUSING,Housing,300311,Cooking stoves and ovens (renter),3,CXU300311LB0105M,5.0,,104.39,true
Q4,05,HOUSING,Housing,300312,Cooking stoves and ovens (owned home),3,CXU300312LB0105M,2202.0,81.0,18.95,false
Q4,05,HOUSING,Housing,300321,Microwave ovens (renter),3,CXU300321LB0105M,45.0,2.0,24.59,false
Q4,05,HOUSING,Housing,300322,Microwave ovens (owned home),3,CXU300322LB0105M,662.0,24.0,17.93,false
Q4,05,HOUSING,Housing,300331,Portable dishwashers (renter),3,CXU300331LB0105M,,,,
Q4,05,HOUSING,Housing,300332,Portable dishwashers (owned home),3,CXU300332LB0105M,,,,
Q4,05,HOUSING,Housing,300411,Window air conditioners (renter),3,CXU300411LB0105M,71.0,3.0,25.49,true
Q4,05,HOUSING,Housing,300412,Window air conditioners (owned home),3,CXU300412LB0105M,188.0,7.0,26.89,true
Q4,05,HOUSING,Housing,300900,Miscellaneous household appliances,3,CXU300900LB0105M,557.0,21.0,48.18,true
Q4,05,HOUSING,Housing,320111,"Floor coverings, nonpermanent",3,CXU320111LB0105M,1040.0,38.0,20.94,false
Q4,05,HOUSING,Housing,320120,Window coverings,3,CXU320120LB0105M,846.0,31.0,34.91,true
Q4,05,HOUSING,Housing,320130,Infants' equipment,3,CXU320130LB0105M,942.0,35.0,39.01,true
Q4,05,HOUSING,Housing,320140,Laundry and cleaning equipment,3,CXU320140LB0105M,606.0,22.0,15.83,false
Q4,05,HOUSING,Housing,320150,Outdoor equipment,3,CXU320150LB0105M,301.0,11.0,29.33,true
Q4,05,HOUSING,Housing,320221,"Lamps, lighting fixtures, and ceiling fans",3,CXU320221LB0105M,880.0,33.0,35.1,true
Q4,05,HOUSING,Housing,320232,Telephones and accessories,3,CXU320232LB0105M,4556.0,167.0,9.45,false
Q4,05,HOUSING,Housing,320233,Clocks and other household decorative items,3,CXU320233LB0105M,9398.0,347.0,41.93,true
Q4,05,HOUSING,Housing,320330,Flatware,4,CXU320330LB0105M,196.0,7.0,34.81,true
Q4,05,HOUSING,Housing,320345,"Dinnerware, glassware, and serving pieces",4,CXU320345LB0105M,891.0,33.0,16.65,false
Q4,05,HOUSING,Housing,320370,Nonelectric cookware,4,CXU320370LB0105M,1052.0,39.0,30.17,true
Q4,05,HOUSING,Housing,320380,Tableware and nonelectric kitchenware,4,CXU320380LB0105M,827.0,31.0,16.12,false
Q4,05,HOUSING,Housing,320410,Lawn and garden equipment,3,CXU320410LB0105M,1629.0,60.0,45.22,true
Q4,05,HOUSING,Housing,320420,Power tools,3,CXU320420LB0105M,1285.0,47.0,17.74,false
Q4,05,HOUSING,Housing,320430,Other hardware,3,CXU320430LB0105M,1905.0,70.0,67.2,true
Q4,05,HOUSING,Housing,320511,Electric floor cleaning equipment,3,CXU320511LB0105M,810.0,30.0,9.24,false
Q4,05,HOUSING,Housing,320512,Sewing machines,3,CXU320512LB0105M,275.0,10.0,67.87,true
Q4,05,HOUSING,Housing,320521,Small electric kitchen appliances,4,CXU320521LB0105M,1171.0,43.0,10.23,false
Q4,05,HOUSING,Housing,320522,Portable heating and cooling equipment,4,CXU320522LB0105M,266.0,10.0,12.97,false
Q4,05,HOUSING,Housing,320611,"Material for insulation, other maintenance, and repair",6,CXU320611LB0105M,87.0,3.0,36.05,true
Q4,05,HOUSING,Housing,320612,"Material for insulation, other maintenance, and repair",6,CXU320612LB0105M,1797.0,66.0,20.13,false
Q4,05,HOUSING,Housing,320613,"Material for insulation, other maintenance, and repair",7,CXU320613LB0105M,38.0,1.0,97.15,true
Q4,05,HOUSING,Housing,320624,"Flooring installation, repair, and replacement",5,CXU320624LB0105M,506.0,19.0,117.45,true
Q4,05,HOUSING,Housing,320625,"Flooring installation, repair, and replacement",5,CXU320625LB0105M,2557.0,94.0,23.32,false
Q4,05,HOUSING,Housing,320626,"Flooring installation, repair, and replacement",6,CXU320626LB0105M,20.0,1.0,90.72,true
Q4,05,HOUSING,Housing,320631,Material for landscape maintenance,5,CXU320631LB0105M,109.0,4.0,67.21,true
Q4,05,HOUSING,Housing,320632,Materials for landscaping maintenance,5,CXU320632LB0105M,,,,
Q4,05,HOUSING,Housing,320633,Materials for landscaping maintenance,6,CXU320633LB0105M,,,,
Q4,05,HOUSING,Housing,320901,Office furniture for home use,3,CXU320901LB0105M,541.0,20.0,28.89,true
Q4,05,HOUSING,Housing,320902,Hand tools,3,CXU320902LB0105M,832.0,31.0,32.93,true
Q4,05,HOUSING,Housing,320903,Indoor plants and fresh flowers,3,CXU320903LB0105M,2808.0,103.0,7.46,false
Q4,05,HOUSING,Housing,320904,Closet and storage items,3,CXU320904LB0105M,1012.0,37.0,24.61,false
Q4,05,HOUSING,Housing,320905,Miscellaneous household equipment and parts,3,CXU320905LB0105M,1800.0,67.0,15.32,false
Q4,05,HOUSING,Housing,330119,Laundry and cleaning products,2,CXU330119LB0105M,6975.0,258.0,8.57,false
Q4,05,HOUSING,Housing,330310,"Cleansing and toilet tissue, paper towels, and napkins",3,CXU330310LB0105M,3976.0,147.0,7.68,false
Q4,05,HOUSING,Housing,330410,"Stationery, stationery supplies, and gift wrap",3,CXU330410LB0105M,2183.0,81.0,13.87,false
Q4,05,HOUSING,Housing,330510,Miscellaneous household products,3,CXU330510LB0105M,10240.0,379.0,12.55,false
Q4,05,HOUSING,Housing,330511,Termite/pest control products,3,CXU330511LB0105M,487.0,18.0,8.77,false
Q4,05,HOUSING,Housing,330610,Lawn and garden supplies,3,CXU330610LB0105M,3772.0,139.0,16.95,false
Q4,05,HOUSING,Housing,340110,Postage,3,CXU340110LB0105M,1622.0,60.0,34.12,true
Q4,05,HOUSING,Housing,340120,Delivery services,3,CXU340120LB0105M,87.0,3.0,53.42,true
Q4,05,HOUSING,Housing,340310,Housekeeping services,3,CXU340310LB0105M,3954.0,145.0,10.27,false
Q4,05,HOUSING,Housing,340410,Gardening and lawn care service,3,CXU340410LB0105M,6188.0,227.0,9.51,false
Q4,05,HOUSING,Housing,340420,Water softening services,3,CXU340420LB0105M,24.0,1.0,42.0,true
Q4,05,HOUSING,Housing,340421,Water softening services (owner),3,CXU340421LB0105M,184.0,7.0,28.04,true
Q4,05,HOUSING,Housing,340422,Water softening services (renter),3,CXU340422LB0105M,32.0,1.0,93.36,true
Q4,05,HOUSING,Housing,340510,"Moving, storage, and freight",3,CXU340510LB0105M,1957.0,72.0,24.38,false
Q4,05,HOUSING,Housing,340520,"Household laundry and dry cleaning, sent out (nonclothing) not coin-operated",3,CXU340520LB0105M,,,,
Q4,05,HOUSING,Housing,340530,Coin-operated household laundry and dry cleaning (nonclothing),3,CXU340530LB0105M,,,,
Q4,05,HOUSING,Housing,340620,"Appliance repair, including service center",3,CXU340620LB0105M,19.0,1.0,40.07,true
Q4,05,HOUSING,Housing,340630,"Reupholstering, furniture repair",3,CXU340630LB0105M,100.0,4.0,61.2,true
Q4,05,HOUSING,Housing,340901,"Repairs/rentals of lawn and garden equipment, hand or power tools, and other household equipment",3,CXU340901LB0105M,269.0,10.0,30.87,true
Q4,05,HOUSING,Housing,340903,Other home services,3,CXU340903LB0105M,620.0,23.0,17.69,false
Q4,05,HOUSING,Housing,340904,Rental of furniture,3,CXU340904LB0105M,32.0,1.0,82.38,true
Q4,05,HOUSING,Housing,340906,"Care for elderly, invalids, handicapped, etc.",3,CXU340906LB0105M,744.0,27.0,63.72,true
Q4,05,HOUSING,Housing,340907,Appliance rentals,3,CXU340907LB0105M,65.0,2.0,64.9,true
Q4,05,HOUSING,Housing,340908,Rental of office equipment for nonbusiness use,3,CXU340908LB0105M,13.0,,34.97,true
Q4,05,HOUSING,Housing,340910,Adult day care centers,3,CXU340910LB0105M,,,,
Q4,05,HOUSING,Housing,340911,Management and upkeep services for security,5,CXU340911LB0105M,232.0,9.0,23.61,false
Q4,05,HOUSING,Housing,340912,Management and upkeep services for security,6,CXU340912LB0105M,61.0,2.0,44.97,true
Q4,05,HOUSING,Housing,340913,Repair of miscellaneous household equipment and furnishings,3,CXU340913LB0105M,,,,
Q4,05,HOUSING,Housing,340914,Services for termite/pest control,3,CXU340914LB0105M,1949.0,72.0,8.77,false
Q4,05,HOUSING,Housing,340915,Home security system service fees,3,CXU340915LB0105M,1560.0,57.0,9.41,false
Q4,05,HOUSING,Housing,350110,Tenant's insurance,4,CXU350110LB0105M,1223.0,45.0,13.53,false
Q4,05,HOUSING,Housing,430130,Luggage,3,CXU430130LB0105M,995.0,37.0,50.75,true
Q4,05,HOUSING,Housing,670320,"Babysitting, childcare, daycare, preschool",2,CXU670320LB0105M,14013.0,515.0,11.94,false
Q4,05,HOUSING,Housing,690111,Computers and computer hardware for nonbusiness use,3,CXU690111LB0105M,4794.0,176.0,11.66,false
Q4,05,HOUSING,Housing,690113,Repair of computer systems for nonbusiness use,3,CXU690113LB0105M,266.0,10.0,28.17,true
Q4,05,HOUSING,Housing,690114,Computer information services (internet),3,CXU690114LB0105M,22210.0,816.0,1.74,false
Q4,05,HOUSING,Housing,690116,Internet services away from home,3,CXU690116LB0105M,113.0,4.0,12.75,false
Q4,05,HOUSING,Housing,690117,Portable memory,3,CXU690117LB0105M,59.0,2.0,18.88,false
Q4,05,HOUSING,Housing,690119,Computer software,3,CXU690119LB0105M,647.0,24.0,27.67,true
Q4,05,HOUSING,Housing,690120,Computer accessories,3,CXU690120LB0105M,540.0,20.0,24.71,false
Q4,05,HOUSING,Housing,690230,Business equipment for home use,3,CXU690230LB0105M,96.0,4.0,46.81,true
Q4,05,HOUSING,Housing,690244,Other household appliances (renter),3,CXU690244LB0105M,133.0,5.0,35.32,true
Q4,05,HOUSING,Housing,690245,Other household appliances (owned home),3,CXU690245LB0105M,319.0,12.0,27.01,true
Q4,05,HOUSING,Housing,690310,Installation of computers,3,CXU690310LB0105M,6.0,,75.63,true
Q4,05,HOUSING,Housing,790690,Construction materials for jobs not started,6,CXU790690LB0105M,27.0,1.0,24.76,false
Q4,05,HOUSING,Housing,800710,Rent as pay,1,CXU800710LB0105M,2242.0,82.0,38.33,true
Q4,05,HOUSING,Housing,830111,Late fee mortgage pay (owned home),4,CXU830111LB0105M,4.0,,94.27,true
Q4,05,HOUSING,Housing,830112,Late fee mortgage pay (owned vacation),5,CXU830112LB0105M,,,,
Q4,05,HOUSING,Housing,880110,"Interest paid, home equity line of credit",4,CXU880110LB0105M,3853.0,142.0,19.27,false
Q4,05,HOUSING,Housing,880310,"Interest paid, home equity line of credit",5,CXU880310LB0105M,,,,
Q4,05,HOUSING,Housing,990900,"Rental and installation of dishwashers, range hoods, and garbage disposals",3,CXU990900LB0105M,,,,
Q4,05,HOUSING,Housing,990920,"Materials for additions, finishing basements, and remodeling rooms",6,CXU990920LB0105M,53.0,2.0,73.38,true
Q4,05,HOUSING,Housing,990930,"Materials to finish basements, remodel rooms, or build patios or walkways",6,CXU990930LB0105M,,,,
Q4,05,HOUSING,Housing,990940,Material for finishing basements and remodeling rooms,7,CXU990940LB0105M,,,,
Q4,05,TRANS,Transportation,450110,New cars,3,CXU450110LB0105M,15233.0,560.0,32.55,true
Q4,05,TRANS,Transportation,450210,New trucks,3,CXU450210LB0105M,48224.0,1773.0,14.45,false
Q4,05,TRANS,Transportation,450220,New motorcycles,3,CXU450220LB0105M,863.0,32.0,66.84,true
Q4,05,TRANS,Transportation,450350,Car/truck lease payments,5,CXU450350LB0105M,8042.0,296.0,14.46,false
Q4,05,TRANS,Transportation,450351,Extra fees for car/truck lease,5,CXU450351LB0105M,97.0,4.0,49.35,true
Q4,05,TRANS,Transportation,450352,Trade in allowance for car/truck lease,5,CXU450352LB0105M,2203.0,81.0,77.7,true
Q4,05,TRANS,Transportation,450353,Cash down payment car/truck lease,5,CXU450353LB0105M,1762.0,65.0,55.34,true
Q4,05,TRANS,Transportation,450354,Termination fee for car/truck lease,5,CXU450354LB0105M,30.0,1.0,106.13,true
Q4,05,TRANS,Transportation,450900,New aircraft,3,CXU450900LB0105M,,,,
Q4,05,TRANS,Transportation,460110,Used cars,3,CXU460110LB0105M,23338.0,858.0,20.64,false
Q4,05,TRANS,Transportation,460901,Used trucks,3,CXU460901LB0105M,72231.0,2655.0,13.43,false
Q4,05,TRANS,Transportation,460902,Used motorcycles,3,CXU460902LB0105M,1848.0,68.0,73.48,true
Q4,05,TRANS,Transportation,460903,Used aircraft,3,CXU460903LB0105M,,,,
Q4,05,TRANS,Transportation,470111,Gasoline,2,CXU470111LB0105M,83205.0,3058.0,2.05,false
Q4,05,TRANS,Transportation,470112,Diesel fuel,2,CXU470112LB0105M,2630.0,97.0,15.57,false
Q4,05,TRANS,Transportation,470113,Gasoline on out of town trips,2,CXU470113LB0105M,5129.0,189.0,5.81,false
Q4,05,TRANS,Transportation,470212,Motor oil on out of town trips,2,CXU470212LB0105M,52.0,2.0,5.81,false
Q4,05,TRANS,Transportation,470311,Electric vehicle charging,2,CXU470311LB0105M,180.0,7.0,30.28,true
Q4,05,TRANS,Transportation,480100,"Vehicle parts, accessories, fluid excluding tires",2,CXU480100LB0105M,1775.0,65.0,20.51,false
Q4,05,TRANS,Transportation,480110,"Tires - purchased, replaced, and installed",3,CXU480110LB0105M,7289.0,268.0,8.29,false
Q4,05,TRANS,Transportation,490100,Vehicle maintenance/repair excluding tire purchase,2,CXU490100LB0105M,21123.0,776.0,5.53,false
Q4,05,TRANS,Transportation,490900,Auto repair service policy,3,CXU490900LB0105M,1692.0,62.0,33.37,true
Q4,05,TRANS,Transportation,500110,Vehicle insurance,2,CXU500110LB0105M,68515.0,2518.0,2.16,false
Q4,05,TRANS,Transportation,510110,Automobile finance charges,3,CXU510110LB0105M,3719.0,137.0,8.56,false
Q4,05,TRANS,Transportation,510901,Truck finance charges,3,CXU510901LB0105M,12503.0,460.0,6.36,false
Q4,05,TRANS,Transportation,510902,Motorcycle and plane finance charges,3,CXU510902LB0105M,129.0,5.0,31.17,true
Q4,05,TRANS,Transportation,520110,State and local vehicle registration,2,CXU520110LB0105M,4953.0,182.0,7.57,false
Q4,05,TRANS,Transportation,520310,Drivers' licenses,3,CXU520310LB0105M,357.0,13.0,10.6,false
Q4,05,TRANS,Transportation,520410,Vehicle inspections,3,CXU520410LB0105M,483.0,18.0,12.38,false
Q4,05,TRANS,Transportation,520516,Auto/truck rental,5,CXU520516LB0105M,4194.0,154.0,12.48,false
Q4,05,TRANS,Transportation,520517,Auto/truck rental on out of town trips,5,CXU520517LB0105M,116.0,4.0,31.97,true
Q4,05,TRANS,Transportation,520531,"Parking fees in home city, excluding residence",4,CXU520531LB0105M,1760.0,65.0,17.48,false
Q4,05,TRANS,Transportation,520532,Parking fees on out of town trips,4,CXU520532LB0105M,468.0,17.0,10.43,false
Q4,05,TRANS,Transportation,520541,Tolls or electronic toll passes,3,CXU520541LB0105M,1901.0,70.0,12.61,false
Q4,05,TRANS,Transportation,520542,Tolls on out of town trips,3,CXU520542LB0105M,170.0,6.0,7.19,false
Q4,05,TRANS,Transportation,520550,Towing charges,3,CXU520550LB0105M,192.0,7.0,29.08,true
Q4,05,TRANS,Transportation,520902,Motorcycle rental,5,CXU520902LB0105M,58.0,2.0,102.9,true
Q4,05,TRANS,Transportation,520903,Aircraft rental,5,CXU520903LB0105M,3.0,,62.65,true
Q4,05,TRANS,Transportation,520905,Motorcycle rental on out of town trips,5,CXU520905LB0105M,,,,
Q4,05,TRANS,Transportation,520906,Aircraft rental on out of town trips,5,CXU520906LB0105M,,,,
Q4,05,TRANS,Transportation,530110,Airline fares,2,CXU530110LB0105M,21655.0,796.0,7.49,false
Q4,05,TRANS,Transportation,530210,Intercity bus fares,2,CXU530210LB0105M,361.0,13.0,20.2,false
Q4,05,TRANS,Transportation,530311,Intracity mass transit fares,2,CXU530311LB0105M,3478.0,128.0,15.87,false
Q4,05,TRANS,Transportation,530312,Local transportation on out of town trips,2,CXU530312LB0105M,84.0,3.0,29.55,true
Q4,05,TRANS,Transportation,530411,Taxi fares and limousine services on trips,2,CXU530411LB0105M,50.0,2.0,29.55,true
Q4,05,TRANS,Transportation,530412,Taxi fares and limousine services,2,CXU530412LB0105M,3369.0,124.0,9.04,false
Q4,05,TRANS,Transportation,530510,Intercity train fares,2,CXU530510LB0105M,755.0,28.0,15.04,false
Q4,05,TRANS,Transportation,530901,Ship fares,2,CXU530901LB0105M,4211.0,155.0,35.78,true
Q4,05,TRANS,Transportation,530902,School bus,2,CXU530902LB0105M,30.0,1.0,77.08,true
Q4,05,TRANS,Transportation,620114,Automobile service clubs and GPS services,3,CXU620114LB0105M,553.0,20.0,11.08,false
Q4,05,TRANS,Transportation,850300,Other vehicle finance charges,3,CXU850300LB0105M,837.0,31.0,23.24,false
Q4,05,TRANS,Transportation,950024,Vehicle personal property taxes,2,CXU950024LB0105M,2123.0,78.0,7.57,false
Q5,06,ALCBEVG,Alcoholic beverages,200119,"Beer, ale, and other malt beverage",2,CXU200119LB0106M,3635.0,134.0,10.53,false
Q5,06,ALCBEVG,Alcoholic beverages,200219,Distilled spirits,2,CXU200219LB0106M,3623.0,134.0,12.55,false
Q5,06,ALCBEVG,Alcoholic beverages,200310,Wine,2,CXU200310LB0106M,7109.0,262.0,16.73,false
Q5,06,ALCBEVG,Alcoholic beverages,200900,Alcoholic beverages purchased on trips,2,CXU200900LB0106M,6244.0,229.0,6.59,false
Q5,06,ALCBEVG,Alcoholic beverages,790420,"Alcoholic beverages at restaurants, taverns",2,CXU790420LB0106M,17226.0,636.0,6.91,false
Q5,06,FOODTOTL,Food,010119,Flour and prepared flour mixes,2,CXU010119LB0106M,1317.0,49.0,8.88,false
Q5,06,FOODTOTL,Food,010210,"Cereal, breakfast, and granola bars",4,CXU010210LB0106M,4180.0,154.0,6.85,false
Q5,06,FOODTOTL,Food,010310,Rice,4,CXU010310LB0106M,1581.0,58.0,5.88,false
Q5,06,FOODTOTL,Food,010320,"Pasta, cornmeal, and other cereal products",4,CXU010320LB0106M,2651.0,98.0,5.54,false
Q5,06,FOODTOTL,Food,020219,Bread,2,CXU020219LB0106M,5288.0,195.0,4.43,false
Q5,06,FOODTOTL,Food,020310,Biscuits and rolls,5,CXU020310LB0106M,3462.0,128.0,5.13,false
Q5,06,FOODTOTL,Food,020410,Cakes and cupcakes,5,CXU020410LB0106M,2732.0,101.0,9.21,false
Q5,06,FOODTOTL,Food,020510,Cookies,5,CXU020510LB0106M,3410.0,126.0,6.21,false
Q5,06,FOODTOTL,Food,020610,Crackers,5,CXU020610LB0106M,2190.0,81.0,6.01,false
Q5,06,FOODTOTL,Food,020620,Bread and cracker products,5,CXU020620LB0106M,306.0,11.0,10.14,false
Q5,06,FOODTOTL,Food,020710,"Sweetrolls, coffee cakes, and doughnuts",5,CXU020710LB0106M,1476.0,54.0,7.26,false
Q5,06,FOODTOTL,Food,020810,Frozen and refrigerated bakery products,4,CXU020810LB0106M,2049.0,76.0,6.4,false
Q5,06,FOODTOTL,Food,020820,"Pies, tarts, and turnovers",5,CXU020820LB0106M,949.0,35.0,36.63,true
Q5,06,FOODTOTL,Food,030110,Ground beef,4,CXU030110LB0106M,5447.0,201.0,6.2,false
Q5,06,FOODTOTL,Food,030219,Roasts,2,CXU030219LB0106M,2125.0,78.0,10.0,false
Q5,06,FOODTOTL,Food,030519,Steak,2,CXU030519LB0106M,6849.0,253.0,6.76,false
Q5,06,FOODTOTL,Food,030810,Other beef,4,CXU030810LB0106M,1650.0,61.0,10.66,false
Q5,06,FOODTOTL,Food,040119,"Bacon, breakfast sausage, and related products",2,CXU040119LB0106M,3910.0,144.0,5.39,false
Q5,06,FOODTOTL,Food,040210,Pork chops,4,CXU040210LB0106M,1278.0,47.0,12.84,false
Q5,06,FOODTOTL,Food,040319,Ham,2,CXU040319LB0106M,1909.0,70.0,9.85,false
Q5,06,FOODTOTL,Food,040410,Other pork,4,CXU040410LB0106M,2584.0,95.0,7.7,false
Q5,06,FOODTOTL,Food,050110,Frankfurters,4,CXU050110LB0106M,871.0,32.0,9.17,false
Q5,06,FOODTOTL,Food,050319,Lunchmeats,2,CXU050319LB0106M,4288.0,158.0,5.55,false
Q5,06,FOODTOTL,Food,050419,"Lamb, organ meat, and game",2,CXU050419LB0106M,1001.0,37.0,20.87,false
Q5,06,FOODTOTL,Food,060119,Chicken,2,CXU060119LB0106M,8593.0,317.0,4.99,false
Q5,06,FOODTOTL,Food,060310,Other poultry,4,CXU060310LB0106M,2383.0,88.0,7.61,false
Q5,06,FOODTOTL,Food,070119,Processed fish and seafood,2,CXU070119LB0106M,4164.0,154.0,9.45,false
Q5,06,FOODTOTL,Food,070230,Fresh fish and shellfish,4,CXU070230LB0106M,5278.0,195.0,9.01,false
Q5,06,FOODTOTL,Food,080110,Eggs,3,CXU080110LB0106M,3875.0,143.0,4.92,false
Q5,06,FOODTOTL,Food,090110,"Fresh milk, all types",4,CXU090110LB0106M,5546.0,205.0,3.47,false
Q5,06,FOODTOTL,Food,100119,Butter and margarine,2,CXU100119LB0106M,2228.0,82.0,6.47,false
Q5,06,FOODTOTL,Food,100210,Cheese,4,CXU100210LB0106M,8435.0,311.0,4.27,false
Q5,06,FOODTOTL,Food,100410,Ice cream and related products,4,CXU100410LB0106M,3265.0,120.0,7.05,false
Q5,06,FOODTOTL,Food,100519,Other dairy and related products,2,CXU100519LB0106M,6287.0,232.0,4.28,false
Q5,06,FOODTOTL,Food,110110,Apples,4,CXU110110LB0106M,2252.0,83.0,6.72,false
Q5,06,FOODTOTL,Food,110210,Bananas,4,CXU110210LB0106M,1568.0,58.0,5.04,false
Q5,06,FOODTOTL,Food,110319,Citrus fruits,2,CXU110319LB0106M,2583.0,95.0,7.14,false
Q5,06,FOODTOTL,Food,110410,Other fresh fruits,4,CXU110410LB0106M,10129.0,374.0,5.13,false
Q5,06,FOODTOTL,Food,120110,Potatoes,4,CXU120110LB0106M,1873.0,69.0,4.92,false
Q5,06,FOODTOTL,Food,120210,Lettuce,4,CXU120210LB0106M,1326.0,49.0,6.78,false
Q5,06,FOODTOTL,Food,120310,Tomatoes,4,CXU120310LB0106M,1980.0,73.0,6.17,false
Q5,06,FOODTOTL,Food,120410,Other fresh vegetables,4,CXU120410LB0106M,9235.0,341.0,3.69,false
Q5,06,FOODTOTL,Food,130119,Frozen noncarbonated juices and drinks,2,CXU130119LB0106M,147.0,5.0,25.46,true
Q5,06,FOODTOTL,Food,130129,Frozen fruits and vegetables,2,CXU130129LB0106M,2752.0,102.0,5.49,false
Q5,06,FOODTOTL,Food,140219,Canned fruits and vegetables,2,CXU140219LB0106M,2852.0,105.0,4.97,false
Q5,06,FOODTOTL,Food,140349,Dried fruits and vegetables,2,CXU140349LB0106M,2467.0,91.0,6.75,false
Q5,06,FOODTOTL,Food,150110,Candy and chewing gum,4,CXU150110LB0106M,6689.0,247.0,6.01,false
Q5,06,FOODTOTL,Food,150219,Sugar and artificial sweeteners,2,CXU150219LB0106M,944.0,35.0,9.3,false
Q5,06,FOODTOTL,Food,150310,"Jams, preserves, and other sweets",4,CXU150310LB0106M,1774.0,65.0,6.6,false
Q5,06,FOODTOTL,Food,160211,Fats and oils,4,CXU160211LB0106M,2212.0,82.0,9.32,false
Q5,06,FOODTOTL,Food,160212,Salad dressings,4,CXU160212LB0106M,1620.0,60.0,7.14,false
Q5,06,FOODTOTL,Food,160320,Peanut butter,4,CXU160320LB0106M,1214.0,45.0,7.54,false
Q5,06,FOODTOTL,Food,170110,Cola,4,CXU170110LB0106M,3374.0,125.0,6.24,false
Q5,06,FOODTOTL,Food,170210,Other carbonated drinks,4,CXU170210LB0106M,5779.0,213.0,5.25,false
Q5,06,FOODTOTL,Food,170319,Coffee,2,CXU170319LB0106M,6003.0,222.0,6.39,false
Q5,06,FOODTOTL,Food,170520,Tea,4,CXU170520LB0106M,2211.0,82.0,7.53,false
Q5,06,FOODTOTL,Food,170531,Other noncarbonated beverages and ice,4,CXU170531LB0106M,954.0,35.0,8.87,false
Q5,06,FOODTOTL,Food,170539,Nonfrozen noncarbonated juices and drinks,2,CXU170539LB0106M,8375.0,309.0,4.44,false
Q5,06,FOODTOTL,Food,180110,Canned and packaged soups,4,CXU180110LB0106M,2676.0,99.0,6.27,false
Q5,06,FOODTOTL,Food,180210,Frozen meals,5,CXU180210LB0106M,2760.0,102.0,13.9,false
Q5,06,FOODTOTL,Food,180220,Other frozen prepared foods,5,CXU180220LB0106M,6132.0,226.0,6.37,false
Q5,06,FOODTOTL,Food,180310,Potato chips and other snacks,5,CXU180310LB0106M,8863.0,327.0,4.43,false
Q5,06,FOODTOTL,Food,180320,Nuts,5,CXU180320LB0106M,3106.0,115.0,6.56,false
Q5,06,FOODTOTL,Food,180410,"Salt, spices, and other seasonings",5,CXU180410LB0106M,3116.0,115.0,5.46,false
Q5,06,FOODTOTL,Food,180420,"Olives, pickles, and relishes",5,CXU180420LB0106M,933.0,34.0,7.79,false
Q5,06,FOODTOTL,Food,180510,Sauces and gravies,5,CXU180510LB0106M,4198.0,155.0,5.58,false
Q5,06,FOODTOTL,Food,180520,Baking needs and miscellaneous products,5,CXU180520LB0106M,1981.0,73.0,7.17,false
Q5,06,FOODTOTL,Food,180611,Prepared salads,5,CXU180611LB0106M,3014.0,111.0,6.8,false
Q5,06,FOODTOTL,Food,180612,Prepared desserts,5,CXU180612LB0106M,812.0,30.0,25.71,true
Q5,06,FOODTOTL,Food,180620,Baby food,5,CXU180620LB0106M,1668.0,62.0,15.24,false
Q5,06,FOODTOTL,Food,180710,Miscellaneous prepared foods,5,CXU180710LB0106M,14754.0,545.0,5.32,false
Q5,06,FOODTOTL,Food,190400,Food and nonalcoholic beverages at fast food,2,CXU190400LB0106M,80663.0,2977.0,4.29,false
Q5,06,FOODTOTL,Food,190500,Food and nonalcoholic beverages at full service restaurants,2,CXU190500LB0106M,83026.0,3064.0,4.33,false
Q5,06,FOODTOTL,Food,190600,Food and nonalcoholic beverages at vending machines and mobile vendors,2,CXU190600LB0106M,1560.0,58.0,17.23,false
Q5,06,FOODTOTL,Food,190700,Food and nonalcoholic beverages at employer,2,CXU190700LB0106M,2999.0,111.0,15.54,false
Q5,06,FOODTOTL,Food,190902,Catered affairs,2,CXU190902LB0106M,3869.0,142.0,31.72,true
Q5,06,FOODTOTL,Food,190903,Food on out of town trips,2,CXU190903LB0106M,31106.0,1141.0,4.36,false
Q5,06,FOODTOTL,Food,190904,Food prepared by consumer unit on out of town trips,3,CXU190904LB0106M,5115.0,188.0,6.75,false
Q5,06,FOODTOTL,Food,190905,School meals and board,2,CXU190905LB0106M,2694.0,99.0,13.82,false
Q5,06,FOODTOTL,Food,800700,Meals as pay,1,CXU800700LB0106M,1681.0,62.0,24.25,false
Q5,06,HOUSING,Housing,210110,Rent,3,CXU210110LB0106M,99397.0,3645.0,5.59,false
Q5,06,HOUSING,Housing,210210,Lodging on out of town trips,3,CXU210210LB0106M,58271.0,2137.0,6.23,false
Q5,06,HOUSING,Housing,210310,Housing while attending school,3,CXU210310LB0106M,13191.0,484.0,17.25,false
Q5,06,HOUSING,Housing,210901,Ground rent,4,CXU210901LB0106M,1059.0,39.0,38.67,true
Q5,06,HOUSING,Housing,210902,Ground rent,5,CXU210902LB0106M,210.0,8.0,93.07,true
Q5,06,HOUSING,Housing,220121,Homeowners insurance,4,CXU220121LB0106M,33364.0,1223.0,3.84,false
Q5,06,HOUSING,Housing,220122,Homeowners insurance,5,CXU220122LB0106M,976.0,36.0,20.11,false
Q5,06,HOUSING,Housing,220211,Property taxes,3,CXU220211LB0106M,158620.0,5816.0,2.78,false
Q5,06,HOUSING,Housing,220212,Property taxes,4,CXU220212LB0106M,8825.0,324.0,11.49,false
Q5,06,HOUSING,Housing,220311,Mortgage interest,4,CXU220311LB0106M,229635.0,8420.0,3.13,false
Q5,06,HOUSING,Housing,220312,Mortgage interest,5,CXU220312LB0106M,5587.0,205.0,20.99,false
Q5,06,HOUSING,Housing,220313,"Interest paid, home equity loan",4,CXU220313LB0106M,2979.0,109.0,24.9,false
Q5,06,HOUSING,Housing,220314,"Interest paid, home equity loan",5,CXU220314LB0106M,,,,
Q5,06,HOUSING,Housing,220901,Parking,4,CXU220901LB0106M,577.0,21.0,12.42,false
Q5,06,HOUSING,Housing,220902,Parking,5,CXU220902LB0106M,223.0,8.0,37.65,true
Q5,06,HOUSING,Housing,230112,Painting and papering,5,CXU230112LB0106M,7450.0,273.0,24.79,false
Q5,06,HOUSING,Housing,230113,Plumbing and water heating,5,CXU230113LB0106M,9569.0,351.0,17.52,false
Q5,06,HOUSING,Housing,230114,"Heat, a/c, and electrical work",5,CXU230114LB0106M,25991.0,953.0,18.02,false
Q5,06,HOUSING,Housing,230115,Roofing and gutters,5,CXU230115LB0106M,15521.0,569.0,22.6,false
Q5,06,HOUSING,Housing,230117,"Dishwashers (built-in), garbage disposals, and range hoods (renter)",3,CXU230117LB0106M,7.0,,71.97,true
Q5,06,HOUSING,Housing,230118,"Dishwashers (built-in), garbage disposals, and range hoods (owned home)",3,CXU230118LB0106M,1866.0,68.0,17.58,false
Q5,06,HOUSING,Housing,230141,Repair of built-in appliances,5,CXU230141LB0106M,,,,
Q5,06,HOUSING,Housing,230142,Repair of built-in appliances,5,CXU230142LB0106M,,,,
Q5,06,HOUSING,Housing,230143,"Home warranties, maintenance, repairs, or services contracts on household appliances (owner)",5,CXU230143LB0106M,993.0,36.0,17.67,false
Q5,06,HOUSING,Housing,230144,"Home warranties, maintenance, repairs, or services contracts on household appliances (owner)",5,CXU230144LB0106M,9.0,,61.97,true
Q5,06,HOUSING,Housing,230150,Repair or maintenance services,5,CXU230150LB0106M,4503.0,165.0,51.74,true
Q5,06,HOUSING,Housing,230151,Other repair and maintenance services,5,CXU230151LB0106M,29642.0,1087.0,17.56,false
Q5,06,HOUSING,Housing,230152,Repair and remodeling services,6,CXU230152LB0106M,1654.0,61.0,36.44,true
Q5,06,HOUSING,Housing,230901,Property management,5,CXU230901LB0106M,4988.0,183.0,14.28,false
Q5,06,HOUSING,Housing,230902,Property management,6,CXU230902LB0106M,959.0,35.0,20.39,false
Q5,06,HOUSING,Housing,240111,"Paint, wallpaper, and supplies",5,CXU240111LB0106M,46.0,2.0,82.32,true
Q5,06,HOUSING,Housing,240112,"Paints, wallpaper, and supplies",5,CXU240112LB0106M,2173.0,80.0,30.82,true
Q5,06,HOUSING,Housing,240113,"Paints, wallpaper, and supplies",6,CXU240113LB0106M,7.0,,82.9,true
Q5,06,HOUSING,Housing,240121,Tools and equipment for painting and wallpapering,5,CXU240121LB0106M,5.0,,82.32,true
Q5,06,HOUSING,Housing,240122,Tools and equipment for painting and wallpapering,5,CXU240122LB0106M,233.0,9.0,30.82,true
Q5,06,HOUSING,Housing,240123,Tools and equipment for painting and wallpapering,6,CXU240123LB0106M,1.0,,82.9,true
Q5,06,HOUSING,Housing,240211,"Materials for plastering, panels, roofing, and gutters, etc.",5,CXU240211LB0106M,58.0,2.0,80.74,true
Q5,06,HOUSING,Housing,240212,"Materials for plaster, panel, siding, windows, doors, screens, and awnings",5,CXU240212LB0106M,2400.0,88.0,46.42,true
Q5,06,HOUSING,Housing,240213,Materials and equipment for roofs and gutters,5,CXU240213LB0106M,861.0,32.0,32.13,true
Q5,06,HOUSING,Housing,240214,"Materials for plastering, paneling, roofing, gutters, downspouts, siding, windows, doors, screens, and awnings",6,CXU240214LB0106M,52.0,2.0,62.14,true
Q5,06,HOUSING,Housing,240221,"Materials for patio, walk, fence, driveway, masonry, brick and stucco work",5,CXU240221LB0106M,5.0,,82.32,true
Q5,06,HOUSING,Housing,240222,"Materials for patio, walk, fence, driveway, masonry, brick, and stucco work",5,CXU240222LB0106M,128.0,5.0,26.3,true
Q5,06,HOUSING,Housing,240223,"Material for patio, walk, fence, drive, masonry, brick, and stucco",6,CXU240223LB0106M,5.0,,85.89,true
Q5,06,HOUSING,Housing,240311,Plumbing supplies and equipment,5,CXU240311LB0106M,15.0,1.0,46.35,true
Q5,06,HOUSING,Housing,240312,Plumbing supplies and equipment,5,CXU240312LB0106M,994.0,36.0,22.13,false
Q5,06,HOUSING,Housing,240313,Plumbing supplies and equipment,6,CXU240313LB0106M,29.0,1.0,68.44,true
Q5,06,HOUSING,Housing,240321,"Electrical supplies, heating, and cooling equipment",5,CXU240321LB0106M,15.0,1.0,58.86,true
Q5,06,HOUSING,Housing,240322,"Electrical supplies, heating, and cooling equipment",5,CXU240322LB0106M,411.0,15.0,20.41,false
Q5,06,HOUSING,Housing,240323,"Electrical supplies, heating, and cooling equipment",6,CXU240323LB0106M,4.0,,102.48,true
Q5,06,HOUSING,Housing,250111,Fuel oil (renter),4,CXU250111LB0106M,4.0,,120.83,true
Q5,06,HOUSING,Housing,250112,Fuel oil (owned home),4,CXU250112LB0106M,3005.0,110.0,11.13,false
Q5,06,HOUSING,Housing,250113,Fuel oil (owned vacation),4,CXU250113LB0106M,50.0,2.0,70.0,true
Q5,06,HOUSING,Housing,250114,Fuel oil (rented vacation),4,CXU250114LB0106M,,,,
Q5,06,HOUSING,Housing,250211,"Gas, bottled/tank (renter)",4,CXU250211LB0106M,43.0,2.0,50.58,true
Q5,06,HOUSING,Housing,250212,"Gas, bottled/tank (owned home)",4,CXU250212LB0106M,2161.0,79.0,20.29,false
Q5,06,HOUSING,Housing,250213,"Gas, bottled/tank (owned vacation)",4,CXU250213LB0106M,358.0,13.0,21.04,false
Q5,06,HOUSING,Housing,250214,"Gas, bottled/tank (rented vacation)",4,CXU250214LB0106M,,,,
Q5,06,HOUSING,Housing,250911,"Coal, wood, and other fuels (renter)",4,CXU250911LB0106M,0.0,,111.95,true
Q5,06,HOUSING,Housing,250912,"Coal, wood, and other fuels (owned home)",4,CXU250912LB0106M,367.0,13.0,35.03,true
Q5,06,HOUSING,Housing,250913,"Coal, wood, and other fuels (owned vacation)",4,CXU250913LB0106M,,,,
Q5,06,HOUSING,Housing,250914,"Coal, wood, and other fuels (rented vacation)",4,CXU250914LB0106M,,,,
Q5,06,HOUSING,Housing,260111,Electricity (renter),3,CXU260111LB0106M,5793.0,212.0,8.32,false
Q5,06,HOUSING,Housing,260112,Electricity (owned home),3,CXU260112LB0106M,58201.0,2134.0,2.54,false
Q5,06,HOUSING,Housing,260113,Electricity (owned vacation),3,CXU260113LB0106M,703.0,26.0,21.08,false
Q5,06,HOUSING,Housing,260114,Electricity (rented vacation),3,CXU260114LB0106M,112.0,4.0,36.03,true
Q5,06,HOUSING,Housing,260211,Natural gas (renter),3,CXU260211LB0106M,1323.0,49.0,9.49,false
Q5,06,HOUSING,Housing,260212,Natural gas (owned home),3,CXU260212LB0106M,18913.0,694.0,3.02,false
Q5,06,HOUSING,Housing,260213,Natural gas (owned vacation),3,CXU260213LB0106M,206.0,8.0,22.29,false
Q5,06,HOUSING,Housing,260214,Natural gas (rented vacation),3,CXU260214LB0106M,38.0,1.0,92.35,true
Q5,06,HOUSING,Housing,270102,Cellular phone service,3,CXU270102LB0106M,52783.0,1935.0,2.35,false
Q5,06,HOUSING,Housing,270104,Phone cards,4,CXU270104LB0106M,,,,
Q5,06,HOUSING,Housing,270106,Residential telephone including VOIP,4,CXU270106LB0106M,2408.0,88.0,6.26,false
Q5,06,HOUSING,Housing,270211,Water/sewer maintenance (renter),4,CXU270211LB0106M,1492.0,55.0,12.15,false
Q5,06,HOUSING,Housing,270212,Water/sewer maintenance (owned home),4,CXU270212LB0106M,21061.0,772.0,3.5,false
Q5,06,HOUSING,Housing,270213,Water/sewer maintenance (owned vacation),4,CXU270213LB0106M,237.0,9.0,23.22,false
Q5,06,HOUSING,Housing,270214,Water/sewer maintenance (rented vacation),4,CXU270214LB0106M,26.0,1.0,38.43,true
Q5,06,HOUSING,Housing,270411,Trash/garbage collection (renter),4,CXU270411LB0106M,452.0,17.0,14.82,false
Q5,06,HOUSING,Housing,270412,Trash/garbage collection (owned home),4,CXU270412LB0106M,9559.0,350.0,3.28,false
Q5,06,HOUSING,Housing,270413,Trash/garbage collection (owned vacation),4,CXU270413LB0106M,563.0,21.0,21.16,false
Q5,06,HOUSING,Housing,270414,Trash/garbage collection (rented vacation),4,CXU270414LB0106M,4.0,,75.71,true
Q5,06,HOUSING,Housing,270901,Septic tank cleaning (renter),4,CXU270901LB0106M,,,,
Q5,06,HOUSING,Housing,270902,Septic tank cleaning (owned home),4,CXU270902LB0106M,28.0,1.0,75.55,true
Q5,06,HOUSING,Housing,270903,Septic tank cleaning (owned vacation),4,CXU270903LB0106M,,,,
Q5,06,HOUSING,Housing,270904,Septic tank cleaning (rented vacation),4,CXU270904LB0106M,,,,
Q5,06,HOUSING,Housing,270906,Septic tank cleaning (renter),4,CXU270906LB0106M,18.0,1.0,96.07,true
Q5,06,HOUSING,Housing,270907,Septic tank cleaning (owner),4,CXU270907LB0106M,269.0,10.0,26.72,true
Q5,06,HOUSING,Housing,280110,Bathroom linens,3,CXU280110LB0106M,998.0,37.0,17.19,false
Q5,06,HOUSING,Housing,280120,Bedroom linens,3,CXU280120LB0106M,1907.0,70.0,14.39,false
Q5,06,HOUSING,Housing,280140,"Kitchen, dining room, and other linens",3,CXU280140LB0106M,232.0,9.0,30.16,true
Q5,06,HOUSING,Housing,280210,Curtains and draperies,3,CXU280210LB0106M,482.0,18.0,27.32,true
Q5,06,HOUSING,Housing,280220,Slipcovers and decorative pillows,3,CXU280220LB0106M,376.0,14.0,16.36,false
Q5,06,HOUSING,Housing,290110,Mattresses and springs,3,CXU290110LB0106M,5421.0,199.0,13.46,false
Q5,06,HOUSING,Housing,290120,Other bedroom furniture,3,CXU290120LB0106M,7348.0,269.0,19.11,false
Q5,06,HOUSING,Housing,290210,Sofas,3,CXU290210LB0106M,11324.0,415.0,13.59,false
Q5,06,HOUSING,Housing,290310,Living room chairs,3,CXU290310LB0106M,2970.0,109.0,15.4,false
Q5,06,HOUSING,Housing,290320,Living room tables,3,CXU290320LB0106M,894.0,33.0,18.04,false
Q5,06,HOUSING,Housing,290410,Kitchen and dining room furniture,3,CXU290410LB0106M,2518.0,92.0,21.51,false
Q5,06,HOUSING,Housing,290420,Infants' furniture,3,CXU290420LB0106M,556.0,20.0,17.23,false
Q5,06,HOUSING,Housing,290430,Outdoor furniture,3,CXU290430LB0106M,3021.0,111.0,12.64,false
Q5,06,HOUSING,Housing,290440,"Wall units, cabinets, and other furniture",3,CXU290440LB0106M,2341.0,86.0,26.27,true
Q5,06,HOUSING,Housing,300111,Refrigerators and freezers (renter),3,CXU300111LB0106M,381.0,14.0,47.99,true
Q5,06,HOUSING,Housing,300112,Refrigerators and freezers (owned home),3,CXU300112LB0106M,5036.0,185.0,12.46,false
Q5,06,HOUSING,Housing,300216,Clothes washers or dryers (renter),3,CXU300216LB0106M,110.0,4.0,63.48,true
Q5,06,HOUSING,Housing,300217,Clothes washers or dryers (owned home),3,CXU300217LB0106M,4105.0,151.0,18.35,false
Q5,06,HOUSING,Housing,300311,Cooking stoves and ovens (renter),3,CXU300311LB0106M,16.0,1.0,120.83,true
Q5,06,HOUSING,Housing,300312,Cooking stoves and ovens (owned home),3,CXU300312LB0106M,3259.0,119.0,21.13,false
Q5,06,HOUSING,Housing,300321,Microwave ovens (renter),3,CXU300321LB0106M,32.0,1.0,65.88,true
Q5,06,HOUSING,Housing,300322,Microwave ovens (owned home),3,CXU300322LB0106M,743.0,27.0,14.01,false
Q5,06,HOUSING,Housing,300331,Portable dishwashers (renter),3,CXU300331LB0106M,,,,
Q5,06,HOUSING,Housing,300332,Portable dishwashers (owned home),3,CXU300332LB0106M,29.0,1.0,69.48,true
Q5,06,HOUSING,Housing,300411,Window air conditioners (renter),3,CXU300411LB0106M,59.0,2.0,55.11,true
Q5,06,HOUSING,Housing,300412,Window air conditioners (owned home),3,CXU300412LB0106M,195.0,7.0,28.62,true
Q5,06,HOUSING,Housing,300900,Miscellaneous household appliances,3,CXU300900LB0106M,452.0,17.0,80.31,true
Q5,06,HOUSING,Housing,320111,"Floor coverings, nonpermanent",3,CXU320111LB0106M,1988.0,73.0,15.81,false
Q5,06,HOUSING,Housing,320120,Window coverings,3,CXU320120LB0106M,1795.0,66.0,27.07,true
Q5,06,HOUSING,Housing,320130,Infants' equipment,3,CXU320130LB0106M,1484.0,55.0,28.79,true
Q5,06,HOUSING,Housing,320140,Laundry and cleaning equipment,3,CXU320140LB0106M,716.0,26.0,12.47,false
Q5,06,HOUSING,Housing,320150,Outdoor equipment,3,CXU320150LB0106M,1238.0,46.0,28.42,true
Q5,06,HOUSING,Housing,320221,"Lamps, lighting fixtures, and ceiling fans",3,CXU320221LB0106M,2456.0,91.0,36.49,true
Q5,06,HOUSING,Housing,320232,Telephones and accessories,3,CXU320232LB0106M,5436.0,199.0,11.22,false
Q5,06,HOUSING,Housing,320233,Clocks and other household decorative items,3,CXU320233LB0106M,11070.0,409.0,17.44,false
Q5,06,HOUSING,Housing,320330,Flatware,4,CXU320330LB0106M,887.0,33.0,51.79,true
Q5,06,HOUSING,Housing,320345,"Dinnerware, glassware, and serving pieces",4,CXU320345LB0106M,1669.0,62.0,19.78,false
Q5,06,HOUSING,Housing,320370,Nonelectric cookware,4,CXU320370LB0106M,697.0,26.0,21.71,false
Q5,06,HOUSING,Housing,320380,Tableware and nonelectric kitchenware,4,CXU320380LB0106M,1852.0,68.0,20.92,false
Q5,06,HOUSING,Housing,320410,Lawn and garden equipment,3,CXU320410LB0106M,3468.0,128.0,40.36,true
Q5,06,HOUSING,Housing,320420,Power tools,3,CXU320420LB0106M,1480.0,54.0,15.08,false
Q5,06,HOUSING,Housing,320430,Other hardware,3,CXU320430LB0106M,1371.0,51.0,42.23,true
Q5,06,HOUSING,Housing,320511,Electric floor cleaning equipment,3,CXU320511LB0106M,1463.0,54.0,10.84,false
Q5,06,HOUSING,Housing,320512,Sewing machines,3,CXU320512LB0106M,202.0,7.0,33.26,true
Q5,06,HOUSING,Housing,320521,Small electric kitchen appliances,4,CXU320521LB0106M,2012.0,74.0,9.01,false
Q5,06,HOUSING,Housing,320522,Portable heating and cooling equipment,4,CXU320522LB0106M,609.0,22.0,46.67,true
Q5,06,HOUSING,Housing,320611,"Material for insulation, other maintenance, and repair",6,CXU320611LB0106M,572.0,21.0,70.21,true
Q5,06,HOUSING,Housing,320612,"Material for insulation, other maintenance, and repair",6,CXU320612LB0106M,3138.0,115.0,17.35,false
Q5,06,HOUSING,Housing,320613,"Material for insulation, other maintenance, and repair",7,CXU320613LB0106M,,,,
Q5,06,HOUSING,Housing,320624,"Flooring installation, repair, and replacement",5,CXU320624LB0106M,55.0,2.0,82.32,true
Q5,06,HOUSING,Housing,320625,"Flooring installation, repair, and replacement",5,CXU320625LB0106M,9026.0,331.0,31.22,true
Q5,06,HOUSING,Housing,320626,"Flooring installation, repair, and replacement",6,CXU320626LB0106M,39.0,1.0,94.71,true
Q5,06,HOUSING,Housing,320631,Material for landscape maintenance,5,CXU320631LB0106M,81.0,3.0,52.77,true
Q5,06,HOUSING,Housing,320632,Materials for landscaping maintenance,5,CXU320632LB0106M,,,,
Q5,06,HOUSING,Housing,320633,Materials for landscaping maintenance,6,CXU320633LB0106M,,,,
Q5,06,HOUSING,Housing,320901,Office furniture for home use,3,CXU320901LB0106M,840.0,31.0,13.59,false
Q5,06,HOUSING,Housing,320902,Hand tools,3,CXU320902LB0106M,875.0,32.0,31.42,true
Q5,06,HOUSING,Housing,320903,Indoor plants and fresh flowers,3,CXU320903LB0106M,4308.0,158.0,7.63,false
Q5,06,HOUSING,Housing,320904,Closet and storage items,3,CXU320904LB0106M,1199.0,44.0,19.4,false
Q5,06,HOUSING,Housing,320905,Miscellaneous household equipment and parts,3,CXU320905LB0106M,3571.0,132.0,12.78,false
Q5,06,HOUSING,Housing,330119,Laundry and cleaning products,2,CXU330119LB0106M,7124.0,263.0,8.26,false
Q5,06,HOUSING,Housing,330310,"Cleansing and toilet tissue, paper towels, and napkins",3,CXU330310LB0106M,4464.0,165.0,7.49,false
Q5,06,HOUSING,Housing,330410,"Stationery, stationery supplies, and gift wrap",3,CXU330410LB0106M,5405.0,199.0,23.64,false
Q5,06,HOUSING,Housing,330510,Miscellaneous household products,3,CXU330510LB0106M,11517.0,425.0,8.25,false
Q5,06,HOUSING,Housing,330511,Termite/pest control products,3,CXU330511LB0106M,955.0,35.0,4.81,false
Q5,06,HOUSING,Housing,330610,Lawn and garden supplies,3,CXU330610LB0106M,5914.0,218.0,13.74,false
Q5,06,HOUSING,Housing,340110,Postage,3,CXU340110LB0106M,1486.0,55.0,16.14,false
Q5,06,HOUSING,Housing,340120,Delivery services,3,CXU340120LB0106M,54.0,2.0,42.31,true
Q5,06,HOUSING,Housing,340310,Housekeeping services,3,CXU340310LB0106M,15577.0,571.0,6.91,false
Q5,06,HOUSING,Housing,340410,Gardening and lawn care service,3,CXU340410LB0106M,14255.0,523.0,10.57,false
Q5,06,HOUSING,Housing,340420,Water softening services,3,CXU340420LB0106M,12.0,,71.06,true
Q5,06,HOUSING,Housing,340421,Water softening services (owner),3,CXU340421LB0106M,149.0,5.0,26.27,true
Q5,06,HOUSING,Housing,340422,Water softening services (renter),3,CXU340422LB0106M,10.0,,71.97,true
Q5,06,HOUSING,Housing,340510,"Moving, storage, and freight",3,CXU340510LB0106M,2972.0,109.0,16.06,false
Q5,06,HOUSING,Housing,340520,"Household laundry and dry cleaning, sent out (nonclothing) not coin-operated",3,CXU340520LB0106M,,,,
Q5,06,HOUSING,Housing,340530,Coin-operated household laundry and dry cleaning (nonclothing),3,CXU340530LB0106M,,,,
Q5,06,HOUSING,Housing,340620,"Appliance repair, including service center",3,CXU340620LB0106M,138.0,5.0,28.31,true
Q5,06,HOUSING,Housing,340630,"Reupholstering, furniture repair",3,CXU340630LB0106M,780.0,29.0,53.75,true
Q5,06,HOUSING,Housing,340901,"Repairs/rentals of lawn and garden equipment, hand or power tools, and other household equipment",3,CXU340901LB0106M,238.0,9.0,22.2,false
Q5,06,HOUSING,Housing,340903,Other home services,3,CXU340903LB0106M,1473.0,54.0,12.77,false
Q5,06,HOUSING,Housing,340904,Rental of furniture,3,CXU340904LB0106M,103.0,4.0,63.44,true
Q5,06,HOUSING,Housing,340906,"Care for elderly, invalids, handicapped, etc.",3,CXU340906LB0106M,2281.0,84.0,39.35,true
Q5,06,HOUSING,Housing,340907,Appliance rentals,3,CXU340907LB0106M,54.0,2.0,52.06,true
Q5,06,HOUSING,Housing,340908,Rental of office equipment for nonbusiness use,3,CXU340908LB0106M,43.0,2.0,44.44,true
Q5,06,HOUSING,Housing,340910,Adult day care centers,3,CXU340910LB0106M,59.0,2.0,101.84,true
Q5,06,HOUSING,Housing,340911,Management and upkeep services for security,5,CXU340911LB0106M,564.0,21.0,24.04,false
Q5,06,HOUSING,Housing,340912,Management and upkeep services for security,6,CXU340912LB0106M,132.0,5.0,36.38,true
Q5,06,HOUSING,Housing,340913,Repair of miscellaneous household equipment and furnishings,3,CXU340913LB0106M,318.0,12.0,96.7,true
Q5,06,HOUSING,Housing,340914,Services for termite/pest control,3,CXU340914LB0106M,3822.0,140.0,4.81,false
Q5,06,HOUSING,Housing,340915,Home security system service fees,3,CXU340915LB0106M,2500.0,92.0,8.71,false
Q5,06,HOUSING,Housing,350110,Tenant's insurance,4,CXU350110LB0106M,766.0,28.0,9.28,false
Q5,06,HOUSING,Housing,430130,Luggage,3,CXU430130LB0106M,2206.0,81.0,49.39,true
Q5,06,HOUSING,Housing,670320,"Babysitting, childcare, daycare, preschool",2,CXU670320LB0106M,40335.0,1479.0,9.67,false
Q5,06,HOUSING,Housing,690111,Computers and computer hardware for nonbusiness use,3,CXU690111LB0106M,11269.0,413.0,8.37,false
Q5,06,HOUSING,Housing,690113,Repair of computer systems for nonbusiness use,3,CXU690113LB0106M,363.0,13.0,20.54,false
Q5,06,HOUSING,Housing,690114,Computer information services (internet),3,CXU690114LB0106M,25294.0,927.0,1.4,false
Q5,06,HOUSING,Housing,690116,Internet services away from home,3,CXU690116LB0106M,202.0,7.0,15.64,false
Q5,06,HOUSING,Housing,690117,Portable memory,3,CXU690117LB0106M,204.0,7.0,17.26,false
Q5,06,HOUSING,Housing,690119,Computer software,3,CXU690119LB0106M,1678.0,62.0,19.3,false
Q5,06,HOUSING,Housing,690120,Computer accessories,3,CXU690120LB0106M,1158.0,43.0,22.96,false
Q5,06,HOUSING,Housing,690230,Business equipment for home use,3,CXU690230LB0106M,151.0,6.0,27.82,true
Q5,06,HOUSING,Housing,690244,Other household appliances (renter),3,CXU690244LB0106M,62.0,2.0,43.76,true
Q5,06,HOUSING,Housing,690245,Other household appliances (owned home),3,CXU690245LB0106M,640.0,23.0,29.65,true
Q5,06,HOUSING,Housing,690310,Installation of computers,3,CXU690310LB0106M,0.0,,105.9,true
Q5,06,HOUSING,Housing,790690,Construction materials for jobs not started,6,CXU790690LB0106M,222.0,8.0,82.32,true
Q5,06,HOUSING,Housing,800710,Rent as pay,1,CXU800710LB0106M,440.0,16.0,55.34,true
Q5,06,HOUSING,Housing,830111,Late fee mortgage pay (owned home),4,CXU830111LB0106M,10.0,,98.68,true
Q5,06,HOUSING,Housing,830112,Late fee mortgage pay (owned vacation),5,CXU830112LB0106M,,,,
Q5,06,HOUSING,Housing,880110,"Interest paid, home equity line of credit",4,CXU880110LB0106M,8733.0,320.0,17.76,false
Q5,06,HOUSING,Housing,880310,"Interest paid, home equity line of credit",5,CXU880310LB0106M,151.0,6.0,103.18,true
Q5,06,HOUSING,Housing,990900,"Rental and installation of dishwashers, range hoods, and garbage disposals",3,CXU990900LB0106M,,,,
Q5,06,HOUSING,Housing,990920,"Materials for additions, finishing basements, and remodeling rooms",6,CXU990920LB0106M,,,,
Q5,06,HOUSING,Housing,990930,"Materials to finish basements, remodel rooms, or build patios or walkways",6,CXU990930LB0106M,,,,
Q5,06,HOUSING,Housing,990940,Material for finishing basements and remodeling rooms,7,CXU990940LB0106M,,,,
Q5,06,TRANS,Transportation,450110,New cars,3,CXU450110LB0106M,52786.0,1936.0,20.48,false
Q5,06,TRANS,Transportation,450210,New trucks,3,CXU450210LB0106M,133296.0,4888.0,10.25,false
Q5,06,TRANS,Transportation,450220,New motorcycles,3,CXU450220LB0106M,2693.0,99.0,87.66,true
Q5,06,TRANS,Transportation,450350,Car/truck lease payments,5,CXU450350LB0106M,13799.0,506.0,13.74,false
Q5,06,TRANS,Transportation,450351,Extra fees for car/truck lease,5,CXU450351LB0106M,61.0,2.0,45.35,true
Q5,06,TRANS,Transportation,450352,Trade in allowance for car/truck lease,5,CXU450352LB0106M,1520.0,56.0,59.23,true
Q5,06,TRANS,Transportation,450353,Cash down payment car/truck lease,5,CXU450353LB0106M,2234.0,82.0,26.1,true
Q5,06,TRANS,Transportation,450354,Termination fee for car/truck lease,5,CXU450354LB0106M,36.0,1.0,63.64,true
Q5,06,TRANS,Transportation,450900,New aircraft,3,CXU450900LB0106M,,,,
Q5,06,TRANS,Transportation,460110,Used cars,3,CXU460110LB0106M,34336.0,1259.0,23.14,false
Q5,06,TRANS,Transportation,460901,Used trucks,3,CXU460901LB0106M,101734.0,3730.0,12.4,false
Q5,06,TRANS,Transportation,460902,Used motorcycles,3,CXU460902LB0106M,730.0,27.0,73.6,true
Q5,06,TRANS,Transportation,460903,Used aircraft,3,CXU460903LB0106M,,,,
Q5,06,TRANS,Transportation,470111,Gasoline,2,CXU470111LB0106M,94825.0,3477.0,2.12,false
Q5,06,TRANS,Transportation,470112,Diesel fuel,2,CXU470112LB0106M,3984.0,146.0,13.23,false
Q5,06,TRANS,Transportation,470113,Gasoline on out of town trips,2,CXU470113LB0106M,7427.0,272.0,7.22,false
Q5,06,TRANS,Transportation,470212,Motor oil on out of town trips,2,CXU470212LB0106M,75.0,3.0,7.22,false
Q5,06,TRANS,Transportation,470311,Electric vehicle charging,2,CXU470311LB0106M,990.0,36.0,19.16,false
Q5,06,TRANS,Transportation,480100,"Vehicle parts, accessories, fluid excluding tires",2,CXU480100LB0106M,1838.0,67.0,17.47,false
Q5,06,TRANS,Transportation,480110,"Tires - purchased, replaced, and installed",3,CXU480110LB0106M,10151.0,372.0,8.44,false
Q5,06,TRANS,Transportation,490100,Vehicle maintenance/repair excluding tire purchase,2,CXU490100LB0106M,32244.0,1182.0,5.41,false
Q5,06,TRANS,Transportation,490900,Auto repair service policy,3,CXU490900LB0106M,2254.0,83.0,23.29,false
Q5,06,TRANS,Transportation,500110,Vehicle insurance,2,CXU500110LB0106M,77439.0,2840.0,2.13,false
Q5,06,TRANS,Transportation,510110,Automobile finance charges,3,CXU510110LB0106M,4013.0,147.0,9.9,false
Q5,06,TRANS,Transportation,510901,Truck finance charges,3,CXU510901LB0106M,14244.0,522.0,5.58,false
Q5,06,TRANS,Transportation,510902,Motorcycle and plane finance charges,3,CXU510902LB0106M,214.0,8.0,53.08,true
Q5,06,TRANS,Transportation,520110,State and local vehicle registration,2,CXU520110LB0106M,7016.0,257.0,9.96,false
Q5,06,TRANS,Transportation,520310,Drivers' licenses,3,CXU520310LB0106M,515.0,19.0,10.36,false
Q5,06,TRANS,Transportation,520410,Vehicle inspections,3,CXU520410LB0106M,601.0,22.0,8.55,false
Q5,06,TRANS,Transportation,520516,Auto/truck rental,5,CXU520516LB0106M,6682.0,245.0,8.33,false
Q5,06,TRANS,Transportation,520517,Auto/truck rental on out of town trips,5,CXU520517LB0106M,375.0,14.0,20.82,false
Q5,06,TRANS,Transportation,520531,"Parking fees in home city, excluding residence",4,CXU520531LB0106M,2597.0,95.0,11.0,false
Q5,06,TRANS,Transportation,520532,Parking fees on out of town trips,4,CXU520532LB0106M,802.0,29.0,13.14,false
Q5,06,TRANS,Transportation,520541,Tolls or electronic toll passes,3,CXU520541LB0106M,3639.0,133.0,10.24,false
Q5,06,TRANS,Transportation,520542,Tolls on out of town trips,3,CXU520542LB0106M,360.0,13.0,10.72,false
Q5,06,TRANS,Transportation,520550,Towing charges,3,CXU520550LB0106M,248.0,9.0,35.87,true
Q5,06,TRANS,Transportation,520902,Motorcycle rental,5,CXU520902LB0106M,6.0,,103.25,true
Q5,06,TRANS,Transportation,520903,Aircraft rental,5,CXU520903LB0106M,74.0,3.0,73.65,true
Q5,06,TRANS,Transportation,520905,Motorcycle rental on out of town trips,5,CXU520905LB0106M,2.0,,101.28,true
Q5,06,TRANS,Transportation,520906,Aircraft rental on out of town trips,5,CXU520906LB0106M,,,,
Q5,06,TRANS,Transportation,530110,Airline fares,2,CXU530110LB0106M,46873.0,1719.0,6.21,false
Q5,06,TRANS,Transportation,530210,Intercity bus fares,2,CXU530210LB0106M,635.0,23.0,15.91,false
Q5,06,TRANS,Transportation,530311,Intracity mass transit fares,2,CXU530311LB0106M,4753.0,174.0,9.7,false
Q5,06,TRANS,Transportation,530312,Local transportation on out of town trips,2,CXU530312LB0106M,114.0,4.0,34.42,true
Q5,06,TRANS,Transportation,530411,Taxi fares and limousine services on trips,2,CXU530411LB0106M,67.0,2.0,34.42,true
Q5,06,TRANS,Transportation,530412,Taxi fares and limousine services,2,CXU530412LB0106M,6432.0,236.0,7.52,false
Q5,06,TRANS,Transportation,530510,Intercity train fares,2,CXU530510LB0106M,1558.0,57.0,11.26,false
Q5,06,TRANS,Transportation,530901,Ship fares,2,CXU530901LB0106M,10076.0,369.0,16.98,false
Q5,06,TRANS,Transportation,530902,School bus,2,CXU530902LB0106M,197.0,7.0,60.42,true
Q5,06,TRANS,Transportation,620114,Automobile service clubs and GPS services,3,CXU620114LB0106M,877.0,32.0,9.21,false
Q5,06,TRANS,Transportation,850300,Other vehicle finance charges,3,CXU850300LB0106M,1681.0,62.0,28.13,true
Q5,06,TRANS,Transportation,950024,Vehicle personal property taxes,2,CXU950024LB0106M,3007.0,110.0,9.96,false
